unsigned char __example_texture_pavement_256x2562_rgb565[] = {
  0x52, 0xe6, 0x50, 0xc5, 0xce, 0xb4, 0x0c, 0x94, 0x50, 0xc5, 0x4c, 0xa4,
  0x90, 0xd5, 0x92, 0xe6, 0xce, 0xb4, 0x0c, 0xa4, 0x12, 0xe6, 0x54, 0xe6,
  0xce, 0xb4, 0x0e, 0xc5, 0x12, 0xd6, 0x50, 0xc5, 0xca, 0x93, 0x90, 0xd5,
  0x14, 0xf7, 0x12, 0xe6, 0x0e, 0xc5, 0xd2, 0xd5, 0x12, 0xd6, 0x0e, 0xc5,
  0x94, 0xf6, 0x8c, 0xa4, 0x0c, 0xa4, 0x8c, 0xb4, 0x4e, 0xc5, 0x4e, 0xc5,
  0x50, 0xc5, 0x14, 0xff, 0x90, 0xc5, 0x98, 0xff, 0x54, 0xe6, 0x8c, 0xa4,
  0x48, 0x73, 0x50, 0xb5, 0x8e, 0xa4, 0x8a, 0x83, 0x16, 0xf7, 0x94, 0xe6,
  0xce, 0xa4, 0x4c, 0x94, 0xce, 0xa4, 0x90, 0xc5, 0x10, 0xb5, 0x92, 0xc5,
  0x50, 0xb5, 0x12, 0xd6, 0x0e, 0xb5, 0x94, 0xe6, 0x94, 0xe6, 0x94, 0xe6,
  0xd4, 0xe6, 0x12, 0xd6, 0x52, 0xd6, 0xd2, 0xc5, 0x94, 0xe6, 0x54, 0xe6,
  0x4c, 0x94, 0xce, 0xa4, 0x50, 0xb5, 0xce, 0xa4, 0x12, 0xd6, 0xd0, 0xd5,
  0xd0, 0xc5, 0x0e, 0xb5, 0x52, 0xd6, 0x56, 0xff, 0x94, 0xe6, 0x50, 0xb5,
  0x8c, 0xa4, 0xce, 0xa4, 0x8c, 0xa4, 0x8c, 0xa4, 0x4e, 0xb5, 0x52, 0xe6,
  0xce, 0xa4, 0x0e, 0xb5, 0x90, 0xc5, 0x0a, 0x94, 0xce, 0xa4, 0x4e, 0xb5,
  0x50, 0xb5, 0x98, 0xff, 0x94, 0xe6, 0xd0, 0xc5, 0xce, 0xa4, 0xce, 0xa4,
  0xce, 0xa4, 0x90, 0xc5, 0x4c, 0x94, 0x90, 0xc5, 0x50, 0xc5, 0x4a, 0x73,
  0xc8, 0x62, 0x50, 0xb5, 0x92, 0xe6, 0x90, 0xc5, 0x50, 0xb5, 0x4e, 0xb5,
  0x8c, 0xa4, 0x12, 0xd6, 0x0e, 0xb5, 0x4c, 0x94, 0x94, 0xe6, 0xd0, 0xc5,
  0xce, 0xb4, 0xcc, 0xa4, 0xca, 0x83, 0x06, 0x52, 0x06, 0x72, 0x8c, 0xf3,
  0x90, 0xfc, 0x16, 0xfe, 0x96, 0xfe, 0x92, 0xfd, 0x52, 0xfd, 0xd4, 0xfd,
  0xd4, 0xfd, 0xd4, 0xfd, 0x92, 0xfd, 0xd0, 0xfc, 0xd0, 0xfc, 0x52, 0xfd,
  0x52, 0xfd, 0xd4, 0xfd, 0x52, 0xfd, 0x12, 0xfd, 0x10, 0xfd, 0x52, 0xfd,
  0xd8, 0xfe, 0x16, 0xfe, 0xd4, 0xfd, 0x52, 0xfd, 0x12, 0xfd, 0xd4, 0xfd,
  0x52, 0xfd, 0x52, 0xfd, 0x52, 0xfd, 0x92, 0xfd, 0x12, 0xfd, 0x52, 0xfd,
  0x16, 0xfe, 0x56, 0xfe, 0x8c, 0xd3, 0x4a, 0xd3, 0x12, 0xfd, 0x16, 0xfe,
  0x16, 0xfe, 0x14, 0xfe, 0x16, 0xfe, 0xd4, 0xfd, 0xd4, 0xfd, 0xd4, 0xfd,
  0x96, 0xfe, 0x5a, 0xff, 0xd4, 0xfd, 0x52, 0xfd, 0x14, 0xfe, 0x56, 0xfe,
  0x16, 0xfe, 0xd8, 0xfe, 0x96, 0xfe, 0xd4, 0xfd, 0x52, 0xfd, 0x52, 0xfd,
  0x12, 0xfd, 0xd0, 0xfc, 0x90, 0xfc, 0x52, 0xfd, 0x52, 0xfd, 0x12, 0xfd,
  0xd4, 0xfd, 0x56, 0xfe, 0x10, 0xfd, 0x4e, 0xfc, 0x94, 0xfd, 0x92, 0xfd,
  0x92, 0xfd, 0x4e, 0xd4, 0x0e, 0xb5, 0x4c, 0xa4, 0x10, 0xd6, 0xd0, 0xd5,
  0x8e, 0xc5, 0x8e, 0xc5, 0x0e, 0xb5, 0x96, 0xff, 0x52, 0xe6, 0x8e, 0xc5,
  0xd0, 0xd5, 0xd0, 0xc5, 0x0e, 0xb5, 0x4e, 0xc5, 0x10, 0xd6, 0x52, 0xe6,
  0x92, 0xe6, 0x8e, 0xc5, 0xcc, 0xa4, 0x92, 0xe6, 0x10, 0xd6, 0x0a, 0x94,
  0x90, 0xc5, 0x10, 0xd6, 0x92, 0xe6, 0x90, 0xc5, 0xd0, 0xd5, 0x4e, 0xb5,
  0x0e, 0xb5, 0xd0, 0xc5, 0x0e, 0xb5, 0x0e, 0xb5, 0x4e, 0xb5, 0x4c, 0x94,
  0x4c, 0x94, 0x12, 0xd6, 0x12, 0xd6, 0x12, 0xd6, 0x8c, 0xa4, 0x94, 0xe6,
  0x12, 0xe6, 0x4c, 0xa4, 0xce, 0xb4, 0xce, 0xb4, 0x0e, 0xc5, 0xce, 0xb4,
  0x0e, 0xb5, 0x12, 0xe6, 0xd4, 0xf6, 0x0e, 0xb5, 0x12, 0xd6, 0x90, 0xc5,
  0x90, 0xc5, 0x0e, 0xc5, 0x0e, 0xb5, 0x90, 0xd5, 0x0e, 0xb5, 0x0e, 0xc5,
  0xd0, 0xd5, 0x4c, 0xa4, 0x8e, 0xb4, 0x8c, 0xb4, 0x0e, 0xc5, 0x50, 0xc5,
  0x4c, 0xa4, 0x0c, 0xa4, 0x12, 0xd6, 0x12, 0xe6, 0x0c, 0x94, 0x8c, 0xa4,
  0x4e, 0xc5, 0xd0, 0xd5, 0x0e, 0xb5, 0x50, 0xc5, 0x54, 0xfe, 0xd4, 0xfd,
  0x92, 0xfd, 0x4e, 0xf4, 0x4e, 0xf4, 0x52, 0xfd, 0x92, 0xfd, 0x14, 0xfe,
  0x14, 0xfe, 0x56, 0xfe, 0x56, 0xfe, 0x14, 0xfe, 0x14, 0xfe, 0x10, 0xfd,
  0xd4, 0xfd, 0x14, 0xfe, 0x4e, 0xe4, 0xce, 0xfc, 0x92, 0xfd, 0x10, 0xfd,
  0x52, 0xfd, 0x92, 0xfd, 0x16, 0xfe, 0x52, 0xfd, 0xd2, 0xfd, 0x10, 0xfd,
  0x92, 0xfd, 0xd4, 0xfd, 0x92, 0xfd, 0xd4, 0xfd, 0xd4, 0xfd, 0x10, 0xfd,
  0x10, 0xfd, 0xd4, 0xfd, 0x92, 0xfd, 0xce, 0xe4, 0xca, 0x93, 0x0c, 0x94,
  0x50, 0x84, 0x58, 0x95, 0x9c, 0xc6, 0x1a, 0xb6, 0x1a, 0xb6, 0x9c, 0xc6,
  0x5c, 0xc6, 0x5c, 0xb6, 0x5c, 0xc6, 0xde, 0xc6, 0x9f, 0xe7, 0x9c, 0xc6,
  0x5c, 0xb6, 0xde, 0xd6, 0x1a, 0xb6, 0x5c, 0xc6, 0x5c, 0xc6, 0x1a, 0xb6,
  0x9a, 0xa5, 0x5c, 0xc6, 0x9f, 0xe7, 0x5e, 0xe7, 0x1a, 0xb6, 0x98, 0xa5,
  0x5a, 0xc6, 0x18, 0xc6, 0x54, 0xa5, 0x96, 0xb5, 0xd8, 0xb5, 0xd8, 0xb5,
  0x98, 0xb5, 0xda, 0xd6, 0x1c, 0xe7, 0x9a, 0xd6, 0x96, 0xb5, 0x98, 0xb5,
  0x9a, 0xc6, 0x5a, 0xc6, 0x1a, 0xb6, 0x1a, 0xc6, 0xd8, 0xb5, 0xd8, 0xb5,
  0x1a, 0xc6, 0x98, 0xb5, 0xd8, 0xb5, 0x5a, 0xc6, 0x56, 0xa5, 0x18, 0xc6,
  0x5a, 0xc6, 0x18, 0xc6, 0xd8, 0xb5, 0x5a, 0xc6, 0x5a, 0xc6, 0x98, 0xb5,
  0x5a, 0xc6, 0xd8, 0xb5, 0xd8, 0xb5, 0xdc, 0xd6, 0x5a, 0xc6, 0xd8, 0xb5,
  0xd8, 0xb5, 0x9a, 0xd6, 0x5a, 0xc6, 0x1a, 0xb6, 0x1a, 0xb6, 0x9c, 0xd6,
  0x1a, 0xc6, 0x56, 0xa5, 0xd8, 0xb5, 0x5a, 0xd6, 0xd6, 0xc5, 0xd0, 0xc5,
  0xce, 0xa4, 0x88, 0x72, 0x8c, 0xb3, 0xd0, 0xfc, 0xd0, 0xfc, 0xd4, 0xfd,
  0x14, 0xfe, 0xd0, 0xfc, 0x52, 0xfd, 0x92, 0xfd, 0x16, 0xfe, 0x14, 0xfe,
  0x92, 0xfd, 0x56, 0xfe, 0x98, 0xfe, 0x94, 0xfd, 0x94, 0xfd, 0x92, 0xfd,
  0x52, 0xfd, 0x94, 0xfd, 0x94, 0xfd, 0x52, 0xfd, 0x98, 0xfe, 0x18, 0xff,
  0x14, 0xfe, 0x14, 0xfe, 0x94, 0xfd, 0x94, 0xfd, 0x94, 0xfd, 0x14, 0xfe,
  0x56, 0xfe, 0x92, 0xfd, 0x52, 0xfd, 0x10, 0xfd, 0x52, 0xfd, 0x56, 0xfe,
  0x12, 0xfd, 0x10, 0xfd, 0x92, 0xfd, 0xd4, 0xfd, 0xd4, 0xfd, 0x16, 0xfe,
  0x14, 0xfe, 0x92, 0xfd, 0x94, 0xfd, 0x16, 0xfe, 0xd4, 0xfd, 0x14, 0xfe,
  0x92, 0xfd, 0xd4, 0xfd, 0x96, 0xfe, 0xd4, 0xfd, 0x94, 0xfd, 0x14, 0xfe,
  0x14, 0xfe, 0x14, 0xfe, 0x92, 0xfd, 0x12, 0xfd, 0x92, 0xfd, 0x14, 0xfe,
  0x92, 0xfd, 0xd4, 0xfd, 0x12, 0xfd, 0x12, 0xfd, 0x92, 0xfd, 0x16, 0xfe,
  0x94, 0xfd, 0x16, 0xfe, 0xd4, 0xfd, 0xd4, 0xfd, 0xd4, 0xfd, 0x8e, 0xe4,
  0x4c, 0x94, 0x4a, 0x94, 0x4a, 0xe6, 0xf2, 0xff, 0xf2, 0xff, 0xf2, 0xff,
  0xf6, 0xff, 0xf2, 0xff, 0xee, 0xff, 0xf2, 0xff, 0xf6, 0xff, 0xf0, 0xff,
  0xf2, 0xff, 0xf4, 0xff, 0xee, 0xff, 0xf0, 0xff, 0xf4, 0xff, 0xf2, 0xff,
  0xf0, 0xff, 0xf0, 0xff, 0xf4, 0xff, 0xee, 0xff, 0xf2, 0xff, 0xf2, 0xff,
  0xf0, 0xff, 0xf0, 0xff, 0xf6, 0xff, 0xf6, 0xff, 0xf4, 0xff, 0xf2, 0xff,
  0xf2, 0xff, 0xf0, 0xff, 0x8e, 0xff, 0xf0, 0xff, 0xd0, 0xff, 0x90, 0xff,
  0x90, 0xe6, 0x56, 0xff, 0x0e, 0xc5, 0xd0, 0xe4, 0x92, 0xfd, 0x8e, 0xf4,
  0x10, 0xfd, 0x10, 0xfd, 0x50, 0xfd, 0x52, 0xfd, 0x50, 0xfd, 0xd4, 0xfd,
  0xd2, 0xfd, 0x10, 0xfd, 0x52, 0xfd, 0x92, 0xfd, 0x92, 0xfd, 0x92, 0xfd,
  0x50, 0xfd, 0x14, 0xfe, 0xd4, 0xfd, 0x92, 0xfd, 0xd4, 0xfd, 0xd8, 0xfe,
  0xd8, 0xfe, 0x52, 0xfd, 0x52, 0xfd, 0x52, 0xfd, 0x56, 0xfe, 0x92, 0xfd,
  0x92, 0xfd, 0xd6, 0xfe, 0x14, 0xfe, 0x10, 0xfd, 0xd0, 0xfc, 0xd0, 0xfc,
  0xd0, 0xfc, 0xd2, 0xfd, 0x14, 0xfe, 0x96, 0xfe, 0xd8, 0xfe, 0x52, 0xfd,
  0x4e, 0xfc, 0xd4, 0xfd, 0x56, 0xfe, 0xd8, 0xfe, 0x18, 0xff, 0x96, 0xfe,
  0x52, 0xfd, 0x14, 0xfe, 0xd8, 0xfe, 0x16, 0xfe, 0xd4, 0xfd, 0x12, 0xfd,
  0x4e, 0xfc, 0x92, 0xfd, 0x5a, 0xff, 0xd8, 0xfe, 0x96, 0xfe, 0x14, 0xfe,
  0x96, 0xfe, 0x14, 0xfe, 0x96, 0xfe, 0xd4, 0xfd, 0xd8, 0xfe, 0x9a, 0xff,
  0x96, 0xfe, 0x14, 0xfe, 0x18, 0xff, 0x96, 0xfe, 0xd4, 0xfd, 0xd4, 0xfd,
  0x14, 0xfe, 0x10, 0xfd, 0x4c, 0xa4, 0x10, 0xa5, 0x94, 0x84, 0x9e, 0xb6,
  0xff, 0xf7, 0xdf, 0xe7, 0xff, 0xf7, 0xdf, 0xe7, 0x9f, 0xd7, 0xff, 0xe7,
  0xdf, 0xe7, 0x9f, 0xe7, 0xff, 0xf7, 0x9f, 0xd7, 0x5f, 0xd7, 0xdf, 0xe7,
  0x1f, 0xd7, 0xff, 0xe7, 0xdf, 0xe7, 0xdf, 0xe7, 0x5f, 0xd7, 0xdf, 0xc6,
  0x5f, 0xd7, 0xff, 0xff, 0x9f, 0xe7, 0xdf, 0xe7, 0xdf, 0xe7, 0xdf, 0xe7,
  0x1c, 0xb6, 0x5e, 0xb6, 0xff, 0xe7, 0xdf, 0xe7, 0xdf, 0xe7, 0xff, 0xff,
  0xdf, 0xe7, 0x9e, 0xc6, 0x5e, 0xb6, 0xff, 0xf7, 0xff, 0xf7, 0xff, 0xe7,
  0xdf, 0xe7, 0x5f, 0xd7, 0x1f, 0xd7, 0xdf, 0xe7, 0xff, 0xe7, 0x9f, 0xd7,
  0x9f, 0xd7, 0xdf, 0xe7, 0x9f, 0xe7, 0xff, 0xf7, 0xff, 0xf7, 0xff, 0xe7,
  0x5f, 0xd7, 0x5f, 0xd7, 0xdf, 0xc6, 0x1f, 0xc7, 0xff, 0xff, 0xff, 0xf7,
  0x1f, 0xd7, 0xdf, 0xe7, 0xff, 0xe7, 0xff, 0xf7, 0xdf, 0xe7, 0xff, 0xf7,
  0xdf, 0xe7, 0x5f, 0xd7, 0xdf, 0xe7, 0xff, 0xff, 0xff, 0xf7, 0xff, 0xf7,
  0x9f, 0xe7, 0xdf, 0xe7, 0x9e, 0xc6, 0x50, 0xb5, 0x0e, 0xb5, 0x0a, 0x93,
  0x4e, 0xf4, 0x4e, 0xfc, 0x4e, 0xfc, 0x92, 0xfd, 0x94, 0xfd, 0x52, 0xfd,
  0x52, 0xfd, 0x52, 0xfd, 0x94, 0xfd, 0x94, 0xfd, 0x56, 0xfe, 0x1a, 0xff,
  0x16, 0xfe, 0x94, 0xfd, 0x52, 0xfd, 0x92, 0xfd, 0x92, 0xfd, 0xd4, 0xfd,
  0x92, 0xfd, 0x12, 0xfd, 0x98, 0xfe, 0x96, 0xfe, 0x56, 0xfe, 0x56, 0xfe,
  0x52, 0xfd, 0x92, 0xfd, 0x56, 0xfe, 0x5a, 0xff, 0x1a, 0xff, 0xd4, 0xfd,
  0xd4, 0xfd, 0x52, 0xfd, 0x12, 0xfd, 0x16, 0xfe, 0x92, 0xfd, 0xd4, 0xfd,
  0x94, 0xfd, 0x52, 0xfd, 0x92, 0xfd, 0xd4, 0xfd, 0xd4, 0xfd, 0x52, 0xfd,
  0x94, 0xfd, 0x56, 0xfe, 0x14, 0xfe, 0x52, 0xfd, 0xd0, 0xfc, 0x52, 0xfd,
  0x52, 0xfd, 0xd4, 0xfd, 0xd4, 0xfd, 0x10, 0xfd, 0x94, 0xfd, 0x56, 0xfe,
  0x16, 0xfe, 0xd4, 0xfd, 0x52, 0xfd, 0x16, 0xfe, 0x56, 0xfe, 0x14, 0xfe,
  0x10, 0xfd, 0xd0, 0xfc, 0x10, 0xfd, 0x94, 0xfd, 0x52, 0xfd, 0x10, 0xfd,
  0xd0, 0xfc, 0x92, 0xfd, 0x56, 0xfe, 0x10, 0xf5, 0xce, 0xa4, 0xca, 0xa4,
  0x8a, 0xf6, 0xf0, 0xff, 0xf6, 0xff, 0xf2, 0xff, 0xf6, 0xff, 0xf2, 0xff,
  0xee, 0xff, 0xf2, 0xff, 0xf8, 0xff, 0xf2, 0xff, 0xf2, 0xff, 0xf8, 0xff,
  0xf2, 0xff, 0xf2, 0xff, 0xf4, 0xff, 0xf2, 0xff, 0xf2, 0xff, 0xf6, 0xff,
  0xfa, 0xff, 0xf4, 0xff, 0xf4, 0xff, 0xf4, 0xff, 0xf2, 0xff, 0xf2, 0xff,
  0xf4, 0xff, 0xf8, 0xff, 0xf4, 0xff, 0xf2, 0xff, 0xf2, 0xff, 0xf2, 0xff,
  0xf4, 0xff, 0xf6, 0xff, 0xfa, 0xff, 0xf4, 0xff, 0xd2, 0xff, 0x96, 0xff,
  0x50, 0xc5, 0x4c, 0xb3, 0xd4, 0xfd, 0x52, 0xfd, 0xd4, 0xfd, 0x94, 0xfd,
  0xd4, 0xfd, 0xd8, 0xfe, 0x1a, 0xff, 0xd8, 0xfe, 0x56, 0xfe, 0x94, 0xfd,
  0x92, 0xfd, 0x16, 0xfe, 0x96, 0xfe, 0xd4, 0xfd, 0x52, 0xfd, 0x98, 0xfe,
  0x18, 0xff, 0x16, 0xfe, 0xd8, 0xfe, 0xdc, 0xff, 0xd8, 0xfe, 0x56, 0xfe,
  0x96, 0xfe, 0x52, 0xfd, 0x56, 0xfe, 0x16, 0xfe, 0xd8, 0xfe, 0xfe, 0xff,
  0x5a, 0xff, 0x56, 0xfe, 0x14, 0xfe, 0x92, 0xfd, 0x14, 0xfe, 0x96, 0xfe,
  0xd4, 0xfd, 0x14, 0xfe, 0x94, 0xfd, 0xd0, 0xfc, 0x52, 0xfd, 0xd4, 0xfd,
  0xd4, 0xfd, 0x94, 0xfd, 0x16, 0xfe, 0x1a, 0xff, 0xd4, 0xfd, 0x52, 0xfd,
  0x14, 0xfe, 0x56, 0xfe, 0x92, 0xfd, 0x52, 0xfd, 0x52, 0xfd, 0xd4, 0xfd,
  0x56, 0xfe, 0x14, 0xfe, 0xd4, 0xfd, 0x92, 0xfd, 0x56, 0xfe, 0x12, 0xfd,
  0x94, 0xfd, 0x98, 0xfe, 0x92, 0xfd, 0x12, 0xfd, 0xd4, 0xfd, 0x92, 0xfd,
  0x16, 0xfe, 0xd4, 0xfd, 0x52, 0xfd, 0x16, 0xfe, 0x98, 0xfe, 0x52, 0xfd,
  0x90, 0xc5, 0x0e, 0xa5, 0x8e, 0x63, 0x18, 0x95, 0x1c, 0xb6, 0x5e, 0xb6,
  0x5e, 0xb6, 0xdf, 0xc6, 0x1f, 0xc7, 0x1f, 0xc7, 0x5e, 0xb6, 0x5e, 0xb6,
  0x1f, 0xc7, 0x1f, 0xd7, 0x5f, 0xd7, 0x1f, 0xd7, 0x5f, 0xd7, 0xff, 0xff,
  0xdf, 0xe7, 0xdf, 0xc6, 0xdf, 0xe7, 0xdf, 0xc6, 0xdf, 0xc6, 0xdf, 0xc6,
  0x5e, 0xb6, 0xdf, 0xc6, 0x9f, 0xc6, 0xdf, 0xc6, 0x1e, 0xb6, 0x1c, 0xb6,
  0x1f, 0xd7, 0xdf, 0xc6, 0xdf, 0xc6, 0x1f, 0xd7, 0xdf, 0xc6, 0x5e, 0xb6,
  0xdf, 0xc6, 0xff, 0xf7, 0x9f, 0xd7, 0xdf, 0xc6, 0x5f, 0xd7, 0xdf, 0xc6,
  0x5e, 0xb6, 0x9f, 0xd7, 0x1f, 0xc7, 0x5e, 0xb6, 0xdc, 0xa5, 0x9e, 0xb6,
  0x5f, 0xd7, 0x9f, 0xe7, 0x1f, 0xc7, 0xdf, 0xc6, 0x1f, 0xc7, 0x1f, 0xd7,
  0x5c, 0xb6, 0x5e, 0xb6, 0xdf, 0xc6, 0x1f, 0xd7, 0x9e, 0xc6, 0x5f, 0xd7,
  0xdf, 0xe7, 0x5f, 0xd7, 0x1f, 0xd7, 0x5f, 0xd7, 0x1c, 0xb6, 0x9e, 0xc6,
  0x5f, 0xd7, 0x5f, 0xd7, 0x9f, 0xe7, 0xff, 0xf7, 0x5f, 0xd7, 0xdf, 0xe7,
  0x5f, 0xe7, 0xd2, 0xc5, 0x0e, 0xb5, 0xcc, 0xc3, 0x56, 0xfe, 0x16, 0xfe,
  0x52, 0xfd, 0x92, 0xfd, 0x52, 0xfd, 0x14, 0xfe, 0x92, 0xfd, 0xd4, 0xfd,
  0x12, 0xfd, 0x52, 0xfd, 0x52, 0xfd, 0x90, 0xfc, 0x92, 0xfd, 0x56, 0xfe,
  0x94, 0xfd, 0x14, 0xfe, 0x14, 0xfe, 0x94, 0xfd, 0x52, 0xfd, 0x92, 0xfd,
  0x14, 0xfe, 0xd4, 0xfd, 0xd4, 0xfd, 0x94, 0xfd, 0xd4, 0xfd, 0x56, 0xfe,
  0x56, 0xfe, 0xd8, 0xfe, 0x96, 0xfe, 0x14, 0xfe, 0x56, 0xfe, 0x56, 0xfe,
  0xd4, 0xfd, 0x94, 0xfd, 0x94, 0xfd, 0xd4, 0xfd, 0x16, 0xfe, 0x14, 0xfe,
  0x14, 0xfe, 0x96, 0xfe, 0xd4, 0xfd, 0x12, 0xfd, 0xd4, 0xfd, 0xd8, 0xfe,
  0xd4, 0xfd, 0x56, 0xfe, 0x56, 0xfe, 0xd4, 0xfd, 0x4e, 0xfc, 0xd4, 0xfd,
  0x56, 0xfe, 0x12, 0xfd, 0x52, 0xfd, 0x94, 0xfd, 0xd4, 0xfd, 0x10, 0xfd,
  0x52, 0xfd, 0x16, 0xfe, 0x96, 0xfe, 0xd4, 0xfd, 0x12, 0xfd, 0xd0, 0xfc,
  0x12, 0xfd, 0x10, 0xfd, 0x90, 0xfc, 0x52, 0xfd, 0x94, 0xfd, 0x56, 0xfe,
  0x56, 0xfe, 0x10, 0xf5, 0xce, 0xb4, 0x8c, 0xc5, 0x8a, 0xf6, 0xee, 0xff,
  0xee, 0xff, 0xee, 0xff, 0xf2, 0xff, 0xf2, 0xff, 0xee, 0xff, 0xec, 0xff,
  0xf0, 0xff, 0xf0, 0xff, 0xf2, 0xff, 0xf0, 0xff, 0xee, 0xff, 0xf0, 0xff,
  0xee, 0xff, 0xee, 0xff, 0xf0, 0xff, 0xf2, 0xff, 0xf6, 0xff, 0xf0, 0xff,
  0xf2, 0xff, 0xf0, 0xff, 0xf2, 0xff, 0xf2, 0xff, 0xf2, 0xff, 0xf2, 0xff,
  0xf0, 0xff, 0xee, 0xff, 0xec, 0xff, 0xf0, 0xff, 0xf0, 0xff, 0xf2, 0xff,
  0xf4, 0xff, 0xf6, 0xff, 0x92, 0xff, 0x12, 0xd6, 0xce, 0xb4, 0x88, 0x92,
  0x8c, 0xe3, 0xd0, 0xfc, 0x10, 0xfd, 0xd0, 0xfc, 0x52, 0xfd, 0x56, 0xfe,
  0x96, 0xfe, 0x14, 0xfe, 0x52, 0xfd, 0xd0, 0xfc, 0x4e, 0xfc, 0xd4, 0xfd,
  0xd4, 0xfd, 0xd0, 0xfc, 0x52, 0xfd, 0x52, 0xfd, 0x52, 0xfd, 0x12, 0xfd,
  0x92, 0xfd, 0x92, 0xfd, 0x10, 0xfd, 0xd4, 0xfd, 0x16, 0xfe, 0x10, 0xfd,
  0xd4, 0xfd, 0xd4, 0xfd, 0x52, 0xfd, 0x14, 0xfe, 0x16, 0xfe, 0x92, 0xfd,
  0x92, 0xfd, 0x10, 0xfd, 0x12, 0xfd, 0x52, 0xfd, 0xd4, 0xfd, 0x1a, 0xff,
  0x56, 0xfe, 0x12, 0xfd, 0xd0, 0xfc, 0x52, 0xfd, 0x52, 0xfd, 0x12, 0xfd,
  0x98, 0xfe, 0x9a, 0xff, 0x14, 0xfe, 0x52, 0xfd, 0x52, 0xfd, 0xd4, 0xfd,
  0x12, 0xfd, 0x12, 0xfd, 0x98, 0xfe, 0x98, 0xfe, 0x14, 0xfe, 0x52, 0xfd,
  0x52, 0xfd, 0x12, 0xfd, 0x56, 0xfe, 0x94, 0xfd, 0x16, 0xfe, 0x16, 0xfe,
  0x52, 0xfd, 0x52, 0xfd, 0xd4, 0xfd, 0x12, 0xfd, 0x52, 0xfd, 0x92, 0xfd,
  0x52, 0xfd, 0x52, 0xfd, 0x56, 0xfe, 0x10, 0xfd, 0x90, 0xc5, 0x10, 0xb5,
  0x4e, 0x63, 0x18, 0x95, 0x5c, 0xb6, 0x5e, 0xb6, 0x1f, 0xd7, 0xdf, 0xc6,
  0x1f, 0xd7, 0x9e, 0xc6, 0x9a, 0xa5, 0x9e, 0xc6, 0xdf, 0xc6, 0xdf, 0xc6,
  0x9f, 0xc6, 0x1f, 0xd7, 0x5f, 0xd7, 0x9f, 0xd7, 0x5f, 0xd7, 0x9e, 0xc6,
  0x5f, 0xd7, 0x9e, 0xc6, 0x5e, 0xb6, 0x9f, 0xc6, 0x1f, 0xd7, 0x9e, 0xc6,
  0x1c, 0xb6, 0x1c, 0xb6, 0x9e, 0xb6, 0x9f, 0xc6, 0x5e, 0xb6, 0x1c, 0xb6,
  0xff, 0xe7, 0x1f, 0xc7, 0x1c, 0xb6, 0x5e, 0xb6, 0x9e, 0xc6, 0x9f, 0xc6,
  0xdf, 0xc6, 0x1f, 0xd7, 0xff, 0xf7, 0xdf, 0xc6, 0xdf, 0xc6, 0x5f, 0xd7,
  0xdf, 0xc6, 0x1c, 0xb6, 0xda, 0xa5, 0x1f, 0xc7, 0x1f, 0xd7, 0xdf, 0xe7,
  0x1f, 0xd7, 0x1c, 0xb6, 0xdf, 0xc6, 0x5f, 0xd7, 0x1f, 0xc7, 0x5e, 0xb6,
  0x1c, 0xb6, 0x9e, 0xc6, 0x9e, 0xc6, 0xff, 0xf7, 0xff, 0xff, 0x5f, 0xd7,
  0xdf, 0xc6, 0xdf, 0xc6, 0x5e, 0xb6, 0x9f, 0xd7, 0xdf, 0xe7, 0x9e, 0xc6,
  0xde, 0xc6, 0xdf, 0xc6, 0x5e, 0xb6, 0xdf, 0xe7, 0x9f, 0xe7, 0xd2, 0xc5,
  0xce, 0xb4, 0x8c, 0xa3, 0x12, 0xfd, 0x14, 0xfe, 0x16, 0xfe, 0x94, 0xfd,
  0x10, 0xfd, 0x12, 0xfd, 0x14, 0xfe, 0x56, 0xfe, 0x56, 0xfe, 0xd0, 0xfc,
  0x90, 0xfc, 0x12, 0xfd, 0x16, 0xfe, 0x98, 0xfe, 0x16, 0xfe, 0x14, 0xfe,
  0x14, 0xfe, 0xd4, 0xfd, 0x94, 0xfd, 0x92, 0xfd, 0x56, 0xfe, 0x56, 0xfe,
  0xd4, 0xfd, 0xd4, 0xfd, 0xd4, 0xfd, 0xd4, 0xfd, 0xd4, 0xfd, 0xd8, 0xfe,
  0x94, 0xfd, 0x52, 0xfd, 0x12, 0xfd, 0x94, 0xfd, 0x14, 0xfe, 0x14, 0xfe,
  0xd4, 0xfd, 0x94, 0xfd, 0x96, 0xfe, 0x16, 0xfe, 0x14, 0xfe, 0xd8, 0xfe,
  0x96, 0xfe, 0x14, 0xfe, 0x94, 0xfd, 0x92, 0xfd, 0x12, 0xfd, 0x98, 0xfe,
  0xd8, 0xfe, 0x98, 0xfe, 0xd4, 0xfd, 0x16, 0xfe, 0x98, 0xfe, 0xd4, 0xfd,
  0x16, 0xfe, 0x14, 0xfe, 0x92, 0xfd, 0x52, 0xfd, 0x16, 0xfe, 0xd4, 0xfd,
  0x16, 0xfe, 0xd4, 0xfd, 0x10, 0xfd, 0xd0, 0xfc, 0xd0, 0xfc, 0x52, 0xfd,
  0x12, 0xfd, 0x56, 0xfe, 0x56, 0xfe, 0xd4, 0xfd, 0x14, 0xfe, 0xce, 0xf4,
  0x0e, 0xb5, 0x4c, 0xc5, 0xca, 0xf6, 0xf0, 0xff, 0xee, 0xff, 0xf0, 0xff,
  0xf0, 0xff, 0xf2, 0xff, 0xf6, 0xff, 0xf2, 0xff, 0xf4, 0xff, 0xf0, 0xff,
  0xf4, 0xff, 0xf4, 0xff, 0xf2, 0xff, 0xf0, 0xff, 0xec, 0xff, 0xf0, 0xff,
  0xf2, 0xff, 0xf4, 0xff, 0xf6, 0xff, 0xf2, 0xff, 0xf2, 0xff, 0xf0, 0xff,
  0xf4, 0xff, 0xf4, 0xff, 0xee, 0xff, 0xf2, 0xff, 0xf0, 0xff, 0xee, 0xff,
  0xf2, 0xff, 0xee, 0xff, 0xec, 0xff, 0xee, 0xff, 0xf4, 0xff, 0xfc, 0xff,
  0x92, 0xff, 0x0e, 0xb5, 0x4e, 0xb4, 0x4e, 0xf4, 0x90, 0xfc, 0x94, 0xfd,
  0x10, 0xfd, 0xd0, 0xfc, 0x52, 0xfd, 0x10, 0xfd, 0x90, 0xfc, 0x94, 0xfd,
  0x10, 0xfd, 0x52, 0xfd, 0x94, 0xfd, 0x56, 0xfe, 0x52, 0xfd, 0x90, 0xfc,
  0xd4, 0xfd, 0x96, 0xfe, 0xd4, 0xfd, 0x92, 0xfd, 0x16, 0xfe, 0x12, 0xfd,
  0xd0, 0xfc, 0x12, 0xfd, 0x52, 0xfd, 0x52, 0xfd, 0x92, 0xfd, 0xd4, 0xfd,
  0x52, 0xfd, 0x52, 0xfd, 0x14, 0xfe, 0x56, 0xfe, 0x52, 0xfd, 0x52, 0xfd,
  0x10, 0xfd, 0x90, 0xfc, 0xd0, 0xfc, 0x96, 0xfe, 0x56, 0xfe, 0x92, 0xfd,
  0x92, 0xfd, 0x14, 0xfe, 0xd4, 0xfd, 0x52, 0xfd, 0x56, 0xfe, 0x96, 0xfe,
  0xd4, 0xfd, 0x92, 0xfd, 0xd4, 0xfd, 0x16, 0xfe, 0x56, 0xfe, 0x52, 0xfd,
  0xd4, 0xfd, 0x94, 0xfd, 0x12, 0xfd, 0x94, 0xfd, 0xd0, 0xfc, 0xcc, 0xe3,
  0x12, 0xfd, 0x16, 0xfe, 0xd4, 0xfd, 0x10, 0xfd, 0x12, 0xfd, 0x14, 0xfe,
  0x14, 0xfe, 0x94, 0xfd, 0x12, 0xfd, 0x52, 0xfd, 0x94, 0xfd, 0x16, 0xfe,
  0x56, 0xfe, 0x92, 0xfd, 0x0e, 0xc5, 0x0c, 0x84, 0x4e, 0x63, 0x58, 0x95,
  0xdf, 0xc6, 0x9e, 0xc6, 0x5f, 0xd7, 0x1f, 0xd7, 0x1f, 0xc7, 0x1f, 0xd7,
  0x5e, 0xb6, 0xdc, 0xa5, 0x1f, 0xd7, 0x5f, 0xd7, 0x1f, 0xc7, 0x1f, 0xd7,
  0xdf, 0xc6, 0xdf, 0xc6, 0x1f, 0xd7, 0x5f, 0xd7, 0x5e, 0xb6, 0x1f, 0xd7,
  0x9e, 0xc6, 0xdf, 0xc6, 0x1f, 0xd7, 0x5e, 0xb6, 0x9e, 0xb6, 0x9e, 0xc6,
  0x5f, 0xd7, 0xdf, 0xe7, 0x1f, 0xd7, 0xdf, 0xc6, 0x5f, 0xd7, 0xdf, 0xc6,
  0x9e, 0xc6, 0x5e, 0xb6, 0x9f, 0xc6, 0xdf, 0xc6, 0x1f, 0xd7, 0x5f, 0xd7,
  0x5f, 0xd7, 0x5f, 0xd7, 0xdf, 0xc6, 0x9e, 0xc6, 0x9f, 0xc6, 0xdf, 0xe7,
  0x9f, 0xe7, 0x5f, 0xd7, 0x9f, 0xc6, 0x1f, 0xd7, 0x1f, 0xd7, 0x1c, 0xb6,
  0x9e, 0xb6, 0x1c, 0xb6, 0x9e, 0xc6, 0x1c, 0xb6, 0xdf, 0xc6, 0x1f, 0xd7,
  0x9f, 0xc6, 0x1f, 0xd7, 0x5f, 0xd7, 0x5f, 0xd7, 0x5f, 0xd7, 0x5f, 0xd7,
  0x9f, 0xd7, 0x5f, 0xd7, 0xdf, 0xc6, 0xdf, 0xc6, 0x5e, 0xb6, 0x5e, 0xb6,
  0x1c, 0xb6, 0x9f, 0xe7, 0x5f, 0xd7, 0x92, 0xb5, 0x0e, 0xb5, 0x12, 0xe5,
  0x16, 0xfe, 0xd8, 0xfe, 0x96, 0xfe, 0x94, 0xfd, 0x12, 0xfd, 0x92, 0xfd,
  0x56, 0xfe, 0x96, 0xfe, 0x98, 0xfe, 0xd4, 0xfd, 0x94, 0xfd, 0x52, 0xfd,
  0x4e, 0xfc, 0x0e, 0xf4, 0xd4, 0xfd, 0xd4, 0xfd, 0x94, 0xfd, 0x94, 0xfd,
  0xd4, 0xfd, 0x52, 0xfd, 0x52, 0xfd, 0xd4, 0xfd, 0x94, 0xfd, 0x94, 0xfd,
  0x16, 0xfe, 0x52, 0xfd, 0x52, 0xfd, 0x16, 0xfe, 0x94, 0xfd, 0x92, 0xfd,
  0x52, 0xfd, 0x92, 0xfd, 0x56, 0xfe, 0x96, 0xfe, 0x94, 0xfd, 0x92, 0xfd,
  0x14, 0xfe, 0x94, 0xfd, 0xd4, 0xfd, 0xd4, 0xfd, 0x52, 0xfd, 0x52, 0xfd,
  0x90, 0xfc, 0xcc, 0xf3, 0x8e, 0xfc, 0x12, 0xfd, 0x92, 0xfd, 0x16, 0xfe,
  0x98, 0xfe, 0x98, 0xfe, 0xd4, 0xfd, 0x12, 0xfd, 0x94, 0xfd, 0x56, 0xfe,
  0x14, 0xfe, 0x52, 0xfd, 0x92, 0xfd, 0x52, 0xfd, 0xd4, 0xfd, 0x94, 0xfd,
  0x52, 0xfd, 0x10, 0xfd, 0x90, 0xfc, 0x90, 0xfc, 0xd0, 0xfc, 0x12, 0xfd,
  0xd0, 0xfc, 0x8e, 0xfc, 0xd0, 0xfc, 0xce, 0xe4, 0x4e, 0xb5, 0x4c, 0xb5,
  0x4a, 0xf6, 0xee, 0xff, 0xee, 0xff, 0xee, 0xff, 0xf2, 0xff, 0xf4, 0xff,
  0xf6, 0xff, 0xf4, 0xff, 0xf2, 0xff, 0xee, 0xff, 0xf4, 0xff, 0xf6, 0xff,
  0xf2, 0xff, 0xee, 0xff, 0xf0, 0xff, 0xf2, 0xff, 0xf2, 0xff, 0xf0, 0xff,
  0xf2, 0xff, 0xf0, 0xff, 0xf2, 0xff, 0xf0, 0xff, 0xf0, 0xff, 0xf4, 0xff,
  0xf2, 0xff, 0xee, 0xff, 0xee, 0xff, 0xee, 0xff, 0xf0, 0xff, 0xf2, 0xff,
  0xf4, 0xff, 0xf2, 0xff, 0xfc, 0xff, 0xff, 0xff, 0xf6, 0xff, 0x0e, 0xb5,
  0x4a, 0x93, 0x0e, 0xe4, 0xd6, 0xfd, 0x98, 0xfe, 0x12, 0xfd, 0x52, 0xfd,
  0x98, 0xfe, 0x56, 0xfe, 0x12, 0xfd, 0x52, 0xfd, 0x52, 0xfd, 0x52, 0xfd,
  0xd4, 0xfd, 0xd4, 0xfd, 0x94, 0xfd, 0x56, 0xfe, 0x14, 0xfe, 0xd8, 0xfe,
  0x94, 0xfd, 0x94, 0xfd, 0x14, 0xfe, 0xd4, 0xfd, 0x52, 0xfd, 0x12, 0xfd,
  0x92, 0xfd, 0x56, 0xfe, 0xd8, 0xfe, 0x14, 0xfe, 0x92, 0xfd, 0x12, 0xfd,
  0x56, 0xfe, 0x56, 0xfe, 0x12, 0xfd, 0xd4, 0xfd, 0x52, 0xfd, 0x10, 0xfd,
  0x92, 0xfd, 0xd4, 0xfd, 0xd4, 0xfd, 0x56, 0xfe, 0x52, 0xfd, 0x12, 0xfd,
  0xd8, 0xfe, 0x1a, 0xff, 0x1a, 0xff, 0xd4, 0xfd, 0xd4, 0xfd, 0x56, 0xfe,
  0xd4, 0xfd, 0x52, 0xfd, 0x56, 0xfe, 0x94, 0xfd, 0x56, 0xfe, 0x94, 0xfd,
  0x10, 0xfd, 0x18, 0xff, 0x92, 0xfd, 0x0e, 0xfc, 0x10, 0xfd, 0x52, 0xfd,
  0xd4, 0xfd, 0x52, 0xfd, 0x10, 0xfd, 0x52, 0xfd, 0x1a, 0xff, 0xdc, 0xff,
  0xd4, 0xfd, 0x52, 0xfd, 0x92, 0xfd, 0x92, 0xfd, 0x9a, 0xff, 0xd8, 0xfe,
  0xce, 0xb4, 0x4a, 0x73, 0x0e, 0x53, 0x18, 0x95, 0x9e, 0xc6, 0xdf, 0xc6,
  0xdf, 0xc6, 0x9e, 0xc6, 0x5e, 0xb6, 0x5e, 0xb6, 0x1f, 0xc7, 0x9e, 0xb6,
  0xdf, 0xc6, 0xdf, 0xc6, 0xdf, 0xc6, 0x9f, 0xc6, 0x1f, 0xd7, 0xdf, 0xc6,
  0xdf, 0xc6, 0x5e, 0xb6, 0xda, 0xa5, 0x9f, 0xc6, 0x5f, 0xd7, 0x1f, 0xd7,
  0x9f, 0xe7, 0x9e, 0xc6, 0xdf, 0xc6, 0xdf, 0xc6, 0x1f, 0xd7, 0xdf, 0xe7,
  0x1f, 0xc7, 0x9f, 0xc6, 0x9e, 0xb6, 0xdf, 0xc6, 0xff, 0xf7, 0x5f, 0xd7,
  0xdf, 0xc6, 0xdf, 0xc6, 0x1f, 0xd7, 0x1f, 0xc7, 0x1f, 0xd7, 0x1f, 0xc7,
  0x5e, 0xb6, 0x1f, 0xd7, 0x1f, 0xd7, 0x1f, 0xd7, 0x1f, 0xd7, 0xdf, 0xc6,
  0x9f, 0xc6, 0x1f, 0xd7, 0x5e, 0xb6, 0x9a, 0xa5, 0x9e, 0xc6, 0x9e, 0xc6,
  0x5e, 0xb6, 0xdf, 0xc6, 0x9f, 0xd7, 0x5f, 0xd7, 0x5f, 0xd7, 0x1f, 0xd7,
  0x1f, 0xd7, 0x5f, 0xd7, 0x9f, 0xd7, 0x5f, 0xd7, 0x5f, 0xd7, 0x1f, 0xc7,
  0x9e, 0xb6, 0xdf, 0xc6, 0x5e, 0xb6, 0xdf, 0xc6, 0x1c, 0xb6, 0xff, 0xf7,
  0xdf, 0xe7, 0x92, 0xc5, 0x50, 0xc5, 0xcc, 0xb3, 0x4e, 0xf4, 0x16, 0xfe,
  0x56, 0xfe, 0x16, 0xfe, 0x16, 0xfe, 0x1a, 0xff, 0x5a, 0xff, 0x96, 0xfe,
  0x18, 0xff, 0x96, 0xfe, 0x98, 0xfe, 0x16, 0xfe, 0x90, 0xfc, 0xcc, 0xf3,
  0x52, 0xfd, 0xd8, 0xfe, 0x5a, 0xff, 0x1a, 0xff, 0xd8, 0xfe, 0x52, 0xfd,
  0x90, 0xfc, 0xd0, 0xfc, 0x52, 0xfd, 0x10, 0xfd, 0x12, 0xfd, 0x52, 0xfd,
  0x52, 0xfd, 0xd0, 0xfc, 0x52, 0xfd, 0x52, 0xfd, 0xd4, 0xfd, 0xd4, 0xfd,
  0xd4, 0xfd, 0xd4, 0xfd, 0xd4, 0xfd, 0x56, 0xfe, 0xd4, 0xfd, 0x94, 0xfd,
  0x16, 0xfe, 0xd0, 0xfc, 0x0e, 0xfc, 0x52, 0xfd, 0x12, 0xfd, 0x4e, 0xfc,
  0x4e, 0xfc, 0xd4, 0xfd, 0x96, 0xfe, 0xd4, 0xfd, 0x92, 0xfd, 0x52, 0xfd,
  0x94, 0xfd, 0x94, 0xfd, 0x92, 0xfd, 0x96, 0xfe, 0x98, 0xfe, 0x56, 0xfe,
  0x12, 0xfd, 0x0e, 0xfc, 0xd0, 0xfc, 0x56, 0xfe, 0x16, 0xfe, 0x52, 0xfd,
  0x52, 0xfd, 0xd0, 0xfc, 0x52, 0xfd, 0x92, 0xfd, 0x92, 0xfd, 0x90, 0xfc,
  0xcc, 0xf3, 0x8e, 0xd4, 0x4c, 0xa4, 0x0c, 0xb5, 0x0a, 0xe6, 0xf0, 0xff,
  0xf2, 0xff, 0xee, 0xff, 0xf4, 0xff, 0xf2, 0xff, 0xf0, 0xff, 0xee, 0xff,
  0xec, 0xff, 0xee, 0xff, 0xf2, 0xff, 0xf0, 0xff, 0xf0, 0xff, 0xee, 0xff,
  0xf0, 0xff, 0xf4, 0xff, 0xf0, 0xff, 0xf0, 0xff, 0xf4, 0xff, 0xf4, 0xff,
  0xfc, 0xff, 0xf6, 0xff, 0xf0, 0xff, 0xf0, 0xff, 0xf0, 0xff, 0xee, 0xff,
  0xf0, 0xff, 0xf4, 0xff, 0xee, 0xff, 0xf0, 0xff, 0xf4, 0xff, 0xf0, 0xff,
  0xf6, 0xff, 0xfc, 0xff, 0xd2, 0xff, 0xcc, 0xa4, 0xcc, 0x93, 0xca, 0xa2,
  0x90, 0xfc, 0x94, 0xfd, 0xd0, 0xfc, 0xd0, 0xfc, 0x56, 0xfe, 0x98, 0xfe,
  0x52, 0xfd, 0x14, 0xfe, 0x92, 0xfd, 0xcc, 0xe3, 0x8e, 0xfc, 0x14, 0xfe,
  0xd4, 0xfd, 0x56, 0xfe, 0x16, 0xfe, 0x16, 0xfe, 0x92, 0xfd, 0x10, 0xfd,
  0x94, 0xfd, 0x56, 0xfe, 0xd4, 0xfd, 0x14, 0xfe, 0x52, 0xfd, 0x16, 0xfe,
  0xdc, 0xff, 0x1a, 0xff, 0xd4, 0xfd, 0x52, 0xfd, 0xd4, 0xfd, 0xd4, 0xfd,
  0x12, 0xfd, 0x92, 0xfd, 0x14, 0xfe, 0xd4, 0xfd, 0x16, 0xfe, 0x14, 0xfe,
  0x56, 0xfe, 0x98, 0xfe, 0x94, 0xfd, 0x90, 0xfc, 0x14, 0xfe, 0xd4, 0xfd,
  0x12, 0xfd, 0x92, 0xfd, 0x56, 0xfe, 0x96, 0xfe, 0x98, 0xfe, 0x94, 0xfd,
  0x92, 0xfd, 0x94, 0xfd, 0x56, 0xfe, 0xd4, 0xfd, 0xd4, 0xfd, 0x94, 0xfd,
  0x52, 0xfd, 0x90, 0xfc, 0x12, 0xfd, 0x94, 0xfd, 0xd4, 0xfd, 0x92, 0xfd,
  0xd4, 0xfd, 0xd4, 0xfd, 0x56, 0xfe, 0x96, 0xfe, 0x12, 0xfd, 0x52, 0xfd,
  0x12, 0xfd, 0x10, 0xfd, 0x56, 0xfe, 0x92, 0xfd, 0x90, 0xc5, 0xce, 0xa4,
  0x4e, 0x63, 0xd6, 0x84, 0x5f, 0xd7, 0x9f, 0xd7, 0x5f, 0xd7, 0x9f, 0xc6,
  0x5e, 0xb6, 0x9f, 0xc6, 0xdf, 0xc6, 0xdf, 0xc6, 0x9f, 0xd7, 0xdf, 0xe7,
  0x9e, 0xc6, 0x5e, 0xb6, 0xdf, 0xc6, 0xdf, 0xc6, 0x1c, 0xb6, 0x9a, 0xa5,
  0x9a, 0xa5, 0x9e, 0xb6, 0xdf, 0xc6, 0x9e, 0xc6, 0x9e, 0xc6, 0x9e, 0xc6,
  0xdf, 0xc6, 0x1f, 0xd7, 0x9f, 0xc6, 0x5f, 0xd7, 0x1f, 0xc7, 0x5f, 0xd7,
  0x5f, 0xd7, 0x5e, 0xb6, 0x9e, 0xc6, 0xdf, 0xc6, 0x5e, 0xb6, 0x5e, 0xb6,
  0xdf, 0xc6, 0x5e, 0xb6, 0x1f, 0xd7, 0xdf, 0xc6, 0x1c, 0xb6, 0x9f, 0xc6,
  0x1f, 0xc7, 0xdf, 0xc6, 0x5f, 0xd7, 0x9e, 0xc6, 0x5e, 0xb6, 0x5f, 0xd7,
  0x1f, 0xd7, 0x9e, 0xc6, 0x9f, 0xc6, 0x9e, 0xc6, 0xdf, 0xc6, 0x5f, 0xd7,
  0x9f, 0xd7, 0xdf, 0xe7, 0x1f, 0xd7, 0x5f, 0xd7, 0x1f, 0xd7, 0x5f, 0xd7,
  0xdf, 0xe7, 0x1f, 0xd7, 0x1f, 0xc7, 0x9f, 0xe7, 0x1f, 0xd7, 0x1c, 0xb6,
  0x5e, 0xb6, 0x5f, 0xd7, 0x5f, 0xd7, 0xff, 0xf7, 0xff, 0xf7, 0x92, 0xc5,
  0x90, 0xc5, 0x4a, 0x93, 0x0a, 0xc3, 0x90, 0xfc, 0x12, 0xfd, 0x16, 0xfe,
  0x56, 0xfe, 0x16, 0xfe, 0x52, 0xfd, 0xd0, 0xfc, 0x92, 0xfd, 0x56, 0xfe,
  0x56, 0xfe, 0x14, 0xfe, 0x52, 0xfd, 0xd0, 0xfc, 0x4e, 0xfc, 0x90, 0xfc,
  0x56, 0xfe, 0x56, 0xfe, 0x16, 0xfe, 0xd4, 0xfd, 0x92, 0xfd, 0x90, 0xfc,
  0x52, 0xfd, 0xd0, 0xfc, 0x90, 0xfc, 0x52, 0xfd, 0x52, 0xfd, 0x92, 0xfd,
  0x94, 0xfd, 0x14, 0xfe, 0xd4, 0xfd, 0xd4, 0xfd, 0x94, 0xfd, 0x16, 0xfe,
  0x96, 0xfe, 0x94, 0xfd, 0x94, 0xfd, 0x14, 0xfe, 0x98, 0xfe, 0x94, 0xfd,
  0x94, 0xfd, 0x94, 0xfd, 0x10, 0xfd, 0x10, 0xfd, 0xd0, 0xfc, 0x92, 0xfd,
  0xd4, 0xfd, 0x16, 0xfe, 0x56, 0xfe, 0x14, 0xfe, 0x94, 0xfd, 0x10, 0xfd,
  0x12, 0xfd, 0x14, 0xfe, 0x94, 0xfd, 0xd4, 0xfd, 0x52, 0xfd, 0x90, 0xfc,
  0x52, 0xfd, 0xd4, 0xfd, 0x52, 0xfd, 0x12, 0xfd, 0x52, 0xfd, 0x52, 0xfd,
  0xd4, 0xfd, 0x96, 0xfe, 0x56, 0xfe, 0x52, 0xfd, 0xd4, 0xfd, 0xce, 0xe4,
  0xce, 0xa4, 0x4a, 0xa4, 0x4a, 0xf6, 0xf0, 0xff, 0xf6, 0xff, 0xf0, 0xff,
  0xf0, 0xff, 0xf2, 0xff, 0xf2, 0xff, 0xf2, 0xff, 0xf0, 0xff, 0xf2, 0xff,
  0xf4, 0xff, 0xec, 0xff, 0x8a, 0xff, 0xec, 0xff, 0xee, 0xff, 0xf2, 0xff,
  0xf0, 0xff, 0xf0, 0xff, 0xf8, 0xff, 0xf2, 0xff, 0xf2, 0xff, 0xf0, 0xff,
  0xee, 0xff, 0xf0, 0xff, 0xf2, 0xff, 0xf2, 0xff, 0xf2, 0xff, 0xf6, 0xff,
  0xf2, 0xff, 0xf0, 0xff, 0xf4, 0xff, 0xf0, 0xff, 0xf4, 0xff, 0xf4, 0xff,
  0x0e, 0xf7, 0x8c, 0xa4, 0x4a, 0x83, 0x88, 0x92, 0x8c, 0xe3, 0x90, 0xfc,
  0x12, 0xfd, 0x90, 0xfc, 0x52, 0xfd, 0x94, 0xfd, 0x52, 0xfd, 0x12, 0xfd,
  0x52, 0xfd, 0x4e, 0xfc, 0x90, 0xfc, 0x94, 0xfd, 0x52, 0xfd, 0x14, 0xfe,
  0x16, 0xfe, 0x92, 0xfd, 0x52, 0xfd, 0xd4, 0xfd, 0x14, 0xfe, 0x16, 0xfe,
  0x90, 0xfc, 0x12, 0xfd, 0xd4, 0xfd, 0x52, 0xfd, 0x98, 0xfe, 0x98, 0xfe,
  0x94, 0xfd, 0xd4, 0xfd, 0x52, 0xfd, 0x52, 0xfd, 0xd0, 0xfc, 0xd0, 0xfc,
  0x52, 0xfd, 0x52, 0xfd, 0x14, 0xfe, 0x16, 0xfe, 0x96, 0xfe, 0x14, 0xfe,
  0x94, 0xfd, 0x52, 0xfd, 0x92, 0xfd, 0x52, 0xfd, 0xd0, 0xfc, 0xd0, 0xfc,
  0xd4, 0xfd, 0xd4, 0xfd, 0x98, 0xfe, 0x14, 0xfe, 0x94, 0xfd, 0x14, 0xfe,
  0xd4, 0xfd, 0x52, 0xfd, 0x98, 0xfe, 0x52, 0xfd, 0x52, 0xfd, 0x12, 0xfd,
  0x94, 0xfd, 0x14, 0xfe, 0x16, 0xfe, 0x98, 0xfe, 0xd4, 0xfd, 0xd8, 0xfe,
  0x18, 0xff, 0x14, 0xfe, 0x92, 0xfd, 0x94, 0xfd, 0x12, 0xfd, 0x10, 0xfd,
  0xd8, 0xfe, 0x92, 0xfd, 0x0e, 0xb5, 0x92, 0xc5, 0x8e, 0x63, 0x18, 0x95,
  0x5f, 0xd7, 0xdf, 0xe7, 0x9f, 0xe7, 0xdf, 0xc6, 0xdf, 0xc6, 0x5e, 0xb6,
  0xdf, 0xc6, 0x9f, 0xc6, 0x5f, 0xd7, 0xdf, 0xe7, 0x5e, 0xb6, 0x1c, 0xb6,
  0x1f, 0xd7, 0xff, 0xf7, 0x9f, 0xc6, 0xdf, 0xc6, 0x9f, 0xc6, 0x5e, 0xb6,
  0x9f, 0xc6, 0x5e, 0xb6, 0xdc, 0xa5, 0x5e, 0xb6, 0xdf, 0xc6, 0xdf, 0xc6,
  0x9e, 0xb6, 0x9e, 0xc6, 0xdf, 0xc6, 0x5f, 0xd7, 0xff, 0xf7, 0x5e, 0xb6,
  0xdc, 0xa5, 0x9e, 0xb6, 0xdf, 0xc6, 0xdf, 0xc6, 0x9f, 0xc6, 0x9e, 0xc6,
  0x5e, 0xb6, 0x5e, 0xb6, 0x5e, 0xb6, 0xdf, 0xc6, 0x1f, 0xd7, 0x9f, 0xd7,
  0x1f, 0xd7, 0x5e, 0xb6, 0x5e, 0xb6, 0x9e, 0xb6, 0xdf, 0xc6, 0xdf, 0xc6,
  0xdf, 0xc6, 0xdf, 0xc6, 0xdf, 0xc6, 0x9f, 0xe7, 0x5f, 0xd7, 0x9f, 0xd7,
  0x5f, 0xd7, 0x5f, 0xd7, 0x9f, 0xc6, 0x5e, 0xb6, 0x9e, 0xc6, 0xdf, 0xc6,
  0xdf, 0xc6, 0xff, 0xf7, 0xdf, 0xe7, 0xdf, 0xc6, 0x5f, 0xd7, 0xdf, 0xe7,
  0xff, 0xe7, 0xff, 0xf7, 0xff, 0xff, 0x14, 0xc6, 0x8a, 0x83, 0xc8, 0x82,
  0x48, 0x92, 0x8c, 0xf3, 0x90, 0xfc, 0x94, 0xfd, 0x96, 0xfe, 0x14, 0xfe,
  0x52, 0xfd, 0x0e, 0xfc, 0xcc, 0xfb, 0x12, 0xfd, 0x16, 0xfe, 0x14, 0xfe,
  0x94, 0xfd, 0x52, 0xfd, 0x12, 0xfd, 0xd0, 0xfc, 0x94, 0xfd, 0x12, 0xfd,
  0x92, 0xfd, 0x14, 0xfe, 0xd4, 0xfd, 0x8e, 0xfc, 0x52, 0xfd, 0x56, 0xfe,
  0x52, 0xfd, 0x52, 0xfd, 0x94, 0xfd, 0xd4, 0xfd, 0xd4, 0xfd, 0xd4, 0xfd,
  0xd4, 0xfd, 0x14, 0xfe, 0x52, 0xfd, 0x96, 0xfe, 0x96, 0xfe, 0x92, 0xfd,
  0xd0, 0xfc, 0x52, 0xfd, 0x56, 0xfe, 0x14, 0xfe, 0x98, 0xfe, 0x52, 0xfd,
  0xd0, 0xfc, 0x52, 0xfd, 0x12, 0xfd, 0x92, 0xfd, 0x94, 0xfd, 0xd4, 0xfd,
  0xd4, 0xfd, 0x56, 0xfe, 0x92, 0xfd, 0xd0, 0xfc, 0xd0, 0xfc, 0x12, 0xfd,
  0x92, 0xfd, 0x12, 0xfd, 0x52, 0xfd, 0x12, 0xfd, 0x52, 0xfd, 0x56, 0xfe,
  0x92, 0xfd, 0x4e, 0xfc, 0x52, 0xfd, 0x52, 0xfd, 0xd4, 0xfd, 0x14, 0xfe,
  0x56, 0xfe, 0x94, 0xfd, 0x96, 0xfe, 0xd0, 0xf4, 0x4e, 0xb5, 0x0c, 0xb5,
  0x48, 0xc5, 0xec, 0xff, 0xf0, 0xff, 0xf0, 0xff, 0xf4, 0xff, 0xfa, 0xff,
  0xf8, 0xff, 0xf2, 0xff, 0xf2, 0xff, 0xf2, 0xff, 0xf0, 0xff, 0xec, 0xff,
  0xca, 0xf6, 0xca, 0xf6, 0xec, 0xff, 0xee, 0xff, 0xf0, 0xff, 0xf0, 0xff,
  0xf4, 0xff, 0xf0, 0xff, 0xf0, 0xff, 0xf2, 0xff, 0xf2, 0xff, 0xf0, 0xff,
  0xf2, 0xff, 0xf2, 0xff, 0xf0, 0xff, 0xf4, 0xff, 0xf6, 0xff, 0xf4, 0xff,
  0xf6, 0xff, 0xf8, 0xff, 0xfa, 0xff, 0xf4, 0xff, 0xd0, 0xff, 0x0e, 0xb5,
  0xc8, 0x72, 0xc6, 0x71, 0x88, 0xb2, 0x0e, 0xfc, 0x14, 0xfe, 0x52, 0xfd,
  0xd0, 0xfc, 0xd0, 0xfc, 0x10, 0xfd, 0xd0, 0xfc, 0x12, 0xfd, 0x94, 0xfd,
  0xd4, 0xfd, 0x56, 0xfe, 0x52, 0xfd, 0x92, 0xfd, 0x56, 0xfe, 0x56, 0xfe,
  0x96, 0xfe, 0x56, 0xfe, 0x56, 0xfe, 0x1a, 0xff, 0xd4, 0xfd, 0x56, 0xfe,
  0xd4, 0xfd, 0x52, 0xfd, 0x12, 0xfd, 0x90, 0xfc, 0x92, 0xfd, 0xd4, 0xfd,
  0x92, 0xfd, 0x12, 0xfd, 0x12, 0xfd, 0x52, 0xfd, 0x10, 0xfd, 0x12, 0xfd,
  0x92, 0xfd, 0x52, 0xfd, 0x12, 0xfd, 0x4e, 0xfc, 0x16, 0xfe, 0xd4, 0xfd,
  0xd4, 0xfd, 0xd4, 0xfd, 0x12, 0xfd, 0x52, 0xfd, 0xd4, 0xfd, 0x94, 0xfd,
  0x56, 0xfe, 0x52, 0xfd, 0x52, 0xfd, 0x52, 0xfd, 0x52, 0xfd, 0xd4, 0xfd,
  0xd8, 0xfe, 0x56, 0xfe, 0x94, 0xfd, 0xd4, 0xfd, 0x14, 0xfe, 0xd4, 0xfd,
  0x14, 0xfe, 0x98, 0xfe, 0x14, 0xfe, 0x16, 0xfe, 0xd4, 0xfd, 0x92, 0xfd,
  0x56, 0xfe, 0x56, 0xfe, 0x94, 0xfd, 0x52, 0xfd, 0x56, 0xfe, 0x14, 0xfe,
  0x12, 0xd6, 0xcc, 0x83, 0x0e, 0x63, 0x18, 0x95, 0x1f, 0xc7, 0x1f, 0xd7,
  0xdf, 0xc6, 0x1f, 0xd7, 0x5f, 0xd7, 0x5f, 0xd7, 0x9f, 0xe7, 0x1f, 0xd7,
  0x5f, 0xd7, 0x1f, 0xc7, 0xdf, 0xc6, 0x5e, 0xb6, 0x9f, 0xc6, 0xda, 0xa5,
  0x9a, 0xa5, 0x5e, 0xb6, 0x9e, 0xc6, 0x1c, 0xb6, 0x5e, 0xb6, 0x5f, 0xd7,
  0x5e, 0xb6, 0xdf, 0xc6, 0x9f, 0xe7, 0xff, 0xf7, 0xdf, 0xe7, 0x5e, 0xb6,
  0x9e, 0xc6, 0x5f, 0xd7, 0x1c, 0xb6, 0x5e, 0xb6, 0x1f, 0xd7, 0x1f, 0xd7,
  0xdf, 0xc6, 0xdf, 0xc6, 0xdf, 0xc6, 0x9f, 0xc6, 0x5e, 0xb6, 0x5e, 0xb6,
  0x5e, 0xb6, 0x9f, 0xd7, 0x1f, 0xd7, 0x1f, 0xc7, 0x1f, 0xc7, 0x1f, 0xc7,
  0x9f, 0xc6, 0xdf, 0xc6, 0x5f, 0xd7, 0xdf, 0xc6, 0xdf, 0xe7, 0xff, 0xe7,
  0x5e, 0xb6, 0x9e, 0xb6, 0x5f, 0xd7, 0x1f, 0xc7, 0xdf, 0xc6, 0x9e, 0xc6,
  0x9e, 0xc6, 0xdf, 0xc6, 0xdf, 0xc6, 0x5e, 0xb6, 0x5e, 0xb6, 0x9f, 0xc6,
  0xdf, 0xc6, 0x5e, 0xb6, 0xdf, 0xc6, 0x5f, 0xd7, 0x5f, 0xd7, 0x5f, 0xd7,
  0x1f, 0xd7, 0x92, 0xb5, 0x8a, 0x83, 0x8a, 0xb3, 0x0e, 0xe4, 0xd0, 0xfc,
  0x12, 0xfd, 0x52, 0xfd, 0x14, 0xfe, 0x56, 0xfe, 0x56, 0xfe, 0x92, 0xfd,
  0x0e, 0xfc, 0xcc, 0xf3, 0x94, 0xfd, 0x52, 0xfd, 0x12, 0xfd, 0x94, 0xfd,
  0x92, 0xfd, 0xd0, 0xfc, 0x92, 0xfd, 0x90, 0xfc, 0xce, 0xfb, 0x52, 0xfd,
  0x92, 0xfd, 0x92, 0xfd, 0x12, 0xfd, 0xd4, 0xfd, 0xd4, 0xfd, 0x16, 0xfe,
  0x92, 0xfd, 0x16, 0xfe, 0x94, 0xfd, 0x92, 0xfd, 0x92, 0xfd, 0x52, 0xfd,
  0x12, 0xfd, 0x96, 0xfe, 0xd8, 0xfe, 0x56, 0xfe, 0x12, 0xfd, 0x94, 0xfd,
  0x98, 0xfe, 0xd4, 0xfd, 0x94, 0xfd, 0x52, 0xfd, 0x14, 0xfe, 0xd4, 0xfd,
  0xd0, 0xfc, 0x92, 0xfd, 0x56, 0xfe, 0x56, 0xfe, 0xd4, 0xfd, 0x12, 0xfd,
  0x52, 0xfd, 0x12, 0xfd, 0x12, 0xfd, 0xd0, 0xfc, 0x12, 0xfd, 0x12, 0xfd,
  0x52, 0xfd, 0x52, 0xfd, 0xd0, 0xfc, 0xd4, 0xfd, 0x16, 0xfe, 0x90, 0xfc,
  0x52, 0xfd, 0x52, 0xfd, 0x12, 0xfd, 0x52, 0xfd, 0xd8, 0xfe, 0x14, 0xfe,
  0xd4, 0xfd, 0xd2, 0xfd, 0x52, 0xe6, 0x8e, 0xc5, 0x88, 0xd5, 0xee, 0xff,
  0xf2, 0xff, 0xf2, 0xff, 0xf0, 0xff, 0xf2, 0xff, 0xf6, 0xff, 0xf4, 0xff,
  0xee, 0xff, 0xf0, 0xff, 0xf0, 0xff, 0xee, 0xff, 0xec, 0xff, 0xec, 0xff,
  0xee, 0xff, 0xee, 0xff, 0xf2, 0xff, 0xf0, 0xff, 0xf2, 0xff, 0xf0, 0xff,
  0xf2, 0xff, 0xf2, 0xff, 0xf2, 0xff, 0xf2, 0xff, 0xf2, 0xff, 0xf0, 0xff,
  0xf0, 0xff, 0xee, 0xff, 0xf2, 0xff, 0xf4, 0xff, 0xf2, 0xff, 0xfa, 0xff,
  0xfa, 0xff, 0xf4, 0xff, 0xd2, 0xff, 0xd0, 0xc5, 0xc8, 0x72, 0x84, 0x51,
  0xca, 0xc2, 0x90, 0xfc, 0x94, 0xfd, 0x16, 0xfe, 0x12, 0xfd, 0x52, 0xfd,
  0x12, 0xfd, 0x10, 0xfd, 0x10, 0xfd, 0x92, 0xfd, 0x92, 0xfd, 0x52, 0xfd,
  0x12, 0xfd, 0x12, 0xfd, 0x94, 0xfd, 0x96, 0xfe, 0x16, 0xfe, 0xd4, 0xfd,
  0x56, 0xfe, 0xd8, 0xfe, 0x16, 0xfe, 0xd4, 0xfd, 0xd4, 0xfd, 0x92, 0xfd,
  0x94, 0xfd, 0x52, 0xfd, 0x52, 0xfd, 0x12, 0xfd, 0xd4, 0xfd, 0x16, 0xfe,
  0x52, 0xfd, 0x94, 0xfd, 0x12, 0xfd, 0x10, 0xfd, 0x98, 0xfe, 0x94, 0xfd,
  0x52, 0xfd, 0x92, 0xfd, 0x96, 0xfe, 0x16, 0xfe, 0xd4, 0xfd, 0xd4, 0xfd,
  0xd0, 0xfc, 0xd4, 0xfd, 0x16, 0xfe, 0x52, 0xfd, 0xd4, 0xfd, 0x92, 0xfd,
  0x92, 0xfd, 0x52, 0xfd, 0x92, 0xfd, 0x14, 0xfe, 0x5a, 0xff, 0x18, 0xff,
  0x98, 0xfe, 0x56, 0xfe, 0x16, 0xfe, 0x56, 0xfe, 0x52, 0xfd, 0x94, 0xfd,
  0x16, 0xfe, 0x52, 0xfd, 0x52, 0xfd, 0x52, 0xfd, 0xd4, 0xfd, 0x16, 0xfe,
  0xd4, 0xfd, 0x52, 0xfd, 0xd4, 0xfd, 0x10, 0xfd, 0x4c, 0xa4, 0x4a, 0x73,
  0x4e, 0x63, 0x5a, 0x95, 0x1f, 0xc7, 0x1f, 0xc7, 0xdf, 0xc6, 0x5f, 0xd7,
  0x9f, 0xe7, 0x1f, 0xd7, 0xdf, 0xc6, 0xdf, 0xc6, 0xdf, 0xe7, 0x5f, 0xd7,
  0x9f, 0xc6, 0x1e, 0xb6, 0x5e, 0xb6, 0xdf, 0xc6, 0x5e, 0xb6, 0x5e, 0xb6,
  0x1f, 0xd7, 0xdf, 0xc6, 0xdf, 0xc6, 0x1f, 0xd7, 0x1f, 0xc7, 0x1f, 0xc7,
  0x9f, 0xd7, 0xff, 0xff, 0xff, 0xff, 0x1c, 0xb6, 0x5e, 0xb6, 0x1f, 0xd7,
  0x9e, 0xb6, 0x9f, 0xc6, 0x9f, 0xd7, 0x9e, 0xc6, 0x1c, 0xb6, 0x1f, 0xd7,
  0x1c, 0xb6, 0xdc, 0xa5, 0x1c, 0xb6, 0x1f, 0xc7, 0x1f, 0xd7, 0xdf, 0xe7,
  0x9f, 0xe7, 0x5f, 0xd7, 0x1f, 0xd7, 0xdf, 0xc6, 0xdf, 0xc6, 0xdf, 0xc6,
  0xdf, 0xc6, 0x9e, 0xc6, 0xdf, 0xe7, 0xdf, 0xe7, 0xdf, 0xe7, 0xdf, 0xe7,
  0x5f, 0xd7, 0x5f, 0xd7, 0x1f, 0xd7, 0x1f, 0xd7, 0xdf, 0xc6, 0x1f, 0xd7,
  0x1f, 0xc7, 0xdf, 0xc6, 0x1f, 0xc7, 0x9f, 0xc6, 0x5e, 0xb6, 0x9e, 0xc6,
  0xdf, 0xc6, 0x5f, 0xd7, 0xdf, 0xc6, 0x9e, 0xc6, 0xda, 0xb5, 0x10, 0xb5,
  0x8c, 0xa4, 0xcc, 0xc3, 0x10, 0xfd, 0x52, 0xfd, 0xd0, 0xfc, 0xd0, 0xfc,
  0xd8, 0xfe, 0x5a, 0xff, 0x96, 0xfe, 0x5a, 0xff, 0x14, 0xfe, 0x52, 0xfd,
  0xfc, 0xff, 0x18, 0xff, 0x52, 0xfd, 0x98, 0xfe, 0x9a, 0xff, 0xd4, 0xfd,
  0x18, 0xff, 0xd8, 0xfe, 0x94, 0xfd, 0x90, 0xfc, 0x52, 0xfd, 0xd8, 0xfe,
  0x14, 0xfe, 0x14, 0xfe, 0xd4, 0xfd, 0x52, 0xfd, 0xd4, 0xfd, 0x56, 0xfe,
  0x52, 0xfd, 0x10, 0xfd, 0xd4, 0xfd, 0x92, 0xfd, 0xd0, 0xfc, 0x52, 0xfd,
  0xd4, 0xfd, 0x56, 0xfe, 0x98, 0xfe, 0x14, 0xfe, 0xd4, 0xfd, 0x92, 0xfd,
  0x92, 0xfd, 0x98, 0xfe, 0x5a, 0xff, 0x94, 0xfd, 0xd0, 0xfc, 0x14, 0xfe,
  0x56, 0xfe, 0x14, 0xfe, 0x1a, 0xff, 0xd8, 0xfe, 0x14, 0xfe, 0x92, 0xfd,
  0x52, 0xfd, 0x52, 0xfd, 0x92, 0xfd, 0xd4, 0xfd, 0x94, 0xfd, 0x92, 0xfd,
  0x12, 0xfd, 0x92, 0xfd, 0x56, 0xfe, 0x52, 0xfd, 0xd4, 0xfd, 0x94, 0xfd,
  0x12, 0xfd, 0x52, 0xfd, 0x14, 0xfe, 0xd4, 0xfd, 0x14, 0xfe, 0x50, 0xf5,
  0xd0, 0xc5, 0x0c, 0xb5, 0x08, 0xe6, 0xf0, 0xff, 0xf4, 0xff, 0xf0, 0xff,
  0xee, 0xff, 0xee, 0xff, 0xf0, 0xff, 0xf2, 0xff, 0xf0, 0xff, 0xf0, 0xff,
  0xf2, 0xff, 0xf0, 0xff, 0xf0, 0xff, 0xf0, 0xff, 0xee, 0xff, 0xf2, 0xff,
  0xf2, 0xff, 0xf2, 0xff, 0xf2, 0xff, 0xf2, 0xff, 0xf4, 0xff, 0xf2, 0xff,
  0xf0, 0xff, 0xf4, 0xff, 0xf6, 0xff, 0xf4, 0xff, 0xf2, 0xff, 0xf0, 0xff,
  0xf0, 0xff, 0xf0, 0xff, 0xee, 0xff, 0xf0, 0xff, 0xf2, 0xff, 0xf2, 0xff,
  0xcc, 0xe6, 0x4e, 0xb5, 0x8a, 0x93, 0xca, 0xa2, 0x4a, 0xe3, 0x90, 0xfc,
  0x52, 0xfd, 0x52, 0xfd, 0x52, 0xfd, 0x52, 0xfd, 0x12, 0xfd, 0x90, 0xfc,
  0x10, 0xfd, 0x10, 0xfd, 0x10, 0xfd, 0x52, 0xfd, 0x90, 0xfc, 0xd0, 0xfc,
  0x10, 0xfd, 0x92, 0xfd, 0x94, 0xfd, 0x94, 0xfd, 0x14, 0xfe, 0x16, 0xfe,
  0x52, 0xfd, 0x52, 0xfd, 0xd8, 0xfe, 0x16, 0xfe, 0x12, 0xfd, 0xd4, 0xfd,
  0xd4, 0xfd, 0x94, 0xfd, 0x16, 0xfe, 0x16, 0xfe, 0x12, 0xfd, 0x92, 0xfd,
  0x94, 0xfd, 0x12, 0xfd, 0x56, 0xfe, 0xd4, 0xfd, 0xd4, 0xfd, 0x96, 0xfe,
  0x14, 0xfe, 0x90, 0xfc, 0x12, 0xfd, 0x94, 0xfd, 0xd4, 0xfd, 0xd4, 0xfd,
  0x94, 0xfd, 0x94, 0xfd, 0x16, 0xfe, 0x56, 0xfe, 0x98, 0xfe, 0x56, 0xfe,
  0x92, 0xfd, 0x14, 0xfe, 0x98, 0xfe, 0x1a, 0xff, 0xd4, 0xfd, 0x12, 0xfd,
  0x94, 0xfd, 0xd8, 0xfe, 0x94, 0xfd, 0xd0, 0xfc, 0xd4, 0xfd, 0x92, 0xfd,
  0x56, 0xfe, 0xd4, 0xfd, 0x16, 0xfe, 0xd4, 0xfd, 0x52, 0xfd, 0x10, 0xfd,
  0x52, 0xfd, 0x10, 0xfd, 0xd0, 0xd5, 0xca, 0x83, 0xcc, 0x52, 0x18, 0x95,
  0xdf, 0xc6, 0x1f, 0xd7, 0xdf, 0xc6, 0x9e, 0xc6, 0x5e, 0xb6, 0x9e, 0xc6,
  0xdf, 0xc6, 0x9e, 0xb6, 0x1f, 0xc7, 0x5f, 0xd7, 0x9e, 0xc6, 0x5e, 0xb6,
  0xdf, 0xc6, 0x1f, 0xd7, 0x5e, 0xb6, 0x9f, 0xc6, 0x5e, 0xb6, 0x1c, 0xa6,
  0x1f, 0xd7, 0x5f, 0xd7, 0xdf, 0xc6, 0x1f, 0xc7, 0xff, 0xf7, 0xff, 0xf7,
  0x5f, 0xd7, 0x9f, 0xc6, 0xdf, 0xc6, 0x9f, 0xc6, 0xdf, 0xc6, 0xdf, 0xc6,
  0x1f, 0xd7, 0x9e, 0xc6, 0xdf, 0xc6, 0xdf, 0xc6, 0x9a, 0xa5, 0x5e, 0xb6,
  0x1f, 0xd7, 0xff, 0xf7, 0xff, 0xf7, 0xff, 0xe7, 0xff, 0xff, 0xdf, 0xe7,
  0x1f, 0xc7, 0x5e, 0xb6, 0xdf, 0xc6, 0x1f, 0xd7, 0xdf, 0xc6, 0xdf, 0xc6,
  0x1f, 0xd7, 0x5f, 0xd7, 0xff, 0xe7, 0xdf, 0xe7, 0x5f, 0xd7, 0x9f, 0xe7,
  0x9f, 0xe7, 0x9f, 0xd7, 0x5f, 0xd7, 0x1f, 0xd7, 0xdf, 0xc6, 0xdf, 0xc6,
  0x5f, 0xd7, 0x5f, 0xd7, 0x9e, 0xc6, 0x1c, 0xb6, 0x1c, 0xb6, 0x1f, 0xd7,
  0xdf, 0xc6, 0x9f, 0xc6, 0x16, 0x95, 0xce, 0xa4, 0x0a, 0x94, 0x88, 0x82,
  0x0a, 0xc3, 0xce, 0xfb, 0x0e, 0xfc, 0x4e, 0xfc, 0x56, 0xfe, 0x56, 0xfe,
  0x14, 0xfe, 0x96, 0xfe, 0x96, 0xfe, 0x96, 0xfe, 0x5a, 0xff, 0xd4, 0xfd,
  0x52, 0xfd, 0x92, 0xfd, 0xd8, 0xfe, 0x5a, 0xff, 0xd8, 0xfe, 0x9a, 0xff,
  0x96, 0xfe, 0x10, 0xfd, 0xd4, 0xfd, 0xd8, 0xfe, 0xd4, 0xfd, 0x94, 0xfd,
  0x52, 0xfd, 0x10, 0xfd, 0x52, 0xfd, 0x56, 0xfe, 0x52, 0xfd, 0x12, 0xfd,
  0x52, 0xfd, 0x92, 0xfd, 0x14, 0xfe, 0xd4, 0xfd, 0x94, 0xfd, 0xd4, 0xfd,
  0xd8, 0xfe, 0x16, 0xfe, 0x92, 0xfd, 0x92, 0xfd, 0x92, 0xfd, 0x96, 0xfe,
  0xd8, 0xfe, 0x92, 0xfd, 0x52, 0xfd, 0x52, 0xfd, 0xd4, 0xfd, 0x98, 0xfe,
  0x16, 0xfe, 0x56, 0xfe, 0xd4, 0xfd, 0x14, 0xfe, 0x56, 0xfe, 0x16, 0xfe,
  0xd4, 0xfd, 0x16, 0xfe, 0x98, 0xfe, 0x16, 0xfe, 0x56, 0xfe, 0x92, 0xfd,
  0xd4, 0xfd, 0x92, 0xfd, 0xd4, 0xfd, 0x94, 0xfd, 0x12, 0xfd, 0x10, 0xfd,
  0x12, 0xfd, 0x52, 0xfd, 0xd4, 0xfd, 0x10, 0xf5, 0x0e, 0xb5, 0x08, 0x94,
  0x4a, 0xe6, 0xf0, 0xff, 0xf6, 0xff, 0xf2, 0xff, 0xf2, 0xff, 0xf4, 0xff,
  0xf2, 0xff, 0xf4, 0xff, 0xfa, 0xff, 0xf6, 0xff, 0xf2, 0xff, 0xee, 0xff,
  0xf2, 0xff, 0xf4, 0xff, 0xf6, 0xff, 0xf4, 0xff, 0xf2, 0xff, 0xf2, 0xff,
  0xf2, 0xff, 0xf0, 0xff, 0xf4, 0xff, 0xf2, 0xff, 0xf0, 0xff, 0xf0, 0xff,
  0xf4, 0xff, 0xf2, 0xff, 0xf6, 0xff, 0xf8, 0xff, 0xf2, 0xff, 0xee, 0xff,
  0xec, 0xff, 0xec, 0xff, 0xf0, 0xff, 0xf2, 0xff, 0xcc, 0xe6, 0x16, 0xf7,
  0x10, 0xc5, 0xcc, 0xd3, 0x0e, 0xfc, 0x12, 0xfd, 0x10, 0xfd, 0x0e, 0xf4,
  0xd0, 0xfc, 0x92, 0xfd, 0x94, 0xfd, 0x94, 0xfd, 0xd4, 0xfd, 0x52, 0xfd,
  0x10, 0xfd, 0x52, 0xfd, 0x90, 0xfc, 0x10, 0xfd, 0x52, 0xfd, 0x52, 0xfd,
  0xd4, 0xfd, 0x14, 0xfe, 0x94, 0xfd, 0x92, 0xfd, 0x52, 0xfd, 0x94, 0xfd,
  0xd4, 0xfd, 0xd4, 0xfd, 0x92, 0xfd, 0x52, 0xfd, 0x52, 0xfd, 0x94, 0xfd,
  0x98, 0xfe, 0x16, 0xfe, 0x52, 0xfd, 0x92, 0xfd, 0x16, 0xfe, 0x52, 0xfd,
  0x92, 0xfd, 0x94, 0xfd, 0x14, 0xfe, 0x98, 0xfe, 0xd8, 0xfe, 0x12, 0xfd,
  0xd4, 0xfd, 0x94, 0xfd, 0xd4, 0xfd, 0xd4, 0xfd, 0x94, 0xfd, 0x52, 0xfd,
  0x94, 0xfd, 0x96, 0xfe, 0x98, 0xfe, 0x14, 0xfe, 0x16, 0xfe, 0xd4, 0xfd,
  0xd4, 0xfd, 0x92, 0xfd, 0x16, 0xfe, 0xd4, 0xfd, 0x94, 0xfd, 0x56, 0xfe,
  0x96, 0xfe, 0xd4, 0xfd, 0x4e, 0xfc, 0xd0, 0xfc, 0x92, 0xfd, 0x16, 0xfe,
  0x56, 0xfe, 0x52, 0xfd, 0x16, 0xfe, 0x52, 0xfd, 0x12, 0xfd, 0xd0, 0xfc,
  0x12, 0xd6, 0x4a, 0x73, 0xcc, 0x52, 0xd6, 0x84, 0x1c, 0xb6, 0x5f, 0xd7,
  0x1f, 0xd7, 0x5e, 0xb6, 0x1c, 0xb6, 0x1c, 0xb6, 0xdf, 0xc6, 0x9f, 0xc6,
  0xdf, 0xc6, 0xff, 0xf7, 0x1f, 0xd7, 0x9e, 0xb6, 0x9f, 0xc6, 0x5e, 0xb6,
  0x5f, 0xd7, 0xdf, 0xc6, 0xdf, 0xc6, 0x9f, 0xc6, 0x1f, 0xc7, 0xdf, 0xc6,
  0x5e, 0xb6, 0x5e, 0xb6, 0xff, 0xf7, 0xff, 0xf7, 0x5f, 0xd7, 0x1f, 0xd7,
  0x5f, 0xd7, 0x9f, 0xd7, 0x9f, 0xd7, 0xdf, 0xe7, 0x1f, 0xd7, 0x1f, 0xd7,
  0x5f, 0xd7, 0x9e, 0xc6, 0x1c, 0xb6, 0x1c, 0xb6, 0x9e, 0xc6, 0x5f, 0xd7,
  0x5f, 0xd7, 0x9e, 0xc6, 0x1f, 0xd7, 0x1f, 0xd7, 0x1c, 0xb6, 0x9e, 0xc6,
  0xdf, 0xc6, 0x5f, 0xd7, 0xdf, 0xc6, 0x1c, 0xb6, 0x1f, 0xd7, 0xff, 0xf7,
  0xff, 0xf7, 0x1f, 0xd7, 0x5f, 0xd7, 0xff, 0xe7, 0xff, 0xff, 0xdf, 0xe7,
  0x5f, 0xd7, 0x1f, 0xd7, 0x5f, 0xd7, 0x1f, 0xc7, 0x1f, 0xc7, 0x5f, 0xd7,
  0x1f, 0xd7, 0xdc, 0xa5, 0x9e, 0xc6, 0xdf, 0xc6, 0x9f, 0xc6, 0x9e, 0xc6,
  0x16, 0x95, 0x90, 0xc5, 0x0e, 0xb5, 0x8a, 0xb3, 0x0e, 0xf4, 0x52, 0xfd,
  0x52, 0xfd, 0x4e, 0xfc, 0xd0, 0xfc, 0x94, 0xfd, 0x92, 0xfd, 0x12, 0xfd,
  0xd4, 0xfd, 0xd4, 0xfd, 0x94, 0xfd, 0xd0, 0xfc, 0x52, 0xfd, 0x14, 0xfe,
  0xd4, 0xfd, 0x96, 0xfe, 0x56, 0xfe, 0x96, 0xfe, 0xd4, 0xfd, 0x52, 0xfd,
  0x92, 0xfd, 0x14, 0xfe, 0xd4, 0xfd, 0x16, 0xfe, 0x56, 0xfe, 0x12, 0xfd,
  0x52, 0xfd, 0x98, 0xfe, 0xd4, 0xfd, 0xd0, 0xfc, 0x92, 0xfd, 0x92, 0xfd,
  0x16, 0xfe, 0x56, 0xfe, 0xd4, 0xfd, 0x56, 0xfe, 0x1a, 0xff, 0x14, 0xfe,
  0x10, 0xfd, 0x92, 0xfd, 0x16, 0xfe, 0x56, 0xfe, 0x56, 0xfe, 0xd4, 0xfd,
  0x96, 0xfe, 0x14, 0xfe, 0x98, 0xfe, 0x9a, 0xff, 0xd4, 0xfd, 0x52, 0xfd,
  0xd0, 0xfc, 0x92, 0xfd, 0xd4, 0xfd, 0x52, 0xfd, 0x52, 0xfd, 0x14, 0xfe,
  0xd4, 0xfd, 0x94, 0xfd, 0x14, 0xfe, 0x56, 0xfe, 0x5a, 0xff, 0x96, 0xfe,
  0x56, 0xfe, 0x94, 0xfd, 0xd4, 0xfd, 0xd4, 0xfd, 0xd4, 0xfd, 0x10, 0xfd,
  0x90, 0xfc, 0x4c, 0xd4, 0xcc, 0xa4, 0xcc, 0xa4, 0x08, 0xe6, 0xf0, 0xff,
  0xf2, 0xff, 0xf2, 0xff, 0xf4, 0xff, 0xf6, 0xff, 0xee, 0xff, 0xf0, 0xff,
  0xf4, 0xff, 0xf6, 0xff, 0xfa, 0xff, 0xf4, 0xff, 0xf2, 0xff, 0xf2, 0xff,
  0xf4, 0xff, 0xf2, 0xff, 0xf0, 0xff, 0xf0, 0xff, 0xf2, 0xff, 0xf2, 0xff,
  0xf2, 0xff, 0xf8, 0xff, 0xf0, 0xff, 0xee, 0xff, 0xee, 0xff, 0xf2, 0xff,
  0xf4, 0xff, 0xf6, 0xff, 0xf2, 0xff, 0xf4, 0xff, 0xf2, 0xff, 0xee, 0xff,
  0xf6, 0xff, 0xf4, 0xff, 0x8c, 0xe6, 0x16, 0xf7, 0xce, 0xc4, 0xcc, 0xe3,
  0x8c, 0xe3, 0xcc, 0xf3, 0x12, 0xfd, 0xd0, 0xfc, 0x94, 0xfd, 0xd4, 0xfd,
  0x92, 0xfd, 0xd4, 0xfd, 0x96, 0xfe, 0xd4, 0xfd, 0x92, 0xfd, 0x12, 0xfd,
  0x52, 0xfd, 0x10, 0xfd, 0x52, 0xfd, 0x94, 0xfd, 0x14, 0xfe, 0x94, 0xfd,
  0xd4, 0xfd, 0xd4, 0xfd, 0xd4, 0xfd, 0xd4, 0xfd, 0x56, 0xfe, 0x14, 0xfe,
  0x52, 0xfd, 0xd0, 0xfc, 0x52, 0xfd, 0x92, 0xfd, 0xd4, 0xfd, 0x16, 0xfe,
  0xd4, 0xfd, 0x94, 0xfd, 0x16, 0xfe, 0x94, 0xfd, 0x52, 0xfd, 0x94, 0xfd,
  0x52, 0xfd, 0x52, 0xfd, 0x98, 0xfe, 0x1a, 0xff, 0x94, 0xfd, 0x16, 0xfe,
  0x96, 0xfe, 0x92, 0xfd, 0x90, 0xfc, 0x10, 0xfd, 0x52, 0xfd, 0x96, 0xfe,
  0x14, 0xfe, 0x92, 0xfd, 0x5a, 0xff, 0xd8, 0xfe, 0x16, 0xfe, 0x56, 0xfe,
  0x5a, 0xff, 0xfe, 0xff, 0xd4, 0xfd, 0x56, 0xfe, 0xd4, 0xfd, 0x10, 0xfd,
  0x90, 0xfc, 0x10, 0xfd, 0x52, 0xfd, 0xd0, 0xfc, 0x52, 0xfd, 0x12, 0xfd,
  0x52, 0xfd, 0xd4, 0xfd, 0xd4, 0xfd, 0x92, 0xfd, 0xd0, 0xd5, 0x8a, 0x73,
  0x4e, 0x63, 0xd8, 0x94, 0x9e, 0xc6, 0xff, 0xf7, 0x5f, 0xd7, 0x9e, 0xc6,
  0x9a, 0xa5, 0x9a, 0xa5, 0x5e, 0xb6, 0xdf, 0xc6, 0xdf, 0xc6, 0xdf, 0xc6,
  0x1c, 0xb6, 0x9e, 0xc6, 0x1c, 0xb6, 0x1c, 0xb6, 0xff, 0xf7, 0x9f, 0xe7,
  0x9f, 0xd7, 0x9f, 0xc6, 0xdf, 0xc6, 0x1f, 0xc7, 0x1f, 0xd7, 0xdf, 0xc6,
  0xdf, 0xc6, 0x5f, 0xd7, 0x1f, 0xd7, 0x9f, 0xc6, 0x1f, 0xc7, 0x5f, 0xd7,
  0xdf, 0xc6, 0x1f, 0xd7, 0xdf, 0xc6, 0xdf, 0xc6, 0x5e, 0xb6, 0x1c, 0xb6,
  0x1c, 0xb6, 0x1c, 0xb6, 0x9a, 0xa5, 0x5e, 0xb6, 0x5f, 0xd7, 0x1f, 0xd7,
  0x5f, 0xd7, 0xdf, 0xc6, 0x1c, 0xb6, 0x1c, 0xb6, 0xdc, 0xa5, 0x1f, 0xd7,
  0xdf, 0xc6, 0x5e, 0xb6, 0x1f, 0xc7, 0x5f, 0xd7, 0x5f, 0xd7, 0xdf, 0xc6,
  0x9f, 0xd7, 0x5f, 0xd7, 0x1f, 0xd7, 0x5f, 0xd7, 0x5f, 0xd7, 0x1f, 0xd7,
  0x1f, 0xc7, 0x5f, 0xd7, 0x1f, 0xd7, 0xdf, 0xc6, 0x5e, 0xb6, 0x1c, 0xb6,
  0x5e, 0xb6, 0x9e, 0xc6, 0xdf, 0xc6, 0xff, 0xf7, 0xda, 0xa5, 0x8e, 0xa4,
  0x0e, 0xb5, 0x0a, 0x93, 0x4e, 0xf4, 0x5a, 0xff, 0xd8, 0xfe, 0x56, 0xfe,
  0xd0, 0xfc, 0x12, 0xfd, 0x16, 0xfe, 0x52, 0xfd, 0x52, 0xfd, 0x52, 0xfd,
  0x12, 0xfd, 0xce, 0xfb, 0xd0, 0xfc, 0x56, 0xfe, 0x12, 0xfd, 0xd0, 0xfc,
  0xd4, 0xfd, 0x94, 0xfd, 0x96, 0xfe, 0x56, 0xfe, 0x52, 0xfd, 0x14, 0xfe,
  0x56, 0xfe, 0xd8, 0xfe, 0x98, 0xfe, 0x10, 0xfd, 0x52, 0xfd, 0x94, 0xfd,
  0x16, 0xfe, 0xd0, 0xfc, 0x10, 0xfd, 0x94, 0xfd, 0x98, 0xfe, 0x56, 0xfe,
  0xd4, 0xfd, 0x92, 0xfd, 0x94, 0xfd, 0x4e, 0xfc, 0x12, 0xfd, 0x56, 0xfe,
  0x56, 0xfe, 0x56, 0xfe, 0x56, 0xfe, 0x94, 0xfd, 0x92, 0xfd, 0x92, 0xfd,
  0x16, 0xfe, 0x98, 0xfe, 0x14, 0xfe, 0xd4, 0xfd, 0x52, 0xfd, 0x94, 0xfd,
  0x52, 0xfd, 0x94, 0xfd, 0xd4, 0xfd, 0x94, 0xfd, 0x52, 0xfd, 0x92, 0xfd,
  0x94, 0xfd, 0x96, 0xfe, 0x98, 0xfe, 0x98, 0xfe, 0xd8, 0xfe, 0x94, 0xfd,
  0x56, 0xfe, 0x1a, 0xff, 0x1a, 0xff, 0xd4, 0xfd, 0x12, 0xfd, 0x0c, 0xd4,
  0xce, 0xa4, 0xcc, 0xb4, 0x8a, 0xf6, 0xee, 0xff, 0xf0, 0xff, 0xf2, 0xff,
  0xf6, 0xff, 0xf8, 0xff, 0xf0, 0xff, 0xee, 0xff, 0xf0, 0xff, 0xf6, 0xff,
  0xf8, 0xff, 0xf2, 0xff, 0xf0, 0xff, 0xf2, 0xff, 0xf0, 0xff, 0xec, 0xff,
  0xee, 0xff, 0xf0, 0xff, 0xf2, 0xff, 0xf2, 0xff, 0xf2, 0xff, 0xf4, 0xff,
  0xee, 0xff, 0xf0, 0xff, 0xf0, 0xff, 0xf2, 0xff, 0xf0, 0xff, 0xf2, 0xff,
  0xf2, 0xff, 0xf2, 0xff, 0xf2, 0xff, 0xf2, 0xff, 0xf4, 0xff, 0xf0, 0xff,
  0xce, 0xf6, 0x52, 0xd6, 0xcc, 0xa3, 0xc8, 0xa2, 0xca, 0xb2, 0x8c, 0xd3,
  0x10, 0xfd, 0x52, 0xfd, 0x56, 0xfe, 0x14, 0xfe, 0x16, 0xfe, 0x52, 0xfd,
  0xd4, 0xfd, 0x16, 0xfe, 0x14, 0xfe, 0x92, 0xfd, 0x94, 0xfd, 0x10, 0xfd,
  0x94, 0xfd, 0x98, 0xfe, 0x52, 0xfd, 0x90, 0xfc, 0x52, 0xfd, 0x94, 0xfd,
  0x52, 0xfd, 0x92, 0xfd, 0x94, 0xfd, 0x52, 0xfd, 0x94, 0xfd, 0x94, 0xfd,
  0xd4, 0xfd, 0x12, 0xfd, 0x16, 0xfe, 0x94, 0xfd, 0x10, 0xfd, 0x94, 0xfd,
  0xd4, 0xfd, 0xd4, 0xfd, 0x92, 0xfd, 0x56, 0xfe, 0x94, 0xfd, 0x12, 0xfd,
  0xd4, 0xfd, 0x56, 0xfe, 0x52, 0xfd, 0x98, 0xfe, 0xdc, 0xff, 0xd0, 0xfc,
  0x8c, 0xe3, 0x90, 0xfc, 0x52, 0xfd, 0x94, 0xfd, 0x52, 0xfd, 0x92, 0xfd,
  0xd4, 0xfd, 0x52, 0xfd, 0xd4, 0xfd, 0x98, 0xfe, 0x16, 0xfe, 0x14, 0xfe,
  0x16, 0xfe, 0x56, 0xfe, 0x94, 0xfd, 0x52, 0xfd, 0x10, 0xfd, 0x52, 0xfd,
  0xd4, 0xfd, 0x94, 0xfd, 0x10, 0xfd, 0x90, 0xfc, 0x12, 0xfd, 0x92, 0xfd,
  0xd4, 0xfd, 0x10, 0xfd, 0x8c, 0xb4, 0xcc, 0x83, 0x90, 0x63, 0x9a, 0xa5,
  0x1f, 0xd7, 0x9f, 0xe7, 0xdf, 0xc6, 0x9e, 0xc6, 0x9a, 0xa5, 0x5e, 0xb6,
  0x1c, 0xb6, 0xdc, 0xa5, 0x9e, 0xb6, 0xdf, 0xc6, 0xdf, 0xc6, 0xff, 0xf7,
  0x1f, 0xd7, 0x1f, 0xd7, 0xdf, 0xc6, 0x9e, 0xc6, 0x9e, 0xc6, 0x5e, 0xb6,
  0xdc, 0xa5, 0x1f, 0xc7, 0xdf, 0xe7, 0x5f, 0xd7, 0x1f, 0xc7, 0xdf, 0xc6,
  0xdf, 0xc6, 0xdf, 0xc6, 0x1f, 0xc7, 0x5f, 0xd7, 0xdf, 0xc6, 0x5f, 0xd7,
  0xdf, 0xc6, 0x1f, 0xc7, 0x5e, 0xb6, 0xdf, 0xc6, 0x1f, 0xd7, 0x5f, 0xd7,
  0x1c, 0xb6, 0x9f, 0xe7, 0x9f, 0xd7, 0x1f, 0xc7, 0x5f, 0xd7, 0xdf, 0xe7,
  0xdf, 0xc6, 0xdc, 0xa5, 0x9e, 0xc6, 0xdf, 0xc6, 0x9e, 0xb6, 0x1c, 0xb6,
  0x1c, 0xb6, 0x1f, 0xd7, 0x9f, 0xe7, 0x1f, 0xc7, 0x1c, 0xb6, 0x5e, 0xb6,
  0x5e, 0xb6, 0x5e, 0xb6, 0x1c, 0xb6, 0x1c, 0xb6, 0x1c, 0xb6, 0x1f, 0xc7,
  0x5f, 0xd7, 0xdf, 0xc6, 0xdf, 0xc6, 0x9f, 0xc6, 0x1c, 0xb6, 0x18, 0x95,
  0x5a, 0x95, 0xff, 0xf7, 0xdf, 0xe7, 0x0e, 0x94, 0x4e, 0xb5, 0x46, 0x62,
  0x88, 0xa2, 0x90, 0xfc, 0x90, 0xfc, 0x52, 0xfd, 0x52, 0xfd, 0x12, 0xfd,
  0x56, 0xfe, 0x56, 0xfe, 0x12, 0xfd, 0xd4, 0xfd, 0xd8, 0xfe, 0xd0, 0xfc,
  0x0e, 0xfc, 0x56, 0xfe, 0xd4, 0xfd, 0x12, 0xfd, 0x0e, 0xfc, 0x90, 0xfc,
  0xd4, 0xfd, 0x16, 0xfe, 0x52, 0xfd, 0x92, 0xfd, 0x92, 0xfd, 0x16, 0xfe,
  0xd4, 0xfd, 0x12, 0xfd, 0x92, 0xfd, 0x56, 0xfe, 0xd8, 0xfe, 0x94, 0xfd,
  0xd0, 0xfc, 0x56, 0xfe, 0x18, 0xff, 0xd4, 0xfd, 0x56, 0xfe, 0x16, 0xfe,
  0x56, 0xfe, 0x52, 0xfd, 0x14, 0xfe, 0x16, 0xfe, 0x94, 0xfd, 0x92, 0xfd,
  0x56, 0xfe, 0x56, 0xfe, 0xd4, 0xfd, 0x92, 0xfd, 0xd4, 0xfd, 0x94, 0xfd,
  0x92, 0xfd, 0x94, 0xfd, 0x56, 0xfe, 0x98, 0xfe, 0x92, 0xfd, 0x14, 0xfe,
  0x16, 0xfe, 0x92, 0xfd, 0x52, 0xfd, 0x94, 0xfd, 0xd4, 0xfd, 0x56, 0xfe,
  0x52, 0xfd, 0x16, 0xfe, 0xd4, 0xfd, 0x92, 0xfd, 0x16, 0xfe, 0x56, 0xfe,
  0x92, 0xfd, 0xd4, 0xfd, 0x92, 0xfd, 0x10, 0xe5, 0x90, 0xc5, 0x08, 0x94,
  0x4a, 0xf6, 0xf2, 0xff, 0xf0, 0xff, 0xf2, 0xff, 0xf8, 0xff, 0xf8, 0xff,
  0xf6, 0xff, 0xf2, 0xff, 0xf2, 0xff, 0xf0, 0xff, 0xf0, 0xff, 0xf0, 0xff,
  0xee, 0xff, 0xf0, 0xff, 0xf0, 0xff, 0xf0, 0xff, 0xee, 0xff, 0xee, 0xff,
  0xf0, 0xff, 0xf0, 0xff, 0xf2, 0xff, 0xf2, 0xff, 0xf0, 0xff, 0xf4, 0xff,
  0xf0, 0xff, 0xf2, 0xff, 0xf0, 0xff, 0xf2, 0xff, 0xf4, 0xff, 0xf2, 0xff,
  0xf0, 0xff, 0xee, 0xff, 0xf2, 0xff, 0xf2, 0xff, 0x0e, 0xf7, 0x94, 0xe6,
  0x8a, 0x93, 0x88, 0x92, 0x4c, 0xd3, 0x4e, 0xfc, 0x90, 0xfc, 0x52, 0xfd,
  0x92, 0xfd, 0x94, 0xfd, 0xd4, 0xfd, 0x52, 0xfd, 0x56, 0xfe, 0x16, 0xfe,
  0x52, 0xfd, 0x52, 0xfd, 0x52, 0xfd, 0x10, 0xfd, 0x52, 0xfd, 0x52, 0xfd,
  0x10, 0xfd, 0x4e, 0xfc, 0x92, 0xfd, 0xd4, 0xfd, 0x94, 0xfd, 0x92, 0xfd,
  0x92, 0xfd, 0x92, 0xfd, 0x94, 0xfd, 0x94, 0xfd, 0x12, 0xfd, 0xd0, 0xfc,
  0xd4, 0xfd, 0x12, 0xfd, 0x12, 0xfd, 0x92, 0xfd, 0xd4, 0xfd, 0x16, 0xfe,
  0x52, 0xfd, 0xd8, 0xfe, 0x16, 0xfe, 0x52, 0xfd, 0x56, 0xfe, 0x14, 0xfe,
  0xd4, 0xfd, 0xd4, 0xfd, 0x56, 0xfe, 0x10, 0xfd, 0xd0, 0xfc, 0x10, 0xfd,
  0x52, 0xfd, 0x52, 0xfd, 0x10, 0xfd, 0xd0, 0xfc, 0x16, 0xfe, 0x56, 0xfe,
  0x92, 0xfd, 0x92, 0xfd, 0x16, 0xfe, 0x52, 0xfd, 0xd4, 0xfd, 0x56, 0xfe,
  0x56, 0xfe, 0x92, 0xfd, 0x52, 0xfd, 0x56, 0xfe, 0xd4, 0xfd, 0x94, 0xfd,
  0x94, 0xfd, 0x52, 0xfd, 0x52, 0xfd, 0x94, 0xfd, 0x14, 0xfe, 0x50, 0xfd,
  0x12, 0xe6, 0x4c, 0x94, 0x4e, 0x63, 0x58, 0x95, 0xdf, 0xc6, 0x5e, 0xb6,
  0x5e, 0xb6, 0x9e, 0xb6, 0x1c, 0xb6, 0xdc, 0xa5, 0x5e, 0xb6, 0xdc, 0xa5,
  0x9a, 0xa5, 0x9f, 0xc6, 0xdf, 0xc6, 0x5f, 0xd7, 0x5e, 0xb6, 0x1c, 0xb6,
  0x1c, 0xb6, 0x9e, 0xb6, 0x1f, 0xc7, 0x9e, 0xc6, 0xdc, 0xa5, 0x5e, 0xb6,
  0x1f, 0xc7, 0xdf, 0xc6, 0xdf, 0xc6, 0x9f, 0xc6, 0x5f, 0xd7, 0x5f, 0xd7,
  0x9f, 0xe7, 0x5f, 0xd7, 0x9e, 0xb6, 0x5f, 0xd7, 0xdf, 0xc6, 0xdc, 0xa5,
  0x1c, 0xb6, 0xdf, 0xc6, 0x5f, 0xd7, 0x9f, 0xd7, 0x1f, 0xc7, 0x1f, 0xc7,
  0x9e, 0xc6, 0x9e, 0xc6, 0x5e, 0xb6, 0x1c, 0xb6, 0x1c, 0xb6, 0x1c, 0xb6,
  0x5e, 0xb6, 0x9e, 0xc6, 0xdf, 0xc6, 0x5f, 0xd7, 0x5e, 0xb6, 0x1f, 0xc7,
  0x1f, 0xd7, 0x1f, 0xc7, 0x9e, 0xc6, 0xdc, 0xa5, 0xdf, 0xc6, 0x5f, 0xd7,
  0x9e, 0xc6, 0xdc, 0xa5, 0x5e, 0xb6, 0x1f, 0xc7, 0x5f, 0xd7, 0xdf, 0xc6,
  0x1f, 0xd7, 0xdf, 0xc6, 0xdf, 0xc6, 0x1c, 0xb6, 0x9a, 0xa5, 0xff, 0xf7,
  0xff, 0xf7, 0x50, 0xb5, 0x90, 0xc5, 0x46, 0x52, 0xc6, 0x61, 0x88, 0xa2,
  0x0a, 0xd3, 0x4e, 0xfc, 0x52, 0xfd, 0x56, 0xfe, 0x94, 0xfd, 0xd4, 0xfd,
  0x12, 0xfd, 0x92, 0xfd, 0x5a, 0xff, 0x9a, 0xff, 0x52, 0xfd, 0x52, 0xfd,
  0x92, 0xfd, 0x56, 0xfe, 0x4e, 0xfc, 0x4c, 0xf3, 0x4a, 0xe3, 0x0e, 0xfc,
  0xd0, 0xfc, 0x12, 0xfd, 0xd4, 0xfd, 0xd4, 0xfd, 0x52, 0xfd, 0x92, 0xfd,
  0xd4, 0xfd, 0x94, 0xfd, 0x12, 0xfd, 0x94, 0xfd, 0x12, 0xfd, 0xd4, 0xfd,
  0x96, 0xfe, 0x94, 0xfd, 0x56, 0xfe, 0x56, 0xfe, 0xd8, 0xfe, 0x14, 0xfe,
  0x92, 0xfd, 0x52, 0xfd, 0x52, 0xfd, 0xd0, 0xfc, 0x9c, 0xff, 0x5a, 0xff,
  0xd4, 0xfd, 0x14, 0xfe, 0x56, 0xfe, 0x92, 0xfd, 0x14, 0xfe, 0x1a, 0xff,
  0xd8, 0xfe, 0xd8, 0xfe, 0x56, 0xfe, 0x96, 0xfe, 0x94, 0xfd, 0x94, 0xfd,
  0x52, 0xfd, 0x92, 0xfd, 0xd4, 0xfd, 0xd4, 0xfd, 0x92, 0xfd, 0x16, 0xfe,
  0x14, 0xfe, 0x52, 0xfd, 0x52, 0xfd, 0x52, 0xfd, 0x90, 0xfc, 0x12, 0xfd,
  0xd0, 0xfc, 0x12, 0xfe, 0xd4, 0xf6, 0xcc, 0xb4, 0x08, 0xe6, 0xee, 0xff,
  0xf0, 0xff, 0xf2, 0xff, 0xf4, 0xff, 0xfa, 0xff, 0xf8, 0xff, 0xf2, 0xff,
  0xf4, 0xff, 0xf4, 0xff, 0xf0, 0xff, 0xee, 0xff, 0xf0, 0xff, 0xf2, 0xff,
  0xf6, 0xff, 0xf6, 0xff, 0xf6, 0xff, 0xf4, 0xff, 0xf2, 0xff, 0xf0, 0xff,
  0xf4, 0xff, 0xf0, 0xff, 0xf2, 0xff, 0xf0, 0xff, 0xf2, 0xff, 0xf4, 0xff,
  0xf0, 0xff, 0xee, 0xff, 0xf0, 0xff, 0xf0, 0xff, 0xee, 0xff, 0xf0, 0xff,
  0xf2, 0xff, 0xf0, 0xff, 0xce, 0xf6, 0x0e, 0xb5, 0x08, 0x73, 0xca, 0xb2,
  0xcc, 0xf3, 0x0e, 0xfc, 0x0e, 0xf4, 0x14, 0xfe, 0x52, 0xfd, 0x10, 0xfd,
  0x52, 0xfd, 0x52, 0xfd, 0x94, 0xfd, 0x14, 0xfe, 0x52, 0xfd, 0x92, 0xfd,
  0x16, 0xfe, 0x94, 0xfd, 0x90, 0xfc, 0x90, 0xfc, 0x52, 0xfd, 0x94, 0xfd,
  0x92, 0xfd, 0x92, 0xfd, 0x92, 0xfd, 0x52, 0xfd, 0x94, 0xfd, 0xd4, 0xfd,
  0x12, 0xfd, 0x12, 0xfd, 0x10, 0xfd, 0x90, 0xfc, 0xd0, 0xfc, 0x90, 0xfc,
  0x12, 0xfd, 0xd4, 0xfd, 0xd8, 0xfe, 0x1a, 0xff, 0x52, 0xfd, 0x92, 0xfd,
  0x94, 0xfd, 0x52, 0xfd, 0x52, 0xfd, 0x94, 0xfd, 0xd4, 0xfd, 0x92, 0xfd,
  0xd4, 0xfd, 0x52, 0xfd, 0x90, 0xfc, 0x0e, 0xfc, 0xd0, 0xfc, 0xd4, 0xfd,
  0x94, 0xfd, 0x52, 0xfd, 0x94, 0xfd, 0x98, 0xfe, 0x56, 0xfe, 0x14, 0xfe,
  0x56, 0xfe, 0x94, 0xfd, 0x94, 0xfd, 0xd4, 0xfd, 0xd4, 0xfd, 0x12, 0xfd,
  0x52, 0xfd, 0x56, 0xfe, 0xd4, 0xfd, 0x92, 0xfd, 0x56, 0xfe, 0x56, 0xfe,
  0x14, 0xfe, 0x94, 0xfd, 0xd4, 0xfd, 0x52, 0xfd, 0x16, 0xff, 0x94, 0xe6,
  0x90, 0x73, 0x9a, 0xa5, 0xdf, 0xc6, 0x5e, 0xb6, 0x5f, 0xd7, 0xdf, 0xc6,
  0x5e, 0xb6, 0x1c, 0xb6, 0x5e, 0xb6, 0x5e, 0xb6, 0x9e, 0xb6, 0x5e, 0xb6,
  0x9f, 0xc6, 0x9e, 0xb6, 0xdf, 0xc6, 0xdf, 0xe7, 0x1f, 0xd7, 0xdf, 0xc6,
  0x9e, 0xc6, 0xdf, 0xc6, 0x9e, 0xb6, 0x9f, 0xc6, 0x9f, 0xe7, 0xff, 0xe7,
  0x5e, 0xb6, 0x5e, 0xb6, 0xdf, 0xc6, 0x9e, 0xb6, 0xdf, 0xc6, 0xdf, 0xc6,
  0x5e, 0xb6, 0xdf, 0xc6, 0x1f, 0xc7, 0xdf, 0xc6, 0x1f, 0xc7, 0x1f, 0xc7,
  0x1f, 0xd7, 0x9f, 0xd7, 0x9e, 0xb6, 0xda, 0xa5, 0x9e, 0xb6, 0x5e, 0xb6,
  0xdc, 0xa5, 0x1c, 0xb6, 0x9e, 0xc6, 0x9f, 0xc6, 0x1c, 0xb6, 0x18, 0x95,
  0x58, 0x95, 0x9f, 0xe7, 0xdf, 0xe7, 0x9e, 0xc6, 0x1f, 0xc7, 0x1f, 0xc7,
  0x1c, 0xb6, 0x9a, 0xa5, 0x5e, 0xb6, 0xff, 0xf7, 0xff, 0xe7, 0x5e, 0xb6,
  0x9e, 0xc6, 0xdf, 0xc6, 0xdf, 0xc6, 0x1f, 0xc7, 0x1f, 0xd7, 0xdf, 0xc6,
  0x5e, 0xb6, 0x1f, 0xc7, 0x9e, 0xb6, 0x9f, 0xe7, 0xff, 0xf7, 0x54, 0xd6,
  0x50, 0xb5, 0x46, 0x62, 0xc6, 0x61, 0x8c, 0xc3, 0x12, 0xfd, 0x0e, 0xfc,
  0xd0, 0xfc, 0xd4, 0xfd, 0x92, 0xfd, 0x14, 0xfe, 0x12, 0xfd, 0x12, 0xfd,
  0x1a, 0xff, 0xfc, 0xff, 0x9a, 0xff, 0x56, 0xfe, 0xd4, 0xfd, 0xfc, 0xff,
  0x96, 0xfe, 0x52, 0xfd, 0xcc, 0xe3, 0x4c, 0xf3, 0x4e, 0xfc, 0x10, 0xfd,
  0x52, 0xfd, 0x52, 0xfd, 0xd4, 0xfd, 0x94, 0xfd, 0x52, 0xfd, 0x92, 0xfd,
  0x52, 0xfd, 0x92, 0xfd, 0xd4, 0xfd, 0x14, 0xfe, 0x94, 0xfd, 0xd4, 0xfd,
  0x56, 0xfe, 0x56, 0xfe, 0x56, 0xfe, 0x9a, 0xff, 0xd8, 0xfe, 0x14, 0xfe,
  0x14, 0xfe, 0xd4, 0xfd, 0x16, 0xfe, 0x14, 0xfe, 0x12, 0xfd, 0xd4, 0xfd,
  0x16, 0xfe, 0x96, 0xfe, 0x18, 0xff, 0xfe, 0xff, 0xd8, 0xfe, 0xd8, 0xfe,
  0x16, 0xfe, 0x16, 0xfe, 0xd4, 0xfd, 0x92, 0xfd, 0x94, 0xfd, 0x94, 0xfd,
  0xd4, 0xfd, 0x56, 0xfe, 0x96, 0xfe, 0x52, 0xfd, 0x52, 0xfd, 0x10, 0xfd,
  0xd0, 0xfc, 0x12, 0xfd, 0x10, 0xfd, 0xd4, 0xfd, 0x92, 0xfd, 0x8e, 0xe4,
  0x8c, 0xa4, 0xcc, 0xa4, 0x0a, 0xe6, 0xf0, 0xff, 0xf2, 0xff, 0xf4, 0xff,
  0xf4, 0xff, 0xf4, 0xff, 0xf2, 0xff, 0xf0, 0xff, 0xee, 0xff, 0xf2, 0xff,
  0xfa, 0xff, 0xf2, 0xff, 0xf2, 0xff, 0xf4, 0xff, 0xf2, 0xff, 0xf6, 0xff,
  0xfa, 0xff, 0xf6, 0xff, 0xf4, 0xff, 0xf6, 0xff, 0xf0, 0xff, 0xf0, 0xff,
  0xf0, 0xff, 0xf0, 0xff, 0xf2, 0xff, 0xf2, 0xff, 0xf0, 0xff, 0xf2, 0xff,
  0xee, 0xff, 0xee, 0xff, 0xee, 0xff, 0xec, 0xff, 0xec, 0xff, 0xf0, 0xff,
  0x50, 0xff, 0xd4, 0xf6, 0x8a, 0x93, 0x4c, 0xc3, 0x0e, 0xfc, 0xd0, 0xfc,
  0xd0, 0xfc, 0xd0, 0xfc, 0xd0, 0xfc, 0x10, 0xfd, 0x92, 0xfd, 0x92, 0xfd,
  0x94, 0xfd, 0x16, 0xfe, 0x52, 0xfd, 0x52, 0xfd, 0x10, 0xfd, 0xd0, 0xfc,
  0x12, 0xfd, 0x90, 0xfc, 0x10, 0xfd, 0x12, 0xfd, 0xd4, 0xfd, 0xd4, 0xfd,
  0x52, 0xfd, 0x12, 0xfd, 0x94, 0xfd, 0x98, 0xfe, 0xd4, 0xfd, 0xd0, 0xfc,
  0x4e, 0xfc, 0xd0, 0xfc, 0x90, 0xfc, 0x4e, 0xfc, 0x12, 0xfd, 0x92, 0xfd,
  0x96, 0xfe, 0xd8, 0xfe, 0x94, 0xfd, 0x12, 0xfd, 0x12, 0xfd, 0x12, 0xfd,
  0x90, 0xfc, 0x12, 0xfd, 0x52, 0xfd, 0x10, 0xfd, 0x52, 0xfd, 0x92, 0xfd,
  0x10, 0xfd, 0x4e, 0xfc, 0x14, 0xfe, 0x98, 0xfe, 0xd4, 0xfd, 0xd4, 0xfd,
  0x52, 0xfd, 0xd4, 0xfd, 0xd4, 0xfd, 0x94, 0xfd, 0x12, 0xfd, 0x16, 0xfe,
  0x16, 0xfe, 0xd4, 0xfd, 0x16, 0xfe, 0x12, 0xfd, 0x4e, 0xfc, 0x92, 0xfd,
  0x12, 0xfd, 0xd4, 0xfd, 0x16, 0xfe, 0x56, 0xfe, 0x16, 0xfe, 0x52, 0xfd,
  0xd4, 0xfd, 0x92, 0xfd, 0x4c, 0xa4, 0x10, 0xb5, 0x8e, 0x63, 0x18, 0x95,
  0x5e, 0xb6, 0xdf, 0xc6, 0x9f, 0xe7, 0x5f, 0xd7, 0x9f, 0xc6, 0x9e, 0xc6,
  0x9f, 0xc6, 0x9e, 0xb6, 0x9f, 0xe7, 0x9f, 0xd7, 0x1f, 0xc7, 0x5f, 0xd7,
  0x1f, 0xd7, 0xdf, 0xc6, 0x9e, 0xc6, 0xdf, 0xc6, 0x5e, 0xb6, 0x1f, 0xd7,
  0x1f, 0xd7, 0x9e, 0xc6, 0x5f, 0xd7, 0x9f, 0xd7, 0x5e, 0xb6, 0x9e, 0xc6,
  0x5e, 0xb6, 0x1c, 0xb6, 0x1c, 0xb6, 0x9f, 0xd7, 0x1f, 0xd7, 0x5e, 0xb6,
  0x1f, 0xd7, 0x1f, 0xd7, 0x1f, 0xd7, 0x9f, 0xe7, 0xdf, 0xc6, 0x9e, 0xc6,
  0x58, 0x95, 0x18, 0x95, 0x9e, 0xc6, 0xdc, 0xa5, 0x1c, 0xb6, 0xdf, 0xc6,
  0x1f, 0xd7, 0xdf, 0xc6, 0xdf, 0xc6, 0x1c, 0xb6, 0x9a, 0xa5, 0x5f, 0xd7,
  0xff, 0xe7, 0x1f, 0xd7, 0x9f, 0xd7, 0x9f, 0xd7, 0x5f, 0xd7, 0x5f, 0xd7,
  0x9f, 0xc6, 0x5f, 0xd7, 0x9f, 0xe7, 0x9e, 0xc6, 0x9e, 0xc6, 0x9e, 0xc6,
  0xff, 0xf7, 0xff, 0xf7, 0xdf, 0xc6, 0x9e, 0xc6, 0x5e, 0xb6, 0x9e, 0xc6,
  0x1c, 0xb6, 0xdf, 0xe7, 0x9f, 0xe7, 0xd0, 0xa4, 0x8a, 0x83, 0x88, 0x82,
  0x48, 0x92, 0x94, 0xfd, 0xd8, 0xfe, 0x0e, 0xfc, 0xcc, 0xfb, 0x90, 0xfc,
  0x92, 0xfd, 0xd4, 0xfd, 0xd4, 0xfd, 0x92, 0xfd, 0x14, 0xfe, 0x14, 0xfe,
  0xd4, 0xfd, 0xd4, 0xfd, 0x94, 0xfd, 0x14, 0xfe, 0x14, 0xfe, 0xda, 0xff,
  0x56, 0xfe, 0x4a, 0xd3, 0x8c, 0xf3, 0xd0, 0xfc, 0x52, 0xfd, 0x94, 0xfd,
  0x52, 0xfd, 0xd4, 0xfd, 0x92, 0xfd, 0x92, 0xfd, 0x14, 0xfe, 0x94, 0xfd,
  0x52, 0xfd, 0x94, 0xfd, 0x16, 0xfe, 0xd4, 0xfd, 0x52, 0xfd, 0x96, 0xfe,
  0x1a, 0xff, 0x5a, 0xff, 0x1a, 0xff, 0xd4, 0xfd, 0x96, 0xfe, 0x56, 0xfe,
  0x52, 0xfd, 0x52, 0xfd, 0x52, 0xfd, 0x52, 0xfd, 0x92, 0xfd, 0x16, 0xfe,
  0x14, 0xfe, 0xd4, 0xfd, 0x12, 0xfd, 0x52, 0xfd, 0xd4, 0xfd, 0x94, 0xfd,
  0x98, 0xfe, 0x94, 0xfd, 0xd4, 0xfd, 0x16, 0xfe, 0x14, 0xfe, 0x14, 0xfe,
  0x56, 0xfe, 0x52, 0xfd, 0x92, 0xfd, 0xd4, 0xfd, 0xd4, 0xfd, 0x52, 0xfd,
  0xd0, 0xfc, 0x14, 0xfe, 0x96, 0xfe, 0xce, 0xf4, 0x50, 0xb5, 0xcc, 0xa4,
  0x8a, 0xf6, 0xf0, 0xff, 0xf0, 0xff, 0xf4, 0xff, 0xf4, 0xff, 0xf2, 0xff,
  0xf0, 0xff, 0xf2, 0xff, 0xf0, 0xff, 0xf2, 0xff, 0xf8, 0xff, 0xf2, 0xff,
  0xf0, 0xff, 0xf2, 0xff, 0xf0, 0xff, 0xf0, 0xff, 0xf2, 0xff, 0xf6, 0xff,
  0xf2, 0xff, 0xf2, 0xff, 0xf2, 0xff, 0xf0, 0xff, 0xee, 0xff, 0xf0, 0xff,
  0xf2, 0xff, 0xf0, 0xff, 0xf2, 0xff, 0xf2, 0xff, 0xf0, 0xff, 0xf2, 0xff,
  0xf2, 0xff, 0xf0, 0xff, 0xee, 0xff, 0xf0, 0xff, 0xce, 0xf6, 0xd0, 0xc5,
  0x4a, 0x83, 0x88, 0xa2, 0x4c, 0xd3, 0xd4, 0xfd, 0x92, 0xfd, 0x10, 0xfd,
  0x12, 0xfd, 0x94, 0xfd, 0x92, 0xfd, 0x52, 0xfd, 0x10, 0xfd, 0x52, 0xfd,
  0xd4, 0xfd, 0x92, 0xfd, 0x52, 0xfd, 0x52, 0xfd, 0x14, 0xfe, 0x90, 0xfc,
  0x8e, 0xfc, 0xd0, 0xfc, 0x16, 0xfe, 0xd4, 0xfd, 0x52, 0xfd, 0x52, 0xfd,
  0xd4, 0xfd, 0x16, 0xfe, 0xd8, 0xfe, 0x94, 0xfd, 0x56, 0xfe, 0x56, 0xfe,
  0xd4, 0xfd, 0x10, 0xfd, 0x92, 0xfd, 0x56, 0xfe, 0xd8, 0xfe, 0x98, 0xfe,
  0x98, 0xfe, 0xd4, 0xfd, 0xd4, 0xfd, 0x92, 0xfd, 0x52, 0xfd, 0x94, 0xfd,
  0x52, 0xfd, 0x12, 0xfd, 0x52, 0xfd, 0x52, 0xfd, 0x52, 0xfd, 0x94, 0xfd,
  0x56, 0xfe, 0xd4, 0xfd, 0x12, 0xfd, 0x52, 0xfd, 0x52, 0xfd, 0x94, 0xfd,
  0x12, 0xfd, 0x52, 0xfd, 0x90, 0xfc, 0xd8, 0xfe, 0x1a, 0xff, 0x96, 0xfe,
  0x98, 0xfe, 0x16, 0xfe, 0x92, 0xfd, 0x16, 0xfe, 0xd4, 0xfd, 0x98, 0xfe,
  0x9c, 0xff, 0x98, 0xfe, 0x94, 0xfd, 0xd0, 0xfc, 0x92, 0xfd, 0xd4, 0xfd,
  0xce, 0xb4, 0x0c, 0x84, 0x0e, 0x63, 0xd6, 0x94, 0x5e, 0xb6, 0x9e, 0xc6,
  0x9e, 0xc6, 0x1f, 0xd7, 0xdf, 0xc6, 0x9e, 0xb6, 0x9f, 0xc6, 0x1f, 0xd7,
  0x5f, 0xd7, 0x5f, 0xd7, 0xdf, 0xc6, 0xdf, 0xe7, 0x5f, 0xd7, 0x5e, 0xb6,
  0x9e, 0xc6, 0x9e, 0xc6, 0x1c, 0xb6, 0x1c, 0xb6, 0x5f, 0xd7, 0xff, 0xf7,
  0x5f, 0xd7, 0x5e, 0xb6, 0xdf, 0xc6, 0x1f, 0xc7, 0xdf, 0xc6, 0xdf, 0xc6,
  0x1e, 0xb6, 0xff, 0xf7, 0xff, 0xff, 0x9f, 0xc6, 0x9e, 0xc6, 0xdf, 0xc6,
  0xdf, 0xc6, 0x5f, 0xd7, 0x1f, 0xc7, 0x9e, 0xc6, 0x1c, 0xb6, 0x5e, 0xb6,
  0x9f, 0xc6, 0x9e, 0xc6, 0xdf, 0xc6, 0x5f, 0xd7, 0x5f, 0xd7, 0xdf, 0xc6,
  0x5e, 0xb6, 0x1f, 0xc7, 0x9e, 0xc6, 0xdf, 0xc6, 0xff, 0xf7, 0xdf, 0xe7,
  0x9f, 0xe7, 0xdf, 0xe7, 0xdf, 0xc6, 0x1f, 0xd7, 0x1f, 0xd7, 0x5e, 0xb6,
  0x1c, 0xb6, 0x5e, 0xb6, 0xdf, 0xc6, 0x5f, 0xd7, 0x9f, 0xd7, 0x9f, 0xd7,
  0x9e, 0xb6, 0x9e, 0xb6, 0x1f, 0xd7, 0x9f, 0xc6, 0x1c, 0xb6, 0x5f, 0xd7,
  0x9e, 0xc6, 0xd0, 0xa4, 0x0a, 0x94, 0x0c, 0xd4, 0x90, 0xfc, 0x5a, 0xff,
  0x18, 0xff, 0xcc, 0xf3, 0xca, 0xb2, 0x8c, 0xf3, 0x90, 0xfc, 0x12, 0xfd,
  0xd4, 0xfd, 0xd4, 0xfd, 0x92, 0xfd, 0x92, 0xfd, 0xd4, 0xfd, 0x16, 0xfe,
  0x14, 0xfe, 0xd8, 0xfe, 0x14, 0xfe, 0x56, 0xfe, 0x14, 0xfe, 0x4e, 0xfc,
  0x0a, 0xd3, 0x0a, 0xe3, 0x8c, 0xfb, 0x52, 0xfd, 0x16, 0xfe, 0x92, 0xfd,
  0x90, 0xfc, 0x12, 0xfd, 0xd4, 0xfd, 0x52, 0xfd, 0x10, 0xfd, 0xd0, 0xfc,
  0x12, 0xfd, 0x94, 0xfd, 0x92, 0xfd, 0x1a, 0xff, 0x5a, 0xff, 0x5a, 0xff,
  0x98, 0xfe, 0x14, 0xfe, 0xd4, 0xfd, 0x94, 0xfd, 0xd4, 0xfd, 0x92, 0xfd,
  0x12, 0xfd, 0x52, 0xfd, 0x94, 0xfd, 0xd4, 0xfd, 0x52, 0xfd, 0x52, 0xfd,
  0xd0, 0xfc, 0xd0, 0xfc, 0x94, 0xfd, 0xd4, 0xfd, 0x14, 0xfe, 0x16, 0xfe,
  0x52, 0xfd, 0x14, 0xfe, 0xd4, 0xfd, 0x14, 0xfe, 0xd4, 0xfd, 0x16, 0xfe,
  0x56, 0xfe, 0x56, 0xfe, 0x14, 0xfe, 0x94, 0xfd, 0x52, 0xfd, 0x14, 0xfe,
  0x96, 0xfe, 0xce, 0xf4, 0x0e, 0xb5, 0xcc, 0xa4, 0x0a, 0xe6, 0xf2, 0xff,
  0xf2, 0xff, 0xf2, 0xff, 0xf0, 0xff, 0xee, 0xff, 0xee, 0xff, 0xf4, 0xff,
  0xf2, 0xff, 0xf4, 0xff, 0xf2, 0xff, 0xf0, 0xff, 0xf0, 0xff, 0xf2, 0xff,
  0xf6, 0xff, 0xf2, 0xff, 0xf2, 0xff, 0xf0, 0xff, 0xf0, 0xff, 0xf0, 0xff,
  0xf2, 0xff, 0xf0, 0xff, 0xf0, 0xff, 0xf2, 0xff, 0xf6, 0xff, 0xf2, 0xff,
  0xf0, 0xff, 0xf2, 0xff, 0xf0, 0xff, 0xf4, 0xff, 0xf8, 0xff, 0xf4, 0xff,
  0xee, 0xff, 0xee, 0xff, 0x8c, 0xe6, 0x12, 0xd6, 0xd0, 0xb4, 0x48, 0x92,
  0x8c, 0xe3, 0xd4, 0xfd, 0xd8, 0xfe, 0xd4, 0xfd, 0x94, 0xfd, 0x12, 0xfd,
  0x12, 0xfd, 0x12, 0xfd, 0x52, 0xfd, 0x52, 0xfd, 0xd4, 0xfd, 0x12, 0xfd,
  0x90, 0xfc, 0x90, 0xfc, 0x16, 0xfe, 0x94, 0xfd, 0x10, 0xfd, 0x10, 0xfd,
  0x14, 0xfe, 0xd4, 0xfd, 0x12, 0xfd, 0x92, 0xfd, 0x18, 0xff, 0x98, 0xfe,
  0x18, 0xff, 0x16, 0xfe, 0x52, 0xfd, 0x92, 0xfd, 0x52, 0xfd, 0xd4, 0xfd,
  0x96, 0xfe, 0x1a, 0xff, 0xd8, 0xfe, 0x98, 0xfe, 0x98, 0xfe, 0xd4, 0xfd,
  0x52, 0xfd, 0x52, 0xfd, 0x52, 0xfd, 0xd4, 0xfd, 0x94, 0xfd, 0x14, 0xfe,
  0x12, 0xfd, 0x90, 0xfc, 0x10, 0xfd, 0xd4, 0xfd, 0x52, 0xfd, 0x10, 0xfd,
  0xd0, 0xfc, 0xd4, 0xfd, 0x98, 0xfe, 0x56, 0xfe, 0xd4, 0xfd, 0x52, 0xfd,
  0x12, 0xfd, 0x94, 0xfd, 0xd4, 0xfd, 0x12, 0xfd, 0x94, 0xfd, 0x14, 0xfe,
  0x92, 0xfd, 0x56, 0xfe, 0x56, 0xfe, 0x16, 0xfe, 0x9c, 0xff, 0x5a, 0xff,
  0x16, 0xfe, 0x52, 0xfd, 0xd0, 0xfc, 0xd0, 0xfc, 0x50, 0xc5, 0xd2, 0xc5,
  0x4e, 0x63, 0x54, 0x84, 0xda, 0xa5, 0x5a, 0x95, 0x5c, 0xb6, 0x1f, 0xd7,
  0xdf, 0xc6, 0x5e, 0xb6, 0x5e, 0xb6, 0x9f, 0xd7, 0x5f, 0xd7, 0xdf, 0xc6,
  0xdf, 0xc6, 0x9e, 0xc6, 0x9e, 0xb6, 0xdc, 0xa5, 0x5e, 0xb6, 0xdc, 0xa5,
  0x9a, 0xa5, 0x9a, 0xa5, 0x9f, 0xd7, 0xdf, 0xe7, 0x9e, 0xb6, 0x1c, 0xb6,
  0x1c, 0xb6, 0x9e, 0xc6, 0x9f, 0xc6, 0x5e, 0xb6, 0x5e, 0xb6, 0x5f, 0xd7,
  0xdf, 0xe7, 0x5e, 0xb6, 0x9a, 0xa5, 0xda, 0xa5, 0x5e, 0xb6, 0x9f, 0xc6,
  0x9e, 0xc6, 0x1f, 0xd7, 0xdf, 0xc6, 0xdf, 0xc6, 0x1f, 0xc7, 0xdf, 0xc6,
  0xdf, 0xc6, 0xdf, 0xc6, 0x5f, 0xd7, 0xdf, 0xc6, 0x5c, 0xb6, 0x9e, 0xc6,
  0xdc, 0xa5, 0xdf, 0xc6, 0xdf, 0xe7, 0xdf, 0xe7, 0x5f, 0xd7, 0xdf, 0xc6,
  0x5e, 0xb6, 0x1f, 0xd7, 0x9e, 0xb6, 0x5e, 0xb6, 0xdf, 0xc6, 0x1c, 0xb6,
  0x5e, 0xb6, 0x1f, 0xc7, 0x5e, 0xb6, 0x5e, 0xb6, 0x1f, 0xc7, 0xdf, 0xc6,
  0x1f, 0xc7, 0xdf, 0xc6, 0x1f, 0xd7, 0x1f, 0xd7, 0x9e, 0xc6, 0xd0, 0xa4,
  0x4c, 0xa4, 0x4a, 0xb3, 0x12, 0xfd, 0xd8, 0xfe, 0xfc, 0xff, 0x18, 0xff,
  0x56, 0xfe, 0x56, 0xfe, 0x94, 0xfd, 0x10, 0xfd, 0x94, 0xfd, 0x56, 0xfe,
  0x52, 0xfd, 0x90, 0xfc, 0xd4, 0xfd, 0x16, 0xfe, 0x14, 0xfe, 0xff, 0xff,
  0xd8, 0xfe, 0x4e, 0xf4, 0x94, 0xfd, 0x96, 0xfe, 0xd4, 0xfd, 0x4e, 0xe4,
  0x88, 0xb2, 0x0e, 0xfc, 0x98, 0xfe, 0x9a, 0xff, 0x98, 0xfe, 0xd4, 0xfd,
  0x12, 0xfd, 0xd4, 0xfd, 0x56, 0xfe, 0x94, 0xfd, 0x90, 0xfc, 0x0e, 0xfc,
  0x52, 0xfd, 0xd4, 0xfd, 0x1a, 0xff, 0x98, 0xfe, 0xd0, 0xfc, 0xd0, 0xfc,
  0x12, 0xfd, 0x16, 0xfe, 0x9c, 0xff, 0xd8, 0xfe, 0x14, 0xfe, 0xd4, 0xfd,
  0x14, 0xfe, 0x94, 0xfd, 0x90, 0xfc, 0x12, 0xfd, 0x14, 0xfe, 0x14, 0xfe,
  0x16, 0xfe, 0x14, 0xfe, 0x56, 0xfe, 0x98, 0xfe, 0x92, 0xfd, 0x52, 0xfd,
  0x52, 0xfd, 0x56, 0xfe, 0x92, 0xfd, 0xd4, 0xfd, 0x56, 0xfe, 0xd4, 0xfd,
  0xd4, 0xfd, 0x16, 0xfe, 0x92, 0xfd, 0x56, 0xfe, 0xd8, 0xfe, 0x10, 0xf5,
  0x0e, 0xb5, 0x4e, 0xc5, 0xc8, 0xd5, 0xf2, 0xff, 0xf2, 0xff, 0xf2, 0xff,
  0xf6, 0xff, 0xf4, 0xff, 0xee, 0xff, 0xf0, 0xff, 0xf2, 0xff, 0xf4, 0xff,
  0xf2, 0xff, 0xf4, 0xff, 0xf2, 0xff, 0xf4, 0xff, 0xf8, 0xff, 0xf0, 0xff,
  0xf0, 0xff, 0xee, 0xff, 0xf2, 0xff, 0xf0, 0xff, 0xf0, 0xff, 0xf2, 0xff,
  0xf4, 0xff, 0xf4, 0xff, 0xf8, 0xff, 0xf0, 0xff, 0xec, 0xff, 0xec, 0xff,
  0xee, 0xff, 0xf0, 0xff, 0xf2, 0xff, 0xf0, 0xff, 0xec, 0xff, 0xee, 0xff,
  0x50, 0xff, 0xce, 0xa4, 0x0c, 0x94, 0x48, 0x92, 0xcc, 0xf3, 0x94, 0xfd,
  0x14, 0xfe, 0x52, 0xfd, 0x52, 0xfd, 0x10, 0xfd, 0x52, 0xfd, 0x92, 0xfd,
  0x92, 0xfd, 0x94, 0xfd, 0xd4, 0xfd, 0x92, 0xfd, 0x92, 0xfd, 0x56, 0xfe,
  0xd4, 0xfd, 0xd0, 0xfc, 0xd0, 0xfc, 0x92, 0xfd, 0xd4, 0xfd, 0x98, 0xfe,
  0xd4, 0xfd, 0x98, 0xfe, 0xd8, 0xfe, 0x5a, 0xff, 0x16, 0xfe, 0x52, 0xfd,
  0xd0, 0xfc, 0x52, 0xfd, 0x52, 0xfd, 0x14, 0xfe, 0x9c, 0xff, 0x96, 0xfe,
  0x52, 0xfd, 0x16, 0xfe, 0xd4, 0xfd, 0xd4, 0xfd, 0xd4, 0xfd, 0xd4, 0xfd,
  0x52, 0xfd, 0x52, 0xfd, 0x16, 0xfe, 0x16, 0xfe, 0x52, 0xfd, 0x10, 0xfd,
  0x52, 0xfd, 0xd4, 0xfd, 0xd4, 0xfd, 0x12, 0xfd, 0x10, 0xfd, 0x94, 0xfd,
  0x96, 0xfe, 0xd4, 0xfd, 0x94, 0xfd, 0x56, 0xfe, 0xd8, 0xfe, 0xd4, 0xfd,
  0x94, 0xfd, 0x4e, 0xfc, 0x52, 0xfd, 0x94, 0xfd, 0x14, 0xfe, 0xd8, 0xfe,
  0x18, 0xff, 0x14, 0xfe, 0x56, 0xfe, 0x56, 0xfe, 0x94, 0xfd, 0x94, 0xfd,
  0x56, 0xfe, 0x92, 0xfd, 0xd2, 0xd5, 0x8e, 0xa4, 0x4e, 0x63, 0x54, 0x74,
  0x5c, 0xb6, 0x9e, 0xc6, 0x1c, 0xb6, 0x5e, 0xb6, 0x1f, 0xc7, 0xdf, 0xc6,
  0x1f, 0xd7, 0x9f, 0xd7, 0xdc, 0xa5, 0x9a, 0xa5, 0x9f, 0xc6, 0xdc, 0xa5,
  0xdf, 0xc6, 0x9e, 0xc6, 0x9e, 0xb6, 0x5e, 0xb6, 0x9e, 0xc6, 0x9e, 0xc6,
  0x1c, 0xb6, 0x9e, 0xb6, 0x5e, 0xb6, 0xdf, 0xc6, 0x5e, 0xb6, 0x1c, 0xa6,
  0xdc, 0xa5, 0xdc, 0xa5, 0xdc, 0xa5, 0x1f, 0xc7, 0x5f, 0xd7, 0xdf, 0xc6,
  0x5a, 0x95, 0x9e, 0xb6, 0x9f, 0xc6, 0x9f, 0xc6, 0x5e, 0xb6, 0xdf, 0xe7,
  0x1f, 0xd7, 0x5e, 0xb6, 0x5f, 0xd7, 0x9e, 0xc6, 0x9a, 0xa5, 0x9e, 0xb6,
  0xdf, 0xc6, 0xdf, 0xc6, 0x1f, 0xc7, 0x9e, 0xb6, 0x5e, 0xb6, 0x1f, 0xd7,
  0x1f, 0xc7, 0x1f, 0xd7, 0xdf, 0xc6, 0xdf, 0xc6, 0x9e, 0xc6, 0x9f, 0xc6,
  0xdc, 0xa5, 0x5a, 0x95, 0x1c, 0xb6, 0xdc, 0xa5, 0xdc, 0xa5, 0xdc, 0xa5,
  0x9e, 0xc6, 0x9f, 0xe7, 0x9e, 0xc6, 0xdf, 0xc6, 0x1f, 0xd7, 0x5e, 0xb6,
  0x1f, 0xc7, 0x9f, 0xe7, 0xda, 0xb5, 0x4e, 0x94, 0x8a, 0x83, 0x88, 0x82,
  0x4a, 0xc3, 0x12, 0xfd, 0xd8, 0xfe, 0xda, 0xff, 0xfc, 0xff, 0x18, 0xff,
  0x56, 0xfe, 0x94, 0xfd, 0xd4, 0xfd, 0x5a, 0xff, 0xd4, 0xfd, 0xd0, 0xfc,
  0x12, 0xfd, 0x10, 0xfd, 0xd4, 0xfd, 0xff, 0xff, 0x9a, 0xff, 0x90, 0xfc,
  0x4e, 0xfc, 0x14, 0xfe, 0xdc, 0xff, 0xd8, 0xfe, 0x50, 0xf4, 0x4a, 0xf3,
  0x4e, 0xfc, 0x52, 0xfd, 0x5a, 0xff, 0xdc, 0xff, 0x92, 0xfd, 0x12, 0xfd,
  0xd8, 0xfe, 0x5a, 0xff, 0x18, 0xff, 0x14, 0xfe, 0x52, 0xfd, 0xd4, 0xfd,
  0xd8, 0xfe, 0x56, 0xfe, 0x10, 0xfd, 0x12, 0xfd, 0x56, 0xfe, 0x98, 0xfe,
  0x9c, 0xff, 0x5a, 0xff, 0xd4, 0xfd, 0xd4, 0xfd, 0x14, 0xfe, 0x56, 0xfe,
  0x16, 0xfe, 0x94, 0xfd, 0x52, 0xfd, 0x52, 0xfd, 0x16, 0xfe, 0xd4, 0xfd,
  0x16, 0xfe, 0x1a, 0xff, 0xd4, 0xfd, 0x52, 0xfd, 0x12, 0xfd, 0x94, 0xfd,
  0xd4, 0xfd, 0x98, 0xfe, 0xd8, 0xfe, 0x56, 0xfe, 0x56, 0xfe, 0x56, 0xfe,
  0x10, 0xfd, 0x16, 0xfe, 0xdc, 0xff, 0x92, 0xfd, 0x90, 0xc5, 0x8a, 0xa4,
  0x88, 0xd5, 0xee, 0xff, 0xf0, 0xff, 0xf0, 0xff, 0xf4, 0xff, 0xf4, 0xff,
  0xf0, 0xff, 0xf0, 0xff, 0xf0, 0xff, 0xf6, 0xff, 0xf4, 0xff, 0xee, 0xff,
  0xf0, 0xff, 0xf2, 0xff, 0xf4, 0xff, 0xf6, 0xff, 0xf6, 0xff, 0xf2, 0xff,
  0xf2, 0xff, 0xf2, 0xff, 0xf2, 0xff, 0xf4, 0xff, 0xf6, 0xff, 0xf2, 0xff,
  0xf2, 0xff, 0xec, 0xff, 0x8a, 0xff, 0xec, 0xff, 0xf0, 0xff, 0xee, 0xff,
  0xee, 0xff, 0xf0, 0xff, 0xf0, 0xff, 0xf0, 0xff, 0x90, 0xff, 0x50, 0xc5,
  0x10, 0xc5, 0xc8, 0xa2, 0x0e, 0xfc, 0x52, 0xfd, 0x52, 0xfd, 0xd0, 0xfc,
  0x52, 0xfd, 0xd0, 0xfc, 0x94, 0xfd, 0x14, 0xfe, 0xd4, 0xfd, 0xd4, 0xfd,
  0xd4, 0xfd, 0x14, 0xfe, 0x56, 0xfe, 0x96, 0xfe, 0x56, 0xfe, 0xd0, 0xfc,
  0xd0, 0xfc, 0x96, 0xfe, 0x1a, 0xff, 0x98, 0xfe, 0x94, 0xfd, 0x52, 0xfd,
  0xd4, 0xfd, 0x98, 0xfe, 0x16, 0xfe, 0x52, 0xfd, 0x52, 0xfd, 0x94, 0xfd,
  0x52, 0xfd, 0xd0, 0xfc, 0x94, 0xfd, 0x92, 0xfd, 0x10, 0xfd, 0x52, 0xfd,
  0xd4, 0xfd, 0xd8, 0xfe, 0x98, 0xfe, 0x94, 0xfd, 0x52, 0xfd, 0x56, 0xfe,
  0x14, 0xfe, 0x52, 0xfd, 0x12, 0xfd, 0x52, 0xfd, 0x92, 0xfd, 0x92, 0xfd,
  0x94, 0xfd, 0x94, 0xfd, 0x14, 0xfe, 0xd8, 0xfe, 0x1a, 0xff, 0xd4, 0xfd,
  0x94, 0xfd, 0xd4, 0xfd, 0x96, 0xfe, 0x1a, 0xff, 0x1a, 0xff, 0x92, 0xfd,
  0x94, 0xfd, 0x94, 0xfd, 0x98, 0xfe, 0x5a, 0xff, 0x56, 0xfe, 0x56, 0xfe,
  0xd8, 0xfe, 0x56, 0xfe, 0xd4, 0xfd, 0x56, 0xfe, 0x18, 0xff, 0x92, 0xfd,
  0x90, 0xc5, 0x4a, 0x73, 0x90, 0x63, 0x96, 0x84, 0xdc, 0xa5, 0x9e, 0xb6,
  0x9a, 0xa5, 0x1c, 0xb6, 0x1f, 0xd7, 0x5f, 0xd7, 0x5f, 0xd7, 0xdf, 0xc6,
  0x5e, 0xb6, 0x5f, 0xd7, 0xff, 0xff, 0x1f, 0xd7, 0xdf, 0xc6, 0xdf, 0xc6,
  0xdf, 0xc6, 0x1c, 0xb6, 0x1c, 0xb6, 0x9f, 0xe7, 0x9e, 0xc6, 0x1c, 0xb6,
  0x9e, 0xb6, 0x1f, 0xd7, 0x5e, 0xb6, 0x1e, 0xb6, 0x5e, 0xb6, 0x1c, 0xa6,
  0x1c, 0xb6, 0x5e, 0xb6, 0xdf, 0xc6, 0x1f, 0xd7, 0x1c, 0xb6, 0x1c, 0xb6,
  0x9e, 0xb6, 0x5e, 0xb6, 0x1c, 0xb6, 0x1f, 0xc7, 0xdf, 0xc6, 0x9e, 0xc6,
  0x9f, 0xc6, 0xdf, 0xc6, 0xdc, 0xa5, 0xdc, 0xa5, 0x9f, 0xc6, 0x1f, 0xd7,
  0x5e, 0xb6, 0x5f, 0xd7, 0xdf, 0xc6, 0xdf, 0xc6, 0xdf, 0xc6, 0x9f, 0xc6,
  0x1f, 0xd7, 0x5f, 0xd7, 0xdf, 0xc6, 0xdc, 0xa5, 0x18, 0x95, 0x18, 0x95,
  0x9a, 0xa5, 0x9a, 0xa5, 0xda, 0xa5, 0x1e, 0xb6, 0xdf, 0xc6, 0xdf, 0xc6,
  0x5e, 0xb6, 0x1f, 0xd7, 0xff, 0xff, 0x1f, 0xc7, 0xdf, 0xc6, 0x9f, 0xe7,
  0x1e, 0xd7, 0x14, 0xd6, 0x0c, 0x94, 0x88, 0x72, 0x06, 0x82, 0x4a, 0xe3,
  0x52, 0xfd, 0x56, 0xfe, 0x96, 0xfe, 0xd4, 0xfd, 0x52, 0xfd, 0x92, 0xfd,
  0x52, 0xfd, 0x14, 0xfe, 0x92, 0xfd, 0x4e, 0xfc, 0x94, 0xfd, 0x92, 0xfd,
  0x52, 0xfd, 0x5a, 0xff, 0x18, 0xff, 0x12, 0xfd, 0x0e, 0xfc, 0x4e, 0xfc,
  0xd4, 0xfd, 0x56, 0xfe, 0x52, 0xfd, 0x4e, 0xfc, 0x90, 0xfc, 0xcc, 0xfb,
  0x90, 0xfc, 0x18, 0xff, 0x18, 0xff, 0xd0, 0xfc, 0x52, 0xfd, 0x96, 0xfe,
  0x9a, 0xff, 0x9a, 0xff, 0x56, 0xfe, 0x14, 0xfe, 0x56, 0xfe, 0x16, 0xfe,
  0x94, 0xfd, 0x56, 0xfe, 0xdc, 0xff, 0x5a, 0xff, 0x16, 0xfe, 0x92, 0xfd,
  0x52, 0xfd, 0x56, 0xfe, 0x56, 0xfe, 0xd8, 0xfe, 0xd8, 0xfe, 0x96, 0xfe,
  0x52, 0xfd, 0xd0, 0xfc, 0x52, 0xfd, 0x94, 0xfd, 0x56, 0xfe, 0xd4, 0xfd,
  0xd4, 0xfd, 0x52, 0xfd, 0xd4, 0xfd, 0x16, 0xfe, 0xd4, 0xfd, 0x1a, 0xff,
  0x1a, 0xff, 0xd4, 0xfd, 0x12, 0xfd, 0xd0, 0xfc, 0xd0, 0xfc, 0x90, 0xfc,
  0x14, 0xfe, 0x50, 0xfd, 0x12, 0xd6, 0xca, 0xa4, 0x48, 0xd5, 0xec, 0xff,
  0xf2, 0xff, 0xf4, 0xff, 0xf2, 0xff, 0xf2, 0xff, 0xf2, 0xff, 0xf0, 0xff,
  0xf0, 0xff, 0xf6, 0xff, 0xf4, 0xff, 0xee, 0xff, 0xf0, 0xff, 0xf4, 0xff,
  0xf2, 0xff, 0xf4, 0xff, 0xf2, 0xff, 0xf0, 0xff, 0xee, 0xff, 0xee, 0xff,
  0xee, 0xff, 0xf0, 0xff, 0xf0, 0xff, 0xf6, 0xff, 0xf6, 0xff, 0xf0, 0xff,
  0xee, 0xff, 0xf0, 0xff, 0xf0, 0xff, 0xee, 0xff, 0xf0, 0xff, 0xf2, 0xff,
  0xf0, 0xff, 0xf2, 0xff, 0x10, 0xf7, 0xd4, 0xf6, 0x50, 0xc5, 0x88, 0xa2,
  0x4e, 0xfc, 0x12, 0xfd, 0x92, 0xfd, 0x52, 0xfd, 0x92, 0xfd, 0xd0, 0xfc,
  0x12, 0xfd, 0xd4, 0xfd, 0x14, 0xfe, 0x52, 0xfd, 0xd0, 0xfc, 0x94, 0xfd,
  0xd8, 0xfe, 0x98, 0xfe, 0x94, 0xfd, 0x52, 0xfd, 0x12, 0xfd, 0xd4, 0xfd,
  0xd4, 0xfd, 0x12, 0xfd, 0x52, 0xfd, 0x14, 0xfe, 0x56, 0xfe, 0x56, 0xfe,
  0x98, 0xfe, 0x1a, 0xff, 0x16, 0xfe, 0x16, 0xfe, 0x16, 0xfe, 0x16, 0xfe,
  0xd4, 0xfd, 0x52, 0xfd, 0xd0, 0xfc, 0x94, 0xfd, 0x52, 0xfd, 0x94, 0xfd,
  0xd4, 0xfd, 0x94, 0xfd, 0x94, 0xfd, 0x56, 0xfe, 0x14, 0xfe, 0x94, 0xfd,
  0x94, 0xfd, 0x92, 0xfd, 0x94, 0xfd, 0x56, 0xfe, 0x92, 0xfd, 0x4e, 0xfc,
  0x52, 0xfd, 0x56, 0xfe, 0x56, 0xfe, 0xd4, 0xfd, 0xd4, 0xfd, 0xd4, 0xfd,
  0xd4, 0xfd, 0x12, 0xfd, 0x92, 0xfd, 0x14, 0xfe, 0x14, 0xfe, 0x14, 0xfe,
  0x14, 0xfe, 0x16, 0xfe, 0xd4, 0xfd, 0x96, 0xfe, 0xd8, 0xfe, 0x14, 0xfe,
  0x94, 0xfd, 0xd4, 0xfd, 0x9a, 0xff, 0xd2, 0xfd, 0x0e, 0xc5, 0x0a, 0x73,
  0x4e, 0x63, 0x18, 0x95, 0x9e, 0xc6, 0x9e, 0xc6, 0x5e, 0xb6, 0x5e, 0xb6,
  0x1f, 0xd7, 0x9f, 0xe7, 0x5f, 0xd7, 0x9f, 0xc6, 0x9f, 0xc6, 0xdf, 0xc6,
  0x9f, 0xe7, 0xdf, 0xc6, 0xdc, 0xa5, 0xdc, 0xa5, 0x5e, 0xb6, 0x9e, 0xc6,
  0x5e, 0xb6, 0x9e, 0xc6, 0x9f, 0xc6, 0x9f, 0xc6, 0xdf, 0xc6, 0xdf, 0xc6,
  0xdf, 0xc6, 0x1f, 0xc7, 0xdf, 0xc6, 0xdf, 0xc6, 0xdf, 0xc6, 0x1f, 0xc7,
  0xdf, 0xe7, 0xdf, 0xc6, 0x5e, 0xb6, 0xdc, 0xa5, 0x1c, 0xb6, 0x5e, 0xb6,
  0x9e, 0xc6, 0xdf, 0xc6, 0xdf, 0xe7, 0xff, 0xff, 0x5f, 0xd7, 0xff, 0xf7,
  0xdf, 0xc6, 0x9f, 0xc6, 0x9f, 0xc6, 0x9e, 0xb6, 0x1c, 0xb6, 0x1f, 0xd7,
  0xdf, 0xc6, 0x5e, 0xb6, 0x1f, 0xc7, 0xdf, 0xc6, 0xff, 0xf7, 0x5f, 0xd7,
  0x5f, 0xd7, 0x9e, 0xb6, 0x5f, 0xd7, 0x5e, 0xb6, 0xdc, 0xa5, 0xda, 0xa5,
  0x5e, 0xb6, 0xdc, 0xa5, 0x5e, 0xb6, 0xdf, 0xc6, 0x5f, 0xd7, 0x1f, 0xd7,
  0x5f, 0xd7, 0xdf, 0xc6, 0x5e, 0xb6, 0x5c, 0xb6, 0x5c, 0xc6, 0x92, 0xc5,
  0x8c, 0xa4, 0x46, 0x62, 0x84, 0x51, 0x88, 0xb2, 0x4e, 0xfc, 0x16, 0xfe,
  0xd4, 0xfd, 0x92, 0xfd, 0x92, 0xfd, 0x12, 0xfd, 0xd0, 0xfc, 0x92, 0xfd,
  0x94, 0xfd, 0xd0, 0xfc, 0xd4, 0xfd, 0x52, 0xfd, 0x0e, 0xfc, 0x10, 0xfd,
  0xd4, 0xfd, 0x56, 0xfe, 0x56, 0xfe, 0x56, 0xfe, 0x18, 0xff, 0xda, 0xfe,
  0xd0, 0xfc, 0x90, 0xfc, 0xd4, 0xfd, 0x12, 0xfd, 0xcc, 0xf3, 0x0e, 0xfc,
  0x56, 0xfe, 0xd8, 0xfe, 0xd4, 0xfd, 0xd4, 0xfd, 0x56, 0xfe, 0xd8, 0xfe,
  0xd4, 0xfd, 0x52, 0xfd, 0x12, 0xfd, 0x52, 0xfd, 0x52, 0xfd, 0x52, 0xfd,
  0x94, 0xfd, 0x52, 0xfd, 0x52, 0xfd, 0xd4, 0xfd, 0x12, 0xfd, 0x56, 0xfe,
  0xd4, 0xfd, 0x52, 0xfd, 0x16, 0xfe, 0x96, 0xfe, 0xd8, 0xfe, 0x96, 0xfe,
  0xd4, 0xfd, 0xd4, 0xfd, 0x56, 0xfe, 0x52, 0xfd, 0x52, 0xfd, 0x52, 0xfd,
  0x1a, 0xff, 0x56, 0xfe, 0x98, 0xfe, 0xd4, 0xfd, 0xd4, 0xfd, 0xd4, 0xfd,
  0x52, 0xfd, 0xd0, 0xfc, 0x10, 0xfd, 0x52, 0xfd, 0xd4, 0xfd, 0xd2, 0xfd,
  0x98, 0xff, 0xcc, 0xb4, 0xc8, 0xd5, 0xee, 0xff, 0xf6, 0xff, 0xf4, 0xff,
  0xee, 0xff, 0xee, 0xff, 0xf4, 0xff, 0xf2, 0xff, 0xf2, 0xff, 0xee, 0xff,
  0xf0, 0xff, 0xee, 0xff, 0xf0, 0xff, 0xf2, 0xff, 0xf2, 0xff, 0xf0, 0xff,
  0xf0, 0xff, 0xee, 0xff, 0xee, 0xff, 0xec, 0xff, 0xee, 0xff, 0xee, 0xff,
  0xee, 0xff, 0xf0, 0xff, 0xf0, 0xff, 0xee, 0xff, 0xf0, 0xff, 0xf0, 0xff,
  0xee, 0xff, 0xf2, 0xff, 0xf2, 0xff, 0xf4, 0xff, 0xf0, 0xff, 0xf0, 0xff,
  0x50, 0xff, 0x94, 0xe6, 0x8a, 0x93, 0x48, 0x92, 0x0e, 0xf4, 0x12, 0xfd,
  0xd4, 0xfd, 0x52, 0xfd, 0xd4, 0xfd, 0x52, 0xfd, 0x94, 0xfd, 0x92, 0xfd,
  0x16, 0xfe, 0x12, 0xfd, 0xd0, 0xfc, 0x98, 0xfe, 0x9c, 0xff, 0x5a, 0xff,
  0x14, 0xfe, 0x52, 0xfd, 0xd4, 0xfd, 0x94, 0xfd, 0x90, 0xfc, 0x10, 0xfd,
  0xd4, 0xfd, 0xd8, 0xfe, 0x56, 0xfe, 0xd4, 0xfd, 0xd4, 0xfd, 0x56, 0xfe,
  0x96, 0xfe, 0x56, 0xfe, 0x14, 0xfe, 0xd8, 0xfe, 0x14, 0xfe, 0x52, 0xfd,
  0xd0, 0xfc, 0xd4, 0xfd, 0xd0, 0xfc, 0x52, 0xfd, 0x52, 0xfd, 0x52, 0xfd,
  0x56, 0xfe, 0xd4, 0xfd, 0x52, 0xfd, 0x56, 0xfe, 0x16, 0xfe, 0x56, 0xfe,
  0xd4, 0xfd, 0x16, 0xfe, 0x94, 0xfd, 0x90, 0xfc, 0x94, 0xfd, 0xd4, 0xfd,
  0x92, 0xfd, 0x14, 0xfe, 0x16, 0xfe, 0x94, 0xfd, 0xd4, 0xfd, 0xd4, 0xfd,
  0x52, 0xfd, 0x94, 0xfd, 0x92, 0xfd, 0xd4, 0xfd, 0xd4, 0xfd, 0x16, 0xfe,
  0xd4, 0xfd, 0x16, 0xfe, 0xd4, 0xfd, 0x92, 0xfd, 0xd0, 0xfc, 0xd0, 0xfc,
  0x56, 0xfe, 0x92, 0xfd, 0x50, 0xc5, 0xce, 0xa4, 0x90, 0x63, 0x58, 0x95,
  0x5e, 0xb6, 0x9e, 0xc6, 0xdf, 0xc6, 0x5e, 0xb6, 0x9f, 0xc6, 0xdf, 0xc6,
  0xdf, 0xc6, 0x5e, 0xb6, 0x9f, 0xc6, 0xdc, 0xa5, 0x18, 0x95, 0x9e, 0xb6,
  0xdf, 0xc6, 0x1f, 0xc7, 0xdf, 0xc6, 0xdf, 0xc6, 0x5f, 0xd7, 0xdf, 0xc6,
  0x1f, 0xc7, 0xdf, 0xc6, 0x1f, 0xc7, 0xdf, 0xc6, 0xdf, 0xc6, 0x5f, 0xd7,
  0x5f, 0xd7, 0xdf, 0xc6, 0x5e, 0xb6, 0x5e, 0xb6, 0xdf, 0xc6, 0x9f, 0xc6,
  0xdf, 0xc6, 0x5e, 0xb6, 0x5e, 0xb6, 0x9e, 0xc6, 0x9f, 0xc6, 0x5f, 0xd7,
  0x9f, 0xd7, 0xff, 0xf7, 0x9f, 0xe7, 0x5f, 0xd7, 0x9f, 0xd7, 0xdf, 0xc6,
  0x9f, 0xc6, 0x9e, 0xc6, 0x9e, 0xb6, 0x1f, 0xc7, 0x1f, 0xc7, 0x1f, 0xd7,
  0xdf, 0xe7, 0x1f, 0xd7, 0x1f, 0xd7, 0x1f, 0xd7, 0xff, 0xe7, 0xdf, 0xe7,
  0xff, 0xf7, 0xff, 0xf7, 0xdf, 0xe7, 0xff, 0xe7, 0xff, 0xf7, 0x1f, 0xc7,
  0x5e, 0xb6, 0x5e, 0xb6, 0x1c, 0xb6, 0x5e, 0xb6, 0xdf, 0xc6, 0xdf, 0xc6,
  0x1f, 0xd7, 0x9a, 0xa5, 0x12, 0x84, 0xce, 0xa4, 0x8c, 0xa4, 0x4a, 0xa3,
  0x88, 0x92, 0xca, 0xc2, 0x50, 0xfc, 0x52, 0xfd, 0x14, 0xfe, 0x16, 0xfe,
  0x12, 0xfd, 0x52, 0xfd, 0x92, 0xfd, 0xd4, 0xfd, 0x56, 0xfe, 0x56, 0xfe,
  0xd4, 0xfd, 0x92, 0xfd, 0xd0, 0xfc, 0x92, 0xfd, 0x16, 0xfe, 0xd8, 0xfe,
  0x5a, 0xff, 0xdc, 0xff, 0xdc, 0xff, 0xdc, 0xff, 0x56, 0xfe, 0xd0, 0xfc,
  0x96, 0xfe, 0x5a, 0xff, 0x94, 0xfd, 0xcc, 0xf3, 0x0e, 0xfc, 0xd4, 0xfd,
  0x14, 0xfe, 0x94, 0xfd, 0xd4, 0xfd, 0x96, 0xfe, 0x14, 0xfe, 0xd4, 0xfd,
  0x90, 0xfc, 0x52, 0xfd, 0x96, 0xfe, 0xd8, 0xfe, 0x12, 0xfd, 0x90, 0xfc,
  0xd0, 0xfc, 0x92, 0xfd, 0x52, 0xfd, 0x12, 0xfd, 0x90, 0xfc, 0x10, 0xfd,
  0x52, 0xfd, 0x56, 0xfe, 0xd8, 0xfe, 0x96, 0xfe, 0x96, 0xfe, 0x56, 0xfe,
  0xd8, 0xfe, 0x16, 0xfe, 0x94, 0xfd, 0x52, 0xfd, 0x16, 0xfe, 0x92, 0xfd,
  0x14, 0xfe, 0x52, 0xfd, 0x12, 0xfd, 0x52, 0xfd, 0x96, 0xfe, 0xd4, 0xfd,
  0x16, 0xfe, 0x5a, 0xff, 0x1a, 0xff, 0x50, 0xf5, 0x94, 0xe6, 0x4e, 0xb5,
  0x08, 0xe6, 0xee, 0xff, 0xf4, 0xff, 0xf2, 0xff, 0xec, 0xff, 0xf2, 0xff,
  0xf8, 0xff, 0xf2, 0xff, 0xf2, 0xff, 0xf0, 0xff, 0xee, 0xff, 0xee, 0xff,
  0xee, 0xff, 0xf0, 0xff, 0xf2, 0xff, 0xf4, 0xff, 0xf2, 0xff, 0xee, 0xff,
  0xec, 0xff, 0xf0, 0xff, 0xee, 0xff, 0xee, 0xff, 0xf0, 0xff, 0xf0, 0xff,
  0xf0, 0xff, 0xee, 0xff, 0xee, 0xff, 0xf0, 0xff, 0xee, 0xff, 0xf2, 0xff,
  0xf4, 0xff, 0xf0, 0xff, 0xf0, 0xff, 0xf0, 0xff, 0x8c, 0xe6, 0x0e, 0xb5,
  0x08, 0x83, 0xca, 0xb2, 0x50, 0xfc, 0x52, 0xfd, 0xd4, 0xfd, 0xd4, 0xfd,
  0x52, 0xfd, 0x92, 0xfd, 0x98, 0xfe, 0x16, 0xfe, 0x56, 0xfe, 0x12, 0xfd,
  0x10, 0xfd, 0x92, 0xfd, 0x94, 0xfd, 0x16, 0xfe, 0x52, 0xfd, 0xd0, 0xfc,
  0x94, 0xfd, 0xd4, 0xfd, 0x10, 0xfd, 0x92, 0xfd, 0xd4, 0xfd, 0x56, 0xfe,
  0xd4, 0xfd, 0x94, 0xfd, 0x92, 0xfd, 0x14, 0xfe, 0xd8, 0xfe, 0x5a, 0xff,
  0x94, 0xfd, 0x5a, 0xff, 0x9c, 0xff, 0x56, 0xfe, 0xd4, 0xfd, 0x94, 0xfd,
  0xd0, 0xfc, 0x52, 0xfd, 0x92, 0xfd, 0x94, 0xfd, 0x98, 0xfe, 0x12, 0xfd,
  0x10, 0xfd, 0xd8, 0xfe, 0x98, 0xfe, 0x16, 0xfe, 0xd4, 0xfd, 0x92, 0xfd,
  0x16, 0xfe, 0x52, 0xfd, 0x14, 0xfe, 0x94, 0xfd, 0x92, 0xfd, 0xd4, 0xfd,
  0x14, 0xfe, 0xd4, 0xfd, 0x14, 0xfe, 0x98, 0xfe, 0x52, 0xfd, 0x12, 0xfd,
  0x52, 0xfd, 0xd0, 0xfc, 0x90, 0xfc, 0x92, 0xfd, 0xd4, 0xfd, 0x92, 0xfd,
  0x16, 0xfe, 0xd4, 0xfd, 0x94, 0xfd, 0x52, 0xfd, 0x14, 0xfe, 0x92, 0xfd,
  0x90, 0xd5, 0xce, 0xa4, 0x4e, 0x63, 0x96, 0x84, 0x1c, 0xb6, 0xdf, 0xc6,
  0xdf, 0xc6, 0x1f, 0xd7, 0x5f, 0xd7, 0x1f, 0xd7, 0xdf, 0xe7, 0xdf, 0xc6,
  0x9e, 0xb6, 0xda, 0xa5, 0xd6, 0x84, 0x9f, 0xc6, 0x9e, 0xc6, 0xdf, 0xc6,
  0x1f, 0xd7, 0x9e, 0xc6, 0xdf, 0xc6, 0x9f, 0xe7, 0x5f, 0xd7, 0x1f, 0xd7,
  0xdf, 0xc6, 0xdf, 0xc6, 0x1f, 0xd7, 0xdf, 0xc6, 0x9e, 0xc6, 0x9f, 0xc6,
  0x1c, 0xb6, 0x9a, 0xa5, 0x1e, 0xb6, 0x1f, 0xd7, 0xff, 0xf7, 0x9f, 0xe7,
  0x1c, 0xb6, 0x5e, 0xb6, 0x5f, 0xd7, 0x5f, 0xd7, 0x5f, 0xd7, 0x9f, 0xd7,
  0x5f, 0xd7, 0x9f, 0xc6, 0x1f, 0xd7, 0x5f, 0xd7, 0xdf, 0xc6, 0xdf, 0xc6,
  0x9e, 0xb6, 0xdf, 0xc6, 0x5e, 0xb6, 0x1f, 0xd7, 0x1f, 0xd7, 0xdf, 0xc6,
  0xdf, 0xc6, 0xdf, 0xc6, 0x9f, 0xe7, 0xff, 0xf7, 0xff, 0xf7, 0xff, 0xf7,
  0xff, 0xe7, 0xff, 0xf7, 0xff, 0xff, 0x1f, 0xd7, 0xdf, 0xc6, 0x1f, 0xd7,
  0xff, 0xf7, 0xdf, 0xc6, 0x9f, 0xc6, 0x9e, 0xc6, 0x1f, 0xd7, 0x1f, 0xc7,
  0x9a, 0xa5, 0x50, 0xb5, 0x4c, 0xa4, 0xd0, 0xe4, 0x52, 0xfd, 0x90, 0xfc,
  0x0e, 0xfc, 0x52, 0xfd, 0x14, 0xfe, 0xd4, 0xfd, 0x52, 0xfd, 0x52, 0xfd,
  0x56, 0xfe, 0x98, 0xfe, 0xd4, 0xfd, 0xd4, 0xfd, 0x92, 0xfd, 0x92, 0xfd,
  0x52, 0xfd, 0x16, 0xfe, 0xd8, 0xfe, 0x14, 0xfe, 0x56, 0xfe, 0x18, 0xff,
  0x5a, 0xff, 0xff, 0xff, 0xff, 0xff, 0x92, 0xfd, 0xd4, 0xfd, 0x96, 0xfe,
  0x96, 0xfe, 0xd4, 0xfd, 0xd0, 0xfc, 0x94, 0xfd, 0xd4, 0xfd, 0x12, 0xfd,
  0xd0, 0xfc, 0x52, 0xfd, 0x92, 0xfd, 0x14, 0xfe, 0x56, 0xfe, 0xdc, 0xff,
  0x1a, 0xff, 0xd4, 0xfd, 0xd8, 0xfe, 0x96, 0xfe, 0x8e, 0xfc, 0x4e, 0xfc,
  0x12, 0xfd, 0xd4, 0xfd, 0x92, 0xfd, 0x52, 0xfd, 0xd0, 0xfc, 0x14, 0xfe,
  0x92, 0xfd, 0x92, 0xfd, 0xd4, 0xfd, 0x92, 0xfd, 0x56, 0xfe, 0x56, 0xfe,
  0x56, 0xfe, 0x92, 0xfd, 0x16, 0xfe, 0xd4, 0xfd, 0x52, 0xfd, 0x52, 0xfd,
  0x52, 0xfd, 0xd4, 0xfd, 0x98, 0xfe, 0x96, 0xfe, 0xd8, 0xfe, 0x1a, 0xff,
  0xd4, 0xfd, 0x4e, 0xc4, 0x12, 0xd6, 0x8e, 0xc5, 0x0a, 0xe6, 0xf0, 0xff,
  0xf6, 0xff, 0xf2, 0xff, 0xf0, 0xff, 0xf0, 0xff, 0xf2, 0xff, 0xec, 0xff,
  0xec, 0xff, 0xee, 0xff, 0xec, 0xff, 0xec, 0xff, 0xf0, 0xff, 0xf4, 0xff,
  0xf2, 0xff, 0xf0, 0xff, 0xf0, 0xff, 0xf0, 0xff, 0xf0, 0xff, 0xf2, 0xff,
  0xf0, 0xff, 0xee, 0xff, 0xf0, 0xff, 0xf4, 0xff, 0xf4, 0xff, 0xf0, 0xff,
  0xee, 0xff, 0xee, 0xff, 0xee, 0xff, 0xf0, 0xff, 0xf2, 0xff, 0xee, 0xff,
  0x8a, 0xff, 0xec, 0xff, 0x4c, 0xe6, 0x0a, 0x94, 0x8a, 0x93, 0xca, 0xb2,
  0x90, 0xfc, 0x16, 0xfe, 0x98, 0xfe, 0x94, 0xfd, 0xce, 0xf3, 0xd0, 0xfc,
  0x94, 0xfd, 0x94, 0xfd, 0x56, 0xfe, 0xd4, 0xfd, 0x52, 0xfd, 0x12, 0xfd,
  0x52, 0xfd, 0x94, 0xfd, 0x12, 0xfd, 0xd0, 0xfc, 0xd0, 0xfc, 0x12, 0xfd,
  0x4e, 0xfc, 0x52, 0xfd, 0x16, 0xfe, 0x16, 0xfe, 0x92, 0xfd, 0x94, 0xfd,
  0x12, 0xfd, 0x12, 0xfd, 0xd4, 0xfd, 0x98, 0xfe, 0x56, 0xfe, 0x5a, 0xff,
  0xfe, 0xff, 0x98, 0xfe, 0xd8, 0xfe, 0x12, 0xfd, 0x56, 0xfe, 0x94, 0xfd,
  0xd4, 0xfd, 0x14, 0xfe, 0xd4, 0xfd, 0xcc, 0xf3, 0x4e, 0xfc, 0xd4, 0xfd,
  0xd4, 0xfd, 0x52, 0xfd, 0x52, 0xfd, 0x94, 0xfd, 0x16, 0xfe, 0xd4, 0xfd,
  0x12, 0xfd, 0x4e, 0xfc, 0x92, 0xfd, 0x96, 0xfe, 0x98, 0xfe, 0x16, 0xfe,
  0x16, 0xfe, 0x56, 0xfe, 0x52, 0xfd, 0xd0, 0xfc, 0x92, 0xfd, 0x92, 0xfd,
  0x52, 0xfd, 0x52, 0xfd, 0xd4, 0xfd, 0x16, 0xfe, 0x14, 0xfe, 0x52, 0xfd,
  0x52, 0xfd, 0x56, 0xfe, 0x96, 0xfe, 0x14, 0xfe, 0x12, 0xd6, 0x8e, 0x94,
  0xcc, 0x52, 0xd6, 0x84, 0xdf, 0xc6, 0x5e, 0xb6, 0xdf, 0xc6, 0x1f, 0xd7,
  0x1f, 0xd7, 0x5f, 0xd7, 0x9f, 0xe7, 0x9e, 0xb6, 0x1c, 0xb6, 0x9a, 0xa5,
  0x9a, 0xa5, 0x9e, 0xb6, 0x5e, 0xb6, 0xde, 0xc6, 0xff, 0xff, 0x5f, 0xd7,
  0x9f, 0xc6, 0x5f, 0xd7, 0xff, 0xe7, 0xdf, 0xe7, 0x1f, 0xd7, 0x5f, 0xd7,
  0x1f, 0xd7, 0xdf, 0xc6, 0xdf, 0xc6, 0xdf, 0xc6, 0x9e, 0xc6, 0x1c, 0xb6,
  0x9f, 0xc6, 0x1f, 0xd7, 0xdf, 0xe7, 0x1f, 0xd7, 0x9e, 0xb6, 0x5f, 0xd7,
  0x9f, 0xe7, 0x9f, 0xd7, 0x9f, 0xd7, 0x9f, 0xc6, 0x5e, 0xb6, 0x5e, 0xb6,
  0xdf, 0xc6, 0x1f, 0xc7, 0xdf, 0xc6, 0x9e, 0xc6, 0x9e, 0xb6, 0xdf, 0xc6,
  0x5e, 0xb6, 0x5f, 0xd7, 0x1f, 0xd7, 0x9f, 0xc6, 0xdf, 0xc6, 0xdf, 0xc6,
  0x5e, 0xb6, 0x1f, 0xc7, 0xdf, 0xc6, 0x9f, 0xe7, 0xdf, 0xe7, 0x9f, 0xc6,
  0xdf, 0xc6, 0x1c, 0xb6, 0x9e, 0xb6, 0x1f, 0xc7, 0x5f, 0xd7, 0x9e, 0xc6,
  0x5e, 0xb6, 0x1c, 0xb6, 0x58, 0x95, 0x5e, 0xb6, 0x1c, 0xb6, 0x92, 0xc5,
  0x0c, 0x94, 0x0e, 0xc4, 0x94, 0xfd, 0xd4, 0xfd, 0xcc, 0xe3, 0x90, 0xfc,
  0x14, 0xfe, 0xd4, 0xfd, 0x52, 0xfd, 0xd4, 0xfd, 0x96, 0xfe, 0x14, 0xfe,
  0x16, 0xfe, 0x5a, 0xff, 0x98, 0xfe, 0x96, 0xfe, 0x56, 0xfe, 0xd4, 0xfd,
  0x52, 0xfd, 0xd4, 0xfd, 0xd8, 0xfe, 0xd4, 0xfd, 0xd4, 0xfd, 0xfe, 0xff,
  0x5a, 0xff, 0x52, 0xfd, 0x12, 0xfd, 0x52, 0xfd, 0x56, 0xfe, 0x56, 0xfe,
  0x94, 0xfd, 0x92, 0xfd, 0xd4, 0xfd, 0x92, 0xfd, 0x92, 0xfd, 0xd4, 0xfd,
  0x52, 0xfd, 0x92, 0xfd, 0x56, 0xfe, 0x1a, 0xff, 0x98, 0xfe, 0x56, 0xfe,
  0x56, 0xfe, 0x5a, 0xff, 0xd8, 0xfe, 0x10, 0xfd, 0x10, 0xfd, 0x52, 0xfd,
  0xd0, 0xfc, 0x10, 0xfd, 0x52, 0xfd, 0x92, 0xfd, 0x92, 0xfd, 0x16, 0xfe,
  0xd8, 0xfe, 0x94, 0xfd, 0x92, 0xfd, 0xd4, 0xfd, 0xd4, 0xfd, 0xd4, 0xfd,
  0x14, 0xfe, 0xd8, 0xfe, 0xd4, 0xfd, 0x16, 0xfe, 0x1a, 0xff, 0x98, 0xfe,
  0x56, 0xfe, 0x14, 0xfe, 0x16, 0xfe, 0x12, 0xfd, 0x8c, 0xc3, 0xcc, 0xa3,
  0xd0, 0xd5, 0xcc, 0xa4, 0xc8, 0xd5, 0xf0, 0xff, 0xf8, 0xff, 0xf6, 0xff,
  0xfa, 0xff, 0xf6, 0xff, 0xf2, 0xff, 0xf0, 0xff, 0xf0, 0xff, 0xee, 0xff,
  0x8a, 0xff, 0x8a, 0xff, 0xee, 0xff, 0xf0, 0xff, 0xf2, 0xff, 0xf4, 0xff,
  0xf4, 0xff, 0xf0, 0xff, 0xf0, 0xff, 0xf2, 0xff, 0xf2, 0xff, 0xee, 0xff,
  0xf4, 0xff, 0xf6, 0xff, 0xf0, 0xff, 0xec, 0xff, 0xec, 0xff, 0xec, 0xff,
  0xec, 0xff, 0xec, 0xff, 0xee, 0xff, 0xec, 0xff, 0xec, 0xff, 0xf0, 0xff,
  0x0e, 0xf7, 0x0c, 0x94, 0x8a, 0x93, 0x48, 0x92, 0x4e, 0xfc, 0xd4, 0xfd,
  0x16, 0xfe, 0xd4, 0xfd, 0x52, 0xfd, 0x94, 0xfd, 0x12, 0xfd, 0x94, 0xfd,
  0x96, 0xfe, 0xd8, 0xfe, 0xd4, 0xfd, 0x94, 0xfd, 0x16, 0xfe, 0x16, 0xfe,
  0x12, 0xfd, 0xd0, 0xfc, 0xd0, 0xfc, 0x90, 0xfc, 0x90, 0xfc, 0x52, 0xfd,
  0x12, 0xfd, 0x90, 0xfc, 0x92, 0xfd, 0x92, 0xfd, 0x10, 0xfd, 0x52, 0xfd,
  0x94, 0xfd, 0x94, 0xfd, 0x94, 0xfd, 0x94, 0xfd, 0x56, 0xfe, 0xd4, 0xfd,
  0x94, 0xfd, 0x52, 0xfd, 0x14, 0xfe, 0x56, 0xfe, 0x9a, 0xff, 0x98, 0xfe,
  0x14, 0xfe, 0xd0, 0xfc, 0x10, 0xfd, 0xd4, 0xfd, 0x14, 0xfe, 0x92, 0xfd,
  0x92, 0xfd, 0x56, 0xfe, 0x56, 0xfe, 0x56, 0xfe, 0xd4, 0xfd, 0x4e, 0xfc,
  0xd4, 0xfd, 0x1a, 0xff, 0x18, 0xff, 0xd8, 0xfe, 0x16, 0xfe, 0x18, 0xff,
  0x16, 0xfe, 0xd4, 0xfd, 0x94, 0xfd, 0x92, 0xfd, 0x52, 0xfd, 0xd0, 0xfc,
  0xd4, 0xfd, 0x96, 0xfe, 0x14, 0xfe, 0x92, 0xfd, 0x52, 0xfd, 0xd8, 0xfe,
  0xfe, 0xff, 0x96, 0xfe, 0x90, 0xc5, 0x0e, 0xb5, 0xcc, 0x52, 0x96, 0x84,
  0xdf, 0xc6, 0x9e, 0xc6, 0x5e, 0xb6, 0x5e, 0xb6, 0x1c, 0xb6, 0x5e, 0xb6,
  0x9e, 0xc6, 0xdf, 0xc6, 0x9e, 0xc6, 0x5e, 0xb6, 0x5e, 0xb6, 0xdf, 0xc6,
  0x5f, 0xd7, 0x1f, 0xd7, 0x5f, 0xd7, 0x1f, 0xd7, 0xdf, 0xc6, 0x1f, 0xd7,
  0x5f, 0xd7, 0x1f, 0xd7, 0x9f, 0xc6, 0xdc, 0xa5, 0x9e, 0xc6, 0xdf, 0xc6,
  0x5f, 0xd7, 0x9f, 0xc6, 0xdf, 0xc6, 0x1f, 0xd7, 0x1f, 0xd7, 0x1f, 0xc7,
  0x5f, 0xd7, 0x1f, 0xd7, 0x5e, 0xb6, 0xdf, 0xc6, 0x5f, 0xd7, 0x1f, 0xc7,
  0x9e, 0xb6, 0x9e, 0xb6, 0x5e, 0xb6, 0x1c, 0xb6, 0x5e, 0xb6, 0x9e, 0xc6,
  0x9f, 0xc6, 0x1c, 0xb6, 0xdc, 0xa5, 0x1f, 0xc7, 0xdf, 0xc6, 0x5e, 0xb6,
  0x9e, 0xc6, 0x5e, 0xb6, 0x1c, 0xb6, 0x5e, 0xb6, 0x1c, 0xb6, 0x5e, 0xb6,
  0x5f, 0xd7, 0xdf, 0xe7, 0xdf, 0xe7, 0xdf, 0xc6, 0x5f, 0xd7, 0xdf, 0xc6,
  0x5e, 0xb6, 0x5e, 0xb6, 0x9f, 0xc6, 0x1f, 0xc7, 0xdf, 0xe7, 0x9f, 0xe7,
  0x9a, 0xa5, 0x96, 0x84, 0x52, 0x84, 0x4c, 0x94, 0x4c, 0x94, 0x08, 0x93,
  0x4e, 0xfc, 0x92, 0xfd, 0x0e, 0xfc, 0x90, 0xfc, 0x52, 0xfd, 0x94, 0xfd,
  0xd4, 0xfd, 0xd4, 0xfd, 0xd4, 0xfd, 0xd4, 0xfd, 0x52, 0xfd, 0x56, 0xfe,
  0x16, 0xfe, 0x98, 0xfe, 0x56, 0xfe, 0x16, 0xfe, 0x94, 0xfd, 0xd4, 0xfd,
  0xd8, 0xfe, 0x56, 0xfe, 0x92, 0xfd, 0x94, 0xfd, 0x52, 0xfd, 0x92, 0xfd,
  0xd4, 0xfd, 0x92, 0xfd, 0x94, 0xfd, 0xd4, 0xfd, 0x14, 0xfe, 0x14, 0xfe,
  0x16, 0xfe, 0x56, 0xfe, 0xd8, 0xfe, 0x1a, 0xff, 0x16, 0xfe, 0xd0, 0xfc,
  0xd4, 0xfd, 0x52, 0xfd, 0x94, 0xfd, 0x94, 0xfd, 0x94, 0xfd, 0x94, 0xfd,
  0x96, 0xfe, 0x92, 0xfd, 0x52, 0xfd, 0x52, 0xfd, 0x12, 0xfd, 0x52, 0xfd,
  0x96, 0xfe, 0xd4, 0xfd, 0x12, 0xfd, 0x16, 0xfe, 0xd8, 0xfe, 0x56, 0xfe,
  0xd8, 0xfe, 0x94, 0xfd, 0x52, 0xfd, 0x52, 0xfd, 0x94, 0xfd, 0x94, 0xfd,
  0x14, 0xfe, 0x98, 0xfe, 0x5a, 0xff, 0xd4, 0xfd, 0x90, 0xfc, 0xd4, 0xfd,
  0x96, 0xfe, 0x4e, 0xfc, 0x48, 0x82, 0x08, 0x73, 0x12, 0xd6, 0x0c, 0xb5,
  0x08, 0xe6, 0xf2, 0xff, 0xf8, 0xff, 0xf6, 0xff, 0xf8, 0xff, 0xf8, 0xff,
  0xf8, 0xff, 0xf4, 0xff, 0xf4, 0xff, 0xf0, 0xff, 0xf2, 0xff, 0xf0, 0xff,
  0xf4, 0xff, 0xf6, 0xff, 0xf4, 0xff, 0xf0, 0xff, 0xf4, 0xff, 0xf4, 0xff,
  0xf2, 0xff, 0xf4, 0xff, 0xf4, 0xff, 0xee, 0xff, 0xf0, 0xff, 0xf4, 0xff,
  0xf2, 0xff, 0xec, 0xff, 0xec, 0xff, 0xec, 0xff, 0xee, 0xff, 0xee, 0xff,
  0xf6, 0xff, 0xf2, 0xff, 0xf0, 0xff, 0xf2, 0xff, 0x10, 0xf7, 0x4e, 0xb5,
  0x8a, 0x93, 0x88, 0xa2, 0x0e, 0xfc, 0x12, 0xfd, 0x12, 0xfd, 0xd4, 0xfd,
  0x56, 0xfe, 0xd4, 0xfd, 0x12, 0xfd, 0x56, 0xfe, 0xd4, 0xfd, 0x12, 0xfd,
  0x92, 0xfd, 0x94, 0xfd, 0xd4, 0xfd, 0x16, 0xfe, 0x14, 0xfe, 0x52, 0xfd,
  0x90, 0xfc, 0x90, 0xfc, 0xd0, 0xfc, 0x94, 0xfd, 0x52, 0xfd, 0x90, 0xfc,
  0x14, 0xfe, 0x94, 0xfd, 0x12, 0xfd, 0x94, 0xfd, 0x94, 0xfd, 0x52, 0xfd,
  0x92, 0xfd, 0x52, 0xfd, 0x94, 0xfd, 0x52, 0xfd, 0xd4, 0xfd, 0x94, 0xfd,
  0x16, 0xfe, 0xd4, 0xfd, 0xd8, 0xfe, 0x5a, 0xff, 0x94, 0xfd, 0x52, 0xfd,
  0x52, 0xfd, 0xd8, 0xfe, 0xd8, 0xfe, 0x16, 0xfe, 0x56, 0xfe, 0x98, 0xfe,
  0x16, 0xfe, 0x16, 0xfe, 0xd4, 0xfd, 0xd4, 0xfd, 0x56, 0xfe, 0x96, 0xfe,
  0xd8, 0xfe, 0x98, 0xfe, 0xd4, 0xfd, 0x96, 0xfe, 0xd4, 0xfd, 0x5a, 0xff,
  0xd8, 0xfe, 0x16, 0xfe, 0x96, 0xfe, 0xd4, 0xfd, 0xd0, 0xfc, 0x94, 0xfd,
  0x94, 0xfd, 0x52, 0xfd, 0x56, 0xfe, 0x98, 0xfe, 0x9a, 0xff, 0xd4, 0xfd,
  0x8c, 0xb4, 0x4c, 0x94, 0x0e, 0x63, 0x18, 0x95, 0x5f, 0xd7, 0xdf, 0xc6,
  0x5e, 0xb6, 0x9f, 0xc6, 0x1f, 0xd7, 0xdf, 0xc6, 0x9f, 0xe7, 0x5f, 0xd7,
  0xdf, 0xc6, 0x5e, 0xb6, 0x5e, 0xb6, 0x9e, 0xb6, 0x1c, 0xb6, 0x1e, 0xb6,
  0x9f, 0xc6, 0xdf, 0xc6, 0xdf, 0xc6, 0x1f, 0xc7, 0x9e, 0xc6, 0x9f, 0xc6,
  0x9e, 0xc6, 0x18, 0x95, 0x9a, 0xa5, 0xdc, 0xa5, 0xdf, 0xc6, 0xdf, 0xc6,
  0x9e, 0xb6, 0xdc, 0xa5, 0x1c, 0xb6, 0x1f, 0xc7, 0xdf, 0xc6, 0x5f, 0xd7,
  0xdf, 0xc6, 0x5e, 0xb6, 0xdf, 0xc6, 0x9f, 0xc6, 0xdf, 0xc6, 0x1f, 0xd7,
  0x9e, 0xc6, 0x1c, 0xb6, 0xdf, 0xc6, 0x9f, 0xc6, 0x5e, 0xb6, 0x9e, 0xc6,
  0x1f, 0xd7, 0x5f, 0xd7, 0x9f, 0xc6, 0x5e, 0xb6, 0xdf, 0xc6, 0x9f, 0xc6,
  0xdf, 0xc6, 0xdc, 0xa5, 0x5e, 0xb6, 0x5f, 0xd7, 0x5f, 0xd7, 0xdf, 0xe7,
  0x5f, 0xd7, 0x9e, 0xc6, 0x5f, 0xd7, 0x1f, 0xd7, 0xdf, 0xc6, 0x1c, 0xb6,
  0x9e, 0xc6, 0x9f, 0xd7, 0xdf, 0xe7, 0xff, 0xf7, 0xff, 0xe7, 0x1c, 0xb6,
  0x54, 0x84, 0xd2, 0xc5, 0x52, 0xd6, 0x4a, 0x93, 0x8c, 0xd3, 0x94, 0xfd,
  0x90, 0xfc, 0x92, 0xfd, 0x92, 0xfd, 0x52, 0xfd, 0xd4, 0xfd, 0x52, 0xfd,
  0xd4, 0xfd, 0x56, 0xfe, 0xd4, 0xfd, 0xd8, 0xfe, 0x16, 0xfe, 0x94, 0xfd,
  0x52, 0xfd, 0xd4, 0xfd, 0x56, 0xfe, 0xd4, 0xfd, 0x56, 0xfe, 0xd8, 0xfe,
  0x56, 0xfe, 0x94, 0xfd, 0x10, 0xfd, 0x90, 0xfc, 0x56, 0xfe, 0x96, 0xfe,
  0x92, 0xfd, 0x52, 0xfd, 0x94, 0xfd, 0xd4, 0xfd, 0x14, 0xfe, 0x14, 0xfe,
  0xd4, 0xfd, 0x94, 0xfd, 0x52, 0xfd, 0x52, 0xfd, 0xd8, 0xfe, 0x52, 0xfd,
  0xd4, 0xfd, 0x10, 0xfd, 0xd0, 0xfc, 0xd0, 0xfc, 0x14, 0xfe, 0x92, 0xfd,
  0x92, 0xfd, 0x92, 0xfd, 0x52, 0xfd, 0xd4, 0xfd, 0x56, 0xfe, 0x14, 0xfe,
  0x52, 0xfd, 0x56, 0xfe, 0xd4, 0xfd, 0x56, 0xfe, 0xff, 0xff, 0xd8, 0xfe,
  0xd4, 0xfd, 0xd4, 0xfd, 0x56, 0xfe, 0xd4, 0xfd, 0x52, 0xfd, 0x16, 0xfe,
  0x56, 0xfe, 0x12, 0xfd, 0x52, 0xfd, 0x98, 0xfe, 0x14, 0xfe, 0xcc, 0xd3,
  0x0a, 0x93, 0x0c, 0x94, 0x8c, 0xa4, 0xc8, 0x83, 0x0a, 0xe6, 0xee, 0xff,
  0xf0, 0xff, 0xf0, 0xff, 0xf2, 0xff, 0xf2, 0xff, 0xf2, 0xff, 0xf4, 0xff,
  0xf4, 0xff, 0xee, 0xff, 0xf4, 0xff, 0xf4, 0xff, 0xf2, 0xff, 0xf2, 0xff,
  0xf0, 0xff, 0xec, 0xff, 0xf2, 0xff, 0xf0, 0xff, 0xee, 0xff, 0xf2, 0xff,
  0xf2, 0xff, 0xee, 0xff, 0xf2, 0xff, 0xf4, 0xff, 0xf4, 0xff, 0xee, 0xff,
  0xee, 0xff, 0xee, 0xff, 0xee, 0xff, 0xec, 0xff, 0xee, 0xff, 0xf0, 0xff,
  0xf2, 0xff, 0xee, 0xff, 0x8e, 0xe6, 0x0e, 0xb5, 0xca, 0x93, 0x46, 0x92,
  0x0e, 0xfc, 0xd0, 0xfc, 0xd0, 0xfc, 0x12, 0xfd, 0x92, 0xfd, 0x98, 0xfe,
  0x96, 0xfe, 0x92, 0xfd, 0x14, 0xfe, 0x52, 0xfd, 0x94, 0xfd, 0x52, 0xfd,
  0x52, 0xfd, 0x14, 0xfe, 0x92, 0xfd, 0x92, 0xfd, 0x52, 0xfd, 0x52, 0xfd,
  0x52, 0xfd, 0x52, 0xfd, 0x56, 0xfe, 0x94, 0xfd, 0x52, 0xfd, 0x52, 0xfd,
  0x92, 0xfd, 0xd4, 0xfd, 0xd8, 0xfe, 0x94, 0xfd, 0x12, 0xfd, 0x94, 0xfd,
  0x14, 0xfe, 0xd0, 0xfc, 0x94, 0xfd, 0x94, 0xfd, 0x94, 0xfd, 0x92, 0xfd,
  0x98, 0xfe, 0xd8, 0xfe, 0x92, 0xfd, 0x52, 0xfd, 0x94, 0xfd, 0x56, 0xfe,
  0x1a, 0xff, 0xd8, 0xfe, 0x98, 0xfe, 0x16, 0xfe, 0x92, 0xfd, 0xd4, 0xfd,
  0x14, 0xfe, 0x98, 0xfe, 0x56, 0xfe, 0x52, 0xfd, 0x56, 0xfe, 0x56, 0xfe,
  0xd4, 0xfd, 0x92, 0xfd, 0x52, 0xfd, 0x16, 0xfe, 0x94, 0xfd, 0x1a, 0xff,
  0xdc, 0xff, 0x98, 0xfe, 0x10, 0xfd, 0x12, 0xfd, 0x52, 0xfd, 0x52, 0xfd,
  0xd8, 0xfe, 0x96, 0xfe, 0x56, 0xfe, 0x14, 0xfe, 0x90, 0xd5, 0x8e, 0x94,
  0x8e, 0x63, 0xd8, 0x94, 0x9e, 0xb6, 0x9f, 0xc6, 0x1c, 0xb6, 0x9f, 0xc6,
  0x9e, 0xc6, 0x1f, 0xd7, 0x1f, 0xc7, 0x9e, 0xc6, 0x1e, 0xb6, 0x9a, 0xa5,
  0xdc, 0xa5, 0x5e, 0xb6, 0x9f, 0xe7, 0x5f, 0xd7, 0x5e, 0xb6, 0x9f, 0xc6,
  0x5e, 0xb6, 0x9f, 0xc6, 0x5e, 0xb6, 0x9e, 0xb6, 0x1c, 0xb6, 0x5a, 0x95,
  0xdc, 0xa5, 0x9a, 0xa5, 0x5e, 0xb6, 0x1e, 0xb6, 0x1c, 0xb6, 0x9a, 0xa5,
  0xdc, 0xa5, 0x5e, 0xb6, 0x1c, 0xb6, 0xdc, 0xa5, 0x5e, 0xb6, 0x5e, 0xb6,
  0xdf, 0xc6, 0x1c, 0xb6, 0x1c, 0xb6, 0xdc, 0xa5, 0x5a, 0xa5, 0x58, 0x95,
  0x9f, 0xc6, 0x9f, 0xc6, 0xdc, 0xa5, 0x9e, 0xc6, 0x9e, 0xc6, 0x1f, 0xc7,
  0x5f, 0xd7, 0xdf, 0xe7, 0xdf, 0xc6, 0x9f, 0xe7, 0x9f, 0xd7, 0x5e, 0xb6,
  0x5e, 0xb6, 0x5f, 0xd7, 0xdf, 0xc6, 0x5e, 0xb6, 0x5e, 0xb6, 0xdf, 0xc6,
  0x5f, 0xd7, 0x5f, 0xd7, 0x1f, 0xd7, 0xdf, 0xc6, 0x9f, 0xc6, 0x5f, 0xd7,
  0x9f, 0xd7, 0x9f, 0xe7, 0x5f, 0xd7, 0xdf, 0xc6, 0x58, 0x95, 0x92, 0xc5,
  0x92, 0xe6, 0xcc, 0xb3, 0x8c, 0xd3, 0x94, 0xfd, 0x12, 0xfd, 0x52, 0xfd,
  0x94, 0xfd, 0x94, 0xfd, 0x52, 0xfd, 0x10, 0xfd, 0x92, 0xfd, 0x52, 0xfd,
  0x0e, 0xf4, 0x12, 0xfd, 0xd4, 0xfd, 0xd4, 0xfd, 0x94, 0xfd, 0x16, 0xfe,
  0xd8, 0xfe, 0x56, 0xfe, 0x92, 0xfd, 0x14, 0xfe, 0x56, 0xfe, 0x92, 0xfd,
  0xd0, 0xfc, 0xcc, 0xf3, 0x52, 0xfd, 0x18, 0xff, 0x92, 0xfd, 0x92, 0xfd,
  0x94, 0xfd, 0xd4, 0xfd, 0x56, 0xfe, 0x56, 0xfe, 0x56, 0xfe, 0x92, 0xfd,
  0x12, 0xfd, 0x92, 0xfd, 0xd4, 0xfd, 0x98, 0xfe, 0x1a, 0xff, 0x56, 0xfe,
  0x16, 0xfe, 0xd0, 0xfc, 0x92, 0xfd, 0xd8, 0xfe, 0xd8, 0xfe, 0x52, 0xfd,
  0x52, 0xfd, 0x52, 0xfd, 0xd4, 0xfd, 0x14, 0xfe, 0x92, 0xfd, 0xd4, 0xfd,
  0xd4, 0xfd, 0x52, 0xfd, 0x14, 0xfe, 0x10, 0xfd, 0x12, 0xfd, 0x16, 0xfe,
  0x98, 0xfe, 0x92, 0xfd, 0x52, 0xfd, 0x14, 0xfe, 0x52, 0xfd, 0xd0, 0xfc,
  0x52, 0xfd, 0xd8, 0xfe, 0x94, 0xfd, 0x4e, 0xe4, 0x50, 0xc4, 0xce, 0xb4,
  0x12, 0xd6, 0xc8, 0x93, 0xc6, 0xb4, 0xee, 0xff, 0xf2, 0xff, 0xf0, 0xff,
  0xf0, 0xff, 0xee, 0xff, 0xf0, 0xff, 0xf4, 0xff, 0xf2, 0xff, 0xee, 0xff,
  0xf2, 0xff, 0xf2, 0xff, 0xf0, 0xff, 0xee, 0xff, 0xf0, 0xff, 0xf2, 0xff,
  0xf0, 0xff, 0xf0, 0xff, 0xf0, 0xff, 0xf8, 0xff, 0xf2, 0xff, 0xee, 0xff,
  0xf0, 0xff, 0xf0, 0xff, 0xf2, 0xff, 0xf0, 0xff, 0xee, 0xff, 0xee, 0xff,
  0xf2, 0xff, 0xf0, 0xff, 0xf0, 0xff, 0xee, 0xff, 0xf0, 0xff, 0xf0, 0xff,
  0x4e, 0xe6, 0x0a, 0x94, 0xc8, 0x72, 0xc6, 0x81, 0x4e, 0xfc, 0x14, 0xfe,
  0x52, 0xfd, 0x10, 0xfd, 0x90, 0xfc, 0xd4, 0xfd, 0x96, 0xfe, 0xd4, 0xfd,
  0x52, 0xfd, 0x12, 0xfd, 0x94, 0xfd, 0xd4, 0xfd, 0x56, 0xfe, 0xd8, 0xfe,
  0x52, 0xfd, 0x52, 0xfd, 0xd4, 0xfd, 0x52, 0xfd, 0x52, 0xfd, 0x92, 0xfd,
  0xd4, 0xfd, 0x14, 0xfe, 0x94, 0xfd, 0x92, 0xfd, 0x16, 0xfe, 0x56, 0xfe,
  0xd8, 0xfe, 0x56, 0xfe, 0x92, 0xfd, 0x16, 0xfe, 0x16, 0xfe, 0x52, 0xfd,
  0x14, 0xfe, 0xd4, 0xfd, 0x16, 0xfe, 0x56, 0xfe, 0x98, 0xfe, 0x16, 0xfe,
  0x52, 0xfd, 0xd4, 0xfd, 0x56, 0xfe, 0x56, 0xfe, 0xd8, 0xfe, 0x14, 0xfe,
  0xd4, 0xfd, 0x56, 0xfe, 0x92, 0xfd, 0x92, 0xfd, 0xd4, 0xfd, 0xd8, 0xfe,
  0x94, 0xfd, 0x94, 0xfd, 0x96, 0xfe, 0x56, 0xfe, 0xd4, 0xfd, 0xd4, 0xfd,
  0xd4, 0xfd, 0x94, 0xfd, 0x4e, 0xfc, 0x90, 0xfc, 0x94, 0xfd, 0xd4, 0xfd,
  0x52, 0xfd, 0x10, 0xfd, 0x12, 0xfd, 0x52, 0xfd, 0x1a, 0xff, 0xd8, 0xfe,
  0x96, 0xfe, 0x54, 0xfe, 0x14, 0xf7, 0x4c, 0x94, 0x4e, 0x63, 0x18, 0x95,
  0x5e, 0xb6, 0xdc, 0xa5, 0x9a, 0xa5, 0x1c, 0xa6, 0x9a, 0xa5, 0xdf, 0xc6,
  0x1f, 0xd7, 0x1c, 0xb6, 0x18, 0x95, 0x54, 0x84, 0xd6, 0x84, 0xdc, 0xa5,
  0x5e, 0xb6, 0x1c, 0xb6, 0x1c, 0xb6, 0x9a, 0xa5, 0xdc, 0xa5, 0xdf, 0xc6,
  0x9e, 0xb6, 0x1f, 0xc7, 0x1f, 0xc7, 0x9a, 0xa5, 0x5e, 0xb6, 0x5a, 0x95,
  0xd8, 0x84, 0xd8, 0x84, 0x1e, 0xb6, 0x1c, 0xb6, 0x9f, 0xc6, 0x9f, 0xe7,
  0xdf, 0xc6, 0x96, 0x84, 0x54, 0x84, 0xd6, 0x84, 0x9a, 0xa5, 0x58, 0x95,
  0x96, 0x84, 0xd6, 0x84, 0x18, 0x95, 0xd6, 0x84, 0x5a, 0xa5, 0x1c, 0xb6,
  0xdf, 0xc6, 0xdf, 0xc6, 0x1c, 0xb6, 0x1c, 0xa6, 0x5e, 0xb6, 0x1f, 0xd7,
  0x1c, 0xb6, 0x9e, 0xb6, 0x9e, 0xc6, 0x5e, 0xb6, 0x1c, 0xb6, 0xdf, 0xc6,
  0xdf, 0xc6, 0x5e, 0xb6, 0x5e, 0xb6, 0x5f, 0xd7, 0x5f, 0xd7, 0x9f, 0xe7,
  0x5f, 0xd7, 0xdf, 0xc6, 0x1f, 0xd7, 0x1f, 0xd7, 0x9e, 0xb6, 0x5e, 0xb6,
  0x9f, 0xc6, 0x9f, 0xc6, 0xda, 0xa5, 0x50, 0xb5, 0xd2, 0xd5, 0x0c, 0xc4,
  0x90, 0xfc, 0xd4, 0xfd, 0xd4, 0xfd, 0xd4, 0xfd, 0xd4, 0xfd, 0xd4, 0xfd,
  0x12, 0xfd, 0x52, 0xfd, 0x92, 0xfd, 0xd4, 0xfd, 0xd0, 0xfc, 0x0e, 0xfc,
  0x90, 0xfc, 0x52, 0xfd, 0xd0, 0xfc, 0xd4, 0xfd, 0x16, 0xfe, 0x10, 0xfd,
  0x4e, 0xfc, 0x0e, 0xfc, 0x12, 0xfd, 0x10, 0xfd, 0x94, 0xfd, 0x12, 0xfd,
  0xd4, 0xfd, 0xd8, 0xfe, 0x92, 0xfd, 0x52, 0xfd, 0x96, 0xfe, 0xd4, 0xfd,
  0x16, 0xfe, 0x56, 0xfe, 0x98, 0xfe, 0x12, 0xfd, 0x52, 0xfd, 0x94, 0xfd,
  0x52, 0xfd, 0x56, 0xfe, 0x1a, 0xff, 0x14, 0xfe, 0xd8, 0xfe, 0x16, 0xfe,
  0x52, 0xfd, 0x98, 0xfe, 0x56, 0xfe, 0xd4, 0xfd, 0x10, 0xfd, 0x4e, 0xfc,
  0x52, 0xfd, 0xd4, 0xfd, 0x56, 0xfe, 0xd8, 0xfe, 0xd8, 0xfe, 0x16, 0xfe,
  0x14, 0xfe, 0x92, 0xfd, 0x16, 0xfe, 0xd8, 0xfe, 0x52, 0xfd, 0x52, 0xfd,
  0x16, 0xfe, 0x14, 0xfe, 0x52, 0xfd, 0xd4, 0xfd, 0x52, 0xfd, 0x12, 0xfd,
  0x52, 0xfd, 0xd0, 0xfc, 0x0e, 0xd4, 0x8e, 0xb4, 0x90, 0xc5, 0xcc, 0xa4,
  0x08, 0xc5, 0xf0, 0xff, 0xf2, 0xff, 0x0a, 0xff, 0xee, 0xff, 0xf4, 0xff,
  0xf2, 0xff, 0xf4, 0xff, 0xf2, 0xff, 0xf0, 0xff, 0xf2, 0xff, 0xf2, 0xff,
  0xf6, 0xff, 0xf2, 0xff, 0xf0, 0xff, 0xf4, 0xff, 0xf2, 0xff, 0xf2, 0xff,
  0xf4, 0xff, 0xf2, 0xff, 0xf2, 0xff, 0xf2, 0xff, 0xee, 0xff, 0xee, 0xff,
  0xf0, 0xff, 0xf0, 0xff, 0xee, 0xff, 0xf0, 0xff, 0xf2, 0xff, 0xf0, 0xff,
  0xf0, 0xff, 0xf2, 0xff, 0xee, 0xff, 0xee, 0xff, 0x0a, 0xd6, 0x0c, 0x94,
  0x48, 0x83, 0x06, 0x82, 0x90, 0xfc, 0x1a, 0xff, 0xd4, 0xfd, 0x92, 0xfd,
  0x52, 0xfd, 0xd4, 0xfd, 0x56, 0xfe, 0x56, 0xfe, 0x96, 0xfe, 0xd4, 0xfd,
  0x52, 0xfd, 0x56, 0xfe, 0x1a, 0xff, 0x56, 0xfe, 0xd0, 0xfc, 0x12, 0xfd,
  0x94, 0xfd, 0xd4, 0xfd, 0x16, 0xfe, 0x14, 0xfe, 0x94, 0xfd, 0x92, 0xfd,
  0x98, 0xfe, 0x52, 0xfd, 0x14, 0xfe, 0xd8, 0xfe, 0xd8, 0xfe, 0x94, 0xfd,
  0x92, 0xfd, 0x16, 0xfe, 0x94, 0xfd, 0xd4, 0xfd, 0x56, 0xfe, 0xd8, 0xfe,
  0xd4, 0xfd, 0x56, 0xfe, 0x96, 0xfe, 0xd4, 0xfd, 0x92, 0xfd, 0xd0, 0xfc,
  0x92, 0xfd, 0x94, 0xfd, 0x92, 0xfd, 0x92, 0xfd, 0x52, 0xfd, 0x94, 0xfd,
  0x94, 0xfd, 0x94, 0xfd, 0x52, 0xfd, 0xd4, 0xfd, 0x94, 0xfd, 0x14, 0xfe,
  0x96, 0xfe, 0xd4, 0xfd, 0x16, 0xfe, 0xd8, 0xfe, 0x1a, 0xff, 0x16, 0xfe,
  0x52, 0xfd, 0x56, 0xfe, 0xd4, 0xfd, 0xd4, 0xfd, 0x92, 0xfd, 0xd0, 0xfc,
  0xd0, 0xfc, 0x52, 0xfd, 0x56, 0xfe, 0x16, 0xfe, 0x96, 0xfe, 0x92, 0xfd,
  0x12, 0xd6, 0xd2, 0xc5, 0x4e, 0x63, 0x9a, 0xa5, 0x9f, 0xc6, 0x9a, 0xa5,
  0xdc, 0xa5, 0x5e, 0xb6, 0xdc, 0xa5, 0xdc, 0xa5, 0x1f, 0xd7, 0x9e, 0xc6,
  0x1f, 0xc7, 0x9e, 0xb6, 0x54, 0x84, 0x96, 0x84, 0xd8, 0x84, 0x5e, 0xb6,
  0xff, 0xf7, 0x5c, 0xb6, 0x18, 0x95, 0x1c, 0xb6, 0x5e, 0xb6, 0xdf, 0xc6,
  0xff, 0xe7, 0x5f, 0xd7, 0x1f, 0xc7, 0x5e, 0xb6, 0x16, 0x95, 0x14, 0x74,
  0x9c, 0xa5, 0x5f, 0xd7, 0xdf, 0xc6, 0x9f, 0xd7, 0xff, 0xf7, 0x9f, 0xc6,
  0x18, 0x95, 0x96, 0x84, 0x9a, 0xa5, 0x9e, 0xb6, 0x5f, 0xd7, 0x5f, 0xd7,
  0xff, 0xf7, 0xff, 0xf7, 0x1f, 0xd7, 0xdf, 0xe7, 0xff, 0xff, 0xdf, 0xe7,
  0x1f, 0xd7, 0x9f, 0xc6, 0x5e, 0xb6, 0x5e, 0xb6, 0x5e, 0xb6, 0x1f, 0xd7,
  0x5f, 0xd7, 0x5e, 0xb6, 0x9e, 0xc6, 0x5f, 0xd7, 0xdf, 0xc6, 0x9a, 0xa5,
  0x5e, 0xb6, 0xdf, 0xc6, 0x1f, 0xc7, 0x5f, 0xd7, 0xff, 0xe7, 0x1f, 0xd7,
  0x5e, 0xb6, 0x1e, 0xb6, 0x9a, 0xa5, 0xdc, 0xa5, 0x9e, 0xc6, 0x5c, 0xb6,
  0xda, 0xa5, 0x54, 0xd6, 0x50, 0xc5, 0x4a, 0xb3, 0x0e, 0xf4, 0x52, 0xfd,
  0x98, 0xfe, 0x16, 0xfe, 0xd4, 0xfd, 0x14, 0xfe, 0x92, 0xfd, 0x52, 0xfd,
  0x4e, 0xfc, 0x94, 0xfd, 0x12, 0xfd, 0xcc, 0xfb, 0x90, 0xfc, 0x12, 0xfd,
  0x0e, 0xfc, 0x0e, 0xfc, 0xce, 0xfb, 0x90, 0xfc, 0x0e, 0xfc, 0x4a, 0xe3,
  0x4a, 0xe3, 0x4e, 0xfc, 0xd4, 0xfd, 0x52, 0xfd, 0xd4, 0xfd, 0x92, 0xfd,
  0x94, 0xfd, 0xd4, 0xfd, 0x16, 0xfe, 0xd4, 0xfd, 0x16, 0xfe, 0x56, 0xfe,
  0x14, 0xfe, 0x52, 0xfd, 0x12, 0xfd, 0xd4, 0xfd, 0x56, 0xfe, 0xd4, 0xfd,
  0x52, 0xfd, 0x90, 0xfc, 0x52, 0xfd, 0x52, 0xfd, 0xd4, 0xfd, 0x16, 0xfe,
  0x12, 0xfd, 0x10, 0xfd, 0xd0, 0xfc, 0x4e, 0xfc, 0x10, 0xfd, 0x52, 0xfd,
  0xd4, 0xfd, 0x98, 0xfe, 0x98, 0xfe, 0xd4, 0xfd, 0xd4, 0xfd, 0x94, 0xfd,
  0x14, 0xfe, 0xd8, 0xfe, 0x94, 0xfd, 0xd0, 0xfc, 0xd4, 0xfd, 0x52, 0xfd,
  0x10, 0xfd, 0x90, 0xfc, 0x92, 0xfd, 0x92, 0xfd, 0xd4, 0xfd, 0x1a, 0xff,
  0xd0, 0xfc, 0x8e, 0xc4, 0x4c, 0x94, 0x4a, 0x94, 0x48, 0xc5, 0xf0, 0xff,
  0xee, 0xff, 0x8c, 0xff, 0xec, 0xff, 0xee, 0xff, 0xf2, 0xff, 0xf4, 0xff,
  0xf4, 0xff, 0xf0, 0xff, 0xf0, 0xff, 0xf2, 0xff, 0xf6, 0xff, 0xf2, 0xff,
  0xf2, 0xff, 0xf2, 0xff, 0xf0, 0xff, 0xf2, 0xff, 0xf2, 0xff, 0xf0, 0xff,
  0xf2, 0xff, 0xf0, 0xff, 0xee, 0xff, 0xec, 0xff, 0xee, 0xff, 0xf4, 0xff,
  0xf2, 0xff, 0xf2, 0xff, 0xf2, 0xff, 0xec, 0xff, 0xec, 0xff, 0xee, 0xff,
  0xee, 0xff, 0xec, 0xff, 0x8a, 0xc5, 0x12, 0xd6, 0x10, 0xd5, 0x4a, 0xc3,
  0x0e, 0xf4, 0x14, 0xfe, 0xd4, 0xfd, 0xd4, 0xfd, 0x94, 0xfd, 0x56, 0xfe,
  0x98, 0xfe, 0xd4, 0xfd, 0x98, 0xfe, 0xd8, 0xfe, 0xd4, 0xfd, 0x52, 0xfd,
  0x14, 0xfe, 0x94, 0xfd, 0x52, 0xfd, 0xd0, 0xfc, 0x52, 0xfd, 0x98, 0xfe,
  0xd4, 0xfd, 0x16, 0xfe, 0x94, 0xfd, 0x94, 0xfd, 0xd8, 0xfe, 0x14, 0xfe,
  0x94, 0xfd, 0x94, 0xfd, 0xd4, 0xfd, 0x90, 0xfc, 0xd0, 0xfc, 0xd0, 0xfc,
  0x4e, 0xfc, 0x92, 0xfd, 0xd4, 0xfd, 0x56, 0xfe, 0xd4, 0xfd, 0x56, 0xfe,
  0x14, 0xfe, 0xd4, 0xfd, 0x16, 0xfe, 0x52, 0xfd, 0xd4, 0xfd, 0x14, 0xfe,
  0xd4, 0xfd, 0x94, 0xfd, 0x12, 0xfd, 0x10, 0xfd, 0xd4, 0xfd, 0x12, 0xfd,
  0x94, 0xfd, 0x92, 0xfd, 0xd4, 0xfd, 0x14, 0xfe, 0x94, 0xfd, 0x16, 0xfe,
  0x96, 0xfe, 0xd4, 0xfd, 0xd4, 0xfd, 0xd4, 0xfd, 0x5a, 0xff, 0xdc, 0xff,
  0x16, 0xfe, 0xd4, 0xfd, 0x16, 0xfe, 0x92, 0xfd, 0x92, 0xfd, 0x14, 0xfe,
  0x56, 0xfe, 0x92, 0xfd, 0xd8, 0xfe, 0xd4, 0xfd, 0x0e, 0xc5, 0xce, 0xa4,
  0x0e, 0x63, 0x5a, 0x95, 0xdf, 0xc6, 0x5e, 0xb6, 0x9e, 0xc6, 0x5f, 0xd7,
  0xdf, 0xe7, 0x5e, 0xb6, 0xd8, 0x94, 0xd8, 0x94, 0x5e, 0xb6, 0x5e, 0xb6,
  0x96, 0x84, 0x90, 0x63, 0x54, 0x84, 0x18, 0x95, 0x5e, 0xb6, 0x9f, 0xd7,
  0x1c, 0xb6, 0xd2, 0x73, 0x96, 0x84, 0xda, 0xa5, 0x1f, 0xd7, 0xff, 0xf7,
  0xdf, 0xe7, 0xff, 0xff, 0xff, 0xff, 0x9e, 0xc6, 0x96, 0x84, 0x5e, 0xb6,
  0x9e, 0xb6, 0x9f, 0xc6, 0x5f, 0xd7, 0xff, 0xe7, 0x9f, 0xd7, 0xda, 0xa5,
  0x5e, 0xb6, 0xff, 0xf7, 0xdf, 0xe7, 0x1f, 0xc7, 0xff, 0xf7, 0xff, 0xff,
  0x5f, 0xd7, 0x9f, 0xd7, 0xff, 0xf7, 0x9f, 0xe7, 0xdc, 0xa5, 0x9a, 0xa5,
  0x1c, 0xb6, 0x5e, 0xb6, 0x5e, 0xb6, 0x5e, 0xb6, 0x5f, 0xd7, 0x5e, 0xb6,
  0x5f, 0xd7, 0x1f, 0xc7, 0x9e, 0xb6, 0x18, 0x95, 0x96, 0x84, 0x18, 0x95,
  0x5a, 0x95, 0xdc, 0xa5, 0xdc, 0xa5, 0x9a, 0xa5, 0x18, 0x95, 0x18, 0x95,
  0x18, 0x95, 0x18, 0x95, 0xda, 0xa5, 0xda, 0xa5, 0x5c, 0xc6, 0x52, 0xb5,
  0x50, 0xb5, 0x48, 0x82, 0xca, 0xb2, 0x4a, 0xd3, 0x4e, 0xfc, 0x4e, 0xfc,
  0x4e, 0xfc, 0xd0, 0xfc, 0xd4, 0xfd, 0x16, 0xfe, 0xd0, 0xfc, 0x90, 0xfc,
  0x4e, 0xfc, 0x0e, 0xfc, 0x90, 0xfc, 0x0e, 0xfc, 0x8c, 0xf3, 0x8c, 0xfb,
  0x8c, 0xf3, 0x8e, 0xfc, 0xd4, 0xfd, 0x92, 0xfd, 0xcc, 0xf3, 0x0a, 0xe3,
  0xcc, 0xf3, 0x0e, 0xfc, 0x90, 0xfc, 0x8e, 0xfc, 0xd0, 0xfc, 0x10, 0xfd,
  0x12, 0xfd, 0x52, 0xfd, 0x94, 0xfd, 0x92, 0xfd, 0x52, 0xfd, 0x14, 0xfe,
  0x94, 0xfd, 0x92, 0xfd, 0xd4, 0xfd, 0x12, 0xfd, 0x90, 0xfc, 0x12, 0xfd,
  0x16, 0xfe, 0xd4, 0xfd, 0x12, 0xfd, 0x16, 0xfe, 0x56, 0xfe, 0x92, 0xfd,
  0xd4, 0xfd, 0xd4, 0xfd, 0xd0, 0xfc, 0x92, 0xfd, 0x14, 0xfe, 0x56, 0xfe,
  0x98, 0xfe, 0xd4, 0xfd, 0x16, 0xfe, 0x56, 0xfe, 0xd4, 0xfd, 0x14, 0xfe,
  0x14, 0xfe, 0x14, 0xfe, 0xd4, 0xfd, 0x92, 0xfd, 0x52, 0xfd, 0x10, 0xfd,
  0x94, 0xfd, 0x56, 0xfe, 0xd4, 0xfd, 0x16, 0xfe, 0x52, 0xfd, 0xd0, 0xc4,
  0x90, 0xc5, 0x0a, 0x94, 0x08, 0xb5, 0xf0, 0xff, 0xf2, 0xff, 0xee, 0xff,
  0xee, 0xff, 0xee, 0xff, 0xf0, 0xff, 0xf0, 0xff, 0xf0, 0xff, 0xee, 0xff,
  0xee, 0xff, 0xf0, 0xff, 0xf2, 0xff, 0xf0, 0xff, 0xf4, 0xff, 0xf2, 0xff,
  0xee, 0xff, 0xf0, 0xff, 0xf0, 0xff, 0xf0, 0xff, 0xf2, 0xff, 0xee, 0xff,
  0xf0, 0xff, 0xf0, 0xff, 0xf0, 0xff, 0xf0, 0xff, 0xf2, 0xff, 0xf2, 0xff,
  0xee, 0xff, 0xf0, 0xff, 0xf0, 0xff, 0xee, 0xff, 0xf0, 0xff, 0xcc, 0xff,
  0x4a, 0xb5, 0x50, 0xc5, 0xd0, 0xd4, 0x50, 0xf4, 0x50, 0xfc, 0x4e, 0xfc,
  0x52, 0xfd, 0xd4, 0xfd, 0x56, 0xfe, 0x56, 0xfe, 0x16, 0xfe, 0x90, 0xfc,
  0xd0, 0xfc, 0x14, 0xfe, 0x14, 0xfe, 0x52, 0xfd, 0xd4, 0xfd, 0xd4, 0xfd,
  0xd4, 0xfd, 0x12, 0xfd, 0x12, 0xfd, 0x10, 0xfd, 0xd0, 0xfc, 0x52, 0xfd,
  0x52, 0xfd, 0x52, 0xfd, 0xd4, 0xfd, 0x14, 0xfe, 0xd4, 0xfd, 0x14, 0xfe,
  0x92, 0xfd, 0xd0, 0xfc, 0x10, 0xfd, 0x8e, 0xfc, 0xd0, 0xfc, 0x52, 0xfd,
  0x52, 0xfd, 0xd4, 0xfd, 0x16, 0xfe, 0x14, 0xfe, 0x52, 0xfd, 0x12, 0xfd,
  0x52, 0xfd, 0x92, 0xfd, 0x56, 0xfe, 0x96, 0xfe, 0x92, 0xfd, 0x92, 0xfd,
  0x94, 0xfd, 0x92, 0xfd, 0x98, 0xfe, 0x92, 0xfd, 0x52, 0xfd, 0x10, 0xfd,
  0x10, 0xfd, 0x12, 0xfd, 0x52, 0xfd, 0x14, 0xfe, 0x52, 0xfd, 0x12, 0xfd,
  0x52, 0xfd, 0x94, 0xfd, 0xdc, 0xff, 0x5a, 0xff, 0x94, 0xfd, 0x94, 0xfd,
  0xd4, 0xfd, 0x52, 0xfd, 0x94, 0xfd, 0x52, 0xfd, 0xd4, 0xfd, 0x94, 0xfd,
  0x56, 0xfe, 0x14, 0xfe, 0x50, 0xc5, 0xcc, 0x83, 0x0e, 0x53, 0xd6, 0x84,
  0x1c, 0xa6, 0xda, 0xa5, 0x1c, 0xb6, 0x1c, 0xb6, 0x9e, 0xc6, 0x1c, 0xb6,
  0x96, 0x84, 0x96, 0x84, 0xd8, 0x84, 0xd6, 0x84, 0xd2, 0x73, 0xce, 0x52,
  0x50, 0x63, 0x14, 0x74, 0xd2, 0x73, 0x58, 0x95, 0x9a, 0xa5, 0x90, 0x63,
  0x50, 0x63, 0x92, 0x63, 0xd2, 0x73, 0x5a, 0x95, 0x1c, 0xa6, 0xda, 0xb5,
  0x5f, 0xd7, 0x9f, 0xe7, 0x18, 0x95, 0x5a, 0x95, 0x5a, 0x95, 0x9a, 0xa5,
  0x5e, 0xb6, 0xdf, 0xc6, 0x1f, 0xc7, 0x9a, 0xa5, 0x1c, 0xb6, 0xdf, 0xe7,
  0x9e, 0xc6, 0x18, 0x95, 0x9a, 0xa5, 0x9a, 0xa5, 0x9e, 0xc6, 0x1f, 0xd7,
  0x5e, 0xb6, 0xdc, 0xa5, 0xd6, 0x84, 0xd8, 0x84, 0x96, 0x84, 0x54, 0x84,
  0x18, 0x95, 0x9a, 0xa5, 0x5e, 0xb6, 0x1c, 0xb6, 0x5e, 0xb6, 0x9a, 0xa5,
  0x5a, 0x95, 0xd6, 0x84, 0xd6, 0x84, 0xdc, 0xa5, 0x18, 0x95, 0x54, 0x74,
  0x96, 0x84, 0xd8, 0x94, 0x58, 0x95, 0x5f, 0xd7, 0xff, 0xf7, 0xdf, 0xc6,
  0x18, 0x95, 0xd6, 0x84, 0x94, 0x84, 0x92, 0xc5, 0x94, 0xe6, 0xc8, 0x72,
  0x48, 0x92, 0xcc, 0xe3, 0x4a, 0xd3, 0x4c, 0xd3, 0x4c, 0xd3, 0x4a, 0xe3,
  0x90, 0xfc, 0x52, 0xfd, 0x94, 0xfd, 0xd0, 0xfc, 0x52, 0xfd, 0x0e, 0xf4,
  0x52, 0xfd, 0x56, 0xfe, 0x52, 0xfd, 0x0e, 0xe4, 0x8c, 0xd3, 0x8c, 0xe3,
  0x56, 0xfe, 0x58, 0xff, 0x94, 0xfd, 0x0e, 0xfc, 0x4a, 0xe3, 0x4a, 0xe3,
  0x4e, 0xfc, 0x4e, 0xfc, 0x8c, 0xf3, 0xd0, 0xfc, 0x90, 0xfc, 0x4e, 0xfc,
  0x94, 0xfd, 0x52, 0xfd, 0x94, 0xfd, 0x96, 0xfe, 0x94, 0xfd, 0xd4, 0xfd,
  0x98, 0xfe, 0x12, 0xfd, 0xcc, 0xf3, 0x12, 0xfd, 0x98, 0xfe, 0x16, 0xfe,
  0xd4, 0xfd, 0x98, 0xfe, 0x56, 0xfe, 0x52, 0xfd, 0x14, 0xfe, 0x56, 0xfe,
  0x16, 0xfe, 0x52, 0xfd, 0xd4, 0xfd, 0x56, 0xfe, 0x56, 0xfe, 0x10, 0xfd,
  0x56, 0xfe, 0xd4, 0xfd, 0x52, 0xfd, 0x52, 0xfd, 0xd4, 0xfd, 0x5a, 0xff,
  0x9a, 0xff, 0x56, 0xfe, 0xd4, 0xfd, 0x52, 0xfd, 0x12, 0xfd, 0x52, 0xfd,
  0x94, 0xfd, 0x94, 0xfd, 0xce, 0xd3, 0xd2, 0xe5, 0xfa, 0xff, 0x0e, 0xb5,
  0x48, 0xc5, 0xee, 0xff, 0xf2, 0xff, 0xf2, 0xff, 0xee, 0xff, 0xee, 0xff,
  0xee, 0xff, 0xee, 0xff, 0xf0, 0xff, 0xee, 0xff, 0xee, 0xff, 0xf0, 0xff,
  0xf4, 0xff, 0xf2, 0xff, 0xf2, 0xff, 0xee, 0xff, 0xee, 0xff, 0xee, 0xff,
  0xf0, 0xff, 0xf0, 0xff, 0xee, 0xff, 0xee, 0xff, 0xee, 0xff, 0xee, 0xff,
  0xec, 0xff, 0x8a, 0xff, 0x8c, 0xff, 0xee, 0xff, 0xf0, 0xff, 0xf2, 0xff,
  0xee, 0xff, 0xf0, 0xff, 0xf8, 0xff, 0xf6, 0xff, 0xd2, 0xff, 0x92, 0xe6,
  0x0c, 0xb4, 0xd2, 0xfc, 0x94, 0xfd, 0xd0, 0xfc, 0x92, 0xfd, 0xd4, 0xfd,
  0x92, 0xfd, 0x92, 0xfd, 0x8e, 0xfc, 0x8c, 0xe3, 0x8e, 0xfc, 0x10, 0xfd,
  0xd0, 0xfc, 0x10, 0xfd, 0x12, 0xfd, 0x12, 0xfd, 0x52, 0xfd, 0x94, 0xfd,
  0x94, 0xfd, 0x52, 0xfd, 0x12, 0xfd, 0x52, 0xfd, 0xd4, 0xfd, 0x92, 0xfd,
  0x98, 0xfe, 0x92, 0xfd, 0x92, 0xfd, 0x12, 0xfd, 0x10, 0xfd, 0x94, 0xfd,
  0x52, 0xfd, 0xd0, 0xfc, 0x12, 0xfd, 0x52, 0xfd, 0x52, 0xfd, 0x56, 0xfe,
  0x56, 0xfe, 0x56, 0xfe, 0x90, 0xfc, 0x0e, 0xfc, 0x92, 0xfd, 0x98, 0xfe,
  0x5a, 0xff, 0xd8, 0xfe, 0x94, 0xfd, 0x96, 0xfe, 0xd4, 0xfd, 0x52, 0xfd,
  0x52, 0xfd, 0x52, 0xfd, 0x52, 0xfd, 0x52, 0xfd, 0x92, 0xfd, 0x12, 0xfd,
  0xd4, 0xfd, 0x14, 0xfe, 0x94, 0xfd, 0xd4, 0xfd, 0x16, 0xfe, 0x92, 0xfd,
  0x9c, 0xff, 0xdc, 0xff, 0x56, 0xfe, 0xd4, 0xfd, 0x52, 0xfd, 0x90, 0xfc,
  0x12, 0xfd, 0xd0, 0xfc, 0x12, 0xfd, 0x52, 0xfd, 0x14, 0xfe, 0xd2, 0xfd,
  0x52, 0xe6, 0xce, 0xa4, 0x0e, 0x63, 0x96, 0x84, 0x58, 0x95, 0x18, 0x95,
  0x18, 0x95, 0x58, 0x95, 0x5e, 0xb6, 0x1f, 0xd7, 0x1c, 0xb6, 0x96, 0x84,
  0xd2, 0x73, 0x0e, 0x53, 0xcc, 0x52, 0x8c, 0x42, 0xce, 0x52, 0xd2, 0x73,
  0x54, 0x84, 0x50, 0x63, 0x0e, 0x53, 0xcc, 0x52, 0x8c, 0x42, 0xcc, 0x52,
  0x8c, 0x42, 0x0e, 0x53, 0xd2, 0x73, 0x90, 0x63, 0x0e, 0x53, 0xd2, 0x73,
  0x14, 0x74, 0x14, 0x74, 0x12, 0x74, 0xd8, 0x84, 0x5a, 0x95, 0x1c, 0xb6,
  0x5e, 0xb6, 0x9a, 0xa5, 0x9a, 0xa5, 0xdc, 0xa5, 0x18, 0x95, 0x54, 0x74,
  0xdc, 0xa5, 0xdc, 0xa5, 0x1a, 0x95, 0xd6, 0x84, 0x18, 0x95, 0x9a, 0xa5,
  0x14, 0x74, 0x96, 0x84, 0x96, 0x84, 0xd2, 0x73, 0x54, 0x74, 0x56, 0x84,
  0x56, 0x84, 0x96, 0x84, 0x18, 0x95, 0x9a, 0xa5, 0x18, 0x95, 0xd2, 0x73,
  0x92, 0x63, 0xda, 0xa5, 0xdf, 0xc6, 0x5a, 0xa5, 0x5a, 0x95, 0x1f, 0xd7,
  0x9f, 0xd7, 0x5f, 0xd7, 0xdf, 0xe7, 0xff, 0xe7, 0xdf, 0xe7, 0x9e, 0xc6,
  0xda, 0xb5, 0x14, 0xd6, 0x94, 0xe6, 0x46, 0x62, 0x88, 0x92, 0xcc, 0xe3,
  0x0a, 0xc3, 0xca, 0xa2, 0x48, 0x92, 0x48, 0x92, 0xca, 0xc2, 0x4e, 0xfc,
  0xd0, 0xfc, 0x4e, 0xf4, 0x90, 0xfc, 0x8c, 0xe3, 0xd0, 0xfc, 0xdc, 0xff,
  0xfc, 0xff, 0x18, 0xff, 0xd4, 0xfd, 0x92, 0xfd, 0xd4, 0xfd, 0xd4, 0xfd,
  0x4e, 0xfc, 0xd4, 0xfd, 0x94, 0xfd, 0xd0, 0xfc, 0x14, 0xfe, 0x5a, 0xff,
  0x52, 0xfd, 0x0e, 0xfc, 0x4e, 0xfc, 0x4e, 0xfc, 0x12, 0xfd, 0x12, 0xfd,
  0xd0, 0xfc, 0x10, 0xfd, 0x90, 0xfc, 0x50, 0xfc, 0x90, 0xfc, 0x0e, 0xfc,
  0x4a, 0xe3, 0x50, 0xfc, 0x12, 0xfd, 0x50, 0xfc, 0x90, 0xfc, 0x90, 0xfc,
  0x4e, 0xfc, 0x4e, 0xfc, 0xd4, 0xfd, 0x16, 0xfe, 0x50, 0xfc, 0x0e, 0xfc,
  0xd0, 0xfc, 0x90, 0xfc, 0x90, 0xfc, 0x16, 0xfe, 0x56, 0xfe, 0xd0, 0xfc,
  0xd2, 0xfc, 0x0e, 0xfc, 0xcc, 0xfb, 0xd0, 0xfc, 0x16, 0xfe, 0xd4, 0xfd,
  0x0e, 0xfc, 0x8c, 0xf3, 0xce, 0xfb, 0x8c, 0xe3, 0x4c, 0xd3, 0x12, 0xfd,
  0x90, 0xfc, 0xce, 0xc4, 0x52, 0xd6, 0x4e, 0xc5, 0x0a, 0xe6, 0xf0, 0xff,
  0xf0, 0xff, 0xf0, 0xff, 0xee, 0xff, 0xee, 0xff, 0xec, 0xff, 0xec, 0xff,
  0xec, 0xff, 0xf2, 0xff, 0xf0, 0xff, 0xf2, 0xff, 0xf2, 0xff, 0xf0, 0xff,
  0xee, 0xff, 0xf0, 0xff, 0xee, 0xff, 0xee, 0xff, 0xee, 0xff, 0xf0, 0xff,
  0xf0, 0xff, 0xf0, 0xff, 0xee, 0xff, 0xf2, 0xff, 0xf0, 0xff, 0xec, 0xff,
  0xf2, 0xff, 0xf2, 0xff, 0xf4, 0xff, 0xf0, 0xff, 0xee, 0xff, 0xee, 0xff,
  0xf4, 0xff, 0xf6, 0xff, 0xf2, 0xff, 0xd4, 0xf6, 0x4c, 0xa4, 0x0a, 0xc3,
  0xd0, 0xfc, 0x52, 0xfd, 0x16, 0xfe, 0x94, 0xfd, 0x12, 0xfd, 0x92, 0xfd,
  0xd4, 0xfd, 0x90, 0xfc, 0x12, 0xfd, 0x12, 0xfd, 0x94, 0xfd, 0x94, 0xfd,
  0x12, 0xfd, 0x92, 0xfd, 0xd4, 0xfd, 0x52, 0xfd, 0x94, 0xfd, 0x52, 0xfd,
  0x12, 0xfd, 0xd4, 0xfd, 0x96, 0xfe, 0x94, 0xfd, 0x14, 0xfe, 0x92, 0xfd,
  0x52, 0xfd, 0x12, 0xfd, 0x52, 0xfd, 0x94, 0xfd, 0x92, 0xfd, 0x12, 0xfd,
  0x12, 0xfd, 0x12, 0xfd, 0xd0, 0xfc, 0xd4, 0xfd, 0x52, 0xfd, 0xd4, 0xfd,
  0x12, 0xfd, 0xd0, 0xfc, 0x52, 0xfd, 0xd4, 0xfd, 0x56, 0xfe, 0xd4, 0xfd,
  0x52, 0xfd, 0x94, 0xfd, 0x94, 0xfd, 0x92, 0xfd, 0x52, 0xfd, 0x12, 0xfd,
  0x52, 0xfd, 0x52, 0xfd, 0xd4, 0xfd, 0xd4, 0xfd, 0x94, 0xfd, 0x12, 0xfd,
  0x4e, 0xfc, 0x56, 0xfe, 0x96, 0xfe, 0x14, 0xfe, 0xd8, 0xfe, 0x5a, 0xff,
  0xd8, 0xfe, 0x14, 0xfe, 0xd4, 0xfd, 0x10, 0xfd, 0x52, 0xfd, 0x92, 0xfd,
  0x52, 0xfd, 0x94, 0xfd, 0xd8, 0xfe, 0x52, 0xfd, 0x12, 0xd6, 0x12, 0xd6,
  0x0c, 0x53, 0x50, 0x63, 0x90, 0x63, 0x50, 0x63, 0x4e, 0x53, 0x0e, 0x53,
  0xd2, 0x73, 0x18, 0x95, 0xd6, 0x84, 0x54, 0x84, 0x4e, 0x63, 0x8a, 0x42,
  0x08, 0x32, 0xc8, 0x31, 0x8c, 0x42, 0x0e, 0x53, 0x90, 0x63, 0x54, 0x74,
  0x94, 0x84, 0x16, 0x95, 0xd6, 0x94, 0x18, 0x95, 0x58, 0x95, 0xd0, 0x63,
  0x0e, 0x53, 0x58, 0x95, 0x12, 0x74, 0x0e, 0x53, 0x50, 0x63, 0x90, 0x63,
  0x12, 0x74, 0xd6, 0x84, 0x54, 0x74, 0x54, 0x74, 0xd8, 0x84, 0xd8, 0x84,
  0x18, 0x95, 0x54, 0x84, 0x90, 0x63, 0x0e, 0x53, 0x96, 0x84, 0x18, 0x95,
  0x92, 0x63, 0x0e, 0x53, 0xd2, 0x73, 0xd2, 0x73, 0x50, 0x63, 0x14, 0x74,
  0x18, 0x95, 0x90, 0x63, 0x90, 0x63, 0x54, 0x74, 0xdc, 0xa5, 0x54, 0x74,
  0x54, 0x74, 0xdf, 0xc6, 0x5f, 0xd7, 0x58, 0x95, 0x96, 0x84, 0x96, 0x84,
  0x1c, 0xb6, 0x9a, 0xa5, 0xd6, 0x84, 0x9a, 0xa5, 0x9a, 0xa5, 0x18, 0x95,
  0xd6, 0x84, 0xd8, 0x94, 0x1c, 0xb6, 0xdf, 0xc6, 0x9a, 0xa5, 0x12, 0xd6,
  0x12, 0xd6, 0xc8, 0x72, 0x06, 0x72, 0x06, 0x72, 0x06, 0x82, 0x84, 0x61,
  0xc6, 0x71, 0x48, 0x82, 0xc6, 0x71, 0x48, 0xa2, 0x88, 0xa2, 0x88, 0x92,
  0x88, 0xa2, 0x88, 0xb2, 0x8c, 0xd3, 0x94, 0xfd, 0x96, 0xfe, 0x56, 0xfe,
  0x92, 0xfd, 0x14, 0xfe, 0x1a, 0xff, 0x96, 0xfe, 0x90, 0xfc, 0x90, 0xf4,
  0x92, 0xfd, 0xd0, 0xfc, 0x4e, 0xfc, 0x16, 0xfe, 0xd4, 0xfd, 0xce, 0xf3,
  0x0e, 0xfc, 0x4c, 0xe3, 0x4a, 0xe3, 0x8c, 0xe3, 0x4c, 0xd3, 0x0a, 0xd3,
  0x0e, 0xe4, 0xca, 0xa2, 0x88, 0xa2, 0x0a, 0xc3, 0x48, 0x92, 0x88, 0xa2,
  0x0a, 0xb3, 0x8c, 0xd3, 0xcc, 0xe3, 0x0a, 0xc3, 0xca, 0xb2, 0x8c, 0xe3,
  0xce, 0xf3, 0x4c, 0xd3, 0x88, 0xb2, 0x0a, 0xd3, 0x0e, 0xfc, 0x4a, 0xd3,
  0x4a, 0xc3, 0xd0, 0xfc, 0x4e, 0xf4, 0xcc, 0xe3, 0x4a, 0xd3, 0xca, 0xb2,
  0x88, 0xa2, 0x88, 0xb2, 0xcc, 0xe3, 0x4e, 0xf4, 0x4a, 0xc3, 0x48, 0x92,
  0x48, 0x92, 0x06, 0x82, 0xc6, 0x71, 0x0a, 0xa3, 0xcc, 0xc3, 0xcc, 0xa3,
  0x90, 0xc5, 0xcc, 0xb4, 0xca, 0xd5, 0xec, 0xff, 0xf0, 0xff, 0xf0, 0xff,
  0xee, 0xff, 0x8a, 0xff, 0x4a, 0xff, 0xca, 0xff, 0x4a, 0xff, 0xee, 0xff,
  0xee, 0xff, 0xee, 0xff, 0xf2, 0xff, 0xee, 0xff, 0xec, 0xff, 0xee, 0xff,
  0xee, 0xff, 0xf2, 0xff, 0x0c, 0xff, 0xec, 0xff, 0xec, 0xff, 0xee, 0xff,
  0xec, 0xff, 0xf0, 0xff, 0xf4, 0xff, 0xf0, 0xff, 0xf2, 0xff, 0xf0, 0xff,
  0xee, 0xff, 0xee, 0xff, 0xf0, 0xff, 0xf2, 0xff, 0x4c, 0xff, 0xf2, 0xff,
  0x8e, 0xe6, 0xd0, 0xc5, 0xca, 0x93, 0x88, 0xa2, 0x4e, 0xfc, 0x10, 0xfd,
  0xd0, 0xfc, 0x52, 0xfd, 0x94, 0xfd, 0x56, 0xfe, 0xd8, 0xfe, 0x56, 0xfe,
  0x16, 0xfe, 0x12, 0xfd, 0x12, 0xfd, 0x94, 0xfd, 0x92, 0xfd, 0x56, 0xfe,
  0x14, 0xfe, 0x52, 0xfd, 0xd4, 0xfd, 0x52, 0xfd, 0x12, 0xfd, 0xd4, 0xfd,
  0x16, 0xfe, 0x52, 0xfd, 0x16, 0xfe, 0x14, 0xfe, 0x92, 0xfd, 0x52, 0xfd,
  0x92, 0xfd, 0x16, 0xfe, 0x56, 0xfe, 0x16, 0xfe, 0x52, 0xfd, 0xd0, 0xfc,
  0x90, 0xfc, 0x12, 0xfd, 0x14, 0xfe, 0x56, 0xfe, 0x52, 0xfd, 0x12, 0xfd,
  0x92, 0xfd, 0x52, 0xfd, 0x52, 0xfd, 0x52, 0xfd, 0xd4, 0xfd, 0x52, 0xfd,
  0x52, 0xfd, 0xd4, 0xfd, 0xd4, 0xfd, 0x98, 0xfe, 0x52, 0xfd, 0x12, 0xfd,
  0x12, 0xfd, 0x52, 0xfd, 0xd4, 0xfd, 0x52, 0xfd, 0x52, 0xfd, 0x52, 0xfd,
  0x12, 0xfd, 0x94, 0xfd, 0xd4, 0xfd, 0x14, 0xfe, 0xd4, 0xfd, 0x92, 0xfd,
  0x94, 0xfd, 0x56, 0xfe, 0x56, 0xfe, 0x56, 0xfe, 0x16, 0xfe, 0x14, 0xfe,
  0x96, 0xfe, 0x52, 0xfd, 0x4c, 0xa4, 0x8e, 0xa4, 0x4a, 0x42, 0x0e, 0x53,
  0x8c, 0x52, 0x8c, 0x42, 0x8c, 0x52, 0xc8, 0x31, 0x86, 0x31, 0x08, 0x32,
  0x4a, 0x42, 0xcc, 0x52, 0x08, 0x42, 0x08, 0x42, 0x08, 0x42, 0x86, 0x31,
  0x08, 0x42, 0xc8, 0x31, 0xc6, 0x31, 0xcc, 0x52, 0x90, 0x63, 0x54, 0x84,
  0x96, 0x84, 0x18, 0x95, 0x5c, 0xb6, 0xda, 0xa5, 0x54, 0x84, 0x12, 0x74,
  0x54, 0x84, 0x4e, 0x63, 0xce, 0x52, 0x8c, 0x42, 0x0e, 0x63, 0x14, 0x74,
  0x12, 0x74, 0x12, 0x74, 0x50, 0x63, 0x4e, 0x63, 0x90, 0x63, 0x4e, 0x63,
  0x4a, 0x42, 0x8c, 0x52, 0x4e, 0x63, 0x90, 0x63, 0x4a, 0x42, 0xc8, 0x31,
  0x8a, 0x42, 0x90, 0x63, 0x52, 0x74, 0x0c, 0x53, 0x8c, 0x42, 0x0e, 0x53,
  0x8a, 0x42, 0x4a, 0x42, 0x90, 0x63, 0x90, 0x63, 0x0e, 0x53, 0xd2, 0x73,
  0x12, 0x74, 0x12, 0x74, 0x50, 0x63, 0x50, 0x63, 0xd2, 0x73, 0x50, 0x63,
  0xcc, 0x52, 0xcc, 0x52, 0x8c, 0x52, 0x0e, 0x53, 0x4e, 0x63, 0x4a, 0x42,
  0x0a, 0x42, 0x0e, 0x53, 0x4e, 0x63, 0x8e, 0xa4, 0x0e, 0xb5, 0x46, 0x52,
  0xc6, 0x51, 0x06, 0x62, 0x84, 0x51, 0x44, 0x41, 0x84, 0x51, 0xc6, 0x61,
  0x06, 0x72, 0xc6, 0x61, 0xc6, 0x71, 0x06, 0x72, 0x46, 0x72, 0x06, 0x72,
  0x88, 0x92, 0xca, 0xb2, 0x8c, 0xd3, 0x0a, 0xb3, 0xca, 0xb2, 0xca, 0xa2,
  0x4c, 0xc3, 0xcc, 0xd3, 0x0e, 0xe4, 0x8c, 0xc3, 0xc8, 0xa2, 0xc8, 0xa2,
  0x48, 0x92, 0x48, 0x82, 0xca, 0xa2, 0x88, 0x92, 0xc8, 0x92, 0x0a, 0xb3,
  0x88, 0x92, 0x48, 0x82, 0x88, 0x92, 0x88, 0x92, 0xca, 0x92, 0x88, 0x82,
  0x86, 0x51, 0x06, 0x62, 0xc6, 0x61, 0xc6, 0x61, 0x48, 0x82, 0xca, 0xa2,
  0x4a, 0xb3, 0x88, 0x92, 0x88, 0x92, 0x0a, 0xb3, 0x0a, 0xb3, 0x88, 0x92,
  0x06, 0x72, 0x06, 0x72, 0x48, 0x92, 0x06, 0x82, 0x88, 0x92, 0xca, 0xa2,
  0x88, 0x92, 0x0a, 0xa3, 0x48, 0x82, 0xc6, 0x61, 0x06, 0x72, 0x48, 0x82,
  0xc6, 0x61, 0x06, 0x72, 0x06, 0x72, 0x84, 0x61, 0xc6, 0x61, 0x06, 0x72,
  0x84, 0x51, 0x44, 0x41, 0x06, 0x62, 0xca, 0x93, 0xce, 0xa4, 0x48, 0x73,
  0x48, 0xa4, 0x08, 0xc5, 0xc8, 0xe5, 0x4a, 0xe6, 0x88, 0xd5, 0xc8, 0xd5,
  0x0a, 0xe6, 0x88, 0xd5, 0xca, 0xd5, 0x8a, 0xf6, 0x4a, 0xf6, 0x48, 0xc5,
  0x0a, 0xe6, 0x88, 0xd5, 0x48, 0xc5, 0xc8, 0xe5, 0xc8, 0xd5, 0xca, 0xd5,
  0x48, 0xc5, 0xc8, 0xb4, 0x0a, 0xd6, 0xcc, 0xf6, 0x08, 0xe6, 0x48, 0xc5,
  0x8a, 0xc5, 0x4a, 0xe6, 0x0a, 0xe6, 0xc8, 0xd5, 0x48, 0xc5, 0x88, 0xd5,
  0x0a, 0xe6, 0xcc, 0xf6, 0xc8, 0xa4, 0x4a, 0xb5, 0x8e, 0xc5, 0x0e, 0xb5,
  0x48, 0x83, 0x48, 0x92, 0x0e, 0xfc, 0x52, 0xfd, 0x4e, 0xfc, 0xd0, 0xfc,
  0x16, 0xfe, 0xd4, 0xfd, 0x52, 0xfd, 0x92, 0xfd, 0x94, 0xfd, 0x90, 0xfc,
  0x90, 0xfc, 0xd0, 0xfc, 0xd4, 0xfd, 0x56, 0xfe, 0xd4, 0xfd, 0x56, 0xfe,
  0x98, 0xfe, 0x14, 0xfe, 0x16, 0xfe, 0x14, 0xfe, 0x92, 0xfd, 0xd4, 0xfd,
  0x5a, 0xff, 0x98, 0xfe, 0x94, 0xfd, 0xd4, 0xfd, 0xd4, 0xfd, 0x56, 0xfe,
  0x16, 0xfe, 0x16, 0xfe, 0x14, 0xfe, 0x52, 0xfd, 0x8c, 0xe3, 0x4c, 0xd3,
  0x56, 0xfe, 0x94, 0xfd, 0xd0, 0xfc, 0x52, 0xfd, 0x92, 0xfd, 0x14, 0xfe,
  0xd4, 0xfd, 0x92, 0xfd, 0xd4, 0xfd, 0x94, 0xfd, 0xd4, 0xfd, 0xd4, 0xfd,
  0xd8, 0xfe, 0xd8, 0xfe, 0x52, 0xfd, 0x92, 0xfd, 0x92, 0xfd, 0x52, 0xfd,
  0x52, 0xfd, 0x94, 0xfd, 0x94, 0xfd, 0x56, 0xfe, 0x16, 0xfe, 0x92, 0xfd,
  0xd4, 0xfd, 0x56, 0xfe, 0x92, 0xfd, 0x52, 0xfd, 0x12, 0xfd, 0x56, 0xfe,
  0x16, 0xfe, 0x98, 0xfe, 0x96, 0xfe, 0x16, 0xfe, 0x14, 0xfe, 0xd0, 0xfc,
  0x12, 0xd6, 0x8c, 0xa4, 0x0c, 0x84, 0x14, 0xc6, 0x8e, 0xa4, 0x4c, 0x94,
  0xcc, 0x83, 0x8e, 0xa4, 0xce, 0xa4, 0x4a, 0x73, 0x8e, 0x94, 0xcc, 0x83,
  0x06, 0x42, 0xc8, 0x62, 0x0c, 0x84, 0x92, 0xc5, 0xce, 0xa4, 0x4c, 0x94,
  0x0c, 0x84, 0x0c, 0x94, 0x0c, 0x84, 0x8a, 0x83, 0x4c, 0x94, 0x8a, 0x73,
  0x0c, 0x84, 0x8e, 0x94, 0x52, 0xb5, 0x4e, 0x94, 0xcc, 0x83, 0xce, 0xa4,
  0x4a, 0x73, 0x8e, 0x94, 0x4e, 0x94, 0x0e, 0x94, 0x10, 0xa5, 0xd0, 0xa4,
  0x4e, 0x94, 0x10, 0xb5, 0x0c, 0x84, 0x0c, 0x84, 0xcc, 0x83, 0x8c, 0x73,
  0xcc, 0x83, 0xcc, 0x83, 0xca, 0x83, 0x4c, 0x94, 0x8e, 0xa4, 0x10, 0xa5,
  0x8e, 0x94, 0x0c, 0x84, 0x4e, 0x94, 0x8e, 0x94, 0x0a, 0x63, 0x06, 0x42,
  0x8a, 0x73, 0x8c, 0x73, 0x0c, 0x84, 0x4c, 0x94, 0x0a, 0x63, 0x10, 0xa5,
  0x4e, 0x94, 0x88, 0x52, 0x8a, 0x73, 0xcc, 0x83, 0x4a, 0x73, 0x4c, 0x94,
  0x4c, 0x94, 0xce, 0xa4, 0xce, 0xa4, 0x0c, 0x84, 0x4c, 0x94, 0x8c, 0x94,
  0x0c, 0x84, 0x4c, 0x94, 0x0e, 0xb5, 0x0e, 0xb5, 0xce, 0xb4, 0x4c, 0x94,
  0xce, 0xb4, 0x48, 0x73, 0x8a, 0x83, 0x8a, 0x83, 0x8e, 0xa4, 0xc8, 0x72,
  0x8a, 0x83, 0x0c, 0x94, 0x8a, 0x83, 0x08, 0x73, 0x8a, 0x93, 0x0c, 0xa4,
  0x50, 0xc5, 0xcc, 0x93, 0x48, 0x83, 0x8a, 0x93, 0xcc, 0x93, 0xce, 0xb4,
  0x8e, 0xa4, 0x50, 0xc5, 0x0c, 0xa4, 0x8c, 0xa4, 0x8a, 0x83, 0x4c, 0xa4,
  0x8e, 0xa4, 0xc8, 0x72, 0xca, 0x93, 0x8a, 0x93, 0x4c, 0xa4, 0x4c, 0xa4,
  0x8a, 0x83, 0x8a, 0x83, 0x8c, 0xa4, 0x0c, 0x94, 0xca, 0x83, 0xce, 0xa4,
  0xcc, 0x93, 0x8e, 0xa4, 0xca, 0x83, 0x10, 0xb5, 0x92, 0xd5, 0x0c, 0xa4,
  0x0c, 0xa4, 0x4e, 0xa4, 0x4c, 0xa4, 0xca, 0x93, 0x48, 0x83, 0x8e, 0xa4,
  0x0e, 0xb5, 0x08, 0x83, 0x8a, 0x93, 0x4a, 0x83, 0x4c, 0x94, 0x0e, 0xb5,
  0x8a, 0x83, 0x08, 0x73, 0x46, 0x62, 0xca, 0x83, 0x4c, 0x94, 0x4a, 0x73,
  0x0e, 0xb5, 0x8e, 0xa4, 0xca, 0x93, 0xce, 0xb4, 0x4c, 0xa4, 0x48, 0x73,
  0xce, 0xb4, 0x0e, 0xb5, 0x50, 0xc5, 0x12, 0xd6, 0x8c, 0xa4, 0x46, 0x73,
  0x4a, 0x94, 0x4a, 0xa4, 0x8c, 0xa4, 0xcc, 0xa4, 0x0c, 0xb5, 0x08, 0x94,
  0x4a, 0x94, 0x0a, 0x94, 0x4a, 0x94, 0x8c, 0xa4, 0x0a, 0x94, 0xc8, 0x83,
  0x0a, 0x94, 0x0a, 0x94, 0x8c, 0xa4, 0x0a, 0x94, 0xcc, 0xa4, 0x4a, 0x94,
  0x4a, 0x94, 0x8c, 0xa4, 0x0a, 0x94, 0x0e, 0xb5, 0xce, 0xb4, 0x4a, 0x94,
  0x8c, 0xa4, 0x0a, 0x94, 0xca, 0x83, 0x8c, 0xa4, 0xcc, 0xa4, 0x08, 0x94,
  0x88, 0x83, 0x8c, 0xa4, 0x52, 0xd6, 0x4c, 0x94, 0x08, 0x83, 0x88, 0x92,
  0x4e, 0xfc, 0x16, 0xfe, 0x14, 0xfe, 0x94, 0xfd, 0x16, 0xfe, 0x92, 0xfd,
  0x12, 0xfd, 0x12, 0xfd, 0xd4, 0xfd, 0x52, 0xfd, 0x12, 0xfd, 0x52, 0xfd,
  0xd4, 0xfd, 0x56, 0xfe, 0x98, 0xfe, 0x16, 0xfe, 0x16, 0xfe, 0x94, 0xfd,
  0xd4, 0xfd, 0x96, 0xfe, 0xd4, 0xfd, 0x94, 0xfd, 0x56, 0xfe, 0x14, 0xfe,
  0x14, 0xfe, 0xd4, 0xfd, 0x92, 0xfd, 0x16, 0xfe, 0x56, 0xfe, 0xd4, 0xfd,
  0x14, 0xfe, 0x94, 0xfd, 0xd0, 0xfc, 0x90, 0xfc, 0x56, 0xfe, 0x52, 0xfd,
  0x12, 0xfd, 0x94, 0xfd, 0xd4, 0xfd, 0xd8, 0xfe, 0x1a, 0xff, 0x56, 0xfe,
  0x92, 0xfd, 0x52, 0xfd, 0x56, 0xfe, 0x56, 0xfe, 0x96, 0xfe, 0x98, 0xfe,
  0x12, 0xfd, 0x92, 0xfd, 0xd4, 0xfd, 0x52, 0xfd, 0x52, 0xfd, 0x92, 0xfd,
  0x94, 0xfd, 0x56, 0xfe, 0x5a, 0xff, 0x56, 0xfe, 0xd4, 0xfd, 0xd4, 0xfd,
  0x94, 0xfd, 0x52, 0xfd, 0x12, 0xfd, 0x52, 0xfd, 0x94, 0xfd, 0x52, 0xfd,
  0x92, 0xfd, 0xd4, 0xfd, 0xd4, 0xfd, 0x10, 0xfd, 0x94, 0xe6, 0x50, 0xb5,
  0x8a, 0x83, 0x94, 0xe6, 0x12, 0xd6, 0x14, 0xf7, 0x8c, 0xa4, 0x0e, 0xb5,
  0xce, 0xa4, 0x4c, 0x94, 0x0e, 0xb5, 0x4e, 0xb5, 0x8c, 0xa4, 0x0a, 0x94,
  0x0c, 0x94, 0x94, 0xe6, 0xd2, 0xd5, 0x50, 0xc5, 0xd0, 0xc5, 0x90, 0xc5,
  0x12, 0xd6, 0x52, 0xe6, 0xd4, 0xf6, 0x12, 0xd6, 0x8c, 0xa4, 0x8c, 0xa4,
  0x90, 0xc5, 0x52, 0xe6, 0x4e, 0xb5, 0xca, 0x83, 0x4c, 0x94, 0x52, 0xe6,
  0x92, 0xe6, 0x90, 0xc5, 0x90, 0xc5, 0x90, 0xc5, 0x8c, 0xa4, 0x0e, 0xb5,
  0x8c, 0xa4, 0xce, 0xa4, 0x8c, 0xa4, 0x0a, 0x94, 0x8c, 0xa4, 0xce, 0xb4,
  0x90, 0xc5, 0x94, 0xe6, 0x96, 0xff, 0x52, 0xd6, 0x94, 0xe6, 0xce, 0xb4,
  0x8e, 0xa4, 0xce, 0xa4, 0xce, 0xa4, 0x48, 0x73, 0xca, 0x83, 0x4e, 0xb5,
  0xd0, 0xd5, 0x8c, 0xa4, 0x4c, 0x94, 0x50, 0xb5, 0x52, 0xd6, 0x8c, 0xa4,
  0xce, 0xa4, 0xce, 0xb4, 0xca, 0x83, 0x50, 0xc5, 0xd0, 0xd5, 0xd0, 0xc5,
  0x90, 0xc5, 0x90, 0xc5, 0x52, 0xe6, 0xd0, 0xc5, 0xd0, 0xc5, 0xd0, 0xc5,
  0xce, 0xa4, 0xd2, 0xc5, 0x16, 0xf7, 0xce, 0xa4, 0xd2, 0xd5, 0x4e, 0xb5,
  0x52, 0xe6, 0x90, 0xc5, 0x4e, 0xb5, 0x8c, 0xa4, 0x50, 0xc5, 0x50, 0xb5,
  0x4c, 0xa4, 0x50, 0xb5, 0x90, 0xc5, 0x0e, 0xb5, 0x90, 0xc5, 0x4c, 0xa4,
  0xcc, 0xa4, 0x50, 0xc5, 0x12, 0xd6, 0xce, 0xa4, 0x50, 0xc5, 0x50, 0xc5,
  0x8a, 0x83, 0x0e, 0xb5, 0x0e, 0xb5, 0xce, 0xb4, 0x12, 0xd6, 0x0a, 0x94,
  0x8a, 0x83, 0x8c, 0xa4, 0x8c, 0xa4, 0x50, 0xc5, 0x94, 0xe6, 0x50, 0xc5,
  0x52, 0xd6, 0xd0, 0xc5, 0xd0, 0xc5, 0x8e, 0xa4, 0x50, 0xb5, 0x50, 0xb5,
  0x4e, 0xb5, 0x94, 0xe6, 0x52, 0xd6, 0x90, 0xc5, 0x12, 0xd6, 0x16, 0xf7,
  0x54, 0xe6, 0x12, 0xd6, 0x12, 0xd6, 0x0e, 0xb5, 0x12, 0xd6, 0x8c, 0xa4,
  0x4a, 0x73, 0x4c, 0x94, 0x52, 0xd6, 0x94, 0xe6, 0x8c, 0xa4, 0x0c, 0x94,
  0x4a, 0x73, 0xce, 0xa4, 0x90, 0xc5, 0x0a, 0x84, 0x94, 0xe6, 0x16, 0xf7,
  0x0c, 0x94, 0x52, 0xd6, 0x52, 0xe6, 0x0a, 0x94, 0x4c, 0x94, 0x12, 0xd6,
  0x50, 0xb5, 0x12, 0xd6, 0x90, 0xc5, 0x8a, 0x83, 0x4c, 0x94, 0x8c, 0xa4,
  0x90, 0xc5, 0x94, 0xe6, 0x14, 0xf7, 0x12, 0xd6, 0x4e, 0xb5, 0xce, 0xa4,
  0xd0, 0xc5, 0xd2, 0xd5, 0xce, 0xa4, 0x8c, 0xa4, 0x52, 0xd6, 0x4c, 0x94,
  0x4e, 0xb5, 0x4c, 0x94, 0xce, 0xa4, 0x0e, 0xb5, 0x50, 0xc5, 0xce, 0xa4,
  0x4c, 0x94, 0x8c, 0xa4, 0x94, 0xe6, 0x90, 0xc5, 0x90, 0xc5, 0xce, 0xa4,
  0xd0, 0xd5, 0xd2, 0xc5, 0x14, 0xf7, 0x90, 0xc5, 0x8c, 0xa4, 0x4c, 0x94,
  0x12, 0xd6, 0xce, 0xa4, 0x88, 0x72, 0x88, 0xa2, 0xcc, 0xf3, 0xd0, 0xfc,
  0x12, 0xfd, 0x52, 0xfd, 0x14, 0xfe, 0x12, 0xfd, 0x10, 0xfd, 0x12, 0xfd,
  0x14, 0xfe, 0x94, 0xfd, 0x94, 0xfd, 0x92, 0xfd, 0xd0, 0xfc, 0x94, 0xfd,
  0x5a, 0xff, 0xd4, 0xfd, 0x12, 0xfd, 0x14, 0xfe, 0xd4, 0xfd, 0x94, 0xfd,
  0x52, 0xfd, 0xd0, 0xfc, 0x52, 0xfd, 0x14, 0xfe, 0x56, 0xfe, 0xd4, 0xfd,
  0x52, 0xfd, 0x56, 0xfe, 0x56, 0xfe, 0x92, 0xfd, 0x52, 0xfd, 0x92, 0xfd,
  0x14, 0xfe, 0x52, 0xfd, 0xd4, 0xfd, 0x94, 0xfd, 0x56, 0xfe, 0x56, 0xfe,
  0x14, 0xfe, 0x98, 0xfe, 0x5a, 0xff, 0x96, 0xfe, 0x16, 0xfe, 0xd4, 0xfd,
  0x92, 0xfd, 0xd4, 0xfd, 0xd4, 0xfd, 0x16, 0xfe, 0x92, 0xfd, 0x52, 0xfd,
  0x92, 0xfd, 0xd4, 0xfd, 0xd4, 0xfd, 0x92, 0xfd, 0x14, 0xfe, 0x92, 0xfd,
  0xd0, 0xfc, 0x92, 0xfd, 0xd4, 0xfd, 0xd4, 0xfd, 0xd4, 0xfd, 0x52, 0xfd,
  0x16, 0xfe, 0x92, 0xfd, 0x94, 0xfd, 0x14, 0xfe, 0xd4, 0xfd, 0x56, 0xfe,
  0x56, 0xfe, 0x92, 0xfd, 0x12, 0xd6, 0x12, 0xd6, 0x4a, 0xb5, 0x4e, 0xff,
  0xd0, 0xff, 0x10, 0xf7, 0xcc, 0xc5, 0xca, 0xa4, 0x48, 0x94, 0xca, 0xa4,
  0x8e, 0xc5, 0xcc, 0xd5, 0x0c, 0xd6, 0xca, 0xd5, 0xca, 0xd5, 0x8c, 0xe6,
  0xd0, 0xf6, 0x8a, 0xc5, 0x8e, 0xe6, 0x4e, 0xe6, 0xd0, 0xe6, 0xd0, 0xf6,
  0xd0, 0xff, 0x0e, 0xff, 0x4c, 0xe6, 0x4c, 0xe6, 0x0e, 0xf7, 0x0e, 0xf7,
  0x0e, 0xf7, 0xcc, 0xf6, 0x8e, 0xff, 0xf2, 0xff, 0x4c, 0xe6, 0xcc, 0xd5,
  0x0c, 0xf7, 0x8e, 0xff, 0x8e, 0xe6, 0x8c, 0xa4, 0xce, 0xb4, 0xce, 0xd4,
  0x8e, 0xe4, 0x8e, 0xe4, 0xce, 0xe4, 0x50, 0xfd, 0x10, 0xfd, 0x8e, 0xe4,
  0x10, 0xf5, 0x10, 0xfd, 0xd2, 0xfd, 0x50, 0xfd, 0xd0, 0xf4, 0x8e, 0xf4,
  0x50, 0xfd, 0x10, 0xfd, 0x92, 0xfd, 0xd2, 0xfd, 0x92, 0xfd, 0x8e, 0xf4,
  0x10, 0xf5, 0x92, 0xfd, 0x56, 0xfe, 0x52, 0xfd, 0x10, 0xfd, 0x10, 0xfd,
  0xd4, 0xfd, 0xd2, 0xfd, 0x10, 0xf5, 0x10, 0xf5, 0x92, 0xfd, 0x50, 0xfd,
  0x50, 0xfd, 0x10, 0xf5, 0x92, 0xfd, 0x50, 0xfd, 0x8e, 0xe4, 0xce, 0xf4,
  0x10, 0xf5, 0x4e, 0xd4, 0x10, 0xf5, 0x50, 0xfd, 0xd2, 0xfd, 0x50, 0xfd,
  0x14, 0xfe, 0x56, 0xfe, 0xd4, 0xfd, 0xd2, 0xfd, 0x50, 0xfd, 0x8e, 0xe4,
  0xd2, 0xfd, 0x54, 0xfe, 0x10, 0xf5, 0xce, 0xf4, 0x10, 0xfd, 0x10, 0xf5,
  0x10, 0xf5, 0xd0, 0xf4, 0x92, 0xfd, 0x10, 0xfd, 0xd0, 0xf4, 0xd0, 0xf4,
  0x14, 0xfe, 0x92, 0xfd, 0x50, 0xfd, 0xd0, 0xf4, 0x8e, 0xe4, 0x50, 0xf5,
  0xd2, 0xfd, 0xd2, 0xfd, 0x12, 0xfe, 0xce, 0xc4, 0x8c, 0xa4, 0xd0, 0xa4,
  0x14, 0xa5, 0x16, 0xa5, 0xd6, 0xb5, 0x5a, 0xc6, 0x18, 0xc6, 0x18, 0xc6,
  0xd8, 0xb5, 0x18, 0xc6, 0x1a, 0xc6, 0x58, 0xc6, 0x96, 0xb5, 0x18, 0xb6,
  0x5a, 0xc6, 0x56, 0xa5, 0xd8, 0xb5, 0x98, 0xa5, 0x56, 0xa5, 0x16, 0x95,
  0x98, 0xb5, 0x18, 0xb6, 0x98, 0xa5, 0x98, 0xb5, 0xd8, 0xb5, 0xd8, 0xb5,
  0x18, 0xc6, 0xd4, 0x94, 0xd8, 0xb5, 0x5c, 0xe7, 0x98, 0xb5, 0x18, 0xc6,
  0xd8, 0xb5, 0x98, 0xb5, 0xd4, 0x94, 0x96, 0xb5, 0x5a, 0xc6, 0x1c, 0xe7,
  0x58, 0xc6, 0x14, 0x95, 0x98, 0xb5, 0x5a, 0xc6, 0xd8, 0xb5, 0x96, 0xb5,
  0x9a, 0xd6, 0x18, 0xc6, 0x1a, 0xc6, 0xd8, 0xb5, 0xd6, 0xb5, 0x96, 0xb5,
  0x18, 0xc6, 0x98, 0xb5, 0x1c, 0xd7, 0x5a, 0xc6, 0x54, 0xa5, 0x16, 0xa5,
  0x96, 0xb5, 0xd8, 0xb5, 0x9c, 0xc6, 0x9a, 0xc6, 0x18, 0xc6, 0xd4, 0x94,
  0x1a, 0xc6, 0x1c, 0xd7, 0xdc, 0xd6, 0xd8, 0xb5, 0xd6, 0xb5, 0x18, 0xb6,
  0x58, 0xc6, 0x18, 0xc6, 0xd8, 0xb5, 0x96, 0xb5, 0xd4, 0xc5, 0xd4, 0xf6,
  0x0c, 0xa4, 0x88, 0xa2, 0x0e, 0xfc, 0x10, 0xfd, 0x10, 0xfd, 0x90, 0xfc,
  0xd0, 0xfc, 0x12, 0xfd, 0xd0, 0xfc, 0x12, 0xfd, 0xd4, 0xfd, 0x96, 0xfe,
  0x56, 0xfe, 0xd4, 0xfd, 0x12, 0xfd, 0xd4, 0xfd, 0x56, 0xfe, 0x52, 0xfd,
  0xd0, 0xfc, 0xd4, 0xfd, 0xd4, 0xfd, 0x4e, 0xfc, 0x92, 0xfd, 0xd4, 0xfd,
  0x14, 0xfe, 0xd4, 0xfd, 0xd8, 0xfe, 0xd4, 0xfd, 0x52, 0xfd, 0x98, 0xfe,
  0x98, 0xfe, 0x56, 0xfe, 0x14, 0xfe, 0xd4, 0xfd, 0xd4, 0xfd, 0x92, 0xfd,
  0x9c, 0xff, 0x56, 0xfe, 0xd4, 0xfd, 0x52, 0xfd, 0x52, 0xfd, 0x94, 0xfd,
  0x96, 0xfe, 0x14, 0xfe, 0xd4, 0xfd, 0xd4, 0xfd, 0xd4, 0xfd, 0xd4, 0xfd,
  0x56, 0xfe, 0x56, 0xfe, 0x92, 0xfd, 0x94, 0xfd, 0x14, 0xfe, 0x14, 0xfe,
  0x16, 0xfe, 0x14, 0xfe, 0xd8, 0xfe, 0x56, 0xfe, 0x52, 0xfd, 0x12, 0xfd,
  0x52, 0xfd, 0x94, 0xfd, 0xd4, 0xfd, 0x14, 0xfe, 0x52, 0xfd, 0xd0, 0xfc,
  0x92, 0xfd, 0x98, 0xfe, 0x56, 0xfe, 0x98, 0xfe, 0x18, 0xff, 0xd4, 0xfd,
  0x10, 0xc5, 0x8e, 0xc5, 0xcc, 0xf6, 0xf0, 0xff, 0xf2, 0xff, 0xf2, 0xff,
  0xee, 0xff, 0xee, 0xff, 0xce, 0xff, 0xf0, 0xff, 0xf2, 0xff, 0xf2, 0xff,
  0xf2, 0xff, 0xf2, 0xff, 0xee, 0xff, 0xee, 0xff, 0xf0, 0xff, 0xf0, 0xff,
  0xee, 0xff, 0xee, 0xff, 0xf2, 0xff, 0xf0, 0xff, 0xf0, 0xff, 0xee, 0xff,
  0xf0, 0xff, 0xf0, 0xff, 0xf0, 0xff, 0xf0, 0xff, 0xf0, 0xff, 0xee, 0xff,
  0xf2, 0xff, 0xf6, 0xff, 0xee, 0xff, 0x8a, 0xff, 0xee, 0xff, 0xf2, 0xff,
  0xf2, 0xff, 0x14, 0xf7, 0xce, 0xb4, 0x4e, 0xe4, 0xd4, 0xfd, 0x98, 0xfe,
  0x52, 0xfd, 0xd4, 0xfd, 0x92, 0xfd, 0xd4, 0xfd, 0x56, 0xfe, 0x56, 0xfe,
  0x18, 0xff, 0xd4, 0xfd, 0xd4, 0xfd, 0xd4, 0xfd, 0x96, 0xfe, 0x14, 0xfe,
  0x92, 0xfd, 0xd4, 0xfd, 0x5a, 0xff, 0x16, 0xfe, 0x96, 0xfe, 0x5a, 0xff,
  0xfe, 0xff, 0xd4, 0xfd, 0x56, 0xfe, 0xd4, 0xfd, 0x96, 0xfe, 0x18, 0xff,
  0x56, 0xfe, 0xdc, 0xff, 0x1a, 0xff, 0x56, 0xfe, 0x92, 0xfd, 0x52, 0xfd,
  0xd4, 0xfd, 0x98, 0xfe, 0x56, 0xfe, 0x96, 0xfe, 0x98, 0xfe, 0x10, 0xfd,
  0x90, 0xfc, 0xd4, 0xfd, 0x14, 0xfe, 0x96, 0xfe, 0xd8, 0xfe, 0xd8, 0xfe,
  0x56, 0xfe, 0x96, 0xfe, 0x96, 0xfe, 0xd4, 0xfd, 0x56, 0xfe, 0x52, 0xfd,
  0x90, 0xfc, 0x94, 0xfd, 0x96, 0xfe, 0xd4, 0xfd, 0x56, 0xfe, 0xd8, 0xfe,
  0xd8, 0xfe, 0x14, 0xfe, 0x56, 0xfe, 0x94, 0xfd, 0x1a, 0xff, 0xd8, 0xfe,
  0x14, 0xfe, 0x18, 0xff, 0x56, 0xfe, 0xd4, 0xfd, 0x16, 0xfe, 0x56, 0xfe,
  0x92, 0xfd, 0xce, 0xd4, 0x50, 0xb5, 0x50, 0x94, 0xdc, 0xa5, 0x5f, 0xd7,
  0xff, 0xf7, 0xff, 0xe7, 0x1f, 0xc7, 0x5e, 0xb6, 0x9f, 0xc6, 0x5f, 0xd7,
  0x5f, 0xd7, 0x5f, 0xd7, 0x9f, 0xd7, 0x9f, 0xe7, 0x9f, 0xd7, 0xff, 0xf7,
  0xff, 0xf7, 0x9f, 0xe7, 0x1f, 0xd7, 0x1c, 0xb6, 0x1f, 0xc7, 0x5f, 0xd7,
  0xdf, 0xe7, 0x9f, 0xd7, 0xdf, 0xc6, 0xdf, 0xc6, 0x1f, 0xc7, 0x1f, 0xc7,
  0xff, 0xf7, 0xff, 0xff, 0x5f, 0xd7, 0xdf, 0xe7, 0x9f, 0xe7, 0x5f, 0xd7,
  0x9e, 0xb6, 0x5f, 0xd7, 0xdf, 0xe7, 0xff, 0xf7, 0xff, 0xf7, 0x1f, 0xd7,
  0xdf, 0xe7, 0xff, 0xf7, 0xdf, 0xe7, 0x5e, 0xb6, 0x1f, 0xc7, 0x1f, 0xc7,
  0x1f, 0xd7, 0xdf, 0xe7, 0x1f, 0xd7, 0x1f, 0xd7, 0x9f, 0xd7, 0x1f, 0xd7,
  0xff, 0xf7, 0xff, 0xf7, 0xdf, 0xc6, 0xdf, 0xe7, 0x5f, 0xd7, 0x5f, 0xd7,
  0xdf, 0xe7, 0xdf, 0xe7, 0xff, 0xf7, 0x5f, 0xd7, 0x9f, 0xd7, 0xdf, 0xe7,
  0x5f, 0xd7, 0xdf, 0xe7, 0x5f, 0xd7, 0xdf, 0xe7, 0x5f, 0xd7, 0x1f, 0xd7,
  0x1f, 0xd7, 0x9e, 0xc6, 0x98, 0xd6, 0x94, 0xe6, 0xce, 0xc4, 0xca, 0xb2,
  0x0e, 0xfc, 0x14, 0xfe, 0x56, 0xfe, 0x12, 0xfd, 0x52, 0xfd, 0xd0, 0xfc,
  0xd0, 0xfc, 0xd0, 0xfc, 0x12, 0xfd, 0x56, 0xfe, 0xd4, 0xfd, 0x52, 0xfd,
  0x52, 0xfd, 0x56, 0xfe, 0x56, 0xfe, 0x16, 0xfe, 0xd4, 0xfd, 0xd8, 0xfe,
  0x16, 0xfe, 0x52, 0xfd, 0x98, 0xfe, 0x5a, 0xff, 0x1a, 0xff, 0x52, 0xfd,
  0xd4, 0xfd, 0xd4, 0xfd, 0x14, 0xfe, 0x96, 0xfe, 0x56, 0xfe, 0x1a, 0xff,
  0x18, 0xff, 0xd8, 0xfe, 0xd8, 0xfe, 0x98, 0xfe, 0x9a, 0xff, 0x14, 0xfe,
  0x52, 0xfd, 0x52, 0xfd, 0x52, 0xfd, 0x94, 0xfd, 0x98, 0xfe, 0x94, 0xfd,
  0x12, 0xfd, 0x14, 0xfe, 0xd4, 0xfd, 0x94, 0xfd, 0xd4, 0xfd, 0xd4, 0xfd,
  0x52, 0xfd, 0x92, 0xfd, 0x94, 0xfd, 0x52, 0xfd, 0x94, 0xfd, 0x14, 0xfe,
  0xd0, 0xfc, 0xd0, 0xfc, 0x52, 0xfd, 0x52, 0xfd, 0x52, 0xfd, 0x16, 0xfe,
  0x56, 0xfe, 0x14, 0xfe, 0x52, 0xfd, 0xd0, 0xfc, 0xd4, 0xfd, 0x9c, 0xff,
  0x1a, 0xff, 0x5a, 0xff, 0xfe, 0xff, 0x96, 0xfe, 0x50, 0xc5, 0xca, 0x83,
  0x88, 0xa4, 0x0a, 0xff, 0xee, 0xff, 0xf0, 0xff, 0xee, 0xff, 0xf4, 0xff,
  0xf6, 0xff, 0xfa, 0xff, 0xfc, 0xff, 0xf4, 0xff, 0xf4, 0xff, 0xf4, 0xff,
  0xee, 0xff, 0xf2, 0xff, 0xf2, 0xff, 0xf2, 0xff, 0xf0, 0xff, 0xf0, 0xff,
  0xf0, 0xff, 0xf0, 0xff, 0xf2, 0xff, 0xf2, 0xff, 0xf2, 0xff, 0xf4, 0xff,
  0xf8, 0xff, 0xf4, 0xff, 0xee, 0xff, 0xec, 0xff, 0xf0, 0xff, 0xf2, 0xff,
  0xf0, 0xff, 0xec, 0xff, 0xec, 0xff, 0xf0, 0xff, 0xf0, 0xff, 0x10, 0xd6,
  0x4c, 0x94, 0x0a, 0xb3, 0x0e, 0xf4, 0x94, 0xfd, 0x52, 0xfd, 0x52, 0xfd,
  0x52, 0xfd, 0x92, 0xfd, 0x1a, 0xff, 0x98, 0xfe, 0x56, 0xfe, 0x12, 0xfd,
  0x8e, 0xfc, 0xd0, 0xfc, 0x16, 0xfe, 0x94, 0xfd, 0xd0, 0xfc, 0x52, 0xfd,
  0x14, 0xfe, 0x52, 0xfd, 0x94, 0xfd, 0x16, 0xfe, 0xd4, 0xfd, 0x94, 0xfd,
  0x56, 0xfe, 0x52, 0xfd, 0x52, 0xfd, 0xd4, 0xfd, 0x92, 0xfd, 0x18, 0xff,
  0xd8, 0xfe, 0xd4, 0xfd, 0xd4, 0xfd, 0x10, 0xfd, 0x52, 0xfd, 0xd4, 0xfd,
  0x52, 0xfd, 0x94, 0xfd, 0xd4, 0xfd, 0xd0, 0xfc, 0x90, 0xfc, 0x94, 0xfd,
  0xd4, 0xfd, 0x14, 0xfe, 0x56, 0xfe, 0x56, 0xfe, 0x52, 0xfd, 0x92, 0xfd,
  0x56, 0xfe, 0x16, 0xfe, 0x92, 0xfd, 0x90, 0xfc, 0xd0, 0xfc, 0x16, 0xfe,
  0xd8, 0xfe, 0x16, 0xfe, 0xd4, 0xfd, 0xd4, 0xfd, 0xd4, 0xfd, 0x52, 0xfd,
  0x16, 0xfe, 0xd4, 0xfd, 0xd4, 0xfd, 0x14, 0xfe, 0x92, 0xfd, 0x14, 0xfe,
  0x56, 0xfe, 0x94, 0xfd, 0x92, 0xfd, 0x56, 0xfe, 0x14, 0xfe, 0x10, 0xe5,
  0x90, 0xc5, 0xce, 0x83, 0x94, 0x84, 0x9f, 0xe7, 0xff, 0xff, 0xff, 0xff,
  0x5f, 0xd7, 0x1c, 0xb6, 0x9e, 0xb6, 0x9f, 0xc6, 0x1c, 0xb6, 0x5f, 0xd7,
  0x1f, 0xc7, 0x9e, 0xb6, 0x9e, 0xb6, 0x5f, 0xd7, 0x1f, 0xd7, 0xdf, 0xc6,
  0x9e, 0xc6, 0x9a, 0xa5, 0x1f, 0xd7, 0x1f, 0xc7, 0x1f, 0xd7, 0x1f, 0xd7,
  0x1c, 0xb6, 0x5e, 0xb6, 0x9f, 0xc6, 0xdf, 0xc6, 0x5f, 0xd7, 0x9e, 0xc6,
  0xda, 0xa5, 0x9e, 0xb6, 0x9f, 0xc6, 0xdf, 0xc6, 0x9e, 0xc6, 0x1f, 0xc7,
  0xdf, 0xc6, 0x5f, 0xd7, 0x9f, 0xd7, 0x5e, 0xb6, 0x9f, 0xc6, 0x5f, 0xd7,
  0x5f, 0xd7, 0x9e, 0xb6, 0xdf, 0xc6, 0x9e, 0xb6, 0x5e, 0xb6, 0x1f, 0xd7,
  0x1f, 0xd7, 0x5f, 0xd7, 0xdf, 0xc6, 0x9f, 0xc6, 0x5e, 0xb6, 0xdf, 0xc6,
  0x1f, 0xc7, 0x9f, 0xe7, 0x5f, 0xd7, 0x1c, 0xb6, 0x9e, 0xb6, 0x1f, 0xc7,
  0x9f, 0xe7, 0x1f, 0xc7, 0x9e, 0xb6, 0xdc, 0xa5, 0x5e, 0xb6, 0x9e, 0xb6,
  0x1f, 0xd7, 0xdf, 0xc6, 0x9e, 0xb6, 0x1e, 0xb6, 0x9e, 0xb6, 0x1c, 0xb6,
  0x52, 0xa5, 0x90, 0xc5, 0x0c, 0xa4, 0x48, 0x92, 0x0a, 0xd3, 0xd0, 0xfc,
  0x52, 0xfd, 0xd0, 0xfc, 0xd0, 0xfc, 0x90, 0xfc, 0xd0, 0xfc, 0xd0, 0xfc,
  0xd0, 0xfc, 0xd4, 0xfd, 0x18, 0xff, 0x98, 0xfe, 0x12, 0xfd, 0xd4, 0xfd,
  0x56, 0xfe, 0x56, 0xfe, 0x52, 0xfd, 0xd4, 0xfd, 0x98, 0xfe, 0xd8, 0xfe,
  0x56, 0xfe, 0x94, 0xfd, 0x52, 0xfd, 0x90, 0xfc, 0x0e, 0xfc, 0x90, 0xfc,
  0x94, 0xfd, 0xd4, 0xfd, 0x94, 0xfd, 0x16, 0xfe, 0xd8, 0xfe, 0x9c, 0xff,
  0xdc, 0xff, 0x96, 0xfe, 0x1a, 0xff, 0xd4, 0xfd, 0x14, 0xfe, 0x94, 0xfd,
  0x92, 0xfd, 0x52, 0xfd, 0x90, 0xfc, 0x52, 0xfd, 0x12, 0xfd, 0x92, 0xfd,
  0x52, 0xfd, 0x52, 0xfd, 0x52, 0xfd, 0x8e, 0xfc, 0x12, 0xfd, 0x56, 0xfe,
  0xd8, 0xfe, 0xd8, 0xfe, 0xd8, 0xfe, 0xd4, 0xfd, 0xcc, 0xe3, 0x4e, 0xfc,
  0x14, 0xfe, 0xd8, 0xfe, 0x56, 0xfe, 0x96, 0xfe, 0x56, 0xfe, 0x1a, 0xff,
  0x98, 0xfe, 0x52, 0xfd, 0x92, 0xfd, 0xd4, 0xfd, 0xd4, 0xfd, 0xd4, 0xfd,
  0x18, 0xff, 0x92, 0xfd, 0x4e, 0xc5, 0x50, 0xb5, 0x06, 0x94, 0xca, 0xfe,
  0xec, 0xff, 0xf0, 0xff, 0xee, 0xff, 0xf2, 0xff, 0xf2, 0xff, 0xf6, 0xff,
  0xfc, 0xff, 0xf2, 0xff, 0xf0, 0xff, 0xf0, 0xff, 0xf0, 0xff, 0xf2, 0xff,
  0xee, 0xff, 0xee, 0xff, 0xee, 0xff, 0xee, 0xff, 0xf0, 0xff, 0xf2, 0xff,
  0xf0, 0xff, 0xf0, 0xff, 0xf0, 0xff, 0xf4, 0xff, 0xf6, 0xff, 0xf2, 0xff,
  0xee, 0xff, 0xec, 0xff, 0xf0, 0xff, 0xf2, 0xff, 0xf4, 0xff, 0xee, 0xff,
  0xee, 0xff, 0xf0, 0xff, 0xee, 0xff, 0xcc, 0xa4, 0x0e, 0xb5, 0x4a, 0xa3,
  0x8c, 0xe3, 0x52, 0xfd, 0x52, 0xfd, 0x90, 0xfc, 0xd0, 0xfc, 0x92, 0xfd,
  0x94, 0xfd, 0x92, 0xfd, 0xd4, 0xfd, 0x10, 0xfd, 0x10, 0xfd, 0x92, 0xfd,
  0x14, 0xfe, 0xd0, 0xfc, 0xd0, 0xfc, 0x14, 0xfe, 0xd4, 0xfd, 0x52, 0xfd,
  0x92, 0xfd, 0x92, 0xfd, 0x90, 0xfc, 0x12, 0xfd, 0xd4, 0xfd, 0x12, 0xfd,
  0x52, 0xfd, 0x14, 0xfe, 0x12, 0xfd, 0x12, 0xfd, 0x52, 0xfd, 0x94, 0xfd,
  0x94, 0xfd, 0x12, 0xfd, 0x12, 0xfd, 0x12, 0xfd, 0xd4, 0xfd, 0x98, 0xfe,
  0x14, 0xfe, 0x10, 0xfd, 0xd0, 0xfc, 0x94, 0xfd, 0x94, 0xfd, 0x52, 0xfd,
  0xd8, 0xfe, 0x5a, 0xff, 0x94, 0xfd, 0x52, 0xfd, 0xd4, 0xfd, 0x14, 0xfe,
  0x10, 0xfd, 0xd4, 0xfd, 0x56, 0xfe, 0x16, 0xfe, 0x94, 0xfd, 0x92, 0xfd,
  0x52, 0xfd, 0x94, 0xfd, 0xd4, 0xfd, 0x12, 0xfd, 0x56, 0xfe, 0x56, 0xfe,
  0x10, 0xfd, 0x92, 0xfd, 0x94, 0xfd, 0x92, 0xfd, 0x94, 0xfd, 0x52, 0xfd,
  0x52, 0xfd, 0x56, 0xfe, 0x52, 0xfd, 0xce, 0xd4, 0x12, 0xd6, 0xce, 0x73,
  0xd2, 0x73, 0x5c, 0xb6, 0xdf, 0xe7, 0x9f, 0xd7, 0x5f, 0xd7, 0x1c, 0xb6,
  0xdc, 0xa5, 0x1f, 0xd7, 0xdf, 0xc6, 0xdf, 0xc6, 0xdf, 0xc6, 0xdf, 0xc6,
  0xdf, 0xc6, 0x9e, 0xc6, 0x5e, 0xb6, 0x1c, 0xb6, 0xdc, 0xa5, 0x1e, 0xb6,
  0x1c, 0xb6, 0xdf, 0xc6, 0xdf, 0xe7, 0xdf, 0xc6, 0x9a, 0xa5, 0x1c, 0xb6,
  0x9f, 0xc6, 0x9f, 0xc6, 0x9e, 0xb6, 0x9e, 0xb6, 0x5e, 0xb6, 0x1c, 0xb6,
  0x5e, 0xb6, 0xdf, 0xc6, 0x5f, 0xd7, 0x1f, 0xd7, 0x5e, 0xb6, 0x1f, 0xd7,
  0xdf, 0xc6, 0x9e, 0xb6, 0x5e, 0xb6, 0xdf, 0xc6, 0x1f, 0xd7, 0x5e, 0xb6,
  0x9f, 0xc6, 0x5e, 0xb6, 0x1c, 0xb6, 0x9f, 0xc6, 0x9e, 0xc6, 0x5e, 0xb6,
  0x5e, 0xb6, 0x5e, 0xb6, 0x5e, 0xb6, 0x1c, 0xb6, 0x9f, 0xc6, 0x1f, 0xd7,
  0x5e, 0xb6, 0x9a, 0xa5, 0x1f, 0xd7, 0xdf, 0xc6, 0x9f, 0xc6, 0xdf, 0xc6,
  0x1c, 0xb6, 0x5a, 0x95, 0x5e, 0xb6, 0x5e, 0xb6, 0x1c, 0xb6, 0x5e, 0xb6,
  0x5e, 0xb6, 0xdc, 0xa5, 0x5e, 0xb6, 0xdf, 0xc6, 0x16, 0xc6, 0xd0, 0xc5,
  0x48, 0x83, 0xc6, 0x71, 0x8c, 0xe3, 0xd0, 0xfc, 0x12, 0xfd, 0xd0, 0xfc,
  0x90, 0xfc, 0x10, 0xfd, 0x10, 0xfd, 0x52, 0xfd, 0x12, 0xfd, 0x14, 0xfe,
  0x56, 0xfe, 0x52, 0xfd, 0xd0, 0xfc, 0xd4, 0xfd, 0x56, 0xfe, 0x92, 0xfd,
  0x52, 0xfd, 0x94, 0xfd, 0x94, 0xfd, 0x94, 0xfd, 0xd4, 0xfd, 0x56, 0xfe,
  0xd4, 0xfd, 0x4e, 0xfc, 0xcc, 0xf3, 0xd0, 0xfc, 0x52, 0xfd, 0x4e, 0xfc,
  0x90, 0xfc, 0x12, 0xfd, 0x52, 0xfd, 0xd4, 0xfd, 0x56, 0xfe, 0x56, 0xfe,
  0xd8, 0xfe, 0xd4, 0xfd, 0xd4, 0xfd, 0xd4, 0xfd, 0xd4, 0xfd, 0x52, 0xfd,
  0x52, 0xfd, 0x92, 0xfd, 0x92, 0xfd, 0x90, 0xfc, 0x4e, 0xfc, 0x12, 0xfd,
  0xd0, 0xfc, 0x52, 0xfd, 0x94, 0xfd, 0x56, 0xfe, 0xd8, 0xfe, 0x18, 0xff,
  0x94, 0xfd, 0x90, 0xfc, 0x90, 0xfc, 0x10, 0xfd, 0xd4, 0xfd, 0x56, 0xfe,
  0x56, 0xfe, 0x16, 0xfe, 0xd4, 0xfd, 0x56, 0xfe, 0xd8, 0xfe, 0x14, 0xfe,
  0xd4, 0xfd, 0x52, 0xfd, 0xd4, 0xfd, 0xd4, 0xfd, 0x96, 0xfe, 0x50, 0xfd,
  0x8c, 0xb4, 0x8c, 0xa4, 0x88, 0xa4, 0x0c, 0xff, 0xf0, 0xff, 0xf0, 0xff,
  0xf0, 0xff, 0xf2, 0xff, 0xf2, 0xff, 0xf6, 0xff, 0xfa, 0xff, 0xf2, 0xff,
  0xf0, 0xff, 0xf2, 0xff, 0xf2, 0xff, 0xf2, 0xff, 0xf0, 0xff, 0xf0, 0xff,
  0xee, 0xff, 0xee, 0xff, 0xee, 0xff, 0xf2, 0xff, 0xee, 0xff, 0xee, 0xff,
  0xf0, 0xff, 0xf2, 0xff, 0xf2, 0xff, 0xee, 0xff, 0xf0, 0xff, 0xf0, 0xff,
  0xf2, 0xff, 0xf2, 0xff, 0xf2, 0xff, 0xf0, 0xff, 0xee, 0xff, 0xee, 0xff,
  0xcc, 0xff, 0x90, 0xc5, 0x94, 0xe6, 0x4a, 0xa3, 0x4e, 0xfc, 0x56, 0xfe,
  0x16, 0xfe, 0x12, 0xfd, 0x92, 0xfd, 0xd4, 0xfd, 0x12, 0xfd, 0x12, 0xfd,
  0x12, 0xfd, 0x12, 0xfd, 0x94, 0xfd, 0x14, 0xfe, 0xd4, 0xfd, 0x52, 0xfd,
  0x94, 0xfd, 0x98, 0xfe, 0x98, 0xfe, 0x94, 0xfd, 0x16, 0xfe, 0xd4, 0xfd,
  0x12, 0xfd, 0x10, 0xfd, 0x12, 0xfd, 0xd4, 0xfd, 0x16, 0xfe, 0xd4, 0xfd,
  0x92, 0xfd, 0x52, 0xfd, 0x56, 0xfe, 0xd8, 0xfe, 0x52, 0xfd, 0x94, 0xfd,
  0x12, 0xfd, 0xd0, 0xfc, 0x52, 0xfd, 0x5a, 0xff, 0x96, 0xfe, 0x52, 0xfd,
  0x52, 0xfd, 0x94, 0xfd, 0x52, 0xfd, 0xd0, 0xfc, 0x56, 0xfe, 0x18, 0xff,
  0xd4, 0xfd, 0x92, 0xfd, 0x92, 0xfd, 0x16, 0xfe, 0x52, 0xfd, 0x52, 0xfd,
  0x98, 0xfe, 0x56, 0xfe, 0xd4, 0xfd, 0x92, 0xfd, 0xd0, 0xfc, 0xd0, 0xfc,
  0x14, 0xfe, 0x56, 0xfe, 0xd4, 0xfd, 0x52, 0xfd, 0x92, 0xfd, 0xd4, 0xfd,
  0x52, 0xfd, 0x52, 0xfd, 0x52, 0xfd, 0x92, 0xfd, 0x92, 0xfd, 0x16, 0xfe,
  0x14, 0xfe, 0x8e, 0xd4, 0x0e, 0xb5, 0x8c, 0x73, 0x12, 0x74, 0x1c, 0xb6,
  0x9f, 0xe7, 0x1f, 0xc7, 0x1f, 0xd7, 0xdf, 0xc6, 0xdf, 0xc6, 0xdf, 0xc6,
  0x1f, 0xc7, 0x1f, 0xd7, 0x5f, 0xd7, 0x9f, 0xe7, 0x5f, 0xd7, 0x5f, 0xd7,
  0xdf, 0xc6, 0xdf, 0xc6, 0x9e, 0xb6, 0x5e, 0xb6, 0x5e, 0xb6, 0x1f, 0xc7,
  0x9f, 0xe7, 0xdf, 0xc6, 0x1f, 0xc7, 0x5f, 0xd7, 0x9f, 0xc6, 0x9e, 0xc6,
  0x1c, 0xb6, 0x1f, 0xd7, 0xff, 0xe7, 0x1f, 0xd7, 0xdc, 0xa5, 0xdc, 0xa5,
  0xdf, 0xc6, 0x1f, 0xd7, 0x9e, 0xc6, 0xdf, 0xc6, 0x9e, 0xb6, 0x5e, 0xb6,
  0x9e, 0xc6, 0xdf, 0xc6, 0xdf, 0xc6, 0x9f, 0xc6, 0xdf, 0xc6, 0xdf, 0xe7,
  0x5f, 0xd7, 0x5e, 0xb6, 0x1e, 0xb6, 0x5e, 0xb6, 0x1c, 0xb6, 0x9e, 0xc6,
  0xdf, 0xc6, 0x9f, 0xc6, 0x1f, 0xc7, 0x5f, 0xd7, 0x9f, 0xc6, 0x5e, 0xb6,
  0x5f, 0xd7, 0x1f, 0xc7, 0x9e, 0xc6, 0x1f, 0xd7, 0xdf, 0xc6, 0x1e, 0xb6,
  0x5e, 0xb6, 0x9e, 0xb6, 0x9f, 0xc6, 0xdf, 0xc6, 0x5e, 0xb6, 0x5e, 0xb6,
  0xdf, 0xc6, 0x1f, 0xd7, 0x16, 0xc6, 0xd4, 0xf6, 0x4a, 0x83, 0xc6, 0x71,
  0x8c, 0xe3, 0xd4, 0xfd, 0x96, 0xfe, 0x14, 0xfe, 0x52, 0xfd, 0x52, 0xfd,
  0x12, 0xfd, 0x10, 0xfd, 0xd4, 0xfd, 0x98, 0xfe, 0xd4, 0xfd, 0x92, 0xfd,
  0x52, 0xfd, 0xd0, 0xfc, 0xd4, 0xfd, 0x92, 0xfd, 0x52, 0xfd, 0xd4, 0xfd,
  0x94, 0xfd, 0x14, 0xfe, 0x16, 0xfe, 0x56, 0xfe, 0xd4, 0xfd, 0xd0, 0xfc,
  0xd0, 0xfc, 0x12, 0xfd, 0x92, 0xfd, 0xd0, 0xfc, 0x52, 0xfd, 0xd8, 0xfe,
  0x98, 0xfe, 0xd0, 0xfc, 0x52, 0xfd, 0x56, 0xfe, 0x96, 0xfe, 0x94, 0xfd,
  0x16, 0xfe, 0xd4, 0xfd, 0x14, 0xfe, 0xd4, 0xfd, 0xd4, 0xfd, 0x94, 0xfd,
  0x12, 0xfd, 0x12, 0xfd, 0x56, 0xfe, 0xd4, 0xfd, 0x8e, 0xfc, 0x94, 0xfd,
  0xd4, 0xfd, 0x56, 0xfe, 0x98, 0xfe, 0x56, 0xfe, 0xd0, 0xfc, 0xd0, 0xfc,
  0x12, 0xfd, 0x52, 0xfd, 0x16, 0xfe, 0x56, 0xfe, 0xd4, 0xfd, 0x92, 0xfd,
  0x16, 0xfe, 0x10, 0xfd, 0x94, 0xfd, 0x96, 0xfe, 0x14, 0xfe, 0xd4, 0xfd,
  0x14, 0xfe, 0x14, 0xfe, 0x9c, 0xff, 0x56, 0xfe, 0xd4, 0xf6, 0x4e, 0xb5,
  0xc8, 0xb4, 0xcc, 0xff, 0xf0, 0xff, 0xec, 0xff, 0xee, 0xff, 0xf0, 0xff,
  0xf0, 0xff, 0xf2, 0xff, 0xf2, 0xff, 0xf0, 0xff, 0xf6, 0xff, 0xf6, 0xff,
  0xf2, 0xff, 0xf2, 0xff, 0xf4, 0xff, 0xf0, 0xff, 0xf2, 0xff, 0xf0, 0xff,
  0xf0, 0xff, 0xf0, 0xff, 0xf0, 0xff, 0xf0, 0xff, 0xf0, 0xff, 0xf0, 0xff,
  0xf0, 0xff, 0xee, 0xff, 0xf0, 0xff, 0xf2, 0xff, 0xf4, 0xff, 0xf2, 0xff,
  0xf4, 0xff, 0xf0, 0xff, 0xee, 0xff, 0xec, 0xff, 0xf0, 0xff, 0x56, 0xff,
  0x0e, 0xb5, 0x0a, 0xb3, 0xd0, 0xfc, 0xd8, 0xfe, 0x16, 0xfe, 0x10, 0xfd,
  0x94, 0xfd, 0x1a, 0xff, 0x56, 0xfe, 0x92, 0xfd, 0xd4, 0xfd, 0x52, 0xfd,
  0x90, 0xfc, 0x52, 0xfd, 0xd4, 0xfd, 0x14, 0xfe, 0x16, 0xfe, 0x56, 0xfe,
  0x56, 0xfe, 0x52, 0xfd, 0x52, 0xfd, 0x14, 0xfe, 0x16, 0xfe, 0x94, 0xfd,
  0x94, 0xfd, 0xd4, 0xfd, 0x5a, 0xff, 0xd8, 0xfe, 0xd4, 0xfd, 0x12, 0xfd,
  0xd4, 0xfd, 0x16, 0xfe, 0x52, 0xfd, 0xd4, 0xfd, 0x16, 0xfe, 0x52, 0xfd,
  0xd0, 0xfc, 0x94, 0xfd, 0x14, 0xfe, 0xd4, 0xfd, 0x92, 0xfd, 0xd4, 0xfd,
  0x56, 0xfe, 0x98, 0xfe, 0xd8, 0xfe, 0x14, 0xfe, 0xd4, 0xfd, 0x14, 0xfe,
  0x14, 0xfe, 0x14, 0xfe, 0x98, 0xfe, 0x52, 0xfd, 0x94, 0xfd, 0xd0, 0xfc,
  0x12, 0xfd, 0x56, 0xfe, 0x90, 0xfc, 0xcc, 0xf3, 0x52, 0xfd, 0xd4, 0xfd,
  0x92, 0xfd, 0xd0, 0xfc, 0x52, 0xfd, 0x16, 0xfe, 0x18, 0xff, 0x14, 0xfe,
  0x52, 0xfd, 0x52, 0xfd, 0xd4, 0xfd, 0x96, 0xfe, 0x1a, 0xff, 0x92, 0xf5,
  0xd2, 0xd5, 0x4c, 0x63, 0x12, 0x74, 0x5c, 0xb6, 0x1f, 0xd7, 0x9f, 0xe7,
  0x1f, 0xc7, 0x9f, 0xc6, 0x1f, 0xc7, 0x9f, 0xc6, 0x1f, 0xc7, 0x5f, 0xd7,
  0xdf, 0xe7, 0x1f, 0xc7, 0xff, 0xf7, 0x5f, 0xd7, 0x9e, 0xb6, 0x5e, 0xb6,
  0x5e, 0xb6, 0x9e, 0xc6, 0xdf, 0xc6, 0xdf, 0xc6, 0x9f, 0xd7, 0x5f, 0xd7,
  0x5f, 0xd7, 0xdf, 0xc6, 0xdf, 0xc6, 0xdf, 0xc6, 0xda, 0xa5, 0x5e, 0xb6,
  0xff, 0xe7, 0x5f, 0xd7, 0x1c, 0xb6, 0x1c, 0xa6, 0x9e, 0xb6, 0x9e, 0xb6,
  0x9e, 0xb6, 0x5e, 0xb6, 0x9e, 0xc6, 0xdf, 0xc6, 0x9f, 0xc6, 0x1f, 0xc7,
  0x9f, 0xd7, 0xff, 0xf7, 0x5f, 0xd7, 0xdf, 0xe7, 0xdf, 0xe7, 0xdf, 0xc6,
  0x9e, 0xb6, 0x1c, 0xb6, 0xdc, 0xa5, 0x5e, 0xb6, 0xff, 0xff, 0xff, 0xf7,
  0x9f, 0xe7, 0x1f, 0xd7, 0x5e, 0xb6, 0x1c, 0xb6, 0x9e, 0xb6, 0x1f, 0xd7,
  0xdf, 0xc6, 0x5f, 0xd7, 0xdf, 0xc6, 0x5e, 0xb6, 0x5e, 0xb6, 0x9e, 0xc6,
  0x9e, 0xc6, 0x9e, 0xb6, 0x1c, 0xb6, 0x5e, 0xb6, 0x5f, 0xd7, 0x1f, 0xd7,
  0x90, 0x94, 0xce, 0xa4, 0x0c, 0x94, 0x88, 0x92, 0x8c, 0xe3, 0xd4, 0xfd,
  0x16, 0xfe, 0xd4, 0xfd, 0x52, 0xfd, 0xd4, 0xfd, 0x92, 0xfd, 0x12, 0xfd,
  0x52, 0xfd, 0x52, 0xfd, 0x52, 0xfd, 0x92, 0xfd, 0x52, 0xfd, 0x52, 0xfd,
  0x52, 0xfd, 0xd0, 0xfc, 0x90, 0xfc, 0x94, 0xfd, 0x96, 0xfe, 0x56, 0xfe,
  0xd4, 0xfd, 0x92, 0xfd, 0x52, 0xfd, 0x12, 0xfd, 0x12, 0xfd, 0xd0, 0xfc,
  0x94, 0xfd, 0x56, 0xfe, 0x14, 0xfe, 0x1a, 0xff, 0x16, 0xfe, 0x8e, 0xfc,
  0x52, 0xfd, 0x96, 0xfe, 0xd8, 0xfe, 0x52, 0xfd, 0x92, 0xfd, 0x94, 0xfd,
  0x92, 0xfd, 0xd4, 0xfd, 0x14, 0xfe, 0x94, 0xfd, 0x16, 0xfe, 0x94, 0xfd,
  0xd4, 0xfd, 0x10, 0xfd, 0xd0, 0xfc, 0xd4, 0xfd, 0x56, 0xfe, 0x16, 0xfe,
  0x98, 0xfe, 0xd4, 0xfd, 0x52, 0xfd, 0x92, 0xfd, 0x94, 0xfd, 0x52, 0xfd,
  0xd4, 0xfd, 0x14, 0xfe, 0x12, 0xfd, 0x92, 0xfd, 0xd4, 0xfd, 0x52, 0xfd,
  0x94, 0xfd, 0x16, 0xfe, 0x16, 0xfe, 0xd4, 0xfd, 0x92, 0xfd, 0x94, 0xfd,
  0x98, 0xfe, 0x92, 0xfd, 0xd0, 0xd5, 0x4e, 0xc5, 0xc8, 0xb4, 0xee, 0xff,
  0xee, 0xff, 0xee, 0xff, 0xee, 0xff, 0xee, 0xff, 0xf2, 0xff, 0xf2, 0xff,
  0xcc, 0xff, 0xee, 0xff, 0xf0, 0xff, 0xf0, 0xff, 0xf2, 0xff, 0xf4, 0xff,
  0xf4, 0xff, 0xf0, 0xff, 0xf4, 0xff, 0xf2, 0xff, 0xf0, 0xff, 0xf0, 0xff,
  0xf4, 0xff, 0xf2, 0xff, 0xf4, 0xff, 0xf4, 0xff, 0xf2, 0xff, 0xf0, 0xff,
  0xf0, 0xff, 0xf4, 0xff, 0xf4, 0xff, 0xf2, 0xff, 0xf4, 0xff, 0xf4, 0xff,
  0xf0, 0xff, 0xf2, 0xff, 0xf2, 0xff, 0x10, 0xd6, 0x0c, 0x94, 0x4a, 0xb3,
  0xd0, 0xfc, 0x14, 0xfe, 0x94, 0xfd, 0x90, 0xfc, 0x90, 0xfc, 0x14, 0xfe,
  0x14, 0xfe, 0x52, 0xfd, 0x92, 0xfd, 0x90, 0xfc, 0x8c, 0xd3, 0xd0, 0xfc,
  0xd4, 0xfd, 0xd4, 0xfd, 0x56, 0xfe, 0x16, 0xfe, 0x92, 0xfd, 0x12, 0xfd,
  0x92, 0xfd, 0x56, 0xfe, 0x14, 0xfe, 0xd0, 0xfc, 0x94, 0xfd, 0x52, 0xfd,
  0x5a, 0xff, 0x9c, 0xff, 0xd4, 0xfd, 0x52, 0xfd, 0x52, 0xfd, 0x94, 0xfd,
  0x12, 0xfd, 0xd0, 0xfc, 0x92, 0xfd, 0x94, 0xfd, 0xd4, 0xfd, 0x16, 0xfe,
  0xd4, 0xfd, 0x96, 0xfe, 0x92, 0xfd, 0x90, 0xfc, 0x98, 0xfe, 0x98, 0xfe,
  0x16, 0xfe, 0xd4, 0xfd, 0x56, 0xfe, 0x56, 0xfe, 0x14, 0xfe, 0x52, 0xfd,
  0x94, 0xfd, 0xd4, 0xfd, 0xd8, 0xfe, 0xd4, 0xfd, 0xd4, 0xfd, 0x98, 0xfe,
  0x12, 0xfd, 0x90, 0xfc, 0x52, 0xfd, 0x92, 0xfd, 0xd4, 0xfd, 0x52, 0xfd,
  0x94, 0xfd, 0xd4, 0xfd, 0xdc, 0xff, 0x96, 0xfe, 0x92, 0xfd, 0x94, 0xfd,
  0x12, 0xfd, 0x56, 0xfe, 0x5a, 0xff, 0x50, 0xe5, 0xd0, 0xc5, 0x4e, 0x94,
  0x54, 0x74, 0x5e, 0xb6, 0x5f, 0xd7, 0x5f, 0xd7, 0x5f, 0xd7, 0x9e, 0xc6,
  0x5e, 0xb6, 0xdf, 0xc6, 0x5f, 0xd7, 0x5f, 0xd7, 0xdf, 0xc6, 0x5e, 0xb6,
  0x9f, 0xe7, 0x1f, 0xc7, 0x9e, 0xc6, 0xdf, 0xc6, 0x9e, 0xc6, 0x9e, 0xb6,
  0x5e, 0xb6, 0x1f, 0xc7, 0xff, 0xf7, 0xff, 0xff, 0x5f, 0xd7, 0x1f, 0xd7,
  0xff, 0xf7, 0xff, 0xf7, 0x1f, 0xd7, 0xdf, 0xc6, 0x5f, 0xd7, 0x9e, 0xc6,
  0x1c, 0xb6, 0x9a, 0xa5, 0x5e, 0xb6, 0x5e, 0xb6, 0x9f, 0xc6, 0xdf, 0xc6,
  0xdf, 0xc6, 0xdf, 0xe7, 0x9f, 0xe7, 0x1f, 0xd7, 0x1f, 0xd7, 0xdf, 0xe7,
  0x9f, 0xe7, 0xdf, 0xc6, 0xff, 0xf7, 0xdf, 0xe7, 0x1f, 0xc7, 0xdc, 0xa5,
  0x1c, 0xa6, 0xda, 0xa5, 0xde, 0xc6, 0xdf, 0xe7, 0xff, 0xff, 0xff, 0xf7,
  0x5e, 0xb6, 0xdc, 0xa5, 0x1c, 0xb6, 0x1c, 0xb6, 0x5e, 0xb6, 0x1c, 0xa6,
  0x1c, 0xb6, 0x1f, 0xd7, 0xdf, 0xc6, 0x9e, 0xb6, 0x9e, 0xc6, 0x9e, 0xc6,
  0x5e, 0xb6, 0x9f, 0xc6, 0xdf, 0xe7, 0x5f, 0xd7, 0x92, 0x94, 0x0a, 0x84,
  0x4c, 0xa4, 0x48, 0x82, 0x0e, 0xe4, 0x56, 0xfe, 0xd4, 0xfd, 0x94, 0xfd,
  0x52, 0xfd, 0x92, 0xfd, 0x12, 0xfd, 0x52, 0xfd, 0x52, 0xfd, 0xd4, 0xfd,
  0x52, 0xfd, 0x52, 0xfd, 0x12, 0xfd, 0x12, 0xfd, 0xd0, 0xfc, 0x10, 0xfd,
  0x10, 0xfd, 0x12, 0xfd, 0x52, 0xfd, 0xd4, 0xfd, 0x56, 0xfe, 0x56, 0xfe,
  0x94, 0xfd, 0x12, 0xfd, 0x92, 0xfd, 0x92, 0xfd, 0xd0, 0xfc, 0xd4, 0xfd,
  0x14, 0xfe, 0x96, 0xfe, 0x52, 0xfd, 0x90, 0xfc, 0xd4, 0xfd, 0xd8, 0xfe,
  0x94, 0xfd, 0x10, 0xfd, 0x52, 0xfd, 0xd4, 0xfd, 0x12, 0xfd, 0x92, 0xfd,
  0x98, 0xfe, 0xd4, 0xfd, 0x94, 0xfd, 0xd4, 0xfd, 0x56, 0xfe, 0xd4, 0xfd,
  0x56, 0xfe, 0x94, 0xfd, 0x16, 0xfe, 0x16, 0xfe, 0x14, 0xfe, 0x56, 0xfe,
  0x56, 0xfe, 0x56, 0xfe, 0xd4, 0xfd, 0x52, 0xfd, 0x16, 0xfe, 0xd8, 0xfe,
  0x12, 0xfd, 0x52, 0xfd, 0xd4, 0xfd, 0x52, 0xfd, 0x98, 0xfe, 0xd8, 0xfe,
  0x94, 0xfd, 0x16, 0xfe, 0x56, 0xfe, 0x94, 0xfd, 0x16, 0xfe, 0x92, 0xfd,
  0x50, 0xc5, 0x8c, 0xa4, 0x08, 0x94, 0x8c, 0xff, 0xee, 0xff, 0xee, 0xff,
  0xee, 0xff, 0xee, 0xff, 0xf8, 0xff, 0xfa, 0xff, 0xf4, 0xff, 0xf6, 0xff,
  0xf0, 0xff, 0xf0, 0xff, 0xf0, 0xff, 0xf4, 0xff, 0xf2, 0xff, 0xf4, 0xff,
  0xf6, 0xff, 0xf2, 0xff, 0xf0, 0xff, 0xf2, 0xff, 0xf4, 0xff, 0xf6, 0xff,
  0xf6, 0xff, 0xf6, 0xff, 0xf0, 0xff, 0xee, 0xff, 0xf2, 0xff, 0xf8, 0xff,
  0xf2, 0xff, 0xf0, 0xff, 0xf2, 0xff, 0xf2, 0xff, 0xee, 0xff, 0xf6, 0xff,
  0xf2, 0xff, 0xd0, 0xc5, 0xca, 0x83, 0xc8, 0xa2, 0x0e, 0xf4, 0x90, 0xfc,
  0xd0, 0xfc, 0xd4, 0xfd, 0x10, 0xfd, 0x12, 0xfd, 0x12, 0xfd, 0x12, 0xfd,
  0x12, 0xfd, 0x92, 0xfd, 0x12, 0xfd, 0xd4, 0xfd, 0x92, 0xfd, 0x52, 0xfd,
  0x14, 0xfe, 0x16, 0xfe, 0xd4, 0xfd, 0x56, 0xfe, 0x16, 0xfe, 0x56, 0xfe,
  0x52, 0xfd, 0x12, 0xfd, 0x16, 0xfe, 0x12, 0xfd, 0x12, 0xfd, 0x52, 0xfd,
  0x92, 0xfd, 0x14, 0xfe, 0x92, 0xfd, 0x12, 0xfd, 0xd0, 0xfc, 0x12, 0xfd,
  0x52, 0xfd, 0x52, 0xfd, 0xd4, 0xfd, 0x14, 0xfe, 0x98, 0xfe, 0x96, 0xfe,
  0xd4, 0xfd, 0x10, 0xfd, 0x94, 0xfd, 0x52, 0xfd, 0x90, 0xfc, 0x12, 0xfd,
  0x56, 0xfe, 0x56, 0xfe, 0xd8, 0xfe, 0xd4, 0xfd, 0x92, 0xfd, 0xd4, 0xfd,
  0x94, 0xfd, 0xd4, 0xfd, 0xd4, 0xfd, 0x12, 0xfd, 0x12, 0xfd, 0xd0, 0xfc,
  0x92, 0xfd, 0xd4, 0xfd, 0xd4, 0xfd, 0xd4, 0xfd, 0x16, 0xfe, 0x98, 0xfe,
  0x56, 0xfe, 0x52, 0xfd, 0x12, 0xfd, 0x92, 0xfd, 0x90, 0xfc, 0xd4, 0xfd,
  0x14, 0xfe, 0x90, 0xe5, 0x94, 0xe6, 0x0e, 0x84, 0x92, 0x63, 0xdc, 0xb5,
  0x1f, 0xd7, 0x5f, 0xd7, 0x9f, 0xd7, 0xdf, 0xc6, 0x5e, 0xb6, 0x1c, 0xb6,
  0x1f, 0xd7, 0x1f, 0xc7, 0x5e, 0xb6, 0x5e, 0xb6, 0xdf, 0xc6, 0x1f, 0xc7,
  0x5e, 0xb6, 0x5e, 0xb6, 0x1c, 0xb6, 0x1c, 0xb6, 0x9f, 0xc6, 0xdf, 0xc6,
  0xff, 0xf7, 0xff, 0xf7, 0x9f, 0xd7, 0x9f, 0xc6, 0x9f, 0xc6, 0xdf, 0xc6,
  0x5e, 0xb6, 0xda, 0xa5, 0x5a, 0x95, 0x18, 0x95, 0x9a, 0xa5, 0x5a, 0x95,
  0x1c, 0xb6, 0x9f, 0xc6, 0x1f, 0xc7, 0x5f, 0xd7, 0xdf, 0xc6, 0xdf, 0xc6,
  0x9e, 0xc6, 0x1f, 0xc7, 0x9f, 0xc6, 0x9f, 0xc6, 0xdf, 0xc6, 0x9f, 0xc6,
  0x5e, 0xb6, 0xdf, 0xc6, 0xdf, 0xc6, 0x9e, 0xb6, 0xdf, 0xc6, 0xdf, 0xc6,
  0x9e, 0xc6, 0xdf, 0xc6, 0xff, 0xf7, 0x5f, 0xd7, 0xdf, 0xc6, 0x1f, 0xd7,
  0x1f, 0xd7, 0x5e, 0xb6, 0x5e, 0xb6, 0x5e, 0xb6, 0x1f, 0xc7, 0x9f, 0xe7,
  0xdf, 0xc6, 0x9a, 0xa5, 0xdc, 0xa5, 0x9a, 0xa5, 0x5a, 0xa5, 0x1c, 0xb6,
  0x5f, 0xd7, 0x9f, 0xe7, 0x58, 0xd6, 0x52, 0xd6, 0x4e, 0xa4, 0x48, 0x82,
  0xcc, 0xe3, 0xd4, 0xfd, 0x52, 0xfd, 0x10, 0xfd, 0xd4, 0xfd, 0xd4, 0xfd,
  0x12, 0xfd, 0x52, 0xfd, 0x16, 0xfe, 0x18, 0xff, 0x98, 0xfe, 0x52, 0xfd,
  0x92, 0xfd, 0x52, 0xfd, 0x10, 0xfd, 0x12, 0xfd, 0x52, 0xfd, 0x94, 0xfd,
  0xd4, 0xfd, 0x96, 0xfe, 0x16, 0xfe, 0x96, 0xfe, 0xd4, 0xfd, 0xd0, 0xfc,
  0x92, 0xfd, 0xd8, 0xfe, 0x56, 0xfe, 0x52, 0xfd, 0x52, 0xfd, 0x16, 0xfe,
  0x14, 0xfe, 0x14, 0xfe, 0x56, 0xfe, 0x56, 0xfe, 0x92, 0xfd, 0x52, 0xfd,
  0x92, 0xfd, 0xd4, 0xfd, 0x12, 0xfd, 0x12, 0xfd, 0xd4, 0xfd, 0x92, 0xfd,
  0x10, 0xfd, 0x52, 0xfd, 0x92, 0xfd, 0xd4, 0xfd, 0x1a, 0xff, 0x14, 0xfe,
  0x92, 0xfd, 0x56, 0xfe, 0x16, 0xfe, 0x14, 0xfe, 0xd4, 0xfd, 0x16, 0xfe,
  0x94, 0xfd, 0x52, 0xfd, 0x16, 0xfe, 0xdc, 0xff, 0x56, 0xfe, 0x94, 0xfd,
  0x94, 0xfd, 0x92, 0xfd, 0x96, 0xfe, 0x9c, 0xff, 0x56, 0xfe, 0x16, 0xfe,
  0xd4, 0xfd, 0x52, 0xfd, 0x94, 0xfd, 0x4e, 0xe4, 0x4c, 0xa4, 0x90, 0xc5,
  0x08, 0x94, 0x4a, 0xe6, 0xec, 0xff, 0xf0, 0xff, 0xf2, 0xff, 0xee, 0xff,
  0xf0, 0xff, 0xf2, 0xff, 0xf2, 0xff, 0xf6, 0xff, 0xf2, 0xff, 0xf6, 0xff,
  0xf2, 0xff, 0xf6, 0xff, 0xf6, 0xff, 0xf6, 0xff, 0xee, 0xff, 0xf0, 0xff,
  0xf4, 0xff, 0xf4, 0xff, 0xf4, 0xff, 0xf2, 0xff, 0xf2, 0xff, 0xf4, 0xff,
  0xee, 0xff, 0xee, 0xff, 0xf2, 0xff, 0xf8, 0xff, 0xf6, 0xff, 0xf2, 0xff,
  0xf0, 0xff, 0xf0, 0xff, 0xee, 0xff, 0xf2, 0xff, 0xf0, 0xff, 0x8e, 0xc5,
  0x4c, 0x94, 0x06, 0x72, 0xca, 0xb2, 0x90, 0xfc, 0x12, 0xfd, 0xd4, 0xfd,
  0x92, 0xfd, 0xd0, 0xfc, 0x10, 0xfd, 0x10, 0xfd, 0xd0, 0xfc, 0x52, 0xfd,
  0xd4, 0xfd, 0x14, 0xfe, 0x92, 0xfd, 0x52, 0xfd, 0x94, 0xfd, 0xd8, 0xfe,
  0x98, 0xfe, 0x56, 0xfe, 0xd4, 0xfd, 0x5a, 0xff, 0x96, 0xfe, 0x56, 0xfe,
  0xd4, 0xfd, 0x92, 0xfd, 0x94, 0xfd, 0x10, 0xfd, 0x52, 0xfd, 0x52, 0xfd,
  0x94, 0xfd, 0xd4, 0xfd, 0x12, 0xfd, 0x94, 0xfd, 0x10, 0xfd, 0x12, 0xfd,
  0x92, 0xfd, 0x94, 0xfd, 0x94, 0xfd, 0xd0, 0xfc, 0xd4, 0xfd, 0x94, 0xfd,
  0x94, 0xfd, 0x94, 0xfd, 0x52, 0xfd, 0x52, 0xfd, 0x56, 0xfe, 0x94, 0xfd,
  0x56, 0xfe, 0x52, 0xfd, 0xd4, 0xfd, 0x14, 0xfe, 0x52, 0xfd, 0x56, 0xfe,
  0x98, 0xfe, 0xd4, 0xfd, 0x12, 0xfd, 0xd4, 0xfd, 0x14, 0xfe, 0x16, 0xfe,
  0xd8, 0xfe, 0xd8, 0xfe, 0xd4, 0xfd, 0xd8, 0xfe, 0x16, 0xfe, 0x16, 0xfe,
  0xd4, 0xfd, 0x94, 0xfd, 0x10, 0xfd, 0xd4, 0xfd, 0xd8, 0xfe, 0x54, 0xfe,
  0xfa, 0xff, 0x4e, 0x94, 0xce, 0x52, 0x96, 0x84, 0x9f, 0xc6, 0x5f, 0xd7,
  0x1f, 0xd7, 0x9f, 0xc6, 0x1c, 0xb6, 0x9e, 0xb6, 0x1f, 0xd7, 0x1f, 0xc7,
  0x1c, 0xb6, 0x5e, 0xb6, 0x1f, 0xd7, 0x1f, 0xd7, 0x1c, 0xb6, 0x5f, 0xd7,
  0xdf, 0xe7, 0x5e, 0xb6, 0x5e, 0xb6, 0x1c, 0xb6, 0xdf, 0xc6, 0x5c, 0xb6,
  0x1f, 0xc7, 0xdf, 0xc6, 0x1c, 0xb6, 0x1c, 0xb6, 0xdc, 0xa5, 0x1c, 0xa6,
  0x1e, 0xb6, 0x5e, 0xb6, 0x9e, 0xb6, 0x1c, 0xb6, 0x9f, 0xc6, 0x5e, 0xb6,
  0x9e, 0xc6, 0xdf, 0xc6, 0x5e, 0xb6, 0x1c, 0xb6, 0x1c, 0xa6, 0x5e, 0xb6,
  0x5e, 0xb6, 0x1f, 0xc7, 0xdf, 0xc6, 0x9e, 0xc6, 0x1e, 0xb6, 0x9e, 0xb6,
  0xdf, 0xc6, 0xdf, 0xc6, 0x9e, 0xc6, 0x5e, 0xb6, 0x5e, 0xb6, 0x9e, 0xc6,
  0x1c, 0xb6, 0x1f, 0xd7, 0xff, 0xf7, 0x1f, 0xc7, 0xdf, 0xc6, 0x9e, 0xb6,
  0x9e, 0xb6, 0xdf, 0xc6, 0x1f, 0xd7, 0x5f, 0xd7, 0x9f, 0xd7, 0x5e, 0xb6,
  0x9e, 0xc6, 0xdc, 0xa5, 0x5e, 0xb6, 0x5e, 0xb6, 0xdf, 0xc6, 0x5f, 0xd7,
  0xd6, 0xb5, 0x8c, 0xa4, 0xc8, 0x72, 0x88, 0x92, 0x8c, 0xf3, 0x12, 0xfd,
  0x12, 0xfd, 0x12, 0xfd, 0x94, 0xfd, 0x10, 0xfd, 0x4e, 0xfc, 0x8e, 0xfc,
  0x12, 0xfd, 0xd4, 0xfd, 0x16, 0xfe, 0x98, 0xfe, 0x56, 0xfe, 0x94, 0xfd,
  0xd4, 0xfd, 0xd4, 0xfd, 0xd4, 0xfd, 0x56, 0xfe, 0x1a, 0xff, 0x1a, 0xff,
  0x56, 0xfe, 0x14, 0xfe, 0x92, 0xfd, 0x52, 0xfd, 0x52, 0xfd, 0x1a, 0xff,
  0xd8, 0xfe, 0xd4, 0xfd, 0x94, 0xfd, 0x94, 0xfd, 0xd4, 0xfd, 0x98, 0xfe,
  0x14, 0xfe, 0xd4, 0xfd, 0xd4, 0xfd, 0x56, 0xfe, 0x92, 0xfd, 0x92, 0xfd,
  0xd0, 0xfc, 0x94, 0xfd, 0x98, 0xfe, 0x92, 0xfd, 0x52, 0xfd, 0x14, 0xfe,
  0x14, 0xfe, 0x94, 0xfd, 0x14, 0xfe, 0x94, 0xfd, 0x12, 0xfd, 0x52, 0xfd,
  0x94, 0xfd, 0xd4, 0xfd, 0x96, 0xfe, 0xd4, 0xfd, 0x94, 0xfd, 0x12, 0xfd,
  0x12, 0xfd, 0x56, 0xfe, 0x14, 0xfe, 0xd4, 0xfd, 0xd0, 0xfc, 0x92, 0xfd,
  0x14, 0xfe, 0x56, 0xfe, 0x56, 0xfe, 0x56, 0xfe, 0x94, 0xfd, 0xd4, 0xfd,
  0x4e, 0xfc, 0x0a, 0xa3, 0x88, 0x83, 0xd0, 0xc5, 0x4a, 0xb5, 0x88, 0xd5,
  0xec, 0xff, 0xf2, 0xff, 0xf4, 0xff, 0xf0, 0xff, 0xee, 0xff, 0xf0, 0xff,
  0xf0, 0xff, 0xee, 0xff, 0xf0, 0xff, 0xf4, 0xff, 0xf2, 0xff, 0xf4, 0xff,
  0xf6, 0xff, 0xf4, 0xff, 0xec, 0xff, 0xee, 0xff, 0xf2, 0xff, 0xf2, 0xff,
  0xf0, 0xff, 0xee, 0xff, 0xf0, 0xff, 0xf0, 0xff, 0xec, 0xff, 0xcc, 0xff,
  0xf2, 0xff, 0xf4, 0xff, 0xf4, 0xff, 0xf2, 0xff, 0xf0, 0xff, 0xf0, 0xff,
  0xf0, 0xff, 0xf4, 0xff, 0xee, 0xff, 0xcc, 0xa4, 0xca, 0x83, 0x06, 0x72,
  0xc8, 0xb2, 0x10, 0xfd, 0x52, 0xfd, 0xd4, 0xfd, 0x94, 0xfd, 0x52, 0xfd,
  0x52, 0xfd, 0x10, 0xfd, 0xd0, 0xfc, 0xd0, 0xfc, 0x52, 0xfd, 0x52, 0xfd,
  0xd0, 0xfc, 0xd0, 0xfc, 0x10, 0xfd, 0x52, 0xfd, 0x94, 0xfd, 0xd4, 0xfd,
  0x14, 0xfe, 0x98, 0xfe, 0xd4, 0xfd, 0x12, 0xfd, 0x16, 0xfe, 0x56, 0xfe,
  0x52, 0xfd, 0x92, 0xfd, 0xd4, 0xfd, 0x52, 0xfd, 0x92, 0xfd, 0x56, 0xfe,
  0x12, 0xfd, 0x92, 0xfd, 0x52, 0xfd, 0x52, 0xfd, 0xd4, 0xfd, 0x92, 0xfd,
  0x12, 0xfd, 0xd0, 0xfc, 0x56, 0xfe, 0x16, 0xfe, 0xd4, 0xfd, 0x94, 0xfd,
  0x90, 0xfc, 0xd4, 0xfd, 0xd4, 0xfd, 0x52, 0xfd, 0x16, 0xfe, 0x12, 0xfd,
  0x92, 0xfd, 0x10, 0xfd, 0x52, 0xfd, 0x56, 0xfe, 0xd8, 0xfe, 0x56, 0xfe,
  0x96, 0xfe, 0x16, 0xfe, 0x56, 0xfe, 0xd4, 0xfd, 0x94, 0xfd, 0x56, 0xfe,
  0x94, 0xfd, 0x92, 0xfd, 0x10, 0xfd, 0xd4, 0xfd, 0x56, 0xfe, 0x16, 0xfe,
  0x52, 0xfd, 0x92, 0xfd, 0x14, 0xfe, 0x10, 0xe5, 0x50, 0xb5, 0x8c, 0x73,
  0x90, 0x63, 0xd8, 0x94, 0x5e, 0xb6, 0x5f, 0xd7, 0xdf, 0xc6, 0x9e, 0xc6,
  0x5f, 0xd7, 0x1f, 0xc7, 0x5f, 0xd7, 0x9f, 0xe7, 0x5e, 0xb6, 0x1c, 0xb6,
  0x5f, 0xd7, 0x5f, 0xd7, 0x9f, 0xc6, 0xdf, 0xc6, 0xdf, 0xc6, 0x1f, 0xc7,
  0x9f, 0xe7, 0xdf, 0xc6, 0x9e, 0xb6, 0x1c, 0xb6, 0x9f, 0xc6, 0xdf, 0xc6,
  0x1c, 0xb6, 0x1c, 0xb6, 0xdf, 0xc6, 0xdf, 0xc6, 0xdf, 0xc6, 0x9e, 0xc6,
  0x1f, 0xd7, 0x5e, 0xb6, 0x1f, 0xc7, 0x5f, 0xd7, 0xdf, 0xc6, 0xdf, 0xc6,
  0x1e, 0xb6, 0x5a, 0xa5, 0xdc, 0xa5, 0x9e, 0xb6, 0xdf, 0xc6, 0xdf, 0xc6,
  0x1c, 0xb6, 0x5e, 0xb6, 0x9a, 0xa5, 0x9e, 0xc6, 0x1f, 0xd7, 0x9f, 0xc6,
  0x9f, 0xc6, 0xdf, 0xc6, 0xdf, 0xc6, 0x1f, 0xd7, 0xdf, 0xc6, 0x9e, 0xc6,
  0x5c, 0xb6, 0x5e, 0xb6, 0x9e, 0xb6, 0x5e, 0xb6, 0x9f, 0xc6, 0xdf, 0xc6,
  0xdf, 0xe7, 0x5f, 0xd7, 0xdf, 0xc6, 0x1f, 0xc7, 0xdf, 0xc6, 0x5e, 0xb6,
  0xdf, 0xc6, 0x1f, 0xd7, 0x5f, 0xd7, 0xdf, 0xc6, 0x90, 0x94, 0x50, 0xb5,
  0x0c, 0xa4, 0x48, 0x92, 0x4a, 0xd3, 0xd0, 0xfc, 0xd0, 0xfc, 0x92, 0xfd,
  0x52, 0xfd, 0x0e, 0xfc, 0xcc, 0xf3, 0xd0, 0xfc, 0x56, 0xfe, 0xd8, 0xfe,
  0xd4, 0xfd, 0x98, 0xfe, 0x56, 0xfe, 0x52, 0xfd, 0xd4, 0xfd, 0x56, 0xfe,
  0xd4, 0xfd, 0x12, 0xfd, 0x94, 0xfd, 0x94, 0xfd, 0x1a, 0xff, 0x56, 0xfe,
  0x94, 0xfd, 0x16, 0xfe, 0x94, 0xfd, 0x16, 0xfe, 0x16, 0xfe, 0xd4, 0xfd,
  0x52, 0xfd, 0x12, 0xfd, 0x56, 0xfe, 0x5a, 0xff, 0x14, 0xfe, 0xd4, 0xfd,
  0x96, 0xfe, 0x96, 0xfe, 0x94, 0xfd, 0x52, 0xfd, 0xd0, 0xfc, 0xd4, 0xfd,
  0xd4, 0xfd, 0x52, 0xfd, 0x12, 0xfd, 0x56, 0xfe, 0x98, 0xfe, 0x14, 0xfe,
  0x56, 0xfe, 0x92, 0xfd, 0xd4, 0xfd, 0x16, 0xfe, 0x94, 0xfd, 0xd4, 0xfd,
  0x94, 0xfd, 0x10, 0xfd, 0x16, 0xfe, 0x92, 0xfd, 0xd4, 0xfd, 0x14, 0xfe,
  0x94, 0xfd, 0x94, 0xfd, 0xd0, 0xfc, 0xd4, 0xfd, 0xd4, 0xfd, 0xd4, 0xfd,
  0xd4, 0xfd, 0x92, 0xfd, 0x16, 0xfe, 0x92, 0xfd, 0x90, 0xfc, 0x0c, 0xd4,
  0x4a, 0x83, 0x4c, 0x94, 0xc8, 0x83, 0xc8, 0xe5, 0xec, 0xff, 0xf2, 0xff,
  0xf0, 0xff, 0xf2, 0xff, 0xee, 0xff, 0xec, 0xff, 0xee, 0xff, 0xee, 0xff,
  0xee, 0xff, 0xf4, 0xff, 0xf2, 0xff, 0xf2, 0xff, 0xf2, 0xff, 0xf0, 0xff,
  0xf0, 0xff, 0xf2, 0xff, 0xf0, 0xff, 0xf2, 0xff, 0xf0, 0xff, 0xf0, 0xff,
  0xf2, 0xff, 0xf6, 0xff, 0xee, 0xff, 0xee, 0xff, 0xf4, 0xff, 0xf0, 0xff,
  0xee, 0xff, 0xf0, 0xff, 0xee, 0xff, 0xf4, 0xff, 0xf6, 0xff, 0xfe, 0xff,
  0xf4, 0xff, 0xcc, 0xa4, 0xce, 0xa4, 0x88, 0x92, 0xce, 0xf3, 0x94, 0xfd,
  0x92, 0xfd, 0xd0, 0xfc, 0x10, 0xfd, 0x52, 0xfd, 0x92, 0xfd, 0x92, 0xfd,
  0x12, 0xfd, 0x52, 0xfd, 0x10, 0xfd, 0x52, 0xfd, 0x52, 0xfd, 0x90, 0xfc,
  0x10, 0xfd, 0x92, 0xfd, 0x94, 0xfd, 0xd4, 0xfd, 0x94, 0xfd, 0xd4, 0xfd,
  0x52, 0xfd, 0x12, 0xfd, 0xd4, 0xfd, 0x16, 0xfe, 0x12, 0xfd, 0x52, 0xfd,
  0xd4, 0xfd, 0x94, 0xfd, 0x56, 0xfe, 0x98, 0xfe, 0x12, 0xfd, 0xd4, 0xfd,
  0x16, 0xfe, 0x52, 0xfd, 0x96, 0xfe, 0x14, 0xfe, 0x92, 0xfd, 0x16, 0xfe,
  0x56, 0xfe, 0x92, 0xfd, 0x92, 0xfd, 0xd4, 0xfd, 0x52, 0xfd, 0xd4, 0xfd,
  0x94, 0xfd, 0x92, 0xfd, 0xd4, 0xfd, 0xd4, 0xfd, 0x14, 0xfe, 0xd4, 0xfd,
  0x92, 0xfd, 0x56, 0xfe, 0x9a, 0xff, 0x18, 0xff, 0x56, 0xfe, 0xd4, 0xfd,
  0x16, 0xfe, 0x56, 0xfe, 0x8e, 0xfc, 0xd4, 0xfd, 0xd4, 0xfd, 0xd4, 0xfd,
  0xd4, 0xfd, 0x92, 0xfd, 0x16, 0xfe, 0xd4, 0xfd, 0x52, 0xfd, 0x52, 0xfd,
  0x52, 0xfd, 0x8e, 0xc4, 0x0a, 0x94, 0x92, 0x94, 0x54, 0x84, 0x18, 0x95,
  0x9e, 0xc6, 0x5f, 0xd7, 0xdf, 0xc6, 0x5f, 0xd7, 0xdf, 0xe7, 0x5f, 0xd7,
  0x1f, 0xd7, 0x5e, 0xb6, 0x1e, 0xb6, 0x5e, 0xb6, 0x5e, 0xb6, 0x5e, 0xb6,
  0xdf, 0xc6, 0x5e, 0xb6, 0x5e, 0xb6, 0x1f, 0xd7, 0xdf, 0xc6, 0xdc, 0xa5,
  0x9e, 0xb6, 0x9e, 0xb6, 0x9e, 0xc6, 0x9e, 0xb6, 0x1c, 0xb6, 0x5e, 0xb6,
  0x9e, 0xb6, 0x5e, 0xb6, 0xdf, 0xc6, 0xff, 0xf7, 0xff, 0xff, 0x1f, 0xd7,
  0x9e, 0xb6, 0x5f, 0xd7, 0x1f, 0xd7, 0x1f, 0xd7, 0xdf, 0xc6, 0xdf, 0xc6,
  0x1f, 0xc7, 0xdf, 0xc6, 0xdf, 0xc6, 0x1f, 0xc7, 0xdf, 0xc6, 0x9f, 0xc6,
  0x9a, 0xa5, 0x9e, 0xc6, 0x1f, 0xd7, 0xdf, 0xc6, 0x1f, 0xc7, 0xdf, 0xc6,
  0xdf, 0xc6, 0xdf, 0xc6, 0x1f, 0xd7, 0xdf, 0xc6, 0x1f, 0xd7, 0xdf, 0xc6,
  0x9e, 0xb6, 0x5e, 0xb6, 0x9e, 0xc6, 0xdf, 0xc6, 0x1f, 0xd7, 0x9e, 0xc6,
  0x5e, 0xb6, 0x5e, 0xb6, 0x1c, 0xb6, 0x5e, 0xb6, 0x9e, 0xb6, 0xdf, 0xc6,
  0xdf, 0xc6, 0x5a, 0xa5, 0x8c, 0x73, 0x8c, 0xa4, 0x8e, 0xc4, 0x0a, 0xb3,
  0xd0, 0xfc, 0xd8, 0xfe, 0xd8, 0xfe, 0x14, 0xfe, 0x52, 0xfd, 0x94, 0xfd,
  0x12, 0xfd, 0x92, 0xfd, 0xd8, 0xfe, 0x1a, 0xff, 0x56, 0xfe, 0xd4, 0xfd,
  0x14, 0xfe, 0xd4, 0xfd, 0x52, 0xfd, 0x92, 0xfd, 0x52, 0xfd, 0xd0, 0xfc,
  0x92, 0xfd, 0xd4, 0xfd, 0x5a, 0xff, 0xd8, 0xfe, 0xd4, 0xfd, 0xd4, 0xfd,
  0xd4, 0xfd, 0x98, 0xfe, 0xd8, 0xfe, 0x56, 0xfe, 0x16, 0xfe, 0xd0, 0xfc,
  0xd0, 0xfc, 0x16, 0xfe, 0xd4, 0xfd, 0x92, 0xfd, 0x14, 0xfe, 0xd8, 0xfe,
  0x56, 0xfe, 0xd0, 0xfc, 0x12, 0xfd, 0xd8, 0xfe, 0x16, 0xfe, 0x52, 0xfd,
  0xd0, 0xfc, 0x56, 0xfe, 0x96, 0xfe, 0xd4, 0xfd, 0xd4, 0xfd, 0x52, 0xfd,
  0x98, 0xfe, 0xd8, 0xfe, 0x14, 0xfe, 0x94, 0xfd, 0xd0, 0xfc, 0x52, 0xfd,
  0x18, 0xff, 0x56, 0xfe, 0x56, 0xfe, 0x92, 0xfd, 0xd0, 0xfc, 0xd0, 0xfc,
  0xd4, 0xfd, 0x98, 0xfe, 0x52, 0xfd, 0xd0, 0xfc, 0x52, 0xfd, 0x52, 0xfd,
  0x94, 0xfd, 0x90, 0xfc, 0x52, 0xfd, 0xd0, 0xfc, 0x4c, 0xa4, 0x88, 0x73,
  0x06, 0x73, 0x86, 0xa4, 0xcc, 0xff, 0xf2, 0xff, 0xf2, 0xff, 0xf2, 0xff,
  0xf2, 0xff, 0xf2, 0xff, 0xf0, 0xff, 0xf0, 0xff, 0xf0, 0xff, 0xf2, 0xff,
  0xf2, 0xff, 0xf2, 0xff, 0xf2, 0xff, 0xf0, 0xff, 0xf0, 0xff, 0xf0, 0xff,
  0xec, 0xff, 0xf2, 0xff, 0xf2, 0xff, 0xf2, 0xff, 0xf4, 0xff, 0xf4, 0xff,
  0xf0, 0xff, 0xf2, 0xff, 0xf4, 0xff, 0xf0, 0xff, 0xee, 0xff, 0xee, 0xff,
  0xf0, 0xff, 0xf2, 0xff, 0xf4, 0xff, 0xfe, 0xff, 0xf6, 0xff, 0x0a, 0x94,
  0x0e, 0xb5, 0x0a, 0xa3, 0x0e, 0xf4, 0x92, 0xfd, 0x12, 0xfd, 0xd0, 0xfc,
  0x0e, 0xf4, 0x12, 0xfd, 0x92, 0xfd, 0x94, 0xfd, 0x16, 0xfe, 0x16, 0xfe,
  0x52, 0xfd, 0x10, 0xfd, 0x12, 0xfd, 0xd0, 0xfc, 0x12, 0xfd, 0xd0, 0xfc,
  0xd4, 0xfd, 0x16, 0xfe, 0xd4, 0xfd, 0x92, 0xfd, 0x94, 0xfd, 0xd4, 0xfd,
  0x14, 0xfe, 0x16, 0xfe, 0xd4, 0xfd, 0x10, 0xfd, 0x12, 0xfd, 0x92, 0xfd,
  0xd4, 0xfd, 0x56, 0xfe, 0x14, 0xfe, 0x98, 0xfe, 0xd4, 0xfd, 0x92, 0xfd,
  0x94, 0xfd, 0xd4, 0xfd, 0x16, 0xfe, 0xd8, 0xfe, 0x16, 0xfe, 0x4e, 0xfc,
  0x52, 0xfd, 0x94, 0xfd, 0xd4, 0xfd, 0x16, 0xfe, 0xd4, 0xfd, 0x94, 0xfd,
  0x14, 0xfe, 0x98, 0xfe, 0x18, 0xff, 0x14, 0xfe, 0x94, 0xfd, 0xd4, 0xfd,
  0xd4, 0xfd, 0xd4, 0xfd, 0x52, 0xfd, 0xd0, 0xfc, 0xd4, 0xfd, 0xd8, 0xfe,
  0xd4, 0xfd, 0x52, 0xfd, 0xd0, 0xfc, 0x92, 0xfd, 0x14, 0xfe, 0x56, 0xfe,
  0xd4, 0xfd, 0x92, 0xfd, 0x52, 0xfd, 0xd0, 0xfc, 0xd0, 0xfc, 0x8e, 0xd4,
  0x4c, 0x94, 0x0e, 0x84, 0x0e, 0x53, 0xd2, 0x73, 0x9a, 0xa5, 0x9e, 0xc6,
  0x5e, 0xb6, 0x9f, 0xe7, 0xff, 0xf7, 0x1f, 0xd7, 0x1f, 0xc7, 0x9e, 0xb6,
  0x1c, 0xb6, 0x1f, 0xc7, 0x9e, 0xc6, 0x9e, 0xb6, 0xdf, 0xc6, 0x1f, 0xd7,
  0x9e, 0xc6, 0xdf, 0xc6, 0xdf, 0xc6, 0x1c, 0xb6, 0x9f, 0xc6, 0xdf, 0xc6,
  0xdf, 0xc6, 0x9f, 0xc6, 0x5e, 0xb6, 0x5e, 0xb6, 0x5e, 0xb6, 0xdf, 0xc6,
  0x9f, 0xe7, 0xff, 0xff, 0xff, 0xff, 0x9f, 0xe7, 0x5e, 0xb6, 0x1f, 0xd7,
  0xdf, 0xe7, 0x5f, 0xd7, 0xdf, 0xc6, 0x9e, 0xc6, 0x9e, 0xc6, 0xdf, 0xc6,
  0xdf, 0xc6, 0x1f, 0xd7, 0xdf, 0xc6, 0x1f, 0xc7, 0x1f, 0xd7, 0xdf, 0xc6,
  0x1f, 0xd7, 0x1f, 0xc7, 0xdf, 0xc6, 0x9f, 0xc6, 0x9f, 0xc6, 0xdf, 0xe7,
  0xff, 0xff, 0xdf, 0xc6, 0x9e, 0xc6, 0x9f, 0xc6, 0x1e, 0xb6, 0xdc, 0xa5,
  0xdc, 0xa5, 0x9e, 0xb6, 0x9f, 0xc6, 0x5f, 0xd7, 0xdf, 0xc6, 0xdf, 0xc6,
  0x1f, 0xc7, 0x9e, 0xc6, 0x9e, 0xb6, 0x9e, 0xc6, 0x5f, 0xd7, 0x18, 0x95,
  0x10, 0xa5, 0x8c, 0xa4, 0xc8, 0x72, 0x48, 0x92, 0x0e, 0xfc, 0xd4, 0xfd,
  0x18, 0xff, 0x56, 0xfe, 0x52, 0xfd, 0xd4, 0xfd, 0x16, 0xfe, 0x12, 0xfd,
  0x56, 0xfe, 0xd4, 0xfd, 0xd4, 0xfd, 0x52, 0xfd, 0x92, 0xfd, 0x14, 0xfe,
  0x14, 0xfe, 0x52, 0xfd, 0xd4, 0xfd, 0xd4, 0xfd, 0x14, 0xfe, 0x14, 0xfe,
  0x56, 0xfe, 0xd4, 0xfd, 0x52, 0xfd, 0xd4, 0xfd, 0xd4, 0xfd, 0xd4, 0xfd,
  0x14, 0xfe, 0x16, 0xfe, 0x98, 0xfe, 0x16, 0xfe, 0x90, 0xfc, 0x92, 0xfd,
  0xd4, 0xfd, 0x56, 0xfe, 0x94, 0xfd, 0x98, 0xfe, 0x16, 0xfe, 0xd0, 0xfc,
  0x94, 0xfd, 0xd4, 0xfd, 0x16, 0xfe, 0x14, 0xfe, 0x52, 0xfd, 0x52, 0xfd,
  0xd4, 0xfd, 0x94, 0xfd, 0x92, 0xfd, 0x52, 0xfd, 0x14, 0xfe, 0x14, 0xfe,
  0xd4, 0xfd, 0xd4, 0xfd, 0x94, 0xfd, 0x94, 0xfd, 0x56, 0xfe, 0x92, 0xfd,
  0xd4, 0xfd, 0xd4, 0xfd, 0x12, 0xfd, 0x92, 0xfd, 0x96, 0xfe, 0x56, 0xfe,
  0xd4, 0xfd, 0x92, 0xfd, 0x14, 0xfe, 0x14, 0xfe, 0x4e, 0xfc, 0x0a, 0xb3,
  0xcc, 0xd3, 0xcc, 0xd3, 0x4c, 0xa4, 0x4c, 0x94, 0x08, 0x94, 0x88, 0xd5,
  0xee, 0xff, 0xf6, 0xff, 0xf4, 0xff, 0xf2, 0xff, 0xf4, 0xff, 0xf2, 0xff,
  0xf0, 0xff, 0xf2, 0xff, 0xf2, 0xff, 0xf2, 0xff, 0xf2, 0xff, 0xf2, 0xff,
  0xf0, 0xff, 0xf4, 0xff, 0xf6, 0xff, 0xf2, 0xff, 0xec, 0xff, 0xf0, 0xff,
  0xf2, 0xff, 0xee, 0xff, 0xf0, 0xff, 0xf0, 0xff, 0xf2, 0xff, 0xf2, 0xff,
  0xf0, 0xff, 0xf2, 0xff, 0xf4, 0xff, 0xf0, 0xff, 0xf0, 0xff, 0xee, 0xff,
  0xee, 0xff, 0xf6, 0xff, 0xf4, 0xff, 0x92, 0xe6, 0xd2, 0xd5, 0xc8, 0xa2,
  0xcc, 0xf3, 0xcc, 0xf3, 0xcc, 0xe3, 0x52, 0xfd, 0x94, 0xfd, 0x56, 0xfe,
  0xd4, 0xfd, 0xd4, 0xfd, 0xd4, 0xfd, 0xd4, 0xfd, 0x16, 0xfe, 0xd4, 0xfd,
  0x94, 0xfd, 0x92, 0xfd, 0x52, 0xfd, 0x14, 0xfe, 0x56, 0xfe, 0xd0, 0xfc,
  0x52, 0xfd, 0x56, 0xfe, 0x52, 0xfd, 0xd4, 0xfd, 0xd4, 0xfd, 0xd4, 0xfd,
  0x52, 0xfd, 0x12, 0xfd, 0x52, 0xfd, 0x52, 0xfd, 0x94, 0xfd, 0xd8, 0xfe,
  0x16, 0xfe, 0x56, 0xfe, 0x92, 0xfd, 0xd4, 0xfd, 0x92, 0xfd, 0x92, 0xfd,
  0x52, 0xfd, 0x14, 0xfe, 0xd8, 0xfe, 0x56, 0xfe, 0x94, 0xfd, 0x94, 0xfd,
  0xd4, 0xfd, 0x52, 0xfd, 0x12, 0xfd, 0x12, 0xfd, 0x94, 0xfd, 0x96, 0xfe,
  0xd4, 0xfd, 0xd4, 0xfd, 0x1a, 0xff, 0x56, 0xfe, 0x92, 0xfd, 0x16, 0xfe,
  0x9c, 0xff, 0xd8, 0xfe, 0xd4, 0xfd, 0x56, 0xfe, 0x14, 0xfe, 0x90, 0xfc,
  0x4e, 0xfc, 0x52, 0xfd, 0xd0, 0xfc, 0x94, 0xfd, 0x94, 0xfd, 0x94, 0xfd,
  0x16, 0xfe, 0x94, 0xfd, 0x92, 0xfd, 0xce, 0xd4, 0x8c, 0xa4, 0xcc, 0x73,
  0x4a, 0x42, 0x90, 0x63, 0x9a, 0xa5, 0xff, 0xf7, 0xdf, 0xe7, 0x9f, 0xe7,
  0x5f, 0xd7, 0x1f, 0xd7, 0x1f, 0xd7, 0x5f, 0xd7, 0x1f, 0xc7, 0xdf, 0xc6,
  0xdf, 0xc6, 0xdf, 0xc6, 0x1f, 0xd7, 0x5f, 0xd7, 0x9e, 0xc6, 0x5e, 0xb6,
  0x1f, 0xd7, 0x9e, 0xb6, 0xdf, 0xc6, 0xdf, 0xc6, 0x5f, 0xd7, 0x1f, 0xd7,
  0x9f, 0xc6, 0xdf, 0xc6, 0x9f, 0xe7, 0x9f, 0xe7, 0x5f, 0xd7, 0x9f, 0xe7,
  0x1f, 0xd7, 0x5e, 0xb6, 0x1c, 0xb6, 0x9f, 0xd7, 0xff, 0xf7, 0x9f, 0xd7,
  0x5e, 0xb6, 0xda, 0xa5, 0x5a, 0x95, 0xdf, 0xc6, 0x5e, 0xb6, 0x9e, 0xc6,
  0x9f, 0xc6, 0x1f, 0xd7, 0x1f, 0xd7, 0xdf, 0xc6, 0x1f, 0xc7, 0x1f, 0xd7,
  0x1f, 0xd7, 0x5f, 0xd7, 0x9e, 0xb6, 0xdf, 0xc6, 0x5f, 0xd7, 0x9f, 0xc6,
  0x5e, 0xb6, 0xdf, 0xc6, 0x58, 0x95, 0x18, 0x95, 0x1e, 0xb6, 0x9e, 0xc6,
  0x1f, 0xc7, 0xff, 0xf7, 0x1f, 0xd7, 0x9f, 0xd7, 0x5f, 0xd7, 0x1f, 0xc7,
  0xdf, 0xc6, 0x9e, 0xc6, 0x1f, 0xc7, 0x16, 0x95, 0xd0, 0xa4, 0xce, 0xa4,
  0x86, 0x62, 0x88, 0x92, 0x0e, 0xfc, 0xd0, 0xfc, 0xd4, 0xfd, 0xd4, 0xfd,
  0x92, 0xfd, 0xd4, 0xfd, 0x96, 0xfe, 0x52, 0xfd, 0xd4, 0xfd, 0xd4, 0xfd,
  0x94, 0xfd, 0x12, 0xfd, 0x94, 0xfd, 0xd4, 0xfd, 0x14, 0xfe, 0xd4, 0xfd,
  0x18, 0xff, 0xd8, 0xfe, 0x14, 0xfe, 0x92, 0xfd, 0x52, 0xfd, 0xd4, 0xfd,
  0x94, 0xfd, 0x16, 0xfe, 0xd8, 0xfe, 0x5a, 0xff, 0x52, 0xfd, 0x52, 0xfd,
  0x52, 0xfd, 0x92, 0xfd, 0xd4, 0xfd, 0x18, 0xff, 0x56, 0xfe, 0x16, 0xfe,
  0x16, 0xfe, 0x16, 0xfe, 0xd4, 0xfd, 0x52, 0xfd, 0x92, 0xfd, 0xd0, 0xfc,
  0x12, 0xfd, 0x92, 0xfd, 0x52, 0xfd, 0x52, 0xfd, 0xd4, 0xfd, 0x14, 0xfe,
  0x94, 0xfd, 0x94, 0xfd, 0x16, 0xfe, 0x52, 0xfd, 0x92, 0xfd, 0xd4, 0xfd,
  0xd4, 0xfd, 0x12, 0xfd, 0x16, 0xfe, 0xd8, 0xfe, 0x96, 0xfe, 0x98, 0xfe,
  0x92, 0xfd, 0xd0, 0xfc, 0x14, 0xfe, 0x98, 0xfe, 0x98, 0xfe, 0xd4, 0xfd,
  0xd8, 0xfe, 0xd8, 0xfe, 0x12, 0xfd, 0x90, 0xf4, 0xcc, 0xd3, 0xc8, 0x92,
  0x50, 0xb5, 0xce, 0xa4, 0xc6, 0x83, 0xc8, 0xe5, 0xee, 0xff, 0xf4, 0xff,
  0xf2, 0xff, 0xf6, 0xff, 0xf8, 0xff, 0xf2, 0xff, 0xf0, 0xff, 0xee, 0xff,
  0xf4, 0xff, 0xf6, 0xff, 0xf4, 0xff, 0xf2, 0xff, 0xf0, 0xff, 0xf4, 0xff,
  0xf4, 0xff, 0xf0, 0xff, 0xf0, 0xff, 0xf0, 0xff, 0xf0, 0xff, 0xec, 0xff,
  0xec, 0xff, 0xee, 0xff, 0xee, 0xff, 0xf2, 0xff, 0xee, 0xff, 0xf2, 0xff,
  0xf4, 0xff, 0xf4, 0xff, 0xf0, 0xff, 0xee, 0xff, 0xee, 0xff, 0xf2, 0xff,
  0xf2, 0xff, 0x10, 0xd6, 0x90, 0xc5, 0x0a, 0xa3, 0xcc, 0xf3, 0x4e, 0xfc,
  0x8e, 0xfc, 0x12, 0xfd, 0x52, 0xfd, 0xd4, 0xfd, 0x16, 0xfe, 0xd4, 0xfd,
  0x94, 0xfd, 0x98, 0xfe, 0x56, 0xfe, 0x92, 0xfd, 0x52, 0xfd, 0x12, 0xfd,
  0x12, 0xfd, 0x14, 0xfe, 0xd4, 0xfd, 0x90, 0xfc, 0x90, 0xfc, 0xd4, 0xfd,
  0x52, 0xfd, 0x52, 0xfd, 0xd4, 0xfd, 0x92, 0xfd, 0x94, 0xfd, 0x14, 0xfe,
  0xd4, 0xfd, 0xd0, 0xfc, 0xd4, 0xfd, 0x56, 0xfe, 0xd4, 0xfd, 0x96, 0xfe,
  0xd4, 0xfd, 0xd4, 0xfd, 0x52, 0xfd, 0x14, 0xfe, 0x92, 0xfd, 0xd0, 0xfc,
  0x14, 0xfe, 0x1a, 0xff, 0x52, 0xfd, 0xd8, 0xfe, 0x5a, 0xff, 0xd0, 0xfc,
  0xcc, 0xf3, 0xd0, 0xfc, 0x52, 0xfd, 0x56, 0xfe, 0x92, 0xfd, 0x94, 0xfd,
  0x56, 0xfe, 0x16, 0xfe, 0xd8, 0xfe, 0x98, 0xfe, 0x1a, 0xff, 0xd8, 0xfe,
  0x14, 0xfe, 0x16, 0xfe, 0x12, 0xfd, 0x10, 0xfd, 0x12, 0xfd, 0x92, 0xfd,
  0x94, 0xfd, 0x10, 0xfd, 0xd0, 0xfc, 0xd0, 0xfc, 0x52, 0xfd, 0x92, 0xfd,
  0x92, 0xfd, 0x14, 0xf6, 0x12, 0xd6, 0x0c, 0x84, 0x8c, 0x42, 0x90, 0x63,
  0xda, 0xa5, 0xff, 0xff, 0xff, 0xf7, 0x9f, 0xe7, 0x1f, 0xd7, 0x9f, 0xd7,
  0x1f, 0xd7, 0xdf, 0xc6, 0x1f, 0xd7, 0xdf, 0xc6, 0x1f, 0xd7, 0x1f, 0xd7,
  0x9f, 0xe7, 0x5f, 0xd7, 0xdf, 0xc6, 0xdf, 0xc6, 0x1f, 0xc7, 0x5e, 0xb6,
  0x9f, 0xc6, 0xdf, 0xc6, 0xdf, 0xc6, 0x5f, 0xd7, 0x5f, 0xd7, 0x5f, 0xd7,
  0xff, 0xf7, 0xff, 0xf7, 0x1f, 0xd7, 0x5f, 0xd7, 0x9e, 0xb6, 0x9e, 0xb6,
  0x5e, 0xb6, 0x5e, 0xb6, 0xdf, 0xc6, 0xdf, 0xc6, 0xdf, 0xc6, 0xdf, 0xc6,
  0x1c, 0xb6, 0x9e, 0xb6, 0xdf, 0xc6, 0x1f, 0xd7, 0x1f, 0xd7, 0xdf, 0xc6,
  0xdf, 0xc6, 0x1f, 0xd7, 0xdf, 0xc6, 0x1f, 0xd7, 0xdf, 0xc6, 0x1f, 0xc7,
  0x1f, 0xd7, 0x9f, 0xc6, 0xdf, 0xc6, 0x1f, 0xc7, 0x1f, 0xc7, 0x9f, 0xc6,
  0x5a, 0x95, 0x5a, 0x95, 0x9e, 0xb6, 0x9f, 0xc6, 0x5e, 0xb6, 0xdf, 0xc6,
  0xdf, 0xc6, 0xdf, 0xc6, 0x9e, 0xb6, 0xdf, 0xc6, 0xdf, 0xc6, 0x9e, 0xc6,
  0x9f, 0xe7, 0x58, 0xa5, 0xd0, 0xa4, 0x4e, 0xb5, 0x08, 0x73, 0xc6, 0x71,
  0x4a, 0xd3, 0x0e, 0xfc, 0x12, 0xfd, 0xd0, 0xfc, 0x12, 0xfd, 0x94, 0xfd,
  0x94, 0xfd, 0xd4, 0xfd, 0x16, 0xfe, 0xd4, 0xfd, 0xd4, 0xfd, 0x92, 0xfd,
  0x92, 0xfd, 0x94, 0xfd, 0x96, 0xfe, 0x98, 0xfe, 0x98, 0xfe, 0xd8, 0xfe,
  0xfe, 0xff, 0xd8, 0xfe, 0x14, 0xfe, 0x56, 0xfe, 0x56, 0xfe, 0xd4, 0xfd,
  0xd8, 0xfe, 0x1a, 0xff, 0x12, 0xfd, 0x52, 0xfd, 0x94, 0xfd, 0x14, 0xfe,
  0x96, 0xfe, 0x56, 0xfe, 0x56, 0xfe, 0x98, 0xfe, 0x94, 0xfd, 0x94, 0xfd,
  0xd4, 0xfd, 0x14, 0xfe, 0x92, 0xfd, 0x94, 0xfd, 0xd4, 0xfd, 0x92, 0xfd,
  0xd4, 0xfd, 0xd4, 0xfd, 0xd4, 0xfd, 0x16, 0xfe, 0xd4, 0xfd, 0x52, 0xfd,
  0x92, 0xfd, 0x52, 0xfd, 0x92, 0xfd, 0x52, 0xfd, 0xd4, 0xfd, 0x52, 0xfd,
  0x16, 0xfe, 0x96, 0xfe, 0x14, 0xfe, 0x56, 0xfe, 0x94, 0xfd, 0xd0, 0xfc,
  0x94, 0xfd, 0x96, 0xfe, 0x56, 0xfe, 0xd4, 0xfd, 0x96, 0xfe, 0xfe, 0xff,
  0xd8, 0xfe, 0x12, 0xfd, 0x0e, 0xf4, 0x8c, 0xc3, 0x12, 0xd6, 0xd0, 0xc5,
  0x46, 0x73, 0xc8, 0xd5, 0xf0, 0xff, 0xf8, 0xff, 0xf2, 0xff, 0xf6, 0xff,
  0xf2, 0xff, 0xf0, 0xff, 0xf2, 0xff, 0xec, 0xff, 0xf0, 0xff, 0xf0, 0xff,
  0xf2, 0xff, 0xf2, 0xff, 0xf2, 0xff, 0xf6, 0xff, 0xf2, 0xff, 0xec, 0xff,
  0xee, 0xff, 0xf0, 0xff, 0xf2, 0xff, 0xc8, 0xd5, 0x0a, 0xf7, 0xee, 0xff,
  0xee, 0xff, 0xf0, 0xff, 0xee, 0xff, 0xf0, 0xff, 0xf0, 0xff, 0xf2, 0xff,
  0xf0, 0xff, 0xee, 0xff, 0xf4, 0xff, 0xf8, 0xff, 0xf0, 0xff, 0x08, 0x94,
  0xc8, 0x72, 0x0a, 0xb3, 0x0e, 0xfc, 0xd0, 0xfc, 0x4e, 0xfc, 0x8e, 0xfc,
  0xd4, 0xfd, 0x52, 0xfd, 0x52, 0xfd, 0x52, 0xfd, 0x12, 0xfd, 0x52, 0xfd,
  0x52, 0xfd, 0x94, 0xfd, 0xd4, 0xfd, 0xd4, 0xfd, 0x10, 0xfd, 0x8e, 0xfc,
  0xd0, 0xfc, 0x12, 0xfd, 0x12, 0xfd, 0xd4, 0xfd, 0xd4, 0xfd, 0x92, 0xfd,
  0x52, 0xfd, 0x94, 0xfd, 0x52, 0xfd, 0x52, 0xfd, 0x10, 0xfd, 0xd0, 0xfc,
  0x12, 0xfd, 0x52, 0xfd, 0x16, 0xfe, 0xd8, 0xfe, 0x98, 0xfe, 0x98, 0xfe,
  0x94, 0xfd, 0xd8, 0xfe, 0xd4, 0xfd, 0x12, 0xfd, 0x14, 0xfe, 0xd4, 0xfd,
  0x52, 0xfd, 0x16, 0xfe, 0x1a, 0xff, 0x90, 0xfc, 0x4e, 0xfc, 0xd0, 0xfc,
  0x12, 0xfd, 0x52, 0xfd, 0x12, 0xfd, 0x92, 0xfd, 0x16, 0xfe, 0x94, 0xfd,
  0x92, 0xfd, 0xd4, 0xfd, 0x94, 0xfd, 0x92, 0xfd, 0x56, 0xfe, 0x98, 0xfe,
  0xd4, 0xfd, 0x12, 0xfd, 0xd0, 0xfc, 0x94, 0xfd, 0xd4, 0xfd, 0x52, 0xfd,
  0x12, 0xfd, 0x10, 0xfd, 0x92, 0xfd, 0xd4, 0xfd, 0x92, 0xfd, 0xd6, 0xfe,
  0x12, 0xd6, 0xce, 0x83, 0x54, 0x74, 0x54, 0x84, 0x18, 0x95, 0x9e, 0xc6,
  0x5e, 0xb6, 0x5e, 0xb6, 0x5e, 0xb6, 0x5f, 0xd7, 0x9f, 0xc6, 0x5e, 0xb6,
  0x1f, 0xc7, 0x5f, 0xd7, 0xff, 0xf7, 0xdf, 0xc6, 0xdf, 0xc6, 0x9e, 0xc6,
  0x9f, 0xc6, 0x1f, 0xd7, 0xdf, 0xc6, 0xdc, 0xa5, 0x9e, 0xc6, 0x9f, 0xc6,
  0x9f, 0xc6, 0xdf, 0xc6, 0xff, 0xe7, 0x9f, 0xe7, 0xdf, 0xe7, 0xff, 0xff,
  0x1f, 0xd7, 0xdf, 0xc6, 0x5e, 0xb6, 0x5e, 0xb6, 0x1c, 0xb6, 0xdc, 0xa5,
  0x5e, 0xb6, 0xdf, 0xc6, 0x5f, 0xd7, 0x5f, 0xd7, 0xdf, 0xc6, 0x9f, 0xc6,
  0xdf, 0xc6, 0xdf, 0xc6, 0x1f, 0xc7, 0xdf, 0xc6, 0xdf, 0xc6, 0xdf, 0xc6,
  0xdf, 0xc6, 0x9e, 0xc6, 0xdf, 0xc6, 0x5e, 0xb6, 0x5e, 0xb6, 0x9e, 0xb6,
  0x5e, 0xb6, 0xdc, 0xa5, 0xdc, 0xa5, 0x9f, 0xc6, 0x9f, 0xe7, 0x1f, 0xd7,
  0x9e, 0xc6, 0x9f, 0xc6, 0xdf, 0xc6, 0x5f, 0xd7, 0x9f, 0xe7, 0x1f, 0xd7,
  0x5e, 0xb6, 0x5e, 0xb6, 0x9e, 0xb6, 0xdf, 0xc6, 0xdf, 0xe7, 0x5a, 0xa5,
  0x4c, 0x73, 0x0a, 0x94, 0x08, 0x73, 0x48, 0x92, 0xcc, 0xf3, 0x90, 0xfc,
  0x12, 0xfd, 0x52, 0xfd, 0x52, 0xfd, 0x52, 0xfd, 0x12, 0xfd, 0x96, 0xfe,
  0x56, 0xfe, 0x14, 0xfe, 0x94, 0xfd, 0xd4, 0xfd, 0x52, 0xfd, 0x56, 0xfe,
  0xd4, 0xfd, 0xd4, 0xfd, 0x98, 0xfe, 0x16, 0xfe, 0x1a, 0xff, 0xd8, 0xfe,
  0xd8, 0xfe, 0xd4, 0xfd, 0xd4, 0xfd, 0xd0, 0xfc, 0x52, 0xfd, 0x94, 0xfd,
  0x96, 0xfe, 0x98, 0xfe, 0xd4, 0xfd, 0xd8, 0xfe, 0xdc, 0xff, 0xd8, 0xfe,
  0x96, 0xfe, 0xd4, 0xfd, 0x16, 0xfe, 0x18, 0xff, 0x14, 0xfe, 0x12, 0xfd,
  0x52, 0xfd, 0xd4, 0xfd, 0x94, 0xfd, 0x94, 0xfd, 0x94, 0xfd, 0x92, 0xfd,
  0x94, 0xfd, 0x94, 0xfd, 0x94, 0xfd, 0x52, 0xfd, 0x52, 0xfd, 0x56, 0xfe,
  0x56, 0xfe, 0x12, 0xfd, 0x94, 0xfd, 0xd4, 0xfd, 0x94, 0xfd, 0x94, 0xfd,
  0x94, 0xfd, 0xd4, 0xfd, 0xd4, 0xfd, 0xd0, 0xfc, 0x94, 0xfd, 0xd8, 0xfe,
  0x56, 0xfe, 0x52, 0xfd, 0x92, 0xfd, 0xfe, 0xff, 0xfe, 0xff, 0x52, 0xfd,
  0x90, 0xfc, 0x8e, 0xf4, 0x90, 0xc5, 0x4e, 0xb5, 0xc6, 0x83, 0x88, 0xd5,
  0xf0, 0xff, 0xfa, 0xff, 0xf6, 0xff, 0xf0, 0xff, 0xf0, 0xff, 0xf0, 0xff,
  0xf6, 0xff, 0xf4, 0xff, 0xf6, 0xff, 0xf4, 0xff, 0xec, 0xff, 0xee, 0xff,
  0xf0, 0xff, 0xf0, 0xff, 0xf0, 0xff, 0xee, 0xff, 0xf0, 0xff, 0xf2, 0xff,
  0xf0, 0xff, 0xec, 0xff, 0xee, 0xff, 0xee, 0xff, 0xee, 0xff, 0xf0, 0xff,
  0xf0, 0xff, 0xf0, 0xff, 0xf0, 0xff, 0xf6, 0xff, 0xf4, 0xff, 0xf4, 0xff,
  0xf6, 0xff, 0xf8, 0xff, 0xf2, 0xff, 0x0c, 0xb5, 0xce, 0xb4, 0x4a, 0xb3,
  0x0e, 0xfc, 0x52, 0xfd, 0x90, 0xfc, 0x12, 0xfd, 0x52, 0xfd, 0xd0, 0xfc,
  0x12, 0xfd, 0x92, 0xfd, 0x52, 0xfd, 0x12, 0xfd, 0x4e, 0xfc, 0xd0, 0xfc,
  0x52, 0xfd, 0x92, 0xfd, 0xd0, 0xfc, 0xd0, 0xfc, 0x10, 0xfd, 0x94, 0xfd,
  0x92, 0xfd, 0x92, 0xfd, 0x52, 0xfd, 0x52, 0xfd, 0x94, 0xfd, 0x14, 0xfe,
  0x94, 0xfd, 0x12, 0xfd, 0x8e, 0xfc, 0x4e, 0xfc, 0x8e, 0xfc, 0x0e, 0xfc,
  0xd0, 0xfc, 0xd4, 0xfd, 0x98, 0xfe, 0x1a, 0xff, 0x52, 0xfd, 0x16, 0xfe,
  0x16, 0xfe, 0x52, 0xfd, 0x56, 0xfe, 0x16, 0xfe, 0x16, 0xfe, 0xd4, 0xfd,
  0x16, 0xfe, 0x12, 0xfd, 0xd0, 0xfc, 0xd0, 0xfc, 0x12, 0xfd, 0x94, 0xfd,
  0x52, 0xfd, 0xd0, 0xfc, 0x56, 0xfe, 0x98, 0xfe, 0xd4, 0xfd, 0x16, 0xfe,
  0x56, 0xfe, 0x92, 0xfd, 0x94, 0xfd, 0x56, 0xfe, 0xd4, 0xfd, 0x92, 0xfd,
  0xd4, 0xfd, 0xd4, 0xfd, 0x94, 0xfd, 0xd4, 0xfd, 0x96, 0xfe, 0xd4, 0xfd,
  0xd4, 0xfd, 0xd4, 0xfd, 0x92, 0xfd, 0xd2, 0xf5, 0x90, 0xc5, 0x0a, 0x63,
  0xcc, 0x52, 0x14, 0x74, 0x58, 0x95, 0x1c, 0xb6, 0x5e, 0xb6, 0x9f, 0xd7,
  0x1f, 0xd7, 0xdf, 0xc6, 0x1c, 0xa6, 0x9a, 0xa5, 0x1f, 0xc7, 0x5f, 0xd7,
  0x1f, 0xd7, 0x9f, 0xc6, 0xdf, 0xc6, 0xdf, 0xc6, 0x9e, 0xc6, 0x5f, 0xd7,
  0xdf, 0xc6, 0x5e, 0xb6, 0x5f, 0xd7, 0x9e, 0xc6, 0xdc, 0xa5, 0xda, 0xa5,
  0xdf, 0xc6, 0xdf, 0xc6, 0x5e, 0xb6, 0xdf, 0xc6, 0xdf, 0xc6, 0x9e, 0xc6,
  0x1c, 0xb6, 0x5e, 0xb6, 0x9e, 0xc6, 0x1c, 0xb6, 0xdc, 0xa5, 0xdf, 0xc6,
  0x1f, 0xd7, 0x9e, 0xc6, 0x5e, 0xb6, 0xdc, 0xa5, 0x1c, 0xb6, 0x1c, 0xb6,
  0x1c, 0xb6, 0x5e, 0xb6, 0x1f, 0xd7, 0x9e, 0xc6, 0x5e, 0xb6, 0xdc, 0xa5,
  0x9f, 0xe7, 0xdf, 0xc6, 0x1c, 0xb6, 0x1c, 0xb6, 0xdf, 0xc6, 0xdf, 0xc6,
  0xdf, 0xc6, 0x9f, 0xc6, 0xff, 0xf7, 0xdf, 0xe7, 0x5e, 0xb6, 0x5e, 0xb6,
  0x1f, 0xd7, 0x5f, 0xd7, 0x1f, 0xd7, 0x1f, 0xd7, 0x1c, 0xb6, 0x9a, 0xa5,
  0x5e, 0xb6, 0x5e, 0xb6, 0x9e, 0xc6, 0xdf, 0xc6, 0xd2, 0x94, 0x8c, 0xa4,
  0x8e, 0xa4, 0x4c, 0xc3, 0x8c, 0xe3, 0x90, 0xfc, 0x94, 0xfd, 0x56, 0xfe,
  0x96, 0xfe, 0xd4, 0xfd, 0xd4, 0xfd, 0x16, 0xfe, 0x14, 0xfe, 0x14, 0xfe,
  0x56, 0xfe, 0xd4, 0xfd, 0xd4, 0xfd, 0x56, 0xfe, 0x94, 0xfd, 0xd4, 0xfd,
  0x12, 0xfd, 0x10, 0xfd, 0x52, 0xfd, 0x92, 0xfd, 0x92, 0xfd, 0x52, 0xfd,
  0x12, 0xfd, 0x52, 0xfd, 0x92, 0xfd, 0x52, 0xfd, 0x94, 0xfd, 0x56, 0xfe,
  0xd4, 0xfd, 0xd8, 0xfe, 0xd8, 0xfe, 0x1a, 0xff, 0xd8, 0xfe, 0x52, 0xfd,
  0xd4, 0xfd, 0x16, 0xfe, 0x98, 0xfe, 0xd4, 0xfd, 0xd4, 0xfd, 0x56, 0xfe,
  0x56, 0xfe, 0x94, 0xfd, 0xd4, 0xfd, 0x98, 0xfe, 0xd4, 0xfd, 0x92, 0xfd,
  0x16, 0xfe, 0x52, 0xfd, 0x52, 0xfd, 0x52, 0xfd, 0xd4, 0xfd, 0xd8, 0xfe,
  0x5a, 0xff, 0x56, 0xfe, 0x96, 0xfe, 0x16, 0xfe, 0x52, 0xfd, 0x52, 0xfd,
  0xd4, 0xfd, 0x52, 0xfd, 0x56, 0xfe, 0xd8, 0xfe, 0x56, 0xfe, 0x12, 0xfd,
  0x52, 0xfd, 0x1a, 0xff, 0xfc, 0xff, 0x9a, 0xff, 0x52, 0xfd, 0xcc, 0xd3,
  0x4c, 0xa4, 0xcc, 0xa4, 0x88, 0xc5, 0xca, 0xfe, 0xf0, 0xff, 0xf4, 0xff,
  0xf2, 0xff, 0xf0, 0xff, 0xf2, 0xff, 0xee, 0xff, 0xf2, 0xff, 0xf2, 0xff,
  0xf4, 0xff, 0xf4, 0xff, 0xee, 0xff, 0xf0, 0xff, 0xf2, 0xff, 0xf0, 0xff,
  0xf0, 0xff, 0xf0, 0xff, 0xf4, 0xff, 0xf2, 0xff, 0xec, 0xff, 0xf0, 0xff,
  0xf0, 0xff, 0xee, 0xff, 0xee, 0xff, 0xee, 0xff, 0xec, 0xff, 0xee, 0xff,
  0xee, 0xff, 0xf0, 0xff, 0xf4, 0xff, 0xf6, 0xff, 0xf4, 0xff, 0xf0, 0xff,
  0xee, 0xff, 0xd2, 0xe6, 0x12, 0xd6, 0x0a, 0xa3, 0x8c, 0xe3, 0xd0, 0xfc,
  0x92, 0xfd, 0x10, 0xfd, 0x90, 0xfc, 0x12, 0xfd, 0x92, 0xfd, 0x92, 0xfd,
  0x12, 0xfd, 0x12, 0xfd, 0xcc, 0xf3, 0x8e, 0xfc, 0x52, 0xfd, 0xd0, 0xfc,
  0x92, 0xfd, 0x10, 0xfd, 0x0e, 0xfc, 0x90, 0xfc, 0x52, 0xfd, 0x56, 0xfe,
  0x94, 0xfd, 0x12, 0xfd, 0x52, 0xfd, 0x98, 0xfe, 0xd8, 0xfe, 0x94, 0xfd,
  0x94, 0xfd, 0xd4, 0xfd, 0x92, 0xfd, 0xd0, 0xfc, 0x12, 0xfd, 0xd4, 0xfd,
  0x56, 0xfe, 0x98, 0xfe, 0x94, 0xfd, 0x12, 0xfd, 0x12, 0xfd, 0x12, 0xfd,
  0x90, 0xfc, 0x12, 0xfd, 0x92, 0xfd, 0x52, 0xfd, 0x52, 0xfd, 0x52, 0xfd,
  0x4e, 0xfc, 0xcc, 0xe3, 0x94, 0xfd, 0x56, 0xfe, 0x94, 0xfd, 0x94, 0xfd,
  0x94, 0xfd, 0x56, 0xfe, 0xd4, 0xfd, 0x94, 0xfd, 0x52, 0xfd, 0xd4, 0xfd,
  0x52, 0xfd, 0xd4, 0xfd, 0x92, 0xfd, 0x90, 0xfc, 0x94, 0xfd, 0xd4, 0xfd,
  0x52, 0xfd, 0xd4, 0xfd, 0x56, 0xfe, 0x16, 0xfe, 0xd4, 0xfd, 0x52, 0xfd,
  0xd4, 0xfd, 0x50, 0xe5, 0x4e, 0xb5, 0x0a, 0x63, 0x4a, 0x42, 0x90, 0x63,
  0xd8, 0x94, 0x9e, 0xb6, 0xdf, 0xc6, 0x1f, 0xd7, 0x1f, 0xd7, 0x9f, 0xc6,
  0xdf, 0xc6, 0x5e, 0xb6, 0x9f, 0xc6, 0xdf, 0xc6, 0xdf, 0xc6, 0x1f, 0xd7,
  0x1f, 0xc7, 0x1f, 0xd7, 0x9e, 0xc6, 0x1c, 0xb6, 0xdf, 0xc6, 0x1f, 0xc7,
  0xdf, 0xc6, 0xdf, 0xc6, 0x9e, 0xb6, 0xda, 0xa5, 0x9e, 0xc6, 0x5f, 0xd7,
  0xdf, 0xc6, 0x5e, 0xb6, 0xdf, 0xe7, 0x1f, 0xd7, 0x9e, 0xb6, 0x9f, 0xc6,
  0x9f, 0xc6, 0x9e, 0xc6, 0x58, 0x95, 0x5e, 0xb6, 0x5f, 0xd7, 0x1f, 0xd7,
  0x9e, 0xc6, 0x9a, 0xa5, 0x1c, 0xb6, 0xdc, 0xa5, 0x1c, 0xb6, 0x1c, 0xb6,
  0xdf, 0xc6, 0x5e, 0xb6, 0x9f, 0xc6, 0x5e, 0xb6, 0x5e, 0xb6, 0x5e, 0xb6,
  0x1c, 0xb6, 0x5e, 0xb6, 0x9e, 0xb6, 0x5e, 0xb6, 0xdf, 0xc6, 0xdc, 0xa5,
  0x9e, 0xb6, 0x5e, 0xb6, 0xda, 0xa5, 0x9e, 0xb6, 0xdf, 0xe7, 0xdf, 0xc6,
  0x9f, 0xc6, 0x1f, 0xc7, 0x9e, 0xc6, 0xdc, 0xa5, 0x5e, 0xb6, 0x5e, 0xb6,
  0x1c, 0xb6, 0xdf, 0xc6, 0x54, 0xb5, 0x4c, 0x94, 0x4a, 0x93, 0x8c, 0xe3,
  0x4e, 0xfc, 0x52, 0xfd, 0xd4, 0xfd, 0xd4, 0xfd, 0x14, 0xfe, 0x56, 0xfe,
  0x16, 0xfe, 0x92, 0xfd, 0x56, 0xfe, 0x92, 0xfd, 0x92, 0xfd, 0x10, 0xfd,
  0x56, 0xfe, 0x14, 0xfe, 0xd4, 0xfd, 0xd4, 0xfd, 0x92, 0xfd, 0x92, 0xfd,
  0x52, 0xfd, 0x10, 0xfd, 0x14, 0xfe, 0x16, 0xfe, 0x94, 0xfd, 0x10, 0xfd,
  0xd4, 0xfd, 0x98, 0xfe, 0x14, 0xfe, 0x52, 0xfd, 0x92, 0xfd, 0x16, 0xfe,
  0x5a, 0xff, 0x5a, 0xff, 0xd8, 0xfe, 0x94, 0xfd, 0xd4, 0xfd, 0x14, 0xfe,
  0x16, 0xfe, 0x56, 0xfe, 0xd4, 0xfd, 0xd4, 0xfd, 0x96, 0xfe, 0x56, 0xfe,
  0x56, 0xfe, 0x56, 0xfe, 0x92, 0xfd, 0x12, 0xfd, 0x14, 0xfe, 0xd4, 0xfd,
  0x92, 0xfd, 0x56, 0xfe, 0xdc, 0xff, 0xdc, 0xff, 0xdc, 0xff, 0x94, 0xfd,
  0x92, 0xfd, 0x92, 0xfd, 0xd0, 0xfc, 0x52, 0xfd, 0x56, 0xfe, 0x56, 0xfe,
  0x16, 0xfe, 0x14, 0xfe, 0x52, 0xfd, 0x52, 0xfd, 0xd4, 0xfd, 0x14, 0xfe,
  0x94, 0xfd, 0x12, 0xfd, 0x92, 0xfd, 0x10, 0xfd, 0x12, 0xd6, 0x0e, 0xb5,
  0x8a, 0xf6, 0xcc, 0xff, 0xf0, 0xff, 0xf4, 0xff, 0xf0, 0xff, 0xf0, 0xff,
  0xf2, 0xff, 0xee, 0xff, 0xf2, 0xff, 0xf2, 0xff, 0xf0, 0xff, 0xf0, 0xff,
  0xf4, 0xff, 0xf2, 0xff, 0xf4, 0xff, 0xf2, 0xff, 0xee, 0xff, 0xf0, 0xff,
  0xf0, 0xff, 0xec, 0xff, 0xec, 0xff, 0xee, 0xff, 0xf0, 0xff, 0xf0, 0xff,
  0xf2, 0xff, 0xf2, 0xff, 0xf0, 0xff, 0xf0, 0xff, 0xf2, 0xff, 0xf0, 0xff,
  0xf4, 0xff, 0xf6, 0xff, 0xf0, 0xff, 0xee, 0xff, 0x8c, 0xff, 0xd0, 0xd5,
  0x90, 0xc5, 0x0a, 0xa3, 0x8c, 0xe3, 0x90, 0xfc, 0x16, 0xfe, 0x16, 0xfe,
  0x52, 0xfd, 0x52, 0xfd, 0x52, 0xfd, 0x12, 0xfd, 0x52, 0xfd, 0x94, 0xfd,
  0xd0, 0xfc, 0xd0, 0xfc, 0x94, 0xfd, 0xd0, 0xfc, 0x14, 0xfe, 0x14, 0xfe,
  0x10, 0xfd, 0xd0, 0xfc, 0x92, 0xfd, 0x16, 0xfe, 0x52, 0xfd, 0x12, 0xfd,
  0x16, 0xfe, 0x16, 0xfe, 0x96, 0xfe, 0x56, 0xfe, 0x94, 0xfd, 0x14, 0xfe,
  0xd4, 0xfd, 0x52, 0xfd, 0xd4, 0xfd, 0xd8, 0xfe, 0x5a, 0xff, 0x98, 0xfe,
  0xd4, 0xfd, 0x94, 0xfd, 0x92, 0xfd, 0x94, 0xfd, 0x10, 0xfd, 0x52, 0xfd,
  0x12, 0xfd, 0x12, 0xfd, 0x94, 0xfd, 0x94, 0xfd, 0x52, 0xfd, 0x92, 0xfd,
  0x98, 0xfe, 0x14, 0xfe, 0x52, 0xfd, 0x52, 0xfd, 0x52, 0xfd, 0xd4, 0xfd,
  0x94, 0xfd, 0x92, 0xfd, 0x52, 0xfd, 0x5a, 0xff, 0x56, 0xfe, 0x96, 0xfe,
  0x96, 0xfe, 0x12, 0xfd, 0x14, 0xfe, 0x94, 0xfd, 0x94, 0xfd, 0xd8, 0xfe,
  0x98, 0xfe, 0x14, 0xfe, 0x52, 0xfd, 0x12, 0xfd, 0x56, 0xfe, 0xd2, 0xf5,
  0x8c, 0xa4, 0x8c, 0x73, 0x8c, 0x42, 0x50, 0x63, 0x9a, 0xa5, 0x5e, 0xb6,
  0x5e, 0xb6, 0x1f, 0xd7, 0x1f, 0xd7, 0xdf, 0xc6, 0xdf, 0xc6, 0xdf, 0xc6,
  0x5e, 0xb6, 0x1f, 0xd7, 0x5f, 0xd7, 0xff, 0xe7, 0xff, 0xe7, 0x5f, 0xd7,
  0x1c, 0xb6, 0x5e, 0xb6, 0x9e, 0xc6, 0x1c, 0xb6, 0x1f, 0xc7, 0x5f, 0xd7,
  0xdf, 0xc6, 0xdf, 0xc6, 0xdf, 0xc6, 0xdf, 0xc6, 0x1f, 0xd7, 0x9f, 0xc6,
  0x1f, 0xc7, 0xdf, 0xc6, 0x9f, 0xc6, 0x9e, 0xc6, 0x5e, 0xb6, 0xdc, 0xa5,
  0xdc, 0xa5, 0x1c, 0xb6, 0x9f, 0xe7, 0xff, 0xf7, 0xdf, 0xc6, 0x1e, 0xb6,
  0xdf, 0xc6, 0xdf, 0xc6, 0xdf, 0xc6, 0x5e, 0xb6, 0x1c, 0xb6, 0x9e, 0xc6,
  0x9f, 0xe7, 0xff, 0xf7, 0x5e, 0xb6, 0x9a, 0xa5, 0x9a, 0xa5, 0x1c, 0xa6,
  0x5e, 0xb6, 0xdc, 0xa5, 0x9e, 0xc6, 0xdf, 0xc6, 0xdf, 0xc6, 0xdf, 0xc6,
  0x1f, 0xc7, 0x9f, 0xd7, 0x1f, 0xd7, 0x1c, 0xb6, 0x5e, 0xb6, 0xdf, 0xc6,
  0x5f, 0xd7, 0x9e, 0xc6, 0x9a, 0xa5, 0xda, 0xa5, 0x5e, 0xb6, 0xdf, 0xc6,
  0x14, 0xa5, 0x4e, 0xb5, 0xcc, 0xa3, 0x8c, 0xd3, 0x4e, 0xfc, 0x52, 0xfd,
  0xd8, 0xfe, 0x56, 0xfe, 0xd4, 0xfd, 0x16, 0xfe, 0x14, 0xfe, 0x94, 0xfd,
  0x14, 0xfe, 0x52, 0xfd, 0x52, 0xfd, 0xd4, 0xfd, 0x1a, 0xff, 0x96, 0xfe,
  0x16, 0xfe, 0x98, 0xfe, 0x56, 0xfe, 0x14, 0xfe, 0x10, 0xfd, 0x90, 0xfc,
  0x92, 0xfd, 0xd4, 0xfd, 0x16, 0xfe, 0x56, 0xfe, 0x5a, 0xff, 0xdc, 0xff,
  0x56, 0xfe, 0x52, 0xfd, 0xd0, 0xfc, 0x4e, 0xfc, 0x16, 0xfe, 0x5a, 0xff,
  0xd4, 0xfd, 0xd4, 0xfd, 0x56, 0xfe, 0xd4, 0xfd, 0xd4, 0xfd, 0x94, 0xfd,
  0x92, 0xfd, 0x56, 0xfe, 0x1a, 0xff, 0x96, 0xfe, 0x12, 0xfd, 0x12, 0xfd,
  0x52, 0xfd, 0x52, 0xfd, 0x14, 0xfe, 0x56, 0xfe, 0x14, 0xfe, 0x56, 0xfe,
  0x98, 0xfe, 0x56, 0xfe, 0x98, 0xfe, 0x94, 0xfd, 0x12, 0xfd, 0x52, 0xfd,
  0x10, 0xfd, 0x52, 0xfd, 0x56, 0xfe, 0x96, 0xfe, 0x94, 0xfd, 0x94, 0xfd,
  0x94, 0xfd, 0xd4, 0xfd, 0x14, 0xfe, 0x56, 0xfe, 0xd0, 0xfc, 0x0e, 0xf4,
  0x94, 0xfd, 0x92, 0xfd, 0xd2, 0xd5, 0x4c, 0x94, 0xc8, 0xb4, 0x8a, 0xf6,
  0xec, 0xff, 0xee, 0xff, 0xf0, 0xff, 0xf0, 0xff, 0xee, 0xff, 0xee, 0xff,
  0xf2, 0xff, 0xf6, 0xff, 0xf2, 0xff, 0xf0, 0xff, 0xf2, 0xff, 0xf0, 0xff,
  0xf0, 0xff, 0xf4, 0xff, 0xf0, 0xff, 0xee, 0xff, 0xee, 0xff, 0xee, 0xff,
  0xec, 0xff, 0xec, 0xff, 0xf4, 0xff, 0xf4, 0xff, 0xf0, 0xff, 0xf2, 0xff,
  0xf2, 0xff, 0xee, 0xff, 0xf4, 0xff, 0xf4, 0xff, 0xf4, 0xff, 0xf6, 0xff,
  0xf4, 0xff, 0xf2, 0xff, 0xee, 0xff, 0x92, 0xe6, 0xce, 0xb4, 0xc8, 0xa2,
  0xce, 0xf3, 0x52, 0xfd, 0x56, 0xfe, 0x98, 0xfe, 0x92, 0xfd, 0xd4, 0xfd,
  0x10, 0xfd, 0x52, 0xfd, 0x12, 0xfd, 0x12, 0xfd, 0x10, 0xfd, 0x52, 0xfd,
  0x52, 0xfd, 0xd0, 0xfc, 0x94, 0xfd, 0x92, 0xfd, 0x10, 0xfd, 0x10, 0xfd,
  0x52, 0xfd, 0x56, 0xfe, 0xd4, 0xfd, 0xd4, 0xfd, 0xd8, 0xfe, 0x9c, 0xff,
  0x1a, 0xff, 0x96, 0xfe, 0x12, 0xfd, 0x52, 0xfd, 0x52, 0xfd, 0xd4, 0xfd,
  0x1a, 0xff, 0x18, 0xff, 0xd4, 0xfd, 0x56, 0xfe, 0x1a, 0xff, 0x14, 0xfe,
  0x92, 0xfd, 0x52, 0xfd, 0x92, 0xfd, 0xd4, 0xfd, 0x52, 0xfd, 0x52, 0xfd,
  0xd0, 0xfc, 0xcc, 0xe3, 0x10, 0xfd, 0x94, 0xfd, 0x92, 0xfd, 0x12, 0xfd,
  0x12, 0xfd, 0xd4, 0xfd, 0x14, 0xfe, 0xd4, 0xfd, 0x52, 0xfd, 0x90, 0xfc,
  0x10, 0xfd, 0x98, 0xfe, 0x56, 0xfe, 0xd4, 0xfd, 0xd8, 0xfe, 0x94, 0xfd,
  0x94, 0xfd, 0xd4, 0xfd, 0x16, 0xfe, 0x1a, 0xff, 0xdc, 0xff, 0x16, 0xfe,
  0x52, 0xfd, 0xd0, 0xfc, 0x92, 0xfd, 0x10, 0xe5, 0x8c, 0x94, 0x92, 0x94,
  0xd6, 0x94, 0x54, 0x84, 0x9a, 0xa5, 0x9f, 0xc6, 0x9e, 0xb6, 0x1c, 0xb6,
  0x9f, 0xc6, 0x1f, 0xc7, 0x1f, 0xc7, 0x9e, 0xc6, 0xdf, 0xc6, 0xdf, 0xe7,
  0x9f, 0xe7, 0x9f, 0xe7, 0xdf, 0xe7, 0xdf, 0xe7, 0x1c, 0xb6, 0x1f, 0xc7,
  0xdf, 0xc6, 0x9e, 0xc6, 0x1f, 0xc7, 0x5f, 0xd7, 0x5f, 0xd7, 0xdf, 0xc6,
  0x5e, 0xb6, 0x9e, 0xc6, 0x5e, 0xb6, 0x9a, 0xa5, 0x5e, 0xb6, 0x5e, 0xb6,
  0x5f, 0xd7, 0x9f, 0xe7, 0xdf, 0xc6, 0x1f, 0xc7, 0xdf, 0xc6, 0x5e, 0xb6,
  0xdf, 0xe7, 0xff, 0xff, 0xdf, 0xc6, 0xdc, 0xa5, 0xdf, 0xc6, 0x9f, 0xc6,
  0x1f, 0xc7, 0xdf, 0xc6, 0x9e, 0xc6, 0x5f, 0xd7, 0x5f, 0xd7, 0x9f, 0xe7,
  0xdf, 0xc6, 0x1c, 0xb6, 0x5e, 0xb6, 0xdf, 0xc6, 0x9e, 0xc6, 0x5e, 0xb6,
  0x5f, 0xd7, 0xdf, 0xe7, 0x1f, 0xc7, 0x5f, 0xd7, 0xdf, 0xe7, 0x5f, 0xd7,
  0xdf, 0xc6, 0xdf, 0xc6, 0x9e, 0xb6, 0xdf, 0xc6, 0x1f, 0xd7, 0xdf, 0xc6,
  0xdf, 0xc6, 0x9f, 0xc6, 0xdf, 0xc6, 0x58, 0xa5, 0x0e, 0x84, 0x4c, 0x94,
  0x8a, 0x93, 0x0a, 0xb3, 0xcc, 0xf3, 0xd0, 0xfc, 0xd4, 0xfd, 0x94, 0xfd,
  0xd4, 0xfd, 0x1a, 0xff, 0x5a, 0xff, 0xd4, 0xfd, 0xd4, 0xfd, 0x52, 0xfd,
  0x52, 0xfd, 0x14, 0xfe, 0x98, 0xfe, 0x16, 0xfe, 0xd4, 0xfd, 0x14, 0xfe,
  0x52, 0xfd, 0x52, 0xfd, 0x16, 0xfe, 0xd8, 0xfe, 0x18, 0xff, 0x56, 0xfe,
  0xd4, 0xfd, 0x94, 0xfd, 0x98, 0xfe, 0x5a, 0xff, 0x1a, 0xff, 0x5a, 0xff,
  0xd4, 0xfd, 0x94, 0xfd, 0x56, 0xfe, 0xd8, 0xfe, 0x16, 0xfe, 0x56, 0xfe,
  0x1a, 0xff, 0x56, 0xfe, 0x16, 0xfe, 0xd4, 0xfd, 0xd4, 0xfd, 0x56, 0xfe,
  0x98, 0xfe, 0x16, 0xfe, 0x52, 0xfd, 0x52, 0xfd, 0x52, 0xfd, 0xd4, 0xfd,
  0x9a, 0xff, 0x98, 0xfe, 0x56, 0xfe, 0x14, 0xfe, 0x52, 0xfd, 0x12, 0xfd,
  0x92, 0xfd, 0x90, 0xfc, 0x52, 0xfd, 0x14, 0xfe, 0x10, 0xfd, 0x12, 0xfd,
  0x96, 0xfe, 0x1a, 0xff, 0x14, 0xfe, 0x94, 0xfd, 0x56, 0xfe, 0x14, 0xfe,
  0x96, 0xfe, 0x5a, 0xff, 0x94, 0xfd, 0xd4, 0xfd, 0x14, 0xfe, 0x10, 0xfd,
  0xce, 0xb4, 0x0e, 0xb5, 0x48, 0xa4, 0x48, 0xf6, 0x8a, 0xff, 0xec, 0xff,
  0xee, 0xff, 0xf0, 0xff, 0xee, 0xff, 0xee, 0xff, 0xee, 0xff, 0xf4, 0xff,
  0xf2, 0xff, 0xf8, 0xff, 0xf6, 0xff, 0xf6, 0xff, 0xf2, 0xff, 0xf4, 0xff,
  0xf0, 0xff, 0xf0, 0xff, 0xf2, 0xff, 0xee, 0xff, 0xec, 0xff, 0x4a, 0xff,
  0xf6, 0xff, 0xf8, 0xff, 0xf0, 0xff, 0xf8, 0xff, 0xf2, 0xff, 0xee, 0xff,
  0xf0, 0xff, 0xf0, 0xff, 0xf0, 0xff, 0xf0, 0xff, 0xf4, 0xff, 0xf4, 0xff,
  0xf4, 0xff, 0x54, 0xff, 0xd2, 0xd5, 0xc8, 0xa2, 0x4e, 0xfc, 0x14, 0xfe,
  0xd4, 0xfd, 0x12, 0xfd, 0x12, 0xfd, 0x12, 0xfd, 0xd0, 0xfc, 0x92, 0xfd,
  0x94, 0xfd, 0x94, 0xfd, 0x16, 0xfe, 0x94, 0xfd, 0x16, 0xfe, 0x56, 0xfe,
  0x1a, 0xff, 0x52, 0xfd, 0xd0, 0xfc, 0x94, 0xfd, 0xd8, 0xfe, 0xd8, 0xfe,
  0x14, 0xfe, 0xd4, 0xfd, 0xd4, 0xfd, 0xd8, 0xfe, 0x14, 0xfe, 0xd0, 0xfc,
  0xd0, 0xfc, 0x94, 0xfd, 0x52, 0xfd, 0x52, 0xfd, 0x56, 0xfe, 0x56, 0xfe,
  0xd0, 0xfc, 0x92, 0xfd, 0xd4, 0xfd, 0xd4, 0xfd, 0x52, 0xfd, 0x92, 0xfd,
  0x52, 0xfd, 0x52, 0xfd, 0x12, 0xfd, 0x52, 0xfd, 0x4e, 0xfc, 0x88, 0xa2,
  0x12, 0xfd, 0xd4, 0xfd, 0x52, 0xfd, 0x90, 0xfc, 0xd0, 0xfc, 0x16, 0xfe,
  0xd8, 0xfe, 0x16, 0xfe, 0x16, 0xfe, 0x56, 0xfe, 0xd4, 0xfd, 0x52, 0xfd,
  0x10, 0xfd, 0x4e, 0xfc, 0x16, 0xfe, 0x92, 0xfd, 0x14, 0xfe, 0xd8, 0xfe,
  0xd8, 0xfe, 0x14, 0xfe, 0x5a, 0xff, 0x14, 0xfe, 0xd4, 0xfd, 0x92, 0xfd,
  0xd4, 0xfd, 0x8e, 0xd4, 0xce, 0xa4, 0xce, 0x73, 0x54, 0x84, 0x54, 0x84,
  0x18, 0x95, 0x5e, 0xb6, 0x5e, 0xb6, 0xdf, 0xc6, 0x5f, 0xd7, 0x1f, 0xd7,
  0x9f, 0xc6, 0x9e, 0xc6, 0xdf, 0xc6, 0x9f, 0xd7, 0x5f, 0xd7, 0xdf, 0xc6,
  0x9f, 0xd7, 0xff, 0xf7, 0xda, 0xa5, 0x18, 0x95, 0xdc, 0xa5, 0x1f, 0xc7,
  0xdf, 0xc6, 0x1f, 0xc7, 0x5e, 0xb6, 0xdc, 0xa5, 0x9a, 0xa5, 0xdf, 0xc6,
  0x9a, 0xa5, 0x18, 0x95, 0x1c, 0xb6, 0x5f, 0xd7, 0x1f, 0xc7, 0x9f, 0xe7,
  0x1f, 0xd7, 0x1f, 0xd7, 0x1f, 0xd7, 0x9e, 0xc6, 0x5e, 0xb6, 0x1f, 0xd7,
  0xdf, 0xc6, 0x1c, 0xb6, 0x1c, 0xb6, 0x5e, 0xb6, 0x5e, 0xb6, 0x5e, 0xb6,
  0x9f, 0xe7, 0xdf, 0xe7, 0x9e, 0xc6, 0xdf, 0xc6, 0x5f, 0xd7, 0x9e, 0xc6,
  0x5e, 0xb6, 0x1f, 0xd7, 0xdf, 0xc6, 0x1f, 0xd7, 0x5f, 0xd7, 0x1f, 0xc7,
  0xdf, 0xc6, 0xdf, 0xc6, 0x1f, 0xd7, 0xdf, 0xc6, 0x5e, 0xb6, 0x9e, 0xb6,
  0x9e, 0xc6, 0x9f, 0xc6, 0x9f, 0xd7, 0xdf, 0xe7, 0x5f, 0xd7, 0x5f, 0xd7,
  0xdf, 0xe7, 0x54, 0x84, 0x0a, 0x63, 0x8c, 0xa4, 0x8a, 0x93, 0x88, 0xa2,
  0x0a, 0xc3, 0x90, 0xfc, 0x4e, 0xfc, 0x10, 0xfd, 0xd4, 0xfd, 0xd8, 0xfe,
  0x56, 0xfe, 0x14, 0xfe, 0x56, 0xfe, 0x56, 0xfe, 0x52, 0xfd, 0xd4, 0xfd,
  0xd4, 0xfd, 0xd8, 0xfe, 0x14, 0xfe, 0xd4, 0xfd, 0x56, 0xfe, 0xd4, 0xfd,
  0x14, 0xfe, 0x16, 0xfe, 0x16, 0xfe, 0x56, 0xfe, 0x98, 0xfe, 0x52, 0xfd,
  0x52, 0xfd, 0x94, 0xfd, 0x98, 0xfe, 0x9c, 0xff, 0x16, 0xfe, 0x92, 0xfd,
  0x14, 0xfe, 0x16, 0xfe, 0xd4, 0xfd, 0xd4, 0xfd, 0x96, 0xfe, 0x56, 0xfe,
  0xd4, 0xfd, 0xd4, 0xfd, 0xd4, 0xfd, 0x94, 0xfd, 0x14, 0xfe, 0x56, 0xfe,
  0x94, 0xfd, 0x52, 0xfd, 0x14, 0xfe, 0xd8, 0xfe, 0xdc, 0xff, 0xd8, 0xfe,
  0x94, 0xfd, 0x52, 0xfd, 0x12, 0xfd, 0x10, 0xfd, 0xd0, 0xfc, 0x4e, 0xfc,
  0x12, 0xfd, 0x16, 0xfe, 0xd4, 0xfd, 0xd0, 0xfc, 0xd0, 0xfc, 0xd4, 0xfd,
  0x92, 0xfd, 0x92, 0xfd, 0xd8, 0xfe, 0x56, 0xfe, 0xd4, 0xfd, 0x56, 0xfe,
  0x12, 0xfd, 0x4e, 0xfc, 0xd0, 0xfc, 0xcc, 0xc3, 0x48, 0x83, 0x08, 0x73,
  0x86, 0x83, 0x0a, 0xe6, 0xec, 0xff, 0xf0, 0xff, 0xf0, 0xff, 0xee, 0xff,
  0xec, 0xff, 0xec, 0xff, 0xf2, 0xff, 0xf4, 0xff, 0xf2, 0xff, 0xf8, 0xff,
  0xf6, 0xff, 0xf0, 0xff, 0xf2, 0xff, 0xf6, 0xff, 0xf2, 0xff, 0xf4, 0xff,
  0xf4, 0xff, 0xf0, 0xff, 0xee, 0xff, 0xf0, 0xff, 0xf2, 0xff, 0xf2, 0xff,
  0xf0, 0xff, 0xf4, 0xff, 0xf6, 0xff, 0xf2, 0xff, 0xf0, 0xff, 0xf0, 0xff,
  0xf0, 0xff, 0xf0, 0xff, 0xf2, 0xff, 0xf6, 0xff, 0xf6, 0xff, 0xd4, 0xf6,
  0x52, 0xe6, 0x4a, 0xb3, 0x0e, 0xf4, 0x16, 0xfe, 0x94, 0xfd, 0x52, 0xfd,
  0x52, 0xfd, 0x52, 0xfd, 0xd0, 0xfc, 0x94, 0xfd, 0x56, 0xfe, 0xd4, 0xfd,
  0x52, 0xfd, 0x52, 0xfd, 0x16, 0xfe, 0x56, 0xfe, 0xd4, 0xfd, 0x52, 0xfd,
  0x10, 0xfd, 0x52, 0xfd, 0xd8, 0xfe, 0xd4, 0xfd, 0x92, 0xfd, 0x92, 0xfd,
  0xd4, 0xfd, 0x98, 0xfe, 0x96, 0xfe, 0xd8, 0xfe, 0x14, 0xfe, 0xd4, 0xfd,
  0x94, 0xfd, 0xd4, 0xfd, 0x52, 0xfd, 0x52, 0xfd, 0xd0, 0xfc, 0x52, 0xfd,
  0x16, 0xfe, 0x96, 0xfe, 0x96, 0xfe, 0xd4, 0xfd, 0x52, 0xfd, 0xd4, 0xfd,
  0x52, 0xfd, 0x12, 0xfd, 0xd0, 0xfc, 0x4e, 0xfc, 0x94, 0xfd, 0x92, 0xfd,
  0xd4, 0xfd, 0x92, 0xfd, 0xd4, 0xfd, 0x56, 0xfe, 0x96, 0xfe, 0x52, 0xfd,
  0x94, 0xfd, 0x16, 0xfe, 0x98, 0xfe, 0x18, 0xff, 0x16, 0xfe, 0x10, 0xfd,
  0x94, 0xfd, 0x94, 0xfd, 0x5a, 0xff, 0xd8, 0xfe, 0x56, 0xfe, 0x16, 0xfe,
  0x96, 0xfe, 0xd4, 0xfd, 0xd4, 0xfd, 0x98, 0xfe, 0xd4, 0xfd, 0xce, 0xd4,
  0xd0, 0xc5, 0x8c, 0x73, 0x0e, 0x53, 0x14, 0x74, 0x9c, 0xa5, 0x9f, 0xc6,
  0x9e, 0xb6, 0x1f, 0xd7, 0xdf, 0xe7, 0x9f, 0xe7, 0xda, 0xa5, 0x5a, 0x95,
  0x5e, 0xb6, 0xdf, 0xc6, 0x1f, 0xc7, 0x9f, 0xc6, 0x1f, 0xd7, 0xdf, 0xe7,
  0x9e, 0xc6, 0x9a, 0xa5, 0xdc, 0xa5, 0x1c, 0xb6, 0x9e, 0xc6, 0x5e, 0xb6,
  0x1c, 0xa6, 0x1c, 0xb6, 0x1c, 0xb6, 0x9e, 0xc6, 0xdc, 0xa5, 0x5e, 0xb6,
  0x1f, 0xc7, 0xdf, 0xe7, 0xdf, 0xc6, 0xdf, 0xc6, 0x9e, 0xc6, 0x5e, 0xb6,
  0x9e, 0xc6, 0x5f, 0xd7, 0x5e, 0xb6, 0x5e, 0xb6, 0x9f, 0xe7, 0x1f, 0xd7,
  0x1f, 0xc7, 0x5f, 0xd7, 0x9f, 0xc6, 0x9f, 0xc6, 0x9f, 0xd7, 0x9f, 0xe7,
  0x9e, 0xc6, 0x1c, 0xb6, 0x5e, 0xb6, 0xdf, 0xc6, 0xdf, 0xc6, 0x9e, 0xc6,
  0x9e, 0xc6, 0x5f, 0xd7, 0x9e, 0xc6, 0x9e, 0xc6, 0x9f, 0xc6, 0x9e, 0xc6,
  0x5e, 0xb6, 0x1c, 0xb6, 0x5e, 0xb6, 0x5e, 0xb6, 0x9a, 0xa5, 0x1e, 0xb6,
  0x9e, 0xc6, 0xdf, 0xc6, 0x1c, 0xb6, 0xdf, 0xe7, 0xff, 0xff, 0x12, 0x74,
  0x86, 0x52, 0x0e, 0xb5, 0xce, 0xb4, 0x4c, 0xd3, 0x90, 0xfc, 0x52, 0xfd,
  0x10, 0xfd, 0x94, 0xfd, 0x92, 0xfd, 0x94, 0xfd, 0xd4, 0xfd, 0xd8, 0xfe,
  0x56, 0xfe, 0xd8, 0xfe, 0x14, 0xfe, 0xd4, 0xfd, 0x14, 0xfe, 0x56, 0xfe,
  0xd4, 0xfd, 0x16, 0xfe, 0x16, 0xfe, 0x16, 0xfe, 0x56, 0xfe, 0x16, 0xfe,
  0x52, 0xfd, 0x52, 0xfd, 0x94, 0xfd, 0x12, 0xfd, 0xd4, 0xfd, 0xd4, 0xfd,
  0x52, 0xfd, 0x52, 0xfd, 0xd4, 0xfd, 0xd4, 0xfd, 0x12, 0xfd, 0xd0, 0xfc,
  0x12, 0xfd, 0x94, 0xfd, 0x16, 0xfe, 0x94, 0xfd, 0x92, 0xfd, 0x16, 0xfe,
  0xd4, 0xfd, 0x92, 0xfd, 0x16, 0xfe, 0xd4, 0xfd, 0x94, 0xfd, 0x92, 0xfd,
  0x94, 0xfd, 0x96, 0xfe, 0x1a, 0xff, 0x96, 0xfe, 0x56, 0xfe, 0x14, 0xfe,
  0xd4, 0xfd, 0x56, 0xfe, 0xd4, 0xfd, 0x10, 0xfd, 0x52, 0xfd, 0x94, 0xfd,
  0x16, 0xfe, 0xd4, 0xfd, 0x52, 0xfd, 0xd4, 0xfd, 0xd4, 0xfd, 0x94, 0xfd,
  0xd4, 0xfd, 0x98, 0xfe, 0x14, 0xfe, 0x9a, 0xff, 0x96, 0xfe, 0xd0, 0xfc,
  0x90, 0xfc, 0x0a, 0xa3, 0x48, 0x73, 0x88, 0x73, 0x44, 0x73, 0x88, 0xd5,
  0xec, 0xff, 0xf2, 0xff, 0xf2, 0xff, 0xf2, 0xff, 0xf0, 0xff, 0xf0, 0xff,
  0xf0, 0xff, 0xf6, 0xff, 0xf0, 0xff, 0xee, 0xff, 0xf2, 0xff, 0xf6, 0xff,
  0xf2, 0xff, 0xf0, 0xff, 0xf2, 0xff, 0xf6, 0xff, 0xf4, 0xff, 0xf2, 0xff,
  0xf0, 0xff, 0xf2, 0xff, 0xf2, 0xff, 0xf0, 0xff, 0xee, 0xff, 0xec, 0xff,
  0xf4, 0xff, 0xf4, 0xff, 0xf0, 0xff, 0xf2, 0xff, 0xf0, 0xff, 0xf2, 0xff,
  0xf4, 0xff, 0xf2, 0xff, 0xf2, 0xff, 0x4e, 0xb5, 0x0e, 0xb5, 0x46, 0x82,
  0x4c, 0xd3, 0x94, 0xfd, 0xd4, 0xfd, 0xd4, 0xfd, 0x52, 0xfd, 0x52, 0xfd,
  0x10, 0xfd, 0x52, 0xfd, 0x94, 0xfd, 0x94, 0xfd, 0x90, 0xfc, 0x12, 0xfd,
  0x5a, 0xff, 0xdc, 0xff, 0xd8, 0xfe, 0x94, 0xfd, 0x92, 0xfd, 0xd4, 0xfd,
  0x52, 0xfd, 0x10, 0xfd, 0xd8, 0xfe, 0xd8, 0xfe, 0x56, 0xfe, 0x16, 0xfe,
  0xd4, 0xfd, 0x96, 0xfe, 0x56, 0xfe, 0x56, 0xfe, 0xd4, 0xfd, 0x98, 0xfe,
  0x14, 0xfe, 0x52, 0xfd, 0xd0, 0xfc, 0xd4, 0xfd, 0x92, 0xfd, 0x56, 0xfe,
  0x56, 0xfe, 0x94, 0xfd, 0x52, 0xfd, 0x56, 0xfe, 0xd4, 0xfd, 0x10, 0xfd,
  0x92, 0xfd, 0x52, 0xfd, 0x52, 0xfd, 0xd4, 0xfd, 0x52, 0xfd, 0xd0, 0xfc,
  0x16, 0xfe, 0x1a, 0xff, 0x98, 0xfe, 0xd4, 0xfd, 0xd4, 0xfd, 0x56, 0xfe,
  0x56, 0xfe, 0x16, 0xfe, 0x14, 0xfe, 0x16, 0xfe, 0xd4, 0xfd, 0x14, 0xfe,
  0x98, 0xfe, 0x16, 0xfe, 0xd4, 0xfd, 0x18, 0xff, 0x98, 0xfe, 0xd4, 0xfd,
  0xd4, 0xfd, 0x1a, 0xff, 0x56, 0xfe, 0xce, 0xd4, 0xd2, 0xc5, 0xd2, 0xa4,
  0x12, 0x74, 0x96, 0x84, 0xdc, 0xa5, 0x5e, 0xb6, 0x9e, 0xb6, 0x9f, 0xc6,
  0xdf, 0xc6, 0x1f, 0xd7, 0x5e, 0xb6, 0x5e, 0xb6, 0x9e, 0xc6, 0x1f, 0xd7,
  0x9f, 0xd7, 0x1f, 0xd7, 0xdc, 0xa5, 0x5e, 0xb6, 0xdf, 0xc6, 0x9f, 0xc6,
  0xdf, 0xc6, 0x5e, 0xb6, 0x1c, 0xb6, 0x5e, 0xb6, 0x1f, 0xc7, 0xdf, 0xc6,
  0x9f, 0xc6, 0x1f, 0xd7, 0x9f, 0xe7, 0x1f, 0xd7, 0xdf, 0xc6, 0x9f, 0xe7,
  0x1f, 0xc7, 0x9e, 0xc6, 0x5e, 0xb6, 0x5e, 0xb6, 0x9e, 0xc6, 0x9f, 0xe7,
  0xdf, 0xc6, 0x1f, 0xd7, 0x5f, 0xd7, 0x5f, 0xd7, 0xff, 0xff, 0xff, 0xff,
  0xdf, 0xc6, 0x1f, 0xc7, 0xdf, 0xc6, 0x5f, 0xd7, 0xdf, 0xc6, 0x5e, 0xb6,
  0x1c, 0xb6, 0x1f, 0xd7, 0xdf, 0xc6, 0x5e, 0xb6, 0x1c, 0xb6, 0x9e, 0xb6,
  0x9e, 0xc6, 0xff, 0xe7, 0x5f, 0xd7, 0xdf, 0xc6, 0x5e, 0xb6, 0x9a, 0xa5,
  0xda, 0xa5, 0x5e, 0xb6, 0x1c, 0xb6, 0x1c, 0xb6, 0x9e, 0xb6, 0x9e, 0xb6,
  0x9e, 0xc6, 0xff, 0xe7, 0xdf, 0xe7, 0x54, 0x74, 0xca, 0x62, 0x0a, 0x84,
  0xcc, 0x93, 0x8c, 0xd3, 0x56, 0xfe, 0x98, 0xfe, 0x14, 0xfe, 0x96, 0xfe,
  0x94, 0xfd, 0x52, 0xfd, 0x52, 0xfd, 0x94, 0xfd, 0x94, 0xfd, 0x56, 0xfe,
  0xd4, 0xfd, 0x14, 0xfe, 0x16, 0xfe, 0x56, 0xfe, 0xd4, 0xfd, 0x56, 0xfe,
  0xd4, 0xfd, 0xd4, 0xfd, 0x56, 0xfe, 0x12, 0xfd, 0x12, 0xfd, 0x4e, 0xfc,
  0x90, 0xfc, 0x52, 0xfd, 0x52, 0xfd, 0xd4, 0xfd, 0x92, 0xfd, 0x12, 0xfd,
  0x56, 0xfe, 0x98, 0xfe, 0x14, 0xfe, 0xd0, 0xfc, 0xd4, 0xfd, 0xd4, 0xfd,
  0x52, 0xfd, 0xd0, 0xfc, 0x12, 0xfd, 0xd4, 0xfd, 0xd4, 0xfd, 0x52, 0xfd,
  0x10, 0xfd, 0x12, 0xfd, 0x52, 0xfd, 0x92, 0xfd, 0x92, 0xfd, 0xd8, 0xfe,
  0x9c, 0xff, 0x16, 0xfe, 0x16, 0xfe, 0x96, 0xfe, 0x14, 0xfe, 0x56, 0xfe,
  0x16, 0xfe, 0x52, 0xfd, 0x94, 0xfd, 0x94, 0xfd, 0x56, 0xfe, 0xd4, 0xfd,
  0x16, 0xfe, 0x18, 0xff, 0xd4, 0xfd, 0x52, 0xfd, 0x94, 0xfd, 0x56, 0xfe,
  0x94, 0xfd, 0xd0, 0xfc, 0x14, 0xfe, 0x9a, 0xff, 0xd8, 0xfe, 0x4a, 0xa3,
  0x4c, 0x94, 0x90, 0xc5, 0x88, 0xa4, 0x06, 0xc5, 0xee, 0xff, 0xf0, 0xff,
  0xee, 0xff, 0xf0, 0xff, 0xf0, 0xff, 0xf2, 0xff, 0xee, 0xff, 0xf4, 0xff,
  0xf2, 0xff, 0xf4, 0xff, 0xf4, 0xff, 0xf8, 0xff, 0xf6, 0xff, 0xf0, 0xff,
  0xf0, 0xff, 0xf0, 0xff, 0xf0, 0xff, 0xf0, 0xff, 0xf0, 0xff, 0xf2, 0xff,
  0xee, 0xff, 0xf0, 0xff, 0xf2, 0xff, 0xf2, 0xff, 0xf4, 0xff, 0xf0, 0xff,
  0xf0, 0xff, 0xf2, 0xff, 0xf0, 0xff, 0xf0, 0xff, 0xf0, 0xff, 0xf0, 0xff,
  0xf4, 0xff, 0xd2, 0xe6, 0x94, 0xe6, 0xc8, 0x92, 0x4e, 0xfc, 0x94, 0xfd,
  0x52, 0xfd, 0xd4, 0xfd, 0x94, 0xfd, 0x14, 0xfe, 0xd4, 0xfd, 0x56, 0xfe,
  0x14, 0xfe, 0x14, 0xfe, 0x12, 0xfd, 0x52, 0xfd, 0x56, 0xfe, 0x98, 0xfe,
  0x56, 0xfe, 0x10, 0xfd, 0x52, 0xfd, 0xd4, 0xfd, 0x10, 0xfd, 0x52, 0xfd,
  0xdc, 0xff, 0xfe, 0xff, 0xd8, 0xfe, 0x94, 0xfd, 0xd4, 0xfd, 0x14, 0xfe,
  0xd8, 0xfe, 0x5a, 0xff, 0xd4, 0xfd, 0xd8, 0xfe, 0x18, 0xff, 0x14, 0xfe,
  0x12, 0xfd, 0x52, 0xfd, 0x10, 0xfd, 0x52, 0xfd, 0x52, 0xfd, 0x52, 0xfd,
  0x14, 0xfe, 0x16, 0xfe, 0x94, 0xfd, 0x16, 0xfe, 0x56, 0xfe, 0x16, 0xfe,
  0x14, 0xfe, 0x56, 0xfe, 0x52, 0xfd, 0x8e, 0xfc, 0x52, 0xfd, 0x94, 0xfd,
  0x52, 0xfd, 0x16, 0xfe, 0xd4, 0xfd, 0x52, 0xfd, 0x52, 0xfd, 0x12, 0xfd,
  0x92, 0xfd, 0x14, 0xfe, 0xd4, 0xfd, 0x56, 0xfe, 0xd4, 0xfd, 0x14, 0xfe,
  0x56, 0xfe, 0x56, 0xfe, 0xd4, 0xfd, 0x52, 0xfd, 0xd0, 0xfc, 0x14, 0xfe,
  0x14, 0xfe, 0xce, 0xd4, 0x8c, 0x94, 0xce, 0x73, 0x0e, 0x53, 0x14, 0x74,
  0x1c, 0xb6, 0xdf, 0xc6, 0x5f, 0xd7, 0x5f, 0xd7, 0x1f, 0xd7, 0xdf, 0xc6,
  0xdf, 0xc6, 0x5f, 0xd7, 0x9e, 0xc6, 0x1f, 0xd7, 0x9f, 0xd7, 0x5f, 0xd7,
  0xdf, 0xc6, 0x9e, 0xc6, 0x5e, 0xb6, 0xdf, 0xc6, 0x9e, 0xc6, 0xdc, 0xa5,
  0xdc, 0xa5, 0x9e, 0xc6, 0x9f, 0xe7, 0x9f, 0xe7, 0x5f, 0xd7, 0x5f, 0xd7,
  0x1f, 0xd7, 0xda, 0xa5, 0x1c, 0xb6, 0x1f, 0xd7, 0x9e, 0xb6, 0x5e, 0xb6,
  0x5e, 0xb6, 0x1f, 0xd7, 0xdf, 0xc6, 0x1f, 0xd7, 0xdf, 0xc6, 0x1f, 0xc7,
  0x9f, 0xd7, 0x5f, 0xd7, 0xff, 0xff, 0xff, 0xff, 0x1f, 0xd7, 0x9f, 0xc6,
  0x5f, 0xd7, 0x9f, 0xe7, 0x5f, 0xd7, 0x9e, 0xb6, 0x1e, 0xb6, 0x9e, 0xc6,
  0x1f, 0xc7, 0x9f, 0xe7, 0xdf, 0xe7, 0x9e, 0xc6, 0x9e, 0xc6, 0x9f, 0xd7,
  0x1f, 0xd7, 0x5e, 0xb6, 0x1f, 0xc7, 0x9e, 0xc6, 0x5e, 0xb6, 0x5e, 0xb6,
  0xda, 0xa5, 0x5a, 0x95, 0x5e, 0xb6, 0xdf, 0xc6, 0xff, 0xf7, 0xff, 0xff,
  0x9e, 0xc6, 0xda, 0xa5, 0x90, 0x94, 0x4c, 0x94, 0xca, 0x93, 0x8c, 0xd3,
  0x56, 0xfe, 0xd8, 0xfe, 0x98, 0xfe, 0xd8, 0xfe, 0x96, 0xfe, 0xd4, 0xfd,
  0x94, 0xfd, 0x52, 0xfd, 0x16, 0xfe, 0x16, 0xfe, 0x52, 0xfd, 0x14, 0xfe,
  0x16, 0xfe, 0x94, 0xfd, 0x52, 0xfd, 0x94, 0xfd, 0x52, 0xfd, 0x52, 0xfd,
  0xd4, 0xfd, 0xd0, 0xfc, 0x10, 0xfd, 0x0e, 0xfc, 0xcc, 0xe3, 0x90, 0xfc,
  0x52, 0xfd, 0x52, 0xfd, 0xd4, 0xfd, 0xd4, 0xfd, 0x92, 0xfd, 0xd8, 0xfe,
  0xfe, 0xff, 0x18, 0xff, 0xd4, 0xfd, 0x52, 0xfd, 0x56, 0xfe, 0xd4, 0xfd,
  0x94, 0xfd, 0xd4, 0xfd, 0x94, 0xfd, 0x92, 0xfd, 0x52, 0xfd, 0x52, 0xfd,
  0x10, 0xfd, 0x12, 0xfd, 0x52, 0xfd, 0x56, 0xfe, 0xd8, 0xfe, 0x92, 0xfd,
  0xd4, 0xfd, 0x98, 0xfe, 0xd4, 0xfd, 0x52, 0xfd, 0xd4, 0xfd, 0x98, 0xfe,
  0xd8, 0xfe, 0x96, 0xfe, 0x5a, 0xff, 0x16, 0xfe, 0x94, 0xfd, 0x16, 0xfe,
  0x52, 0xfd, 0x12, 0xfd, 0x92, 0xfd, 0x14, 0xfe, 0x90, 0xfc, 0xcc, 0xf3,
  0x12, 0xfd, 0xd8, 0xfe, 0xd8, 0xfe, 0x8c, 0xc3, 0xca, 0x83, 0x0e, 0xb5,
  0x8a, 0xc5, 0x46, 0xc5, 0xcc, 0xff, 0xf0, 0xff, 0xf0, 0xff, 0xf2, 0xff,
  0xf2, 0xff, 0xf4, 0xff, 0xf4, 0xff, 0xf2, 0xff, 0xf2, 0xff, 0xf0, 0xff,
  0xf0, 0xff, 0xf4, 0xff, 0xf4, 0xff, 0xf0, 0xff, 0xf0, 0xff, 0xf0, 0xff,
  0xf0, 0xff, 0xf2, 0xff, 0xf2, 0xff, 0xf0, 0xff, 0xee, 0xff, 0xf0, 0xff,
  0xf0, 0xff, 0xf0, 0xff, 0xf0, 0xff, 0xec, 0xff, 0xf0, 0xff, 0xf0, 0xff,
  0xee, 0xff, 0xee, 0xff, 0xf0, 0xff, 0xf0, 0xff, 0xf2, 0xff, 0xcc, 0xa4,
  0xce, 0xa4, 0x0a, 0xa3, 0xd0, 0xfc, 0x16, 0xfe, 0x16, 0xfe, 0x56, 0xfe,
  0x12, 0xfd, 0x0e, 0xf4, 0x52, 0xfd, 0x16, 0xfe, 0x16, 0xfe, 0xd4, 0xfd,
  0x12, 0xfd, 0x10, 0xfd, 0x52, 0xfd, 0x92, 0xfd, 0x52, 0xfd, 0xd0, 0xfc,
  0xd0, 0xfc, 0x52, 0xfd, 0xd0, 0xfc, 0x94, 0xfd, 0x1a, 0xff, 0x98, 0xfe,
  0x94, 0xfd, 0x92, 0xfd, 0x52, 0xfd, 0x52, 0xfd, 0x14, 0xfe, 0xd8, 0xfe,
  0x16, 0xfe, 0x1a, 0xff, 0xfe, 0xff, 0x1a, 0xff, 0xd8, 0xfe, 0x94, 0xfd,
  0xd0, 0xfc, 0x52, 0xfd, 0x52, 0xfd, 0x94, 0xfd, 0x18, 0xff, 0x94, 0xfd,
  0x12, 0xfd, 0xd8, 0xfe, 0x96, 0xfe, 0x14, 0xfe, 0xd4, 0xfd, 0xd4, 0xfd,
  0xd4, 0xfd, 0x12, 0xfd, 0x56, 0xfe, 0x92, 0xfd, 0x52, 0xfd, 0x14, 0xfe,
  0x56, 0xfe, 0x14, 0xfe, 0x96, 0xfe, 0x14, 0xfe, 0x52, 0xfd, 0x12, 0xfd,
  0x52, 0xfd, 0x10, 0xfd, 0x12, 0xfd, 0xd4, 0xfd, 0x94, 0xfd, 0xd4, 0xfd,
  0x16, 0xfe, 0x52, 0xfd, 0x10, 0xfd, 0xd4, 0xfd, 0x56, 0xfe, 0x92, 0xf5,
  0x8e, 0xa4, 0x0e, 0x84, 0x0e, 0x53, 0x14, 0x74, 0xdc, 0xa5, 0x1f, 0xd7,
  0x5f, 0xd7, 0x5f, 0xd7, 0xff, 0xf7, 0x9f, 0xd7, 0x1f, 0xd7, 0xff, 0xf7,
  0x1f, 0xd7, 0xdf, 0xc6, 0xdf, 0xe7, 0xdf, 0xe7, 0x5f, 0xd7, 0x1c, 0xb6,
  0xdf, 0xc6, 0x1f, 0xd7, 0x1f, 0xc7, 0x1c, 0xb6, 0xdf, 0xc6, 0xdc, 0xa5,
  0xdf, 0xc6, 0x1f, 0xc7, 0xdf, 0xc6, 0x1f, 0xd7, 0x5f, 0xd7, 0x9e, 0xb6,
  0xdc, 0xa5, 0x9a, 0xa5, 0x1c, 0xb6, 0xdf, 0xc6, 0x1f, 0xc7, 0xdf, 0xc6,
  0xdf, 0xc6, 0x5f, 0xd7, 0x9f, 0xd7, 0x1f, 0xc7, 0x9f, 0xd7, 0x1f, 0xc7,
  0x1f, 0xc7, 0x5f, 0xd7, 0x9f, 0xe7, 0x5f, 0xd7, 0x1c, 0xb6, 0x9e, 0xc6,
  0xdf, 0xc6, 0x1f, 0xd7, 0x1f, 0xc7, 0xdf, 0xc6, 0x5f, 0xd7, 0x5f, 0xd7,
  0xdf, 0xe7, 0x1c, 0xb6, 0x1c, 0xb6, 0x5e, 0xb6, 0x5c, 0xb6, 0x9f, 0xe7,
  0x9f, 0xe7, 0x9e, 0xc6, 0x1f, 0xc7, 0x9e, 0xc6, 0x9a, 0xa5, 0x1c, 0xa6,
  0x5e, 0xb6, 0x1f, 0xd7, 0xff, 0xf7, 0xff, 0xe7, 0x5a, 0x95, 0x54, 0x84,
  0x8e, 0x73, 0x4c, 0x94, 0x0c, 0xb4, 0x4c, 0xc3, 0x4e, 0xfc, 0xd4, 0xfd,
  0x16, 0xfe, 0x16, 0xfe, 0x96, 0xfe, 0x98, 0xfe, 0xd4, 0xfd, 0x92, 0xfd,
  0x98, 0xfe, 0xd4, 0xfd, 0x94, 0xfd, 0x52, 0xfd, 0x52, 0xfd, 0x92, 0xfd,
  0x92, 0xfd, 0xd8, 0xfe, 0x16, 0xfe, 0x10, 0xfd, 0x10, 0xfd, 0x12, 0xfd,
  0x90, 0xfc, 0x0e, 0xfc, 0x8c, 0xe3, 0xcc, 0xf3, 0x52, 0xfd, 0x98, 0xfe,
  0x16, 0xfe, 0xd4, 0xfd, 0x56, 0xfe, 0x96, 0xfe, 0x98, 0xfe, 0x16, 0xfe,
  0x92, 0xfd, 0x52, 0xfd, 0x5a, 0xff, 0xd8, 0xfe, 0x56, 0xfe, 0x16, 0xfe,
  0xd4, 0xfd, 0x16, 0xfe, 0x94, 0xfd, 0x92, 0xfd, 0x94, 0xfd, 0x14, 0xfe,
  0x52, 0xfd, 0x12, 0xfd, 0xd4, 0xfd, 0x92, 0xfd, 0x96, 0xfe, 0xd8, 0xfe,
  0xd4, 0xfd, 0xd4, 0xfd, 0x14, 0xfe, 0xd4, 0xfd, 0x56, 0xfe, 0x16, 0xfe,
  0x96, 0xfe, 0x92, 0xfd, 0x16, 0xfe, 0x94, 0xfd, 0x0e, 0xfc, 0xd0, 0xfc,
  0x12, 0xfd, 0x52, 0xfd, 0xd0, 0xfc, 0x0e, 0xf4, 0x52, 0xfd, 0x56, 0xfe,
  0x16, 0xfe, 0x0c, 0xe4, 0xca, 0x93, 0x0e, 0xb5, 0x08, 0xb5, 0x08, 0xe6,
  0x4a, 0xff, 0xec, 0xff, 0xf2, 0xff, 0xf6, 0xff, 0xf4, 0xff, 0xf2, 0xff,
  0xf2, 0xff, 0xf2, 0xff, 0xf0, 0xff, 0xee, 0xff, 0xee, 0xff, 0xf0, 0xff,
  0xf2, 0xff, 0xf0, 0xff, 0xf2, 0xff, 0xf0, 0xff, 0xf2, 0xff, 0xf6, 0xff,
  0xf4, 0xff, 0xf0, 0xff, 0xec, 0xff, 0xee, 0xff, 0xf0, 0xff, 0xee, 0xff,
  0xf2, 0xff, 0xf4, 0xff, 0xf4, 0xff, 0xf2, 0xff, 0xf0, 0xff, 0xee, 0xff,
  0xee, 0xff, 0xee, 0xff, 0xee, 0xff, 0xca, 0xa4, 0x8a, 0x83, 0xc8, 0x92,
  0x0e, 0xf4, 0xd4, 0xfd, 0x98, 0xfe, 0x56, 0xfe, 0x52, 0xfd, 0xd0, 0xfc,
  0x52, 0xfd, 0x92, 0xfd, 0x94, 0xfd, 0x1a, 0xff, 0x16, 0xfe, 0x92, 0xfd,
  0x52, 0xfd, 0x56, 0xfe, 0xd4, 0xfd, 0x90, 0xfc, 0xd0, 0xfc, 0x10, 0xfd,
  0x90, 0xfc, 0xd4, 0xfd, 0xd4, 0xfd, 0x12, 0xfd, 0xd4, 0xfd, 0xd4, 0xfd,
  0x12, 0xfd, 0x10, 0xfd, 0x52, 0xfd, 0x14, 0xfe, 0x14, 0xfe, 0x16, 0xfe,
  0x18, 0xff, 0x16, 0xfe, 0xd4, 0xfd, 0x10, 0xfd, 0x52, 0xfd, 0x52, 0xfd,
  0x52, 0xfd, 0xd4, 0xfd, 0xd4, 0xfd, 0x0e, 0xf4, 0x90, 0xfc, 0x96, 0xfe,
  0x16, 0xfe, 0x92, 0xfd, 0x52, 0xfd, 0x92, 0xfd, 0x16, 0xfe, 0x92, 0xfd,
  0x52, 0xfd, 0x12, 0xfd, 0xd4, 0xfd, 0x56, 0xfe, 0x14, 0xfe, 0x94, 0xfd,
  0x56, 0xfe, 0x14, 0xfe, 0xd0, 0xfc, 0x10, 0xfd, 0x92, 0xfd, 0xd0, 0xfc,
  0x52, 0xfd, 0xd4, 0xfd, 0x94, 0xfd, 0xd4, 0xfd, 0x94, 0xfd, 0x52, 0xfd,
  0xd4, 0xfd, 0xd4, 0xfd, 0x14, 0xfe, 0xce, 0xd4, 0x48, 0x73, 0x8a, 0x52,
  0x8c, 0x42, 0xd2, 0x73, 0x9a, 0xa5, 0xdf, 0xc6, 0x1f, 0xd7, 0x9f, 0xe7,
  0xff, 0xff, 0xff, 0xe7, 0x5f, 0xd7, 0x9f, 0xe7, 0x9f, 0xd7, 0xdf, 0xe7,
  0xff, 0xf7, 0x9f, 0xe7, 0x5f, 0xd7, 0x5e, 0xb6, 0x9f, 0xc6, 0x1f, 0xd7,
  0x5f, 0xd7, 0x9e, 0xc6, 0x1c, 0xb6, 0x9f, 0xc6, 0xdf, 0xe7, 0xff, 0xff,
  0x9f, 0xe7, 0xdf, 0xe7, 0xff, 0xf7, 0x5f, 0xd7, 0xdf, 0xc6, 0x5e, 0xb6,
  0xda, 0xa5, 0x1f, 0xc7, 0x1f, 0xd7, 0xdf, 0xc6, 0x5f, 0xd7, 0x5f, 0xd7,
  0xdf, 0xe7, 0x9e, 0xc6, 0x1f, 0xd7, 0x1f, 0xc7, 0x1f, 0xc7, 0x5f, 0xd7,
  0xff, 0xff, 0xff, 0xff, 0x1f, 0xc7, 0x5e, 0xb6, 0x1f, 0xc7, 0x5f, 0xd7,
  0x9e, 0xc6, 0x1c, 0xb6, 0x5e, 0xb6, 0x9e, 0xc6, 0xdf, 0xc6, 0xdf, 0xc6,
  0xdf, 0xc6, 0x9e, 0xc6, 0x9e, 0xc6, 0x5f, 0xd7, 0x9f, 0xe7, 0x5e, 0xb6,
  0x9f, 0xc6, 0xdf, 0xc6, 0x5e, 0xb6, 0x1c, 0xb6, 0x5e, 0xb6, 0x9f, 0xc6,
  0xdf, 0xe7, 0xff, 0xff, 0x9e, 0xc6, 0x0e, 0x53, 0xc8, 0x52, 0x08, 0x73,
  0x8c, 0xb3, 0x4e, 0xf4, 0x0e, 0xfc, 0xd4, 0xfd, 0xd4, 0xfd, 0x4e, 0xfc,
  0x52, 0xfd, 0xd8, 0xfe, 0x56, 0xfe, 0x94, 0xfd, 0xd0, 0xfc, 0xd0, 0xfc,
  0x90, 0xfc, 0x90, 0xfc, 0x12, 0xfd, 0x1a, 0xff, 0x56, 0xfe, 0x56, 0xfe,
  0x92, 0xfd, 0x4e, 0xfc, 0xd0, 0xfc, 0x52, 0xfd, 0x90, 0xfc, 0x90, 0xfc,
  0xd0, 0xfc, 0x12, 0xfd, 0xd4, 0xfd, 0x96, 0xfe, 0xd0, 0xfc, 0x52, 0xfd,
  0x52, 0xfd, 0x52, 0xfd, 0x52, 0xfd, 0x16, 0xfe, 0xd0, 0xfc, 0xd4, 0xfd,
  0x92, 0xfd, 0xd4, 0xfd, 0xd4, 0xfd, 0x16, 0xfe, 0xd4, 0xfd, 0x94, 0xfd,
  0x52, 0xfd, 0x92, 0xfd, 0x98, 0xfe, 0x56, 0xfe, 0x4e, 0xfc, 0xd0, 0xfc,
  0x94, 0xfd, 0x56, 0xfe, 0x98, 0xfe, 0x56, 0xfe, 0x14, 0xfe, 0x56, 0xfe,
  0xd4, 0xfd, 0x92, 0xfd, 0x94, 0xfd, 0x16, 0xfe, 0x98, 0xfe, 0xd4, 0xfd,
  0xd8, 0xfe, 0x96, 0xfe, 0x8e, 0xfc, 0x0e, 0xfc, 0x0e, 0xfc, 0x52, 0xfd,
  0x94, 0xfd, 0xd0, 0xfc, 0x16, 0xfe, 0xd4, 0xfd, 0x56, 0xfe, 0x10, 0xfd,
  0x8c, 0xa4, 0x4c, 0x94, 0xc6, 0x83, 0x4a, 0xe6, 0xcc, 0xff, 0xf0, 0xff,
  0xf8, 0xff, 0xf6, 0xff, 0xf0, 0xff, 0xf0, 0xff, 0xf0, 0xff, 0xf0, 0xff,
  0xee, 0xff, 0xec, 0xff, 0xf2, 0xff, 0xf4, 0xff, 0xf0, 0xff, 0xf6, 0xff,
  0xf2, 0xff, 0xf0, 0xff, 0xf0, 0xff, 0xf2, 0xff, 0xf4, 0xff, 0xf2, 0xff,
  0xf2, 0xff, 0xf4, 0xff, 0xf4, 0xff, 0xee, 0xff, 0xf2, 0xff, 0xf4, 0xff,
  0xf2, 0xff, 0xf2, 0xff, 0xf0, 0xff, 0xf0, 0xff, 0xee, 0xff, 0xf0, 0xff,
  0xf0, 0xff, 0x8e, 0xc5, 0x4c, 0xa4, 0x88, 0x92, 0x8c, 0xe3, 0x94, 0xfd,
  0x94, 0xfd, 0x92, 0xfd, 0x14, 0xfe, 0x16, 0xfe, 0x52, 0xfd, 0x52, 0xfd,
  0x56, 0xfe, 0xd4, 0xfd, 0x92, 0xfd, 0x94, 0xfd, 0x16, 0xfe, 0xd4, 0xfd,
  0x14, 0xfe, 0x52, 0xfd, 0xd0, 0xfc, 0x4e, 0xfc, 0x8e, 0xfc, 0xd4, 0xfd,
  0x56, 0xfe, 0xd4, 0xfd, 0x5a, 0xff, 0x56, 0xfe, 0x12, 0xfd, 0x52, 0xfd,
  0xd4, 0xfd, 0x52, 0xfd, 0x92, 0xfd, 0x12, 0xfd, 0x94, 0xfd, 0x94, 0xfd,
  0xd4, 0xfd, 0xd4, 0xfd, 0x16, 0xfe, 0x56, 0xfe, 0x18, 0xff, 0x96, 0xfe,
  0x14, 0xfe, 0x8e, 0xfc, 0xd0, 0xfc, 0xd4, 0xfd, 0x94, 0xfd, 0x52, 0xfd,
  0x52, 0xfd, 0x56, 0xfe, 0x56, 0xfe, 0xd4, 0xfd, 0x52, 0xfd, 0x0e, 0xfc,
  0x56, 0xfe, 0x1a, 0xff, 0xd8, 0xfe, 0x56, 0xfe, 0x56, 0xfe, 0x98, 0xfe,
  0x92, 0xfd, 0x52, 0xfd, 0x94, 0xfd, 0x92, 0xfd, 0x12, 0xfd, 0x12, 0xfd,
  0xd8, 0xfe, 0x56, 0xfe, 0x94, 0xfd, 0x10, 0xfd, 0x14, 0xfe, 0x5a, 0xff,
  0x5a, 0xff, 0x10, 0xe5, 0x0a, 0x84, 0xc6, 0x31, 0xc8, 0x31, 0x90, 0x63,
  0x58, 0x95, 0xdf, 0xc6, 0x5f, 0xd7, 0x1f, 0xd7, 0x9f, 0xe7, 0x1f, 0xd7,
  0xdf, 0xc6, 0xdf, 0xc6, 0x9f, 0xd7, 0xff, 0xf7, 0xdf, 0xe7, 0x5f, 0xd7,
  0x9f, 0xe7, 0xdf, 0xc6, 0xdf, 0xc6, 0xdf, 0xc6, 0x1f, 0xc7, 0xdf, 0xc6,
  0xdf, 0xc6, 0x5f, 0xd7, 0x9f, 0xe7, 0xdf, 0xe7, 0xdf, 0xe7, 0x9f, 0xd7,
  0x9f, 0xe7, 0x1f, 0xc7, 0x1c, 0xa6, 0xdc, 0xa5, 0xdc, 0xa5, 0x5f, 0xd7,
  0x1c, 0xb6, 0x5e, 0xb6, 0x5f, 0xd7, 0x9e, 0xc6, 0x9e, 0xb6, 0x9f, 0xc6,
  0x1f, 0xc7, 0x1c, 0xb6, 0xdf, 0xc6, 0xff, 0xff, 0xff, 0xf7, 0x9f, 0xe7,
  0x1f, 0xc7, 0x1f, 0xc7, 0x5f, 0xd7, 0x5f, 0xd7, 0x5e, 0xb6, 0xdf, 0xc6,
  0xdf, 0xc6, 0x9e, 0xc6, 0x5e, 0xb6, 0xdf, 0xc6, 0x9e, 0xc6, 0x1e, 0xb6,
  0x5e, 0xb6, 0xdf, 0xc6, 0xff, 0xe7, 0x5f, 0xd7, 0x9f, 0xc6, 0xdf, 0xc6,
  0x1f, 0xc7, 0x5f, 0xd7, 0x5f, 0xd7, 0xdf, 0xc6, 0x9f, 0xd7, 0xff, 0xff,
  0xdf, 0xe7, 0x0e, 0x53, 0xcc, 0x83, 0x0a, 0x94, 0x4a, 0x93, 0x4e, 0xf4,
  0xd0, 0xfc, 0x94, 0xfd, 0x56, 0xfe, 0x12, 0xfd, 0x90, 0xfc, 0x12, 0xfd,
  0xd0, 0xfc, 0x4e, 0xfc, 0x4e, 0xfc, 0x90, 0xfc, 0x0e, 0xfc, 0xcc, 0xfb,
  0xd0, 0xfc, 0xd8, 0xfe, 0x52, 0xfd, 0x52, 0xfd, 0x52, 0xfd, 0x4e, 0xfc,
  0x52, 0xfd, 0x52, 0xfd, 0x4e, 0xfc, 0x4e, 0xfc, 0x10, 0xfd, 0x94, 0xfd,
  0xd4, 0xfd, 0x16, 0xfe, 0xd0, 0xfc, 0xd0, 0xfc, 0x10, 0xfd, 0x14, 0xfe,
  0x52, 0xfd, 0xd8, 0xfe, 0x92, 0xfd, 0x10, 0xfd, 0x92, 0xfd, 0x56, 0xfe,
  0x56, 0xfe, 0x56, 0xfe, 0xd4, 0xfd, 0x94, 0xfd, 0x92, 0xfd, 0x52, 0xfd,
  0xd8, 0xfe, 0x94, 0xfd, 0xcc, 0xf3, 0xd0, 0xfc, 0x52, 0xfd, 0x56, 0xfe,
  0x16, 0xfe, 0xd4, 0xfd, 0x56, 0xfe, 0xd8, 0xfe, 0x98, 0xfe, 0xd4, 0xfd,
  0x94, 0xfd, 0xd4, 0xfd, 0x10, 0xfd, 0x4e, 0xfc, 0xd4, 0xfd, 0xd8, 0xfe,
  0x14, 0xfe, 0xd4, 0xfd, 0xd0, 0xfc, 0x52, 0xfd, 0x12, 0xfd, 0x52, 0xfd,
  0xd8, 0xfe, 0x56, 0xfe, 0x56, 0xfe, 0xd0, 0xfc, 0x52, 0xe6, 0x0c, 0x94,
  0x84, 0x52, 0xc6, 0xb4, 0x0a, 0xff, 0xee, 0xff, 0xf4, 0xff, 0xf4, 0xff,
  0xf0, 0xff, 0xee, 0xff, 0xf0, 0xff, 0xf0, 0xff, 0xee, 0xff, 0xca, 0xf6,
  0xf0, 0xff, 0xf2, 0xff, 0xee, 0xff, 0xf0, 0xff, 0xf0, 0xff, 0xf4, 0xff,
  0xf2, 0xff, 0xf2, 0xff, 0xf0, 0xff, 0xf2, 0xff, 0xf4, 0xff, 0xf4, 0xff,
  0xf4, 0xff, 0xf0, 0xff, 0xf0, 0xff, 0xf0, 0xff, 0xf4, 0xff, 0xf0, 0xff,
  0xee, 0xff, 0xf0, 0xff, 0xf0, 0xff, 0xf0, 0xff, 0xf2, 0xff, 0x4e, 0xb5,
  0x0e, 0xb5, 0xc8, 0x92, 0x8c, 0xe3, 0x52, 0xfd, 0x12, 0xfd, 0x10, 0xfd,
  0x14, 0xfe, 0x56, 0xfe, 0x16, 0xfe, 0xd4, 0xfd, 0xd4, 0xfd, 0x94, 0xfd,
  0x12, 0xfd, 0x94, 0xfd, 0x52, 0xfd, 0xd4, 0xfd, 0x56, 0xfe, 0xd4, 0xfd,
  0x52, 0xfd, 0x12, 0xfd, 0x12, 0xfd, 0x52, 0xfd, 0x96, 0xfe, 0xd4, 0xfd,
  0xd4, 0xfd, 0xd4, 0xfd, 0x52, 0xfd, 0x94, 0xfd, 0x96, 0xfe, 0x92, 0xfd,
  0x52, 0xfd, 0x52, 0xfd, 0xd4, 0xfd, 0x10, 0xfd, 0x52, 0xfd, 0x94, 0xfd,
  0xd4, 0xfd, 0x16, 0xfe, 0x1a, 0xff, 0x18, 0xff, 0xd4, 0xfd, 0x52, 0xfd,
  0x52, 0xfd, 0x98, 0xfe, 0x96, 0xfe, 0xd4, 0xfd, 0x14, 0xfe, 0xd8, 0xfe,
  0x56, 0xfe, 0x56, 0xfe, 0x92, 0xfd, 0x52, 0xfd, 0x56, 0xfe, 0x18, 0xff,
  0x1a, 0xff, 0x96, 0xfe, 0x56, 0xfe, 0xd8, 0xfe, 0x14, 0xfe, 0x5a, 0xff,
  0x94, 0xfd, 0x14, 0xfe, 0x92, 0xfd, 0x12, 0xfd, 0x94, 0xfd, 0x14, 0xfe,
  0x92, 0xfd, 0x94, 0xfd, 0x56, 0xfe, 0xdc, 0xff, 0x1a, 0xff, 0x92, 0xe5,
  0xd0, 0xd5, 0xc8, 0x62, 0x86, 0x21, 0x0e, 0x53, 0x96, 0x84, 0x9e, 0xc6,
  0xdf, 0xc6, 0x9e, 0xc6, 0xdf, 0xc6, 0xdf, 0xc6, 0x1f, 0xc7, 0x5f, 0xd7,
  0x5f, 0xd7, 0x9e, 0xc6, 0x9e, 0xc6, 0xdf, 0xe7, 0xff, 0xf7, 0xdf, 0xc6,
  0x5f, 0xd7, 0x1f, 0xd7, 0xdf, 0xc6, 0x9f, 0xc6, 0x1f, 0xd7, 0xdf, 0xc6,
  0x1f, 0xc7, 0x1f, 0xd7, 0xdf, 0xe7, 0x9e, 0xc6, 0x1c, 0xb6, 0xdf, 0xc6,
  0x1c, 0xb6, 0xdf, 0xc6, 0xdf, 0xc6, 0x1f, 0xc7, 0x9f, 0xc6, 0xdf, 0xc6,
  0x5f, 0xd7, 0xdf, 0xc6, 0xdc, 0xa5, 0xdf, 0xc6, 0x5f, 0xd7, 0xda, 0xa5,
  0x9e, 0xc6, 0xff, 0xff, 0xff, 0xff, 0x9f, 0xe7, 0x1f, 0xc7, 0x5e, 0xb6,
  0x1f, 0xd7, 0xdf, 0xc6, 0x1c, 0xb6, 0xde, 0xc6, 0x9e, 0xc6, 0x1c, 0xb6,
  0xda, 0xa5, 0xdc, 0xa5, 0x9e, 0xc6, 0x1c, 0xb6, 0xdf, 0xc6, 0x5f, 0xd7,
  0xdf, 0xe7, 0x9f, 0xe7, 0x1f, 0xc7, 0x9f, 0xe7, 0x5f, 0xd7, 0x9f, 0xd7,
  0x5f, 0xd7, 0xdf, 0xc6, 0x9f, 0xd7, 0xdf, 0xe7, 0x9f, 0xd7, 0xd2, 0x73,
  0x4e, 0x94, 0xce, 0xa4, 0x4a, 0x83, 0x8c, 0xc3, 0x4e, 0xfc, 0x90, 0xfc,
  0x52, 0xfd, 0x90, 0xfc, 0x0e, 0xfc, 0x8c, 0xf3, 0x0e, 0xfc, 0x4e, 0xfc,
  0xcc, 0xf3, 0xcc, 0xf3, 0x4c, 0xe3, 0xc8, 0xb2, 0x88, 0xb2, 0x4c, 0xe3,
  0x4a, 0xf3, 0x12, 0xfd, 0x52, 0xfd, 0x0e, 0xfc, 0xd0, 0xfc, 0x10, 0xfd,
  0xcc, 0xf3, 0x4a, 0xf3, 0x0e, 0xfc, 0x16, 0xfe, 0x1a, 0xff, 0x92, 0xfd,
  0x12, 0xfd, 0x56, 0xfe, 0x56, 0xfe, 0x5a, 0xff, 0x18, 0xff, 0x92, 0xfd,
  0x94, 0xfd, 0x52, 0xfd, 0xd0, 0xfc, 0x96, 0xfe, 0x96, 0xfe, 0x56, 0xfe,
  0xd4, 0xfd, 0x98, 0xfe, 0x92, 0xfd, 0x52, 0xfd, 0x98, 0xfe, 0xd4, 0xfd,
  0x10, 0xfd, 0xd4, 0xfd, 0x12, 0xfd, 0x94, 0xfd, 0xd4, 0xfd, 0x94, 0xfd,
  0x94, 0xfd, 0x96, 0xfe, 0xd8, 0xfe, 0x94, 0xfd, 0xd4, 0xfd, 0x12, 0xfd,
  0x90, 0xfc, 0x16, 0xfe, 0x96, 0xfe, 0x14, 0xfe, 0x94, 0xfd, 0x12, 0xfd,
  0xd0, 0xfc, 0x92, 0xfd, 0x12, 0xfd, 0xd4, 0xfd, 0xd8, 0xfe, 0xd8, 0xfe,
  0x94, 0xfd, 0x0c, 0xe4, 0x90, 0xd5, 0x0e, 0xb5, 0xc8, 0x83, 0xc8, 0xb4,
  0x8a, 0xff, 0xee, 0xff, 0xee, 0xff, 0xf0, 0xff, 0xf0, 0xff, 0xf0, 0xff,
  0xf2, 0xff, 0xf2, 0xff, 0xf2, 0xff, 0xee, 0xff, 0xee, 0xff, 0xf0, 0xff,
  0xf4, 0xff, 0xf4, 0xff, 0xf0, 0xff, 0xee, 0xff, 0xf2, 0xff, 0xf0, 0xff,
  0xf0, 0xff, 0xf6, 0xff, 0xf8, 0xff, 0xf0, 0xff, 0xee, 0xff, 0xf0, 0xff,
  0xee, 0xff, 0xf0, 0xff, 0xf6, 0xff, 0xf4, 0xff, 0xec, 0xff, 0xee, 0xff,
  0xee, 0xff, 0xf2, 0xff, 0xf2, 0xff, 0x0c, 0xb5, 0x0a, 0x94, 0x88, 0x82,
  0x8c, 0xe3, 0xd4, 0xfd, 0xd4, 0xfd, 0xd0, 0xfc, 0x4e, 0xfc, 0x12, 0xfd,
  0xd8, 0xfe, 0x98, 0xfe, 0x92, 0xfd, 0x94, 0xfd, 0x94, 0xfd, 0x14, 0xfe,
  0x92, 0xfd, 0x16, 0xfe, 0xd4, 0xfd, 0x52, 0xfd, 0x94, 0xfd, 0x52, 0xfd,
  0x52, 0xfd, 0x12, 0xfd, 0xd4, 0xfd, 0x16, 0xfe, 0x92, 0xfd, 0x52, 0xfd,
  0x14, 0xfe, 0xd4, 0xfd, 0xd8, 0xfe, 0x56, 0xfe, 0x52, 0xfd, 0xd4, 0xfd,
  0x56, 0xfe, 0x12, 0xfd, 0xd4, 0xfd, 0x16, 0xfe, 0x94, 0xfd, 0x52, 0xfd,
  0x96, 0xfe, 0x9a, 0xff, 0x94, 0xfd, 0x12, 0xfd, 0x92, 0xfd, 0xd8, 0xfe,
  0x18, 0xff, 0xd8, 0xfe, 0x98, 0xfe, 0x16, 0xfe, 0x92, 0xfd, 0xd4, 0xfd,
  0x14, 0xfe, 0xd8, 0xfe, 0x56, 0xfe, 0xd4, 0xfd, 0x16, 0xfe, 0xd4, 0xfd,
  0xd4, 0xfd, 0x92, 0xfd, 0xd4, 0xfd, 0xd8, 0xfe, 0x16, 0xfe, 0xdc, 0xff,
  0x5a, 0xff, 0x52, 0xfd, 0x12, 0xfd, 0x92, 0xfd, 0x52, 0xfd, 0xd4, 0xfd,
  0xd8, 0xfe, 0x14, 0xfe, 0x14, 0xfe, 0x10, 0xe5, 0x0e, 0xb5, 0x4a, 0x73,
  0xc8, 0x31, 0x0e, 0x53, 0x18, 0x95, 0x5e, 0xb6, 0x5e, 0xb6, 0x9f, 0xc6,
  0xdf, 0xc6, 0x5f, 0xd7, 0x1f, 0xd7, 0x5f, 0xd7, 0x5f, 0xd7, 0x5f, 0xd7,
  0xdf, 0xc6, 0x1f, 0xd7, 0x1f, 0xc7, 0xdf, 0xc6, 0x1f, 0xd7, 0x9e, 0xc6,
  0x9e, 0xb6, 0x5e, 0xb6, 0x9f, 0xc6, 0x5f, 0xd7, 0x9f, 0xd7, 0x1f, 0xd7,
  0xdf, 0xc6, 0x9e, 0xc6, 0x1c, 0xa6, 0x9e, 0xc6, 0x1e, 0xb6, 0xdf, 0xc6,
  0xdf, 0xc6, 0xdf, 0xc6, 0xdf, 0xc6, 0x9e, 0xc6, 0x1c, 0xb6, 0xdc, 0xa5,
  0xdf, 0xe7, 0x9f, 0xe7, 0x1f, 0xd7, 0x9f, 0xc6, 0x9e, 0xc6, 0xdf, 0xc6,
  0xdf, 0xc6, 0xdf, 0xc6, 0x5e, 0xb6, 0xdc, 0xa5, 0x9e, 0xb6, 0xdf, 0xc6,
  0x5e, 0xb6, 0x5e, 0xb6, 0x1f, 0xc7, 0xdf, 0xc6, 0x9e, 0xc6, 0xdf, 0xe7,
  0x1f, 0xd7, 0x1c, 0xb6, 0x9e, 0xc6, 0x5f, 0xd7, 0xff, 0xf7, 0xdf, 0xe7,
  0xdf, 0xc6, 0x1f, 0xd7, 0x5e, 0xb6, 0xdf, 0xc6, 0xdf, 0xc6, 0x5f, 0xd7,
  0xff, 0xff, 0x1f, 0xd7, 0x5e, 0xb6, 0xdc, 0xa5, 0x50, 0x94, 0xca, 0x83,
  0x8a, 0x83, 0x48, 0x82, 0x4a, 0xc3, 0x4c, 0xd3, 0x4c, 0xd3, 0x4e, 0xfc,
  0xce, 0xf3, 0x4c, 0xd3, 0x4e, 0xfc, 0x12, 0xfd, 0x8c, 0xd3, 0x0a, 0xc3,
  0xce, 0xe3, 0x8c, 0xd3, 0x8c, 0xd3, 0x4a, 0xd3, 0x0a, 0xd3, 0x0e, 0xfc,
  0x50, 0xfc, 0x8c, 0xf3, 0x4c, 0xf3, 0x4c, 0xe3, 0x88, 0xb2, 0x0a, 0xd3,
  0xcc, 0xfb, 0x12, 0xfd, 0x16, 0xfe, 0x94, 0xfd, 0xd4, 0xfd, 0x98, 0xfe,
  0x94, 0xfd, 0x98, 0xfe, 0x56, 0xfe, 0x92, 0xfd, 0xd4, 0xfd, 0x52, 0xfd,
  0x52, 0xfd, 0xd4, 0xfd, 0x16, 0xfe, 0x14, 0xfe, 0x92, 0xfd, 0x14, 0xfe,
  0xd4, 0xfd, 0xd4, 0xfd, 0x94, 0xfd, 0xd4, 0xfd, 0x12, 0xfd, 0xd4, 0xfd,
  0x12, 0xfd, 0x52, 0xfd, 0x94, 0xfd, 0x52, 0xfd, 0x94, 0xfd, 0x92, 0xfd,
  0x56, 0xfe, 0xd4, 0xfd, 0x16, 0xfe, 0x16, 0xfe, 0x12, 0xfd, 0x14, 0xfe,
  0x56, 0xfe, 0xd0, 0xfc, 0x56, 0xfe, 0xd4, 0xfd, 0x0e, 0xfc, 0x0e, 0xfc,
  0x0e, 0xfc, 0x94, 0xfd, 0x98, 0xfe, 0xd8, 0xfe, 0x12, 0xfd, 0xcc, 0xc3,
  0x8a, 0x83, 0x88, 0x83, 0x4c, 0xe6, 0xca, 0xd5, 0x8a, 0xff, 0xf0, 0xff,
  0xf0, 0xff, 0xf0, 0xff, 0xee, 0xff, 0xf4, 0xff, 0xf2, 0xff, 0xee, 0xff,
  0xf4, 0xff, 0xf0, 0xff, 0xf2, 0xff, 0xf2, 0xff, 0xf2, 0xff, 0xf0, 0xff,
  0xf0, 0xff, 0xf0, 0xff, 0xf4, 0xff, 0xf2, 0xff, 0xee, 0xff, 0xf6, 0xff,
  0xf6, 0xff, 0xf0, 0xff, 0xf0, 0xff, 0xf0, 0xff, 0xee, 0xff, 0xee, 0xff,
  0xf2, 0xff, 0xf2, 0xff, 0xf0, 0xff, 0xee, 0xff, 0xee, 0xff, 0xf2, 0xff,
  0xee, 0xff, 0x0c, 0xb5, 0x10, 0xb5, 0x0a, 0x93, 0x8c, 0xd3, 0xd8, 0xfe,
  0x5a, 0xff, 0x52, 0xfd, 0x52, 0xfd, 0x10, 0xfd, 0xd4, 0xfd, 0x16, 0xfe,
  0x16, 0xfe, 0x92, 0xfd, 0x12, 0xfd, 0x94, 0xfd, 0x96, 0xfe, 0x1a, 0xff,
  0xd4, 0xfd, 0xd0, 0xfc, 0x92, 0xfd, 0xd4, 0xfd, 0x94, 0xfd, 0x94, 0xfd,
  0xd4, 0xfd, 0x52, 0xfd, 0x16, 0xfe, 0x94, 0xfd, 0x94, 0xfd, 0xd8, 0xfe,
  0xd8, 0xfe, 0x96, 0xfe, 0x94, 0xfd, 0x16, 0xfe, 0xd4, 0xfd, 0x94, 0xfd,
  0x14, 0xfe, 0x56, 0xfe, 0xd4, 0xfd, 0x14, 0xfe, 0x98, 0xfe, 0x56, 0xfe,
  0x52, 0xfd, 0xd4, 0xfd, 0x16, 0xfe, 0x56, 0xfe, 0xd8, 0xfe, 0x56, 0xfe,
  0x56, 0xfe, 0x56, 0xfe, 0x92, 0xfd, 0xd4, 0xfd, 0x14, 0xfe, 0x98, 0xfe,
  0x12, 0xfd, 0xd4, 0xfd, 0xd8, 0xfe, 0x56, 0xfe, 0x92, 0xfd, 0x52, 0xfd,
  0x94, 0xfd, 0x52, 0xfd, 0x90, 0xfc, 0x56, 0xfe, 0x56, 0xfe, 0x92, 0xfd,
  0x52, 0xfd, 0x52, 0xfd, 0x52, 0xfd, 0x56, 0xfe, 0x1a, 0xff, 0x56, 0xfe,
  0xd8, 0xfe, 0x92, 0xf5, 0x8a, 0x73, 0xca, 0x62, 0xcc, 0x52, 0x50, 0x63,
  0x58, 0x95, 0x5f, 0xd7, 0x5f, 0xd7, 0x1f, 0xd7, 0x9f, 0xd7, 0x1f, 0xd7,
  0x9f, 0xe7, 0xdf, 0xe7, 0x9f, 0xd7, 0x5f, 0xd7, 0xdf, 0xc6, 0x9e, 0xc6,
  0x9f, 0xc6, 0xdf, 0xc6, 0xdf, 0xc6, 0x5f, 0xd7, 0xdf, 0xc6, 0x1c, 0xb6,
  0xdf, 0xc6, 0x5f, 0xd7, 0xdf, 0xc6, 0x1f, 0xc7, 0xdf, 0xc6, 0x5e, 0xb6,
  0x5e, 0xb6, 0x5f, 0xd7, 0x9e, 0xc6, 0x5e, 0xb6, 0x1f, 0xc7, 0x5e, 0xb6,
  0x9e, 0xb6, 0x9f, 0xc6, 0x9e, 0xc6, 0x1c, 0xb6, 0x1f, 0xd7, 0x9f, 0xe7,
  0xdf, 0xc6, 0x1f, 0xd7, 0x1f, 0xd7, 0x9e, 0xc6, 0x1f, 0xc7, 0xdf, 0xc6,
  0x9e, 0xb6, 0x9e, 0xc6, 0xdc, 0xa5, 0x9e, 0xc6, 0xdf, 0xc6, 0x1c, 0xb6,
  0x9a, 0xa5, 0xda, 0xa5, 0x5e, 0xb6, 0x1f, 0xd7, 0x9e, 0xc6, 0x1c, 0xb6,
  0xdf, 0xe7, 0xff, 0xf7, 0x9e, 0xc6, 0x1f, 0xd7, 0x9e, 0xc6, 0xdf, 0xc6,
  0x9e, 0xc6, 0x5e, 0xb6, 0x9f, 0xc6, 0x5f, 0xd7, 0xff, 0xff, 0x1f, 0xd7,
  0x18, 0x95, 0x58, 0x95, 0x90, 0x94, 0x90, 0xc5, 0xcc, 0x93, 0x88, 0x92,
  0x90, 0xfc, 0x4e, 0xfc, 0xcc, 0xf3, 0xcc, 0xf3, 0x4a, 0xd3, 0x0e, 0xf4,
  0x52, 0xfd, 0x94, 0xfd, 0x0e, 0xe4, 0x8c, 0xd3, 0x4c, 0xc3, 0xcc, 0xd3,
  0x52, 0xfd, 0x52, 0xfd, 0xce, 0xe3, 0x8c, 0xd3, 0x90, 0xfc, 0x50, 0xfc,
  0xcc, 0xe3, 0x8c, 0xd3, 0x4a, 0xc3, 0x0a, 0xd3, 0x4a, 0xf3, 0x0e, 0xfc,
  0x94, 0xfd, 0xd4, 0xfd, 0x52, 0xfd, 0x52, 0xfd, 0x8e, 0xfc, 0x90, 0xfc,
  0x94, 0xfd, 0x56, 0xfe, 0xd4, 0xfd, 0x12, 0xfd, 0x94, 0xfd, 0x12, 0xfd,
  0x12, 0xfd, 0x12, 0xfd, 0xd0, 0xfc, 0xd0, 0xfc, 0x10, 0xfd, 0x12, 0xfd,
  0x52, 0xfd, 0x52, 0xfd, 0xd0, 0xfc, 0xd0, 0xfc, 0x12, 0xfd, 0x52, 0xfd,
  0x52, 0xfd, 0x12, 0xfd, 0x52, 0xfd, 0xd4, 0xfd, 0x14, 0xfe, 0xd4, 0xfd,
  0x92, 0xfd, 0x52, 0xfd, 0xd4, 0xfd, 0x14, 0xfe, 0xd4, 0xfd, 0x10, 0xfd,
  0xd8, 0xfe, 0x9a, 0xff, 0x96, 0xfe, 0xd4, 0xfd, 0x90, 0xf4, 0x8c, 0xf3,
  0xd0, 0xfc, 0xd4, 0xfd, 0x12, 0xfd, 0x0c, 0xd4, 0x8c, 0xb4, 0x4c, 0x94,
  0x88, 0xa4, 0x46, 0xa4, 0x4a, 0xf6, 0xf0, 0xff, 0xf0, 0xff, 0xf2, 0xff,
  0xf4, 0xff, 0xf0, 0xff, 0xf0, 0xff, 0xee, 0xff, 0xf2, 0xff, 0xf0, 0xff,
  0xf0, 0xff, 0xf2, 0xff, 0xf2, 0xff, 0x8a, 0xff, 0xcc, 0xff, 0xf0, 0xff,
  0xf0, 0xff, 0xf2, 0xff, 0xf0, 0xff, 0xee, 0xff, 0xf2, 0xff, 0xf2, 0xff,
  0xf0, 0xff, 0xee, 0xff, 0x8a, 0xff, 0xee, 0xff, 0xf2, 0xff, 0xf0, 0xff,
  0xf0, 0xff, 0xee, 0xff, 0xec, 0xff, 0xf0, 0xff, 0xee, 0xff, 0x8a, 0xa4,
  0x48, 0x83, 0xca, 0xa2, 0xca, 0xb2, 0x16, 0xfe, 0x1a, 0xff, 0x94, 0xfd,
  0x94, 0xfd, 0x94, 0xfd, 0x56, 0xfe, 0x56, 0xfe, 0x56, 0xfe, 0x1a, 0xff,
  0x56, 0xfe, 0x52, 0xfd, 0x56, 0xfe, 0x56, 0xfe, 0x12, 0xfd, 0x10, 0xfd,
  0xd0, 0xfc, 0x56, 0xfe, 0x16, 0xfe, 0x56, 0xfe, 0x94, 0xfd, 0x52, 0xfd,
  0xd8, 0xfe, 0x96, 0xfe, 0xd4, 0xfd, 0xd4, 0xfd, 0x16, 0xfe, 0xd0, 0xfc,
  0xd0, 0xfc, 0xd4, 0xfd, 0xd0, 0xfc, 0x94, 0xfd, 0x14, 0xfe, 0x98, 0xfe,
  0x56, 0xfe, 0x56, 0xfe, 0x98, 0xfe, 0x14, 0xfe, 0x12, 0xfd, 0x12, 0xfd,
  0xd4, 0xfd, 0x94, 0xfd, 0xd4, 0xfd, 0xd4, 0xfd, 0x94, 0xfd, 0x14, 0xfe,
  0x92, 0xfd, 0x92, 0xfd, 0x94, 0xfd, 0x16, 0xfe, 0x92, 0xfd, 0x16, 0xfe,
  0x16, 0xfe, 0xd4, 0xfd, 0x14, 0xfe, 0x96, 0xfe, 0x98, 0xfe, 0x52, 0xfd,
  0x90, 0xfc, 0x52, 0xfd, 0x52, 0xfd, 0xd4, 0xfd, 0x12, 0xfd, 0x90, 0xfc,
  0xd0, 0xfc, 0x56, 0xfe, 0xd8, 0xfe, 0x56, 0xfe, 0x14, 0xfe, 0x92, 0xe5,
  0x8e, 0xa4, 0x8c, 0x73, 0xd0, 0x73, 0xd2, 0x73, 0x9a, 0xa5, 0x1f, 0xd7,
  0x5f, 0xd7, 0x5f, 0xd7, 0x1f, 0xd7, 0x1f, 0xc7, 0x9f, 0xe7, 0x5f, 0xd7,
  0x5f, 0xd7, 0x9f, 0xc6, 0x9e, 0xb6, 0x9e, 0xb6, 0x9f, 0xc6, 0xdc, 0xa5,
  0x1c, 0xa6, 0xdf, 0xc6, 0xdf, 0xc6, 0x5e, 0xb6, 0x9f, 0xc6, 0xdf, 0xc6,
  0xdf, 0xc6, 0x1f, 0xd7, 0x1f, 0xd7, 0x9f, 0xc6, 0x5e, 0xb6, 0x5f, 0xd7,
  0xdf, 0xc6, 0x1f, 0xd7, 0x1f, 0xd7, 0xdf, 0xc6, 0xdf, 0xc6, 0x1f, 0xd7,
  0xff, 0xf7, 0x1f, 0xd7, 0x9a, 0xa5, 0x9e, 0xc6, 0x5e, 0xb6, 0x1f, 0xd7,
  0x9f, 0xd7, 0xdf, 0xc6, 0x9e, 0xc6, 0xdf, 0xc6, 0xdf, 0xc6, 0xff, 0xf7,
  0x9e, 0xc6, 0xdf, 0xc6, 0xdf, 0xc6, 0x1e, 0xb6, 0xda, 0xa5, 0x5e, 0xb6,
  0x9f, 0xc6, 0x9e, 0xb6, 0x5e, 0xb6, 0x5e, 0xb6, 0x5e, 0xb6, 0x1c, 0xb6,
  0x1c, 0xb6, 0x9e, 0xb6, 0x9e, 0xb6, 0xdf, 0xc6, 0x1c, 0xb6, 0x1e, 0xb6,
  0x9e, 0xb6, 0x5f, 0xd7, 0xff, 0xf7, 0x5e, 0xb6, 0x58, 0xa5, 0x16, 0x95,
  0x90, 0x94, 0xd0, 0xc5, 0x4c, 0xa4, 0x4c, 0xa3, 0x8c, 0xc3, 0x4e, 0xf4,
  0xd0, 0xfc, 0x4a, 0xd3, 0xca, 0xc2, 0xce, 0xfb, 0x4e, 0xfc, 0x50, 0xfc,
  0x0e, 0xd4, 0xca, 0x92, 0x48, 0x82, 0x88, 0xa2, 0x12, 0xfd, 0xd8, 0xfe,
  0x14, 0xfe, 0x94, 0xfd, 0x56, 0xfe, 0xd8, 0xfe, 0x56, 0xfe, 0x52, 0xfd,
  0x90, 0xfc, 0x4c, 0xe3, 0x4a, 0xe3, 0xd0, 0xfc, 0x94, 0xfd, 0x12, 0xfd,
  0x94, 0xfd, 0x94, 0xfd, 0xd0, 0xfc, 0x0e, 0xfc, 0x4e, 0xfc, 0x92, 0xfd,
  0x92, 0xfd, 0x52, 0xfd, 0xd4, 0xfd, 0x52, 0xfd, 0x10, 0xfd, 0x92, 0xfd,
  0x4e, 0xfc, 0x0e, 0xfc, 0x12, 0xfd, 0x12, 0xfd, 0x16, 0xfe, 0x94, 0xfd,
  0x92, 0xfd, 0x52, 0xfd, 0x52, 0xfd, 0xd0, 0xfc, 0x52, 0xfd, 0x92, 0xfd,
  0x12, 0xfd, 0xd4, 0xfd, 0x16, 0xfe, 0x56, 0xfe, 0x52, 0xfd, 0x8e, 0xfc,
  0xd0, 0xfc, 0x56, 0xfe, 0xd4, 0xfd, 0x12, 0xfd, 0x92, 0xfd, 0x16, 0xfe,
  0x56, 0xfe, 0xfc, 0xff, 0x18, 0xff, 0x10, 0xfd, 0x10, 0xfd, 0x92, 0xfd,
  0x92, 0xfd, 0x0e, 0xe4, 0xce, 0xb4, 0xce, 0xb4, 0xc4, 0x62, 0xc4, 0x62,
  0x46, 0xa4, 0x0a, 0xff, 0xee, 0xff, 0xee, 0xff, 0xee, 0xff, 0xec, 0xff,
  0xee, 0xff, 0xee, 0xff, 0xf2, 0xff, 0xf0, 0xff, 0xee, 0xff, 0xf0, 0xff,
  0xf0, 0xff, 0xee, 0xff, 0xf2, 0xff, 0xf2, 0xff, 0xee, 0xff, 0xf0, 0xff,
  0xf0, 0xff, 0xf0, 0xff, 0xee, 0xff, 0xee, 0xff, 0xf4, 0xff, 0xf2, 0xff,
  0xf0, 0xff, 0xec, 0xff, 0xf0, 0xff, 0xee, 0xff, 0xec, 0xff, 0xee, 0xff,
  0x8a, 0xff, 0xec, 0xff, 0x4e, 0xff, 0x10, 0xd6, 0x10, 0xb5, 0x0a, 0xb3,
  0x0e, 0xfc, 0x52, 0xfd, 0x12, 0xfd, 0xd4, 0xfd, 0xd4, 0xfd, 0x56, 0xfe,
  0x56, 0xfe, 0x16, 0xfe, 0x52, 0xfd, 0xd4, 0xfd, 0xd8, 0xfe, 0x94, 0xfd,
  0x52, 0xfd, 0x14, 0xfe, 0x94, 0xfd, 0x92, 0xfd, 0xd0, 0xfc, 0x94, 0xfd,
  0x12, 0xfd, 0x94, 0xfd, 0xd4, 0xfd, 0x52, 0xfd, 0xd4, 0xfd, 0x14, 0xfe,
  0x14, 0xfe, 0xd4, 0xfd, 0x14, 0xfe, 0x90, 0xfc, 0xd0, 0xfc, 0x90, 0xfc,
  0x0e, 0xfc, 0x52, 0xfd, 0x92, 0xfd, 0xd4, 0xfd, 0xd4, 0xfd, 0x56, 0xfe,
  0x56, 0xfe, 0xd4, 0xfd, 0x14, 0xfe, 0x52, 0xfd, 0x94, 0xfd, 0xd4, 0xfd,
  0x94, 0xfd, 0x92, 0xfd, 0xd0, 0xfc, 0x12, 0xfd, 0xd4, 0xfd, 0x52, 0xfd,
  0x94, 0xfd, 0x92, 0xfd, 0xd4, 0xfd, 0x16, 0xfe, 0x16, 0xfe, 0x96, 0xfe,
  0x98, 0xfe, 0x56, 0xfe, 0x98, 0xfe, 0x14, 0xfe, 0x5a, 0xff, 0x1a, 0xff,
  0xd4, 0xfd, 0x14, 0xfe, 0x94, 0xfd, 0x52, 0xfd, 0x92, 0xfd, 0x56, 0xfe,
  0x94, 0xfd, 0x14, 0xfe, 0x96, 0xfe, 0x12, 0xf6, 0xd2, 0xc5, 0x8c, 0x73,
  0x12, 0x74, 0x96, 0x84, 0x18, 0x95, 0x1c, 0xb6, 0x5e, 0xb6, 0x5e, 0xb6,
  0x9e, 0xb6, 0x1c, 0xb6, 0xdf, 0xc6, 0x9e, 0xc6, 0x1c, 0xb6, 0x9a, 0xa5,
  0xdc, 0xa5, 0x9a, 0xa5, 0xdc, 0xa5, 0x9a, 0xa5, 0x9a, 0xa5, 0x9f, 0xc6,
  0xdc, 0xa5, 0xdc, 0xa5, 0xdc, 0xa5, 0xdc, 0xa5, 0x1c, 0xb6, 0xdc, 0xa5,
  0x5e, 0xb6, 0xdf, 0xc6, 0xdf, 0xc6, 0x5f, 0xd7, 0xdf, 0xc6, 0x9f, 0xc6,
  0x9f, 0xc6, 0x9e, 0xc6, 0x9f, 0xc6, 0x5e, 0xb6, 0xdf, 0xc6, 0x5f, 0xd7,
  0x9e, 0xc6, 0x5e, 0xb6, 0x1f, 0xc7, 0x1f, 0xd7, 0x5f, 0xd7, 0x9f, 0xd7,
  0x5e, 0xb6, 0x9a, 0xa5, 0xdc, 0xa5, 0x5f, 0xd7, 0x5f, 0xd7, 0x5a, 0x95,
  0x9a, 0xa5, 0xdc, 0xa5, 0x1c, 0xb6, 0xdf, 0xc6, 0xdf, 0xc6, 0x9f, 0xd7,
  0xdf, 0xc6, 0x5a, 0x95, 0xd8, 0x84, 0x96, 0x84, 0x18, 0x95, 0x58, 0x95,
  0x5a, 0xa5, 0x5a, 0x95, 0x1e, 0xb6, 0x9e, 0xb6, 0x1f, 0xd7, 0x9f, 0xe7,
  0x9f, 0xc6, 0x58, 0x95, 0x58, 0x95, 0x96, 0x84, 0xd0, 0xa4, 0x12, 0xd6,
  0x0c, 0xa4, 0x88, 0x82, 0x88, 0x82, 0x0a, 0xb3, 0xd0, 0xfc, 0x0e, 0xe4,
  0x0a, 0xc3, 0x8c, 0xf3, 0xd2, 0xfc, 0x1a, 0xff, 0x1a, 0xff, 0x50, 0xf4,
  0x88, 0x92, 0x88, 0x92, 0x0a, 0xd3, 0xd0, 0xfc, 0x4e, 0xf4, 0x90, 0xf4,
  0x12, 0xfd, 0x92, 0xfd, 0x16, 0xfe, 0x5a, 0xff, 0xd4, 0xfd, 0x4e, 0xf4,
  0x8c, 0xf3, 0x12, 0xfd, 0x96, 0xfe, 0x56, 0xfe, 0xd8, 0xfe, 0x98, 0xfe,
  0xd0, 0xfc, 0xcc, 0xe3, 0x4e, 0xfc, 0x16, 0xfe, 0x16, 0xfe, 0x52, 0xfd,
  0x92, 0xfd, 0x90, 0xfc, 0xd0, 0xfc, 0x52, 0xfd, 0x90, 0xfc, 0x4e, 0xfc,
  0x90, 0xfc, 0x94, 0xfd, 0x16, 0xfe, 0x94, 0xfd, 0x16, 0xfe, 0xd4, 0xfd,
  0x12, 0xfd, 0xce, 0xf3, 0x4e, 0xfc, 0xd0, 0xfc, 0xd0, 0xfc, 0x90, 0xfc,
  0x52, 0xfd, 0x16, 0xfe, 0xd4, 0xfd, 0x4e, 0xfc, 0x8c, 0xe3, 0xd0, 0xfc,
  0xd0, 0xfc, 0x90, 0xfc, 0x90, 0xfc, 0x90, 0xfc, 0xd0, 0xfc, 0x94, 0xfd,
  0xd4, 0xfd, 0x10, 0xfd, 0x52, 0xfd, 0x12, 0xfd, 0x92, 0xfd, 0x8e, 0xfc,
  0x4c, 0xa4, 0x0a, 0x94, 0x88, 0xa4, 0x88, 0xc5, 0x46, 0xa4, 0x88, 0xd5,
  0x8a, 0xfe, 0x8c, 0xff, 0xec, 0xff, 0x8c, 0xff, 0xec, 0xff, 0x4a, 0xff,
  0xee, 0xff, 0xec, 0xff, 0xee, 0xff, 0xf0, 0xff, 0xf2, 0xff, 0xf0, 0xff,
  0xf0, 0xff, 0xee, 0xff, 0xee, 0xff, 0xec, 0xff, 0xca, 0xff, 0xee, 0xff,
  0xcc, 0xff, 0x8c, 0xff, 0xf0, 0xff, 0xee, 0xff, 0x4a, 0xff, 0x0a, 0xff,
  0xcc, 0xff, 0x8c, 0xff, 0xca, 0xf6, 0x0a, 0xff, 0x8a, 0xf6, 0xca, 0xf6,
  0x8c, 0xe6, 0x90, 0xc5, 0x12, 0xd6, 0xcc, 0xc3, 0x12, 0xfd, 0x94, 0xfd,
  0x90, 0xfc, 0x92, 0xfd, 0xd4, 0xfd, 0xd4, 0xfd, 0x94, 0xfd, 0x4e, 0xfc,
  0x0e, 0xf4, 0x90, 0xfc, 0x12, 0xfd, 0x12, 0xfd, 0x52, 0xfd, 0xd4, 0xfd,
  0x52, 0xfd, 0x52, 0xfd, 0x94, 0xfd, 0x52, 0xfd, 0x12, 0xfd, 0x12, 0xfd,
  0x52, 0xfd, 0x52, 0xfd, 0x56, 0xfe, 0xd4, 0xfd, 0xd4, 0xfd, 0x52, 0xfd,
  0x52, 0xfd, 0x10, 0xfd, 0x52, 0xfd, 0x90, 0xfc, 0xd0, 0xfc, 0x52, 0xfd,
  0x12, 0xfd, 0x16, 0xfe, 0xd4, 0xfd, 0x14, 0xfe, 0xd4, 0xfd, 0x92, 0xfd,
  0x94, 0xfd, 0x52, 0xfd, 0x56, 0xfe, 0x56, 0xfe, 0x94, 0xfd, 0x52, 0xfd,
  0x94, 0xfd, 0x94, 0xfd, 0x56, 0xfe, 0x52, 0xfd, 0x52, 0xfd, 0x10, 0xfd,
  0x92, 0xfd, 0x52, 0xfd, 0x52, 0xfd, 0x94, 0xfd, 0x92, 0xfd, 0x12, 0xfd,
  0x52, 0xfd, 0x56, 0xfe, 0xdc, 0xff, 0x56, 0xfe, 0x94, 0xfd, 0x14, 0xfe,
  0x94, 0xfd, 0x92, 0xfd, 0xd4, 0xfd, 0xd4, 0xfd, 0xd4, 0xfd, 0x14, 0xfe,
  0x56, 0xfe, 0x50, 0xe5, 0x52, 0xd6, 0xd2, 0x94, 0xd6, 0x84, 0x54, 0x74,
  0x12, 0x74, 0x12, 0x74, 0x54, 0x74, 0xdc, 0xb5, 0x5e, 0xb6, 0x18, 0x95,
  0xd8, 0x94, 0x54, 0x84, 0xd2, 0x73, 0x14, 0x74, 0x96, 0x84, 0xd8, 0x94,
  0xd8, 0x84, 0x14, 0x74, 0x54, 0x84, 0x5a, 0x95, 0x18, 0x95, 0x18, 0x95,
  0x96, 0x84, 0x50, 0x63, 0x50, 0x63, 0x14, 0x74, 0xdc, 0xa5, 0x1c, 0xb6,
  0x9a, 0xa5, 0x5f, 0xd7, 0x5f, 0xd7, 0xd8, 0x84, 0xd8, 0x94, 0x1c, 0xb6,
  0x9e, 0xc6, 0x5e, 0xb6, 0xdc, 0xa5, 0xdf, 0xc6, 0xff, 0xff, 0x5e, 0xb6,
  0xdc, 0xa5, 0x1c, 0xb6, 0xdc, 0xa5, 0x5a, 0xa5, 0x18, 0x95, 0x14, 0x74,
  0x96, 0x84, 0xdf, 0xc6, 0x1f, 0xd7, 0x58, 0x95, 0x90, 0x63, 0x14, 0x74,
  0xd8, 0x84, 0xd6, 0x84, 0xdc, 0xa5, 0x5f, 0xd7, 0xdf, 0xc6, 0xd6, 0x84,
  0x12, 0x74, 0xd2, 0x73, 0x92, 0x63, 0x96, 0x84, 0x18, 0x95, 0x96, 0x84,
  0x5a, 0xa5, 0x5e, 0xb6, 0xdf, 0xc6, 0x9e, 0xc6, 0x9a, 0xa5, 0xd0, 0x73,
  0x8c, 0x42, 0x8c, 0x42, 0x8a, 0x73, 0xce, 0xa4, 0x46, 0x62, 0x44, 0x51,
  0xc6, 0x61, 0x88, 0x92, 0x52, 0xfd, 0xd4, 0xfd, 0x0e, 0xe4, 0xc8, 0xa2,
  0x50, 0xe4, 0x9c, 0xff, 0x5a, 0xff, 0xd4, 0xfd, 0x4e, 0xe4, 0xca, 0xa2,
  0x48, 0x92, 0x0a, 0xb3, 0x4c, 0xc3, 0xc8, 0xa2, 0x06, 0x82, 0x48, 0x92,
  0x88, 0xa2, 0x0e, 0xe4, 0x56, 0xfe, 0x98, 0xfe, 0x4e, 0xfc, 0x0e, 0xfc,
  0x12, 0xfd, 0x94, 0xfd, 0x16, 0xfe, 0xdc, 0xff, 0x1a, 0xff, 0x4e, 0xfc,
  0x0e, 0xfc, 0x90, 0xfc, 0x12, 0xfd, 0x12, 0xfd, 0x8c, 0xf3, 0x0a, 0xd3,
  0x0a, 0xd3, 0x0a, 0xd3, 0xca, 0xc2, 0x8c, 0xe3, 0x8c, 0xe3, 0xce, 0xe3,
  0xce, 0xe3, 0xcc, 0xe3, 0x4e, 0xfc, 0x10, 0xfd, 0x90, 0xfc, 0x0a, 0xc3,
  0xca, 0xc2, 0x8c, 0xe3, 0x0e, 0xfc, 0xcc, 0xe3, 0x8c, 0xe3, 0x90, 0xfc,
  0xd0, 0xfc, 0x0e, 0xfc, 0x4a, 0xd3, 0x0a, 0xc3, 0xc8, 0xb2, 0x88, 0xa2,
  0xca, 0xc2, 0xca, 0xc2, 0x0a, 0xd3, 0x4a, 0xd3, 0x8c, 0xe3, 0x0a, 0xc3,
  0x4a, 0xc3, 0x4c, 0xd3, 0x4e, 0xf4, 0xd0, 0xf4, 0xd0, 0xd5, 0x8c, 0xa4,
  0x48, 0xc5, 0x4a, 0xe6, 0x44, 0x73, 0x44, 0x73, 0x84, 0x83, 0x86, 0xa4,
  0x4a, 0xe6, 0x4a, 0xe6, 0x8a, 0xf6, 0x08, 0xb5, 0x88, 0xd5, 0x8a, 0xf6,
  0x0a, 0xff, 0x8c, 0xff, 0xce, 0xff, 0x4c, 0xff, 0xca, 0xfe, 0x0a, 0xff,
  0xca, 0xf6, 0x0a, 0xf7, 0x4a, 0xf6, 0x0a, 0xff, 0x4a, 0xff, 0xc8, 0xd5,
  0x4a, 0xe6, 0x08, 0xe6, 0x08, 0xb5, 0xc8, 0xb4, 0x48, 0xc5, 0x88, 0xd5,
  0x48, 0xc5, 0xc8, 0xd5, 0x4c, 0xff, 0xca, 0xf6, 0x0c, 0xf7, 0x8c, 0xa4,
  0x0c, 0x94, 0xc8, 0x92, 0x4e, 0xfc, 0x52, 0xfd, 0x52, 0xfd, 0x16, 0xfe,
  0x92, 0xfd, 0x12, 0xfd, 0x52, 0xfd, 0x90, 0xfc, 0x4e, 0xfc, 0xd0, 0xfc,
  0x52, 0xfd, 0x52, 0xfd, 0x52, 0xfd, 0x10, 0xfd, 0x52, 0xfd, 0x92, 0xfd,
  0x92, 0xfd, 0x52, 0xfd, 0x52, 0xfd, 0x52, 0xfd, 0x16, 0xfe, 0x14, 0xfe,
  0x56, 0xfe, 0xd4, 0xfd, 0x94, 0xfd, 0x10, 0xfd, 0x10, 0xfd, 0xd4, 0xfd,
  0x94, 0xfd, 0x12, 0xfd, 0x12, 0xfd, 0x52, 0xfd, 0x12, 0xfd, 0xd4, 0xfd,
  0x56, 0xfe, 0x56, 0xfe, 0xd0, 0xfc, 0x4e, 0xfc, 0x52, 0xfd, 0x56, 0xfe,
  0x18, 0xff, 0x98, 0xfe, 0x94, 0xfd, 0x16, 0xfe, 0x94, 0xfd, 0x52, 0xfd,
  0xd4, 0xfd, 0x94, 0xfd, 0x52, 0xfd, 0x12, 0xfd, 0x12, 0xfd, 0x10, 0xfd,
  0x14, 0xfe, 0x16, 0xfe, 0x92, 0xfd, 0xd4, 0xfd, 0xd4, 0xfd, 0x56, 0xfe,
  0xfe, 0xff, 0x18, 0xff, 0xd4, 0xfd, 0xd4, 0xfd, 0xd0, 0xfc, 0x52, 0xfd,
  0x12, 0xfd, 0x12, 0xfd, 0x52, 0xfd, 0x92, 0xfd, 0x14, 0xfe, 0x10, 0xe5,
  0x90, 0xc5, 0x0a, 0x63, 0x4a, 0x42, 0x0e, 0x53, 0x90, 0x63, 0x8c, 0x52,
  0xcc, 0x52, 0x0e, 0x53, 0x4e, 0x53, 0x8c, 0x42, 0x90, 0x63, 0x90, 0x63,
  0xcc, 0x52, 0x4a, 0x42, 0x8c, 0x42, 0x0e, 0x53, 0x4e, 0x53, 0x4e, 0x63,
  0x90, 0x63, 0x50, 0x63, 0x90, 0x63, 0x54, 0x74, 0x12, 0x74, 0x90, 0x63,
  0xce, 0x52, 0x8c, 0x42, 0xd2, 0x63, 0x12, 0x74, 0xd2, 0x73, 0x5a, 0xa5,
  0x1c, 0xb6, 0x18, 0x95, 0xd2, 0x73, 0x18, 0x95, 0x58, 0x95, 0xd6, 0x84,
  0xd6, 0x94, 0xd6, 0x94, 0x9a, 0xa5, 0x18, 0x95, 0x9a, 0xa5, 0x94, 0x84,
  0xd2, 0x63, 0x90, 0x63, 0xd2, 0x73, 0x4e, 0x53, 0xce, 0x52, 0x12, 0x74,
  0x9a, 0xa5, 0x9a, 0xa5, 0x50, 0x63, 0xcc, 0x52, 0x0e, 0x53, 0xcc, 0x52,
  0xd2, 0x73, 0x9a, 0xa5, 0x58, 0x95, 0xd2, 0x73, 0x54, 0x84, 0xd2, 0x73,
  0x4e, 0x63, 0x0e, 0x53, 0x92, 0x63, 0x18, 0x95, 0x18, 0x95, 0xd8, 0x94,
  0x18, 0x95, 0xd6, 0x94, 0x5e, 0xb6, 0x18, 0x95, 0xc8, 0x31, 0x04, 0x21,
  0x0c, 0x84, 0x50, 0xc5, 0xc8, 0x62, 0x44, 0x41, 0x44, 0x51, 0xc6, 0x71,
  0x8c, 0xd3, 0x52, 0xfd, 0xd0, 0xfc, 0xcc, 0xd3, 0x0a, 0xb3, 0xd0, 0xf4,
  0x94, 0xfd, 0xd4, 0xfd, 0x92, 0xfd, 0x0e, 0xe4, 0x88, 0x82, 0xc6, 0x61,
  0x48, 0x82, 0xc6, 0x61, 0x44, 0x41, 0xc6, 0x61, 0xc6, 0x71, 0xc6, 0x61,
  0xca, 0xa2, 0x0e, 0xf4, 0x8c, 0xf3, 0x0a, 0xd3, 0x4c, 0xe3, 0x0e, 0xfc,
  0xce, 0xfb, 0x50, 0xfc, 0x4e, 0xf4, 0xca, 0xc2, 0x4c, 0xd3, 0xca, 0xb2,
  0x88, 0xb2, 0xce, 0xf3, 0x0a, 0xa3, 0x06, 0x72, 0x44, 0x41, 0x84, 0x51,
  0x06, 0x72, 0x48, 0x82, 0x84, 0x51, 0xc6, 0x51, 0x06, 0x72, 0x88, 0x82,
  0x88, 0x92, 0xca, 0xa2, 0x4c, 0xc3, 0x4a, 0xb3, 0x46, 0x72, 0x48, 0x72,
  0x46, 0x82, 0x88, 0x92, 0x88, 0x92, 0x0a, 0xb3, 0x4a, 0xb3, 0x4c, 0xb3,
  0x88, 0x92, 0x48, 0x72, 0x06, 0x72, 0xc6, 0x61, 0x84, 0x51, 0xc4, 0x61,
  0x06, 0x62, 0x48, 0x82, 0x06, 0x72, 0x06, 0x72, 0xca, 0x92, 0x88, 0x82,
  0x48, 0x82, 0x8a, 0xa3, 0x90, 0xc5, 0x0e, 0xb5, 0x46, 0x73, 0x06, 0x94,
  0x06, 0x73, 0x04, 0x42, 0x04, 0x42, 0xc4, 0x62, 0x46, 0x73, 0x06, 0x73,
  0x48, 0x94, 0x46, 0x73, 0xc4, 0x62, 0x46, 0x83, 0xc6, 0x93, 0xc6, 0x93,
  0x06, 0x94, 0x46, 0xa4, 0x46, 0x94, 0x06, 0x94, 0x48, 0xa4, 0xc8, 0xb4,
  0x08, 0xb5, 0x88, 0xa4, 0xc6, 0x93, 0xc6, 0x83, 0x08, 0x94, 0x46, 0x73,
  0x46, 0x73, 0x46, 0x73, 0x06, 0x73, 0x86, 0x83, 0x04, 0x73, 0xc6, 0x83,
  0x0a, 0xb5, 0x08, 0xb5, 0x0a, 0xb5, 0x4e, 0xb5, 0x8c, 0xa4, 0x06, 0x72,
  0xcc, 0xe3, 0x10, 0xfd, 0x12, 0xfd, 0x92, 0xfd, 0x52, 0xfd, 0x94, 0xfd,
  0x96, 0xfe, 0x96, 0xfe, 0xd4, 0xfd, 0xd4, 0xfd, 0x10, 0xfd, 0xd4, 0xfd,
  0x94, 0xfd, 0x94, 0xfd, 0x96, 0xfe, 0x92, 0xfd, 0x94, 0xfd, 0x94, 0xfd,
  0x12, 0xfd, 0x52, 0xfd, 0x98, 0xfe, 0x92, 0xfd, 0x94, 0xfd, 0xd4, 0xfd,
  0x92, 0xfd, 0x52, 0xfd, 0x52, 0xfd, 0x94, 0xfd, 0x14, 0xfe, 0xd4, 0xfd,
  0x52, 0xfd, 0xd0, 0xfc, 0x90, 0xfc, 0x52, 0xfd, 0x94, 0xfd, 0xd4, 0xfd,
  0x10, 0xfd, 0x4e, 0xfc, 0x52, 0xfd, 0x56, 0xfe, 0x1a, 0xff, 0x56, 0xfe,
  0x92, 0xfd, 0x16, 0xfe, 0xd4, 0xfd, 0x92, 0xfd, 0x12, 0xfd, 0x12, 0xfd,
  0x52, 0xfd, 0x92, 0xfd, 0x14, 0xfe, 0xd4, 0xfd, 0xd4, 0xfd, 0x12, 0xfd,
  0x12, 0xfd, 0x56, 0xfe, 0x16, 0xfe, 0x14, 0xfe, 0x9c, 0xff, 0x1a, 0xff,
  0x96, 0xfe, 0x16, 0xfe, 0xd0, 0xfc, 0xd0, 0xfc, 0x52, 0xfd, 0x12, 0xfd,
  0x12, 0xfd, 0x14, 0xfe, 0x14, 0xfe, 0x50, 0xe5, 0x12, 0xd6, 0x4a, 0x73,
  0xc8, 0x31, 0xcc, 0x52, 0x4e, 0x63, 0x4a, 0x42, 0x08, 0x42, 0xc6, 0x31,
  0x08, 0x42, 0xc8, 0x31, 0x8a, 0x52, 0x10, 0x74, 0x0c, 0x53, 0x44, 0x21,
  0x86, 0x31, 0xc8, 0x31, 0xc8, 0x31, 0x8a, 0x42, 0xcc, 0x52, 0x0e, 0x53,
  0x8c, 0x42, 0x8a, 0x42, 0xcc, 0x52, 0xcc, 0x52, 0x8a, 0x42, 0xc8, 0x31,
  0x0a, 0x42, 0xcc, 0x52, 0x0c, 0x53, 0x0e, 0x53, 0xd0, 0x73, 0x12, 0x74,
  0x0e, 0x53, 0x8c, 0x52, 0x8c, 0x42, 0xcc, 0x52, 0x4e, 0x63, 0x90, 0x63,
  0x90, 0x63, 0x4e, 0x63, 0xd0, 0x63, 0x90, 0x63, 0xcc, 0x52, 0x4a, 0x42,
  0x4a, 0x42, 0x08, 0x32, 0x08, 0x32, 0x8a, 0x42, 0xd0, 0x73, 0x90, 0x63,
  0x4a, 0x42, 0x08, 0x32, 0x08, 0x32, 0x4a, 0x42, 0x8a, 0x52, 0x0e, 0x63,
  0xcc, 0x52, 0x8a, 0x42, 0x8a, 0x52, 0x4a, 0x42, 0x8c, 0x52, 0x4a, 0x42,
  0x4a, 0x42, 0x4e, 0x63, 0x50, 0x63, 0x4e, 0x63, 0x90, 0x63, 0x4e, 0x63,
  0xd2, 0x73, 0xd6, 0x94, 0x8a, 0x52, 0x86, 0x31, 0xc8, 0x62, 0xce, 0xa4,
  0x48, 0x73, 0x44, 0x31, 0x02, 0x31, 0x84, 0x41, 0x06, 0x62, 0xca, 0xa2,
  0x4a, 0xc3, 0x4c, 0xc3, 0x0a, 0xa3, 0x84, 0x61, 0x48, 0x92, 0x4a, 0xc3,
  0x0e, 0xe4, 0xcc, 0xd3, 0x4c, 0xb3, 0x48, 0x82, 0x88, 0x82, 0xc6, 0x51,
  0x84, 0x41, 0x44, 0x41, 0x44, 0x41, 0x44, 0x41, 0x84, 0x51, 0xc6, 0x71,
  0x48, 0x82, 0x48, 0x72, 0x06, 0x72, 0x48, 0x72, 0xc6, 0x71, 0x48, 0x72,
  0x46, 0x72, 0x44, 0x51, 0x84, 0x51, 0xc6, 0x51, 0xc6, 0x61, 0x88, 0x82,
  0xce, 0xb4, 0x0c, 0x94, 0x8a, 0x83, 0x8a, 0x83, 0x08, 0x73, 0x48, 0x83,
  0x08, 0x73, 0x8e, 0xa4, 0x0c, 0x94, 0x50, 0xc5, 0x8e, 0xa4, 0x0e, 0xb5,
  0xce, 0xb4, 0x50, 0xc5, 0xce, 0xb4, 0x90, 0xc5, 0x50, 0xc5, 0xca, 0x93,
  0xca, 0x93, 0x0c, 0x94, 0x90, 0xc5, 0x54, 0xe6, 0xcc, 0x93, 0x4c, 0xa4,
  0x0e, 0xb5, 0xca, 0x93, 0x48, 0x73, 0x48, 0x73, 0x8e, 0xa4, 0x50, 0xc5,
  0x4c, 0x94, 0x4c, 0xa4, 0x0c, 0x94, 0x0e, 0xb5, 0xc8, 0x72, 0x8a, 0x83,
  0xd2, 0xd5, 0xce, 0xb4, 0x88, 0x83, 0x8c, 0xa4, 0x8c, 0xa4, 0x0a, 0x84,
  0x50, 0xb5, 0x0e, 0xb5, 0x8c, 0x94, 0xce, 0xa4, 0xce, 0xa4, 0xce, 0xa4,
  0xca, 0x83, 0xca, 0x83, 0x88, 0x73, 0x88, 0x83, 0xc8, 0x83, 0x4a, 0x94,
  0x0a, 0x94, 0x0e, 0xb5, 0x12, 0xd6, 0x90, 0xc5, 0x4e, 0xb5, 0x94, 0xe6,
  0x0e, 0xb5, 0x8c, 0xa4, 0x12, 0xd6, 0x0e, 0xb5, 0xce, 0xa4, 0x4c, 0x94,
  0xca, 0x83, 0xca, 0x83, 0x4c, 0x94, 0x48, 0x73, 0x88, 0x73, 0x8c, 0xa4,
  0xcc, 0xa4, 0x12, 0xd6, 0x0e, 0xb5, 0x48, 0x82, 0xcc, 0xe3, 0x12, 0xfd,
  0x10, 0xfd, 0x0e, 0xfc, 0x12, 0xfd, 0x16, 0xfe, 0xd4, 0xfd, 0x94, 0xfd,
  0x56, 0xfe, 0x52, 0xfd, 0x4e, 0xfc, 0xd0, 0xfc, 0x52, 0xfd, 0x14, 0xfe,
  0x14, 0xfe, 0xd4, 0xfd, 0x56, 0xfe, 0x56, 0xfe, 0xd4, 0xfd, 0x94, 0xfd,
  0x14, 0xfe, 0x94, 0xfd, 0x96, 0xfe, 0xd8, 0xfe, 0x94, 0xfd, 0x92, 0xfd,
  0xd4, 0xfd, 0x56, 0xfe, 0x16, 0xfe, 0x16, 0xfe, 0xd4, 0xfd, 0x12, 0xfd,
  0x0e, 0xf4, 0x0e, 0xf4, 0x94, 0xfd, 0x16, 0xfe, 0x52, 0xfd, 0x12, 0xfd,
  0x52, 0xfd, 0x52, 0xfd, 0x52, 0xfd, 0x52, 0xfd, 0x94, 0xfd, 0x12, 0xfd,
  0x52, 0xfd, 0x94, 0xfd, 0xd4, 0xfd, 0x14, 0xfe, 0x52, 0xfd, 0x12, 0xfd,
  0x52, 0xfd, 0x92, 0xfd, 0x92, 0xfd, 0xd0, 0xfc, 0x12, 0xfd, 0x94, 0xfd,
  0xd4, 0xfd, 0xd4, 0xfd, 0x16, 0xfe, 0x56, 0xfe, 0xd4, 0xfd, 0xd4, 0xfd,
  0x14, 0xfe, 0xd4, 0xfd, 0x56, 0xfe, 0xd4, 0xfd, 0x14, 0xfe, 0x16, 0xfe,
  0x96, 0xfe, 0x90, 0xe5, 0x12, 0xd6, 0x4c, 0x94, 0x4a, 0x73, 0xcc, 0x83,
  0xcc, 0x83, 0x4a, 0x73, 0x8a, 0x73, 0xca, 0x83, 0x10, 0xb5, 0xce, 0xa4,
  0x50, 0xb5, 0xd2, 0xc5, 0x0e, 0xa5, 0x48, 0x73, 0xce, 0xa4, 0x0c, 0x94,
  0x10, 0xb5, 0xd2, 0xc5, 0x8e, 0xa4, 0xcc, 0x83, 0xc8, 0x62, 0xca, 0x83,
  0x0c, 0x94, 0xc8, 0x62, 0x08, 0x63, 0x08, 0x73, 0x08, 0x63, 0x8a, 0x83,
  0x8e, 0xa4, 0xcc, 0x83, 0x8e, 0x94, 0x8a, 0x73, 0x08, 0x63, 0xcc, 0x83,
  0x4e, 0x94, 0x8a, 0x83, 0x4c, 0x94, 0x0c, 0x84, 0x50, 0xb5, 0xce, 0xa4,
  0x88, 0x52, 0xcc, 0x83, 0x10, 0xb5, 0x8e, 0xa4, 0xca, 0x83, 0x8a, 0x73,
  0xc8, 0x62, 0x4c, 0x94, 0x4e, 0x94, 0x0c, 0x94, 0x0e, 0xb5, 0x0c, 0x94,
  0xca, 0x83, 0xc8, 0x52, 0x4e, 0x94, 0xd0, 0xa4, 0x50, 0xb5, 0x10, 0xb5,
  0xce, 0xa4, 0x8a, 0x83, 0xcc, 0x83, 0x0c, 0x84, 0x0c, 0x94, 0xce, 0xa4,
  0x50, 0xb5, 0x50, 0xb5, 0xd2, 0xc5, 0xca, 0x83, 0xca, 0x83, 0x8e, 0x94,
  0xcc, 0x83, 0x0c, 0x94, 0xca, 0x83, 0x90, 0xc5, 0x90, 0xc5, 0x10, 0xb5,
  0x0c, 0x84, 0x0c, 0x94, 0x0c, 0x94, 0x0e, 0xb5, 0x10, 0xb5, 0x4c, 0xa4,
  0x50, 0xc5, 0x0c, 0x94, 0x4a, 0x83, 0xca, 0x93, 0xce, 0xb4, 0x4c, 0xa4,
  0x08, 0x73, 0xca, 0x93, 0x92, 0xc5, 0xcc, 0x93, 0x8e, 0xa4, 0x8a, 0x83,
  0x8a, 0x83, 0x4c, 0x94, 0x8a, 0x83, 0xc8, 0x62, 0x0c, 0x94, 0x10, 0xb5,
  0x8e, 0xa4, 0xce, 0xb4, 0x4a, 0x73, 0x0c, 0x94, 0x50, 0xb5, 0x8a, 0x83,
  0xca, 0x83, 0xce, 0xb4, 0x8a, 0x83, 0xca, 0x83, 0x50, 0xc5, 0x0e, 0xb5,
  0xd2, 0xd5, 0xd0, 0xc5, 0x0e, 0xb5, 0x50, 0xb5, 0x10, 0xb5, 0xce, 0xa4,
  0xce, 0xa4, 0x0e, 0xb5, 0x4c, 0x94, 0x90, 0xc5, 0x52, 0xd6, 0x50, 0xb5,
  0x0e, 0xb5, 0x50, 0xc5, 0x90, 0xc5, 0xce, 0xa4, 0x12, 0xd6, 0x50, 0xb5,
  0x12, 0xd6, 0x54, 0xd6, 0x8c, 0xa4, 0x94, 0xe6, 0x94, 0xe6, 0x8c, 0xa4,
  0x4e, 0xb5, 0x8c, 0xa4, 0xce, 0xa4, 0x50, 0xb5, 0x90, 0xc5, 0xd0, 0xc5,
  0x52, 0xd6, 0x94, 0xe6, 0xce, 0xa4, 0x4c, 0x94, 0xd0, 0xc5, 0x94, 0xe6,
  0x4c, 0x94, 0x0e, 0xb5, 0x52, 0xd6, 0x8e, 0xa4, 0x0e, 0xa5, 0x12, 0xd6,
  0xd0, 0xc5, 0x50, 0xc5, 0xce, 0xa4, 0x94, 0xe6, 0x50, 0xc5, 0x4e, 0xb5,
  0xd0, 0xc5, 0x50, 0xb5, 0xca, 0x83, 0x0c, 0x94, 0x8c, 0xa4, 0x4c, 0x94,
  0x0e, 0xb5, 0x12, 0xd6, 0x50, 0xb5, 0xd4, 0xe6, 0x50, 0xb5, 0x4c, 0x94,
  0x50, 0xb5, 0x16, 0xf7, 0x90, 0xc5, 0xce, 0xa4, 0x8e, 0xa4, 0x90, 0xc5,
  0x52, 0xe6, 0x50, 0xb5, 0xce, 0xa4, 0x0e, 0xb5, 0xd0, 0xd5, 0x4e, 0xb5,
  0xca, 0x83, 0x88, 0x82, 0x4c, 0xd3, 0x92, 0xfd, 0x56, 0xfe, 0x92, 0xfd,
  0x92, 0xfd, 0x56, 0xfe, 0x92, 0xfd, 0x10, 0xfd, 0x52, 0xfd, 0x94, 0xfd,
  0x12, 0xfd, 0x52, 0xfd, 0x52, 0xfd, 0x56, 0xfe, 0x56, 0xfe, 0x16, 0xfe,
  0x56, 0xfe, 0x14, 0xfe, 0x94, 0xfd, 0x56, 0xfe, 0x14, 0xfe, 0x52, 0xfd,
  0x96, 0xfe, 0xd8, 0xfe, 0xd4, 0xfd, 0x14, 0xfe, 0x92, 0xfd, 0x14, 0xfe,
  0x56, 0xfe, 0x56, 0xfe, 0x56, 0xfe, 0xd4, 0xfd, 0x8e, 0xfc, 0x0e, 0xf4,
  0x14, 0xfe, 0xd4, 0xfd, 0x12, 0xfd, 0x52, 0xfd, 0x94, 0xfd, 0x94, 0xfd,
  0x92, 0xfd, 0x52, 0xfd, 0xd4, 0xfd, 0x92, 0xfd, 0x92, 0xfd, 0xd4, 0xfd,
  0x18, 0xff, 0x98, 0xfe, 0x52, 0xfd, 0x52, 0xfd, 0x52, 0xfd, 0x52, 0xfd,
  0x92, 0xfd, 0x94, 0xfd, 0x92, 0xfd, 0x94, 0xfd, 0x52, 0xfd, 0x52, 0xfd,
  0x16, 0xfe, 0xd4, 0xfd, 0x92, 0xfd, 0x52, 0xfd, 0xd4, 0xfd, 0x96, 0xfe,
  0xd8, 0xfe, 0x18, 0xff, 0x14, 0xfe, 0x14, 0xfe, 0x92, 0xfd, 0xce, 0xd4,
  0x0e, 0xb5, 0x90, 0xc5, 0x0e, 0xb5, 0x4e, 0xb5, 0x0e, 0xb5, 0xd0, 0xc5,
  0xcc, 0xa4, 0x0a, 0x94, 0xcc, 0xa4, 0x0e, 0xb5, 0x92, 0xe6, 0x52, 0xd6,
  0xcc, 0xa4, 0x48, 0x73, 0xcc, 0xa4, 0x8c, 0xa4, 0x12, 0xd6, 0x14, 0xf7,
  0x12, 0xd6, 0x14, 0xf7, 0x90, 0xc5, 0x4e, 0xb5, 0xce, 0xb4, 0x8c, 0xa4,
  0x4e, 0xb5, 0x90, 0xc5, 0xcc, 0xb4, 0x90, 0xc5, 0x8e, 0xc5, 0x4c, 0x94,
  0xce, 0xb4, 0x12, 0xd6, 0x4e, 0xb5, 0xce, 0xa4, 0xd0, 0xc5, 0x4e, 0xb5,
  0x10, 0xd6, 0x8a, 0x73, 0xca, 0x83, 0x4c, 0x94, 0x4c, 0xa4, 0x8c, 0xa4,
  0x0e, 0xb5, 0x52, 0xe6, 0x0e, 0xb5, 0x90, 0xc5, 0x4c, 0xa4, 0x8c, 0xa4,
  0x0e, 0xb5, 0x8e, 0xa4, 0x50, 0xc5, 0xca, 0x93, 0x0e, 0xb5, 0xce, 0xa4,
  0xca, 0x83, 0x0c, 0x94, 0x50, 0xc5, 0x12, 0xd6, 0xd0, 0xd5, 0x0a, 0x94,
  0xce, 0xb4, 0x8c, 0xa4, 0x8c, 0xa4, 0x52, 0xe6, 0xd4, 0xf6, 0x94, 0xe6,
  0x98, 0xff, 0x8c, 0xa4, 0x0e, 0xb5, 0x4c, 0xa4, 0x8c, 0xa4, 0x0e, 0xb5,
  0x90, 0xc5, 0x50, 0xb5, 0x8c, 0xa4, 0x90, 0xc5, 0x50, 0xc5, 0x90, 0xc5,
  0xce, 0xb4, 0x4e, 0xb5, 0x0e, 0xb5, 0x8c, 0xa4, 0x12, 0xd6, 0x16, 0xf7,
  0x0e, 0xb5, 0x50, 0xb5, 0x0e, 0xb5, 0x8c, 0xa4, 0x0e, 0xb5, 0x52, 0xd6,
  0x54, 0xe6, 0xce, 0xa4, 0xd0, 0xc5, 0x0e, 0xb5, 0x0e, 0xb5, 0x10, 0xd6,
  0x8c, 0xa4, 0xd0, 0xc5, 0x0e, 0xb5, 0x8c, 0xa4, 0x8c, 0xa4, 0x12, 0xd6,
  0x50, 0xb5, 0xce, 0xb4, 0xce, 0xa4, 0x0e, 0xb5, 0x0e, 0xb5, 0x94, 0xe6,
  0x4e, 0xb5, 0x8a, 0x83, 0x4c, 0x94, 0x12, 0xa5, 0x96, 0xb5, 0xd8, 0xb5,
  0x56, 0xa5, 0x98, 0xb5, 0x9a, 0xd6, 0x18, 0xc6, 0xd4, 0x94, 0x14, 0xa5,
  0x56, 0xa5, 0x92, 0x94, 0xd2, 0xa4, 0xd0, 0x73, 0x52, 0x84, 0x56, 0xa5,
  0x1a, 0xc6, 0xd8, 0xb5, 0x18, 0xb6, 0x14, 0xa5, 0xd4, 0xa4, 0x92, 0x94,
  0x10, 0x84, 0x92, 0x94, 0x92, 0x84, 0x52, 0x84, 0x92, 0x84, 0x92, 0x84,
  0x10, 0x84, 0x8e, 0x73, 0x52, 0x84, 0xd4, 0x94, 0x12, 0xa5, 0xd2, 0x94,
  0x90, 0x94, 0x8c, 0x73, 0x50, 0x84, 0xd6, 0xb5, 0x96, 0xb5, 0xd4, 0x94,
  0x96, 0xb5, 0x96, 0xb5, 0xd4, 0x94, 0x56, 0xa5, 0x96, 0xa5, 0x98, 0xb5,
  0x56, 0xa5, 0x56, 0xa5, 0x56, 0xa5, 0xd4, 0x94, 0xd6, 0xb5, 0x96, 0xb5,
  0x52, 0x84, 0x50, 0x84, 0x14, 0xa5, 0xd4, 0x94, 0x50, 0x84, 0x92, 0x94,
  0xd4, 0x94, 0xd2, 0x94, 0x0e, 0x84, 0x92, 0x94, 0x58, 0xa5, 0xd8, 0xb5,
  0x96, 0xa5, 0x16, 0xc6, 0x18, 0xc6, 0x18, 0xb6, 0xd8, 0xb5, 0x5a, 0xc6,
  0x5a, 0xc6, 0x98, 0xb5, 0x12, 0xa5, 0x8c, 0x94, 0xc8, 0x62, 0x48, 0x82,
  0x8c, 0xe3, 0x12, 0xfd, 0x12, 0xfd, 0xd4, 0xfd, 0xd4, 0xfd, 0xd4, 0xfd,
  0x12, 0xfd, 0x10, 0xfd, 0x52, 0xfd, 0xd4, 0xfd, 0xd0, 0xfc, 0x52, 0xfd,
  0x12, 0xfd, 0x52, 0xfd, 0x98, 0xfe, 0xd8, 0xfe, 0x92, 0xfd, 0xd4, 0xfd,
  0xd4, 0xfd, 0x14, 0xfe, 0xd4, 0xfd, 0x12, 0xfd, 0x12, 0xfd, 0xd4, 0xfd,
  0x14, 0xfe, 0xd4, 0xfd, 0x52, 0xfd, 0xd4, 0xfd, 0x56, 0xfe, 0x92, 0xfd,
  0x52, 0xfd, 0x52, 0xfd, 0xd4, 0xfd, 0x52, 0xfd, 0x96, 0xfe, 0x52, 0xfd,
  0x10, 0xfd, 0x92, 0xfd, 0x92, 0xfd, 0xd8, 0xfe, 0xd8, 0xfe, 0x14, 0xfe,
  0x92, 0xfd, 0x52, 0xfd, 0x56, 0xfe, 0x56, 0xfe, 0xd8, 0xfe, 0x16, 0xfe,
  0x12, 0xfd, 0xd4, 0xfd, 0xd4, 0xfd, 0x52, 0xfd, 0x94, 0xfd, 0xd4, 0xfd,
  0xd4, 0xfd, 0x1a, 0xff, 0x18, 0xff, 0xd4, 0xfd, 0x14, 0xfe, 0x14, 0xfe,
  0x52, 0xfd, 0x52, 0xfd, 0xd0, 0xfc, 0x92, 0xfd, 0x52, 0xfd, 0x92, 0xfd,
  0xd4, 0xfd, 0x92, 0xfd, 0x90, 0xfc, 0xca, 0xa3, 0xca, 0x83, 0x8c, 0xa4,
  0x8a, 0xc5, 0x0c, 0xf7, 0xcc, 0xf6, 0xce, 0xff, 0xf0, 0xff, 0xcc, 0xf6,
  0x8a, 0xe6, 0x8c, 0xff, 0x8e, 0xff, 0xce, 0xff, 0xce, 0xff, 0xce, 0xff,
  0xce, 0xff, 0x0c, 0xf7, 0x8a, 0xc5, 0xcc, 0xf6, 0xce, 0xff, 0xf0, 0xff,
  0xd0, 0xff, 0xce, 0xff, 0xce, 0xff, 0x8e, 0xff, 0xce, 0xff, 0x4c, 0xff,
  0x8c, 0xff, 0xcc, 0xf6, 0x4e, 0xff, 0xf2, 0xff, 0x8e, 0xff, 0xf0, 0xff,
  0xf2, 0xff, 0xf0, 0xff, 0x8e, 0xff, 0x10, 0xf7, 0x52, 0xe6, 0xce, 0xb4,
  0xcc, 0xb3, 0x0c, 0xd4, 0x10, 0xfd, 0x10, 0xfd, 0x92, 0xfd, 0x52, 0xfd,
  0x10, 0xfd, 0x92, 0xfd, 0x50, 0xfd, 0x92, 0xfd, 0xd4, 0xfd, 0x50, 0xfd,
  0xd2, 0xfd, 0x92, 0xfd, 0x92, 0xfd, 0x96, 0xfe, 0x14, 0xfe, 0x10, 0xfd,
  0x10, 0xfd, 0x52, 0xfd, 0x52, 0xfd, 0xd0, 0xfc, 0x50, 0xfd, 0xd4, 0xfd,
  0x52, 0xfd, 0xd4, 0xfd, 0x14, 0xfe, 0x14, 0xfe, 0x54, 0xfe, 0xd0, 0xf4,
  0x10, 0xf5, 0x10, 0xfd, 0x50, 0xfd, 0x92, 0xfd, 0x52, 0xf5, 0x0c, 0xb4,
  0x08, 0x93, 0xcc, 0xb3, 0x4e, 0xc4, 0x10, 0xe5, 0x10, 0xe5, 0x50, 0xfd,
  0xd0, 0xf4, 0x4e, 0xe4, 0xcc, 0xd3, 0xce, 0xe4, 0x8e, 0xe4, 0xd0, 0xf4,
  0x10, 0xe5, 0x10, 0xf5, 0xd0, 0xe4, 0x0c, 0xb4, 0x4a, 0x93, 0x4a, 0xa3,
  0xd0, 0xc4, 0x8e, 0xb4, 0x4c, 0xb4, 0x0c, 0xb4, 0x4a, 0x83, 0x4a, 0x83,
  0x8a, 0x93, 0x08, 0x83, 0x08, 0x73, 0x0c, 0x94, 0xcc, 0xa3, 0x8a, 0xb3,
  0x4c, 0xc4, 0x10, 0xd5, 0x0c, 0xb4, 0x8a, 0xa3, 0xca, 0x93, 0x8c, 0xa4,
  0x92, 0xc5, 0x16, 0x95, 0x5e, 0xb6, 0xdf, 0xe7, 0x1f, 0xd7, 0xdf, 0xc6,
  0xdf, 0xc6, 0xda, 0xa5, 0x58, 0x95, 0xdf, 0xc6, 0x1f, 0xd7, 0x5a, 0x95,
  0x18, 0x95, 0x58, 0x95, 0x9a, 0xa5, 0x1f, 0xd7, 0x9f, 0xd7, 0x5f, 0xd7,
  0xdf, 0xc6, 0x1c, 0xb6, 0x1c, 0xb6, 0x5e, 0xb6, 0xdc, 0xb5, 0x58, 0x95,
  0xda, 0xa5, 0xdc, 0xa5, 0xdf, 0xc6, 0x5f, 0xd7, 0xda, 0xa5, 0x96, 0x84,
  0x9a, 0xa5, 0x9a, 0xa5, 0x54, 0x84, 0x0e, 0x53, 0xcc, 0x52, 0x0e, 0x53,
  0x18, 0x95, 0xdf, 0xc6, 0x9f, 0xd7, 0x1f, 0xd7, 0xff, 0xf7, 0x5f, 0xd7,
  0x9e, 0xb6, 0x1f, 0xd7, 0x9f, 0xd7, 0x9f, 0xd7, 0x5f, 0xd7, 0x1f, 0xd7,
  0x1f, 0xd7, 0x1f, 0xc7, 0xdf, 0xe7, 0x9e, 0xc6, 0x1c, 0xb6, 0xda, 0xa5,
  0x94, 0x84, 0x18, 0x95, 0x58, 0x95, 0x1c, 0xb6, 0x9e, 0xc6, 0xdf, 0xc6,
  0x5e, 0xb6, 0xdf, 0xc6, 0x9f, 0xe7, 0x5f, 0xd7, 0x9f, 0xe7, 0x5f, 0xd7,
  0xdf, 0xe7, 0x9f, 0xe7, 0x5f, 0xd7, 0xff, 0xe7, 0x5f, 0xd7, 0x5e, 0xb6,
  0x56, 0xa5, 0xce, 0xa4, 0xc8, 0x62, 0x06, 0x72, 0x4c, 0xd3, 0xd0, 0xfc,
  0xd0, 0xfc, 0xd0, 0xfc, 0xd0, 0xfc, 0x12, 0xfd, 0x10, 0xfd, 0xd0, 0xfc,
  0x52, 0xfd, 0x56, 0xfe, 0x98, 0xfe, 0x96, 0xfe, 0x52, 0xfd, 0x52, 0xfd,
  0x96, 0xfe, 0x16, 0xfe, 0xd0, 0xfc, 0x10, 0xfd, 0xd4, 0xfd, 0x12, 0xfd,
  0x10, 0xfd, 0x12, 0xfd, 0x52, 0xfd, 0xd4, 0xfd, 0x96, 0xfe, 0x14, 0xfe,
  0x12, 0xfd, 0x98, 0xfe, 0xd8, 0xfe, 0x16, 0xfe, 0x94, 0xfd, 0xd4, 0xfd,
  0x16, 0xfe, 0x92, 0xfd, 0x94, 0xfd, 0x52, 0xfd, 0xd4, 0xfd, 0x14, 0xfe,
  0x14, 0xfe, 0xd8, 0xfe, 0x9c, 0xff, 0x56, 0xfe, 0xd4, 0xfd, 0x92, 0xfd,
  0xd4, 0xfd, 0xd4, 0xfd, 0x56, 0xfe, 0x56, 0xfe, 0x52, 0xfd, 0x92, 0xfd,
  0x92, 0xfd, 0xd4, 0xfd, 0x92, 0xfd, 0x52, 0xfd, 0xd4, 0xfd, 0x52, 0xfd,
  0x16, 0xfe, 0xd4, 0xfd, 0xd4, 0xfd, 0xd4, 0xfd, 0x52, 0xfd, 0x94, 0xfd,
  0x16, 0xfe, 0x94, 0xfd, 0x14, 0xfe, 0x92, 0xfd, 0xd4, 0xfd, 0xd0, 0xfc,
  0x8c, 0xd3, 0xce, 0xc4, 0x12, 0xd6, 0x0a, 0x94, 0x8a, 0xc5, 0xf0, 0xff,
  0xee, 0xff, 0xf0, 0xff, 0xf6, 0xff, 0xf2, 0xff, 0xf0, 0xff, 0xf4, 0xff,
  0xf6, 0xff, 0xf4, 0xff, 0xf6, 0xff, 0xf6, 0xff, 0xf8, 0xff, 0xf0, 0xff,
  0xee, 0xff, 0xf0, 0xff, 0xf2, 0xff, 0xf2, 0xff, 0xf2, 0xff, 0xf2, 0xff,
  0xf0, 0xff, 0xee, 0xff, 0xee, 0xff, 0xf0, 0xff, 0xee, 0xff, 0xee, 0xff,
  0xf2, 0xff, 0xf4, 0xff, 0xf0, 0xff, 0xf2, 0xff, 0xf4, 0xff, 0xf4, 0xff,
  0xee, 0xff, 0x0c, 0xff, 0x0c, 0xb5, 0xce, 0xb4, 0x0e, 0xd4, 0x92, 0xfd,
  0x92, 0xfd, 0xd8, 0xfe, 0x56, 0xfe, 0x14, 0xfe, 0x92, 0xfd, 0x56, 0xfe,
  0x16, 0xfe, 0x56, 0xfe, 0x96, 0xfe, 0x14, 0xfe, 0xd4, 0xfd, 0x16, 0xfe,
  0xd4, 0xfd, 0x96, 0xfe, 0x56, 0xfe, 0x90, 0xfc, 0x52, 0xfd, 0x14, 0xfe,
  0xd4, 0xfd, 0x14, 0xfe, 0x92, 0xfd, 0x14, 0xfe, 0x56, 0xfe, 0x96, 0xfe,
  0x98, 0xfe, 0x18, 0xff, 0x5a, 0xff, 0xd4, 0xfd, 0xd4, 0xfd, 0xd8, 0xfe,
  0x98, 0xfe, 0x56, 0xfe, 0xd8, 0xfe, 0x10, 0xfd, 0xcc, 0xd3, 0x8c, 0xc3,
  0x8c, 0xd3, 0xd0, 0xfc, 0x16, 0xfe, 0x92, 0xfd, 0x14, 0xfe, 0x16, 0xfe,
  0x92, 0xfd, 0x12, 0xfd, 0x10, 0xfd, 0xd4, 0xfd, 0x14, 0xfe, 0x52, 0xfd,
  0x94, 0xfd, 0x90, 0xfc, 0x0e, 0xe4, 0x90, 0xfc, 0x16, 0xfe, 0x12, 0xfd,
  0xd0, 0xfc, 0xce, 0xd3, 0x0a, 0xb3, 0x0a, 0xc3, 0x8c, 0xe3, 0x0e, 0xf4,
  0x8c, 0xd3, 0x0a, 0xb3, 0x4a, 0xc3, 0x8c, 0xd3, 0x8c, 0xe3, 0x4e, 0xe4,
  0x12, 0xfd, 0x90, 0xfc, 0xcc, 0xb3, 0x56, 0xff, 0x10, 0xb5, 0x0c, 0x53,
  0x94, 0x84, 0x1f, 0xd7, 0xdf, 0xe7, 0x9f, 0xe7, 0xff, 0xff, 0xff, 0xff,
  0x5f, 0xd7, 0x5f, 0xd7, 0x5f, 0xd7, 0x1f, 0xc7, 0x9f, 0xe7, 0xff, 0xe7,
  0x9f, 0xe7, 0x5f, 0xd7, 0xff, 0xe7, 0xdf, 0xe7, 0x9f, 0xd7, 0x5e, 0xb6,
  0x1f, 0xd7, 0xff, 0xe7, 0xff, 0xf7, 0x5f, 0xd7, 0xff, 0xf7, 0xdf, 0xe7,
  0x9f, 0xd7, 0xff, 0xf7, 0xff, 0xf7, 0x5f, 0xd7, 0x1f, 0xc7, 0xdf, 0xc6,
  0x9e, 0xc6, 0x90, 0x63, 0x8c, 0x42, 0x54, 0x84, 0x58, 0x95, 0x5e, 0xb6,
  0x9e, 0xc6, 0xdf, 0xc6, 0x1f, 0xd7, 0x1f, 0xd7, 0xdf, 0xc6, 0xdf, 0xe7,
  0xdf, 0xc6, 0x1f, 0xc7, 0x1f, 0xd7, 0x1f, 0xc7, 0xdf, 0xc6, 0x5f, 0xd7,
  0xdf, 0xe7, 0xdf, 0xe7, 0x9e, 0xc6, 0x9e, 0xc6, 0xdf, 0xc6, 0xdf, 0xc6,
  0x1f, 0xc7, 0x1f, 0xc7, 0x5f, 0xd7, 0x9f, 0xe7, 0xdf, 0xe7, 0xdf, 0xc6,
  0x1f, 0xc7, 0xdf, 0xc6, 0x5e, 0xb6, 0x1f, 0xd7, 0xdf, 0xe7, 0x9f, 0xe7,
  0x5f, 0xd7, 0x5f, 0xd7, 0x1c, 0xb6, 0x9e, 0xc6, 0xde, 0xc6, 0x92, 0xc5,
  0x8a, 0x83, 0xc8, 0x92, 0x0a, 0xc3, 0xd0, 0xfc, 0x16, 0xfe, 0x94, 0xfd,
  0x10, 0xfd, 0x52, 0xfd, 0xd0, 0xfc, 0xd0, 0xfc, 0x10, 0xfd, 0x92, 0xfd,
  0x56, 0xfe, 0x94, 0xfd, 0x12, 0xfd, 0xd4, 0xfd, 0x56, 0xfe, 0x14, 0xfe,
  0xd4, 0xfd, 0x56, 0xfe, 0xd8, 0xfe, 0x10, 0xfd, 0x94, 0xfd, 0x1a, 0xff,
  0x1a, 0xff, 0x16, 0xfe, 0x16, 0xfe, 0x96, 0xfe, 0x94, 0xfd, 0x56, 0xfe,
  0x56, 0xfe, 0x18, 0xff, 0xd8, 0xfe, 0x56, 0xfe, 0x56, 0xfe, 0x56, 0xfe,
  0xd8, 0xfe, 0x16, 0xfe, 0x16, 0xfe, 0xd4, 0xfd, 0x94, 0xfd, 0xd4, 0xfd,
  0x56, 0xfe, 0x16, 0xfe, 0x16, 0xfe, 0xd4, 0xfd, 0x94, 0xfd, 0x14, 0xfe,
  0x16, 0xfe, 0x14, 0xfe, 0x92, 0xfd, 0x92, 0xfd, 0xd4, 0xfd, 0x56, 0xfe,
  0x16, 0xfe, 0x16, 0xfe, 0xd8, 0xfe, 0x94, 0xfd, 0xd0, 0xfc, 0x52, 0xfd,
  0x94, 0xfd, 0xd4, 0xfd, 0xd4, 0xfd, 0x94, 0xfd, 0x52, 0xfd, 0xd0, 0xfc,
  0x14, 0xfe, 0x56, 0xfe, 0x1a, 0xff, 0x90, 0xf4, 0xc8, 0x92, 0x4c, 0xa4,
  0x52, 0xe6, 0xc8, 0x83, 0xc6, 0x83, 0x48, 0xc5, 0x8a, 0xff, 0xee, 0xff,
  0xee, 0xff, 0xee, 0xff, 0xee, 0xff, 0xee, 0xff, 0xf0, 0xff, 0xf2, 0xff,
  0xf4, 0xff, 0xf6, 0xff, 0xf6, 0xff, 0xee, 0xff, 0xee, 0xff, 0xf2, 0xff,
  0xf2, 0xff, 0xf2, 0xff, 0xf0, 0xff, 0xee, 0xff, 0xee, 0xff, 0xf0, 0xff,
  0xf0, 0xff, 0xf0, 0xff, 0xf0, 0xff, 0xf0, 0xff, 0xf0, 0xff, 0xf0, 0xff,
  0xf0, 0xff, 0xf2, 0xff, 0xf2, 0xff, 0xf2, 0xff, 0xf2, 0xff, 0xcc, 0xe6,
  0x4a, 0x94, 0x8a, 0x83, 0x4a, 0xb3, 0xd0, 0xfc, 0x52, 0xfd, 0x94, 0xfd,
  0x92, 0xfd, 0xd4, 0xfd, 0x94, 0xfd, 0x96, 0xfe, 0x5a, 0xff, 0x98, 0xfe,
  0x92, 0xfd, 0x14, 0xfe, 0x14, 0xfe, 0x94, 0xfd, 0x52, 0xfd, 0x96, 0xfe,
  0xd4, 0xfd, 0xce, 0xf3, 0x10, 0xfd, 0x94, 0xfd, 0x52, 0xfd, 0x16, 0xfe,
  0x96, 0xfe, 0xd4, 0xfd, 0x12, 0xfd, 0x94, 0xfd, 0x98, 0xfe, 0x96, 0xfe,
  0x56, 0xfe, 0x98, 0xfe, 0x12, 0xfd, 0x94, 0xfd, 0x16, 0xfe, 0x52, 0xfd,
  0x18, 0xff, 0x96, 0xfe, 0xd4, 0xfd, 0x14, 0xfe, 0x92, 0xfd, 0x90, 0xfc,
  0xd8, 0xfe, 0x18, 0xff, 0x56, 0xfe, 0x56, 0xfe, 0x94, 0xfd, 0x56, 0xfe,
  0x56, 0xfe, 0x12, 0xfd, 0xd0, 0xfc, 0x52, 0xfd, 0x56, 0xfe, 0x94, 0xfd,
  0x92, 0xfd, 0x56, 0xfe, 0x9c, 0xff, 0x9c, 0xff, 0x14, 0xfe, 0x12, 0xfd,
  0xd0, 0xfc, 0x12, 0xfd, 0x12, 0xfd, 0x16, 0xfe, 0x14, 0xfe, 0xd4, 0xfd,
  0x52, 0xfd, 0x52, 0xfd, 0xd0, 0xfc, 0x94, 0xfd, 0x56, 0xfe, 0x94, 0xfd,
  0x8e, 0xf4, 0xd0, 0xd5, 0xd2, 0xc5, 0xca, 0x52, 0x90, 0x63, 0x5e, 0xb6,
  0xdf, 0xe7, 0xff, 0xe7, 0xff, 0xff, 0xff, 0xff, 0x9f, 0xd7, 0x5f, 0xd7,
  0xdf, 0xc6, 0x1f, 0xd7, 0xdf, 0xe7, 0x9f, 0xe7, 0xdf, 0xc6, 0xdf, 0xc6,
  0xff, 0xf7, 0x5f, 0xd7, 0x9f, 0xe7, 0x9e, 0xc6, 0xdf, 0xc6, 0x5f, 0xd7,
  0x9f, 0xe7, 0x5f, 0xd7, 0xdf, 0xe7, 0xff, 0xf7, 0x5f, 0xd7, 0x1f, 0xc7,
  0xdf, 0xc6, 0x1f, 0xc7, 0x1f, 0xc7, 0xff, 0xf7, 0xff, 0xff, 0x1f, 0xc7,
  0xdf, 0xc6, 0x1f, 0xd7, 0xdc, 0xa5, 0xdc, 0xa5, 0x1c, 0xb6, 0x1f, 0xc7,
  0xdf, 0xc6, 0x5e, 0xb6, 0x5e, 0xb6, 0xdf, 0xc6, 0xdf, 0xc6, 0xdf, 0xc6,
  0x9e, 0xb6, 0x5e, 0xb6, 0x5e, 0xb6, 0xdf, 0xc6, 0xdf, 0xc6, 0x1f, 0xd7,
  0xdf, 0xc6, 0xdf, 0xe7, 0xff, 0xf7, 0xdf, 0xe7, 0xdf, 0xe7, 0xdf, 0xc6,
  0x1f, 0xc7, 0x5e, 0xb6, 0x5c, 0xb6, 0x9e, 0xc6, 0x9e, 0xc6, 0x9f, 0xc6,
  0x5e, 0xb6, 0x9e, 0xc6, 0x1f, 0xd7, 0xdf, 0xc6, 0xdf, 0xc6, 0x1f, 0xd7,
  0x1f, 0xd7, 0x9f, 0xd7, 0x1f, 0xd7, 0x10, 0xb5, 0xd0, 0xc5, 0x0a, 0x93,
  0x06, 0x82, 0x8c, 0xe3, 0x94, 0xfd, 0x94, 0xfd, 0x12, 0xfd, 0xd0, 0xfc,
  0xd0, 0xfc, 0xd0, 0xfc, 0xd0, 0xfc, 0x52, 0xfd, 0x56, 0xfe, 0x98, 0xfe,
  0x92, 0xfd, 0x52, 0xfd, 0x56, 0xfe, 0x56, 0xfe, 0x16, 0xfe, 0xd4, 0xfd,
  0x56, 0xfe, 0x56, 0xfe, 0x98, 0xfe, 0x56, 0xfe, 0xd4, 0xfd, 0x52, 0xfd,
  0x4e, 0xfc, 0xd0, 0xfc, 0x94, 0xfd, 0x56, 0xfe, 0xd4, 0xfd, 0x56, 0xfe,
  0x1a, 0xff, 0x9a, 0xff, 0xdc, 0xff, 0x1a, 0xff, 0x9c, 0xff, 0x56, 0xfe,
  0x52, 0xfd, 0x52, 0xfd, 0x52, 0xfd, 0xd4, 0xfd, 0x1a, 0xff, 0x94, 0xfd,
  0x52, 0xfd, 0xd4, 0xfd, 0xd4, 0xfd, 0xd4, 0xfd, 0x56, 0xfe, 0x14, 0xfe,
  0x52, 0xfd, 0x94, 0xfd, 0x94, 0xfd, 0xd4, 0xfd, 0xd4, 0xfd, 0x14, 0xfe,
  0x94, 0xfd, 0x92, 0xfd, 0x52, 0xfd, 0xd0, 0xfc, 0xd4, 0xfd, 0xd4, 0xfd,
  0x16, 0xfe, 0x94, 0xfd, 0x10, 0xfd, 0x52, 0xfd, 0xd8, 0xfe, 0xdc, 0xff,
  0xfc, 0xff, 0xd0, 0xe4, 0x8c, 0xb3, 0x0c, 0xa4, 0x0e, 0xb5, 0x0c, 0xb5,
  0x48, 0xb5, 0x86, 0xa4, 0xcc, 0xff, 0xee, 0xff, 0xee, 0xff, 0xec, 0xff,
  0xec, 0xff, 0xec, 0xff, 0xee, 0xff, 0xee, 0xff, 0xf0, 0xff, 0xf4, 0xff,
  0xf4, 0xff, 0xf0, 0xff, 0xf0, 0xff, 0xf4, 0xff, 0xf2, 0xff, 0xee, 0xff,
  0xf0, 0xff, 0xf2, 0xff, 0xf0, 0xff, 0xf8, 0xff, 0xfc, 0xff, 0xf8, 0xff,
  0xf4, 0xff, 0xf0, 0xff, 0xf2, 0xff, 0xf2, 0xff, 0xf0, 0xff, 0xf2, 0xff,
  0xf0, 0xff, 0xf2, 0xff, 0xf2, 0xff, 0x0a, 0xd6, 0x4c, 0x94, 0x08, 0x73,
  0x88, 0x92, 0x0e, 0xf4, 0x10, 0xfd, 0xd0, 0xfc, 0x14, 0xfe, 0x98, 0xfe,
  0xd4, 0xfd, 0xd4, 0xfd, 0x9c, 0xff, 0xd8, 0xfe, 0xd4, 0xfd, 0x52, 0xfd,
  0x56, 0xfe, 0xd4, 0xfd, 0x16, 0xfe, 0x98, 0xfe, 0x94, 0xfd, 0xd0, 0xfc,
  0xd0, 0xfc, 0x10, 0xfd, 0x52, 0xfd, 0x98, 0xfe, 0x9c, 0xff, 0x94, 0xfd,
  0x12, 0xfd, 0xd4, 0xfd, 0xd4, 0xfd, 0xd4, 0xfd, 0xd8, 0xfe, 0x5a, 0xff,
  0x52, 0xfd, 0x52, 0xfd, 0x56, 0xfe, 0x98, 0xfe, 0x16, 0xfe, 0x96, 0xfe,
  0x18, 0xff, 0xd8, 0xfe, 0xdc, 0xff, 0xd4, 0xfd, 0x90, 0xfc, 0x96, 0xfe,
  0x5a, 0xff, 0x1a, 0xff, 0x94, 0xfd, 0xd4, 0xfd, 0x56, 0xfe, 0x56, 0xfe,
  0x92, 0xfd, 0x16, 0xfe, 0x14, 0xfe, 0x52, 0xfd, 0x94, 0xfd, 0x96, 0xfe,
  0x18, 0xff, 0x18, 0xff, 0x52, 0xfd, 0xd0, 0xfc, 0x96, 0xfe, 0x56, 0xfe,
  0xd4, 0xfd, 0x94, 0xfd, 0xd4, 0xfd, 0x56, 0xfe, 0xd8, 0xfe, 0x56, 0xfe,
  0x94, 0xfd, 0x98, 0xfe, 0x56, 0xfe, 0xd4, 0xfd, 0x10, 0xfd, 0xd4, 0xf6,
  0x8c, 0x94, 0x4a, 0x42, 0x4e, 0x63, 0x9a, 0xa5, 0x1f, 0xd7, 0x5f, 0xd7,
  0x1f, 0xd7, 0x1f, 0xd7, 0xdf, 0xc6, 0x1f, 0xd7, 0xdf, 0xc6, 0x1c, 0xb6,
  0x5e, 0xb6, 0x5e, 0xb6, 0x1c, 0xb6, 0x1c, 0xb6, 0xdf, 0xc6, 0x9e, 0xc6,
  0x1f, 0xc7, 0x5f, 0xd7, 0x9f, 0xe7, 0xdf, 0xc6, 0x9f, 0xc6, 0xdf, 0xc6,
  0x5f, 0xd7, 0x1f, 0xd7, 0x5f, 0xd7, 0x1f, 0xd7, 0xdf, 0xc6, 0x9e, 0xc6,
  0x5f, 0xd7, 0x1f, 0xd7, 0x5f, 0xd7, 0xff, 0xe7, 0xff, 0xff, 0xff, 0xf7,
  0xdf, 0xc6, 0x9e, 0xc6, 0x5e, 0xb6, 0xdf, 0xc6, 0xdf, 0xc6, 0xdf, 0xc6,
  0xdf, 0xc6, 0x5e, 0xb6, 0x1f, 0xd7, 0xdf, 0xc6, 0x9e, 0xc6, 0x5e, 0xb6,
  0x5e, 0xb6, 0x1c, 0xb6, 0x9e, 0xc6, 0x1c, 0xb6, 0x5e, 0xb6, 0x1f, 0xd7,
  0x1f, 0xd7, 0x9e, 0xb6, 0x9e, 0xc6, 0xdf, 0xc6, 0xdf, 0xc6, 0xdf, 0xc6,
  0xdf, 0xe7, 0x9e, 0xc6, 0x9a, 0xa5, 0x1c, 0xb6, 0x5e, 0xb6, 0x9e, 0xc6,
  0x1c, 0xb6, 0x1c, 0xb6, 0x9e, 0xc6, 0x1c, 0xb6, 0x1c, 0xb6, 0x9f, 0xd7,
  0x5f, 0xd7, 0x8e, 0x94, 0x4c, 0x94, 0x06, 0x62, 0x44, 0x51, 0x88, 0xb2,
  0x4e, 0xfc, 0xd0, 0xfc, 0xd0, 0xfc, 0x4e, 0xfc, 0xd0, 0xfc, 0xd0, 0xfc,
  0xd0, 0xfc, 0x52, 0xfd, 0x16, 0xfe, 0xd8, 0xfe, 0x52, 0xfd, 0x12, 0xfd,
  0x14, 0xfe, 0xd4, 0xfd, 0x10, 0xfd, 0x52, 0xfd, 0x16, 0xfe, 0x14, 0xfe,
  0xd4, 0xfd, 0xd4, 0xfd, 0x94, 0xfd, 0xd0, 0xfc, 0xcc, 0xf3, 0x4e, 0xfc,
  0x52, 0xfd, 0xd0, 0xfc, 0xd0, 0xfc, 0x52, 0xfd, 0x94, 0xfd, 0x56, 0xfe,
  0x18, 0xff, 0x56, 0xfe, 0x18, 0xff, 0xd4, 0xfd, 0x94, 0xfd, 0x92, 0xfd,
  0x92, 0xfd, 0x52, 0xfd, 0xd0, 0xfc, 0x52, 0xfd, 0x52, 0xfd, 0xd4, 0xfd,
  0x92, 0xfd, 0x92, 0xfd, 0x52, 0xfd, 0xd0, 0xfc, 0x52, 0xfd, 0x56, 0xfe,
  0x16, 0xfe, 0x96, 0xfe, 0x56, 0xfe, 0x12, 0xfd, 0x8c, 0xe3, 0xd0, 0xfc,
  0x56, 0xfe, 0x16, 0xfe, 0x56, 0xfe, 0x56, 0xfe, 0x96, 0xfe, 0x98, 0xfe,
  0x92, 0xfd, 0x12, 0xfd, 0x16, 0xfe, 0xd8, 0xfe, 0x9a, 0xff, 0x12, 0xfd,
  0x8c, 0xc3, 0x8e, 0xb4, 0x4c, 0x94, 0x88, 0x73, 0x06, 0x94, 0x46, 0x94,
  0x8c, 0xff, 0xf2, 0xff, 0xf0, 0xff, 0xf2, 0xff, 0xf0, 0xff, 0xf0, 0xff,
  0xf2, 0xff, 0xec, 0xff, 0xec, 0xff, 0xf2, 0xff, 0xf4, 0xff, 0xf2, 0xff,
  0xee, 0xff, 0xf0, 0xff, 0xf0, 0xff, 0xee, 0xff, 0xf0, 0xff, 0xf0, 0xff,
  0xf0, 0xff, 0xf6, 0xff, 0xf6, 0xff, 0xf2, 0xff, 0xee, 0xff, 0xf0, 0xff,
  0xf2, 0xff, 0xf0, 0xff, 0xf4, 0xff, 0xf2, 0xff, 0xf4, 0xff, 0xf8, 0xff,
  0xf0, 0xff, 0xcc, 0xf6, 0xd0, 0xc5, 0xce, 0xa4, 0x0a, 0xb3, 0x90, 0xfc,
  0xd4, 0xfd, 0x52, 0xfd, 0xd4, 0xfd, 0xd4, 0xfd, 0x56, 0xfe, 0x16, 0xfe,
  0x1a, 0xff, 0x9c, 0xff, 0x98, 0xfe, 0x92, 0xfd, 0x94, 0xfd, 0x92, 0xfd,
  0x96, 0xfe, 0x52, 0xfd, 0xd4, 0xfd, 0x1a, 0xff, 0xd4, 0xfd, 0xd4, 0xfd,
  0xd4, 0xfd, 0x56, 0xfe, 0x14, 0xfe, 0x52, 0xfd, 0x94, 0xfd, 0xd8, 0xfe,
  0x16, 0xfe, 0xd4, 0xfd, 0xd8, 0xfe, 0x56, 0xfe, 0x8e, 0xfc, 0xd0, 0xfc,
  0x98, 0xfe, 0x98, 0xfe, 0xd4, 0xfd, 0x96, 0xfe, 0x56, 0xfe, 0x94, 0xfd,
  0x56, 0xfe, 0x52, 0xfd, 0xd0, 0xfc, 0x94, 0xfd, 0x94, 0xfd, 0x96, 0xfe,
  0x16, 0xfe, 0x92, 0xfd, 0xd4, 0xfd, 0xd4, 0xfd, 0x94, 0xfd, 0x56, 0xfe,
  0x56, 0xfe, 0x16, 0xfe, 0x56, 0xfe, 0x56, 0xfe, 0x56, 0xfe, 0x94, 0xfd,
  0xd0, 0xfc, 0x52, 0xfd, 0xd8, 0xfe, 0x14, 0xfe, 0x12, 0xfd, 0x92, 0xfd,
  0xd4, 0xfd, 0x94, 0xfd, 0x1a, 0xff, 0x16, 0xfe, 0x12, 0xfd, 0x52, 0xfd,
  0x12, 0xfd, 0xd4, 0xfd, 0x10, 0xfd, 0x0e, 0xb5, 0x54, 0xd6, 0xca, 0x52,
  0xcc, 0x52, 0x96, 0x84, 0xdf, 0xc6, 0x9f, 0xd7, 0x5f, 0xd7, 0x1f, 0xd7,
  0x5f, 0xd7, 0x9f, 0xe7, 0x5f, 0xd7, 0xdf, 0xc6, 0xdf, 0xc6, 0x9f, 0xc6,
  0x1e, 0xb6, 0x5e, 0xb6, 0x1f, 0xd7, 0x9e, 0xc6, 0x9e, 0xb6, 0x1f, 0xd7,
  0xdf, 0xc6, 0x1f, 0xc7, 0xdf, 0xc6, 0x5e, 0xb6, 0x5f, 0xd7, 0xdf, 0xc6,
  0x1f, 0xc7, 0xdf, 0xc6, 0x9e, 0xc6, 0x1f, 0xc7, 0x9f, 0xe7, 0x9e, 0xc6,
  0x5e, 0xb6, 0xdf, 0xc6, 0x5f, 0xd7, 0x9f, 0xe7, 0xdf, 0xc6, 0x1f, 0xd7,
  0x9e, 0xc6, 0x1f, 0xd7, 0xdf, 0xc6, 0x9f, 0xd7, 0x9f, 0xc6, 0x9a, 0xa5,
  0x1c, 0xb6, 0x5e, 0xb6, 0x5e, 0xb6, 0x5e, 0xb6, 0xdf, 0xc6, 0x1f, 0xc7,
  0x5e, 0xb6, 0xdf, 0xc6, 0x1f, 0xc7, 0x9f, 0xc6, 0x5e, 0xb6, 0x9e, 0xb6,
  0xdf, 0xc6, 0x9f, 0xd7, 0x1f, 0xd7, 0x1f, 0xd7, 0xff, 0xf7, 0xdc, 0xa5,
  0x58, 0x95, 0x5e, 0xb6, 0xdf, 0xc6, 0x1f, 0xc7, 0x9e, 0xc6, 0x1c, 0xb6,
  0xdf, 0xc6, 0xdf, 0xc6, 0x1c, 0xb6, 0x9f, 0xd7, 0xde, 0xc6, 0x50, 0xb5,
  0x8c, 0xa4, 0x06, 0x72, 0x06, 0x82, 0x0a, 0xd3, 0x52, 0xfd, 0xd4, 0xfd,
  0x94, 0xfd, 0x12, 0xfd, 0x52, 0xfd, 0x52, 0xfd, 0x52, 0xfd, 0x56, 0xfe,
  0x96, 0xfe, 0x94, 0xfd, 0x12, 0xfd, 0x12, 0xfd, 0x92, 0xfd, 0x56, 0xfe,
  0x52, 0xfd, 0xd4, 0xfd, 0x92, 0xfd, 0x92, 0xfd, 0xd4, 0xfd, 0x56, 0xfe,
  0x56, 0xfe, 0x10, 0xfd, 0x90, 0xfc, 0x10, 0xfd, 0x52, 0xfd, 0x90, 0xfc,
  0x90, 0xfc, 0xd4, 0xfd, 0x16, 0xfe, 0xd0, 0xfc, 0x52, 0xfd, 0x16, 0xfe,
  0x18, 0xff, 0xd4, 0xfd, 0xd4, 0xfd, 0xd4, 0xfd, 0x92, 0xfd, 0x52, 0xfd,
  0x12, 0xfd, 0x52, 0xfd, 0x52, 0xfd, 0x90, 0xfc, 0x4e, 0xfc, 0x52, 0xfd,
  0xd0, 0xfc, 0x12, 0xfd, 0x92, 0xfd, 0xd8, 0xfe, 0x5a, 0xff, 0x5a, 0xff,
  0x16, 0xfe, 0x90, 0xfc, 0x4e, 0xfc, 0x52, 0xfd, 0x96, 0xfe, 0x96, 0xfe,
  0x56, 0xfe, 0x96, 0xfe, 0x56, 0xfe, 0x5a, 0xff, 0x98, 0xfe, 0xd4, 0xfd,
  0x94, 0xfd, 0xd4, 0xfd, 0x56, 0xfe, 0x14, 0xfe, 0x0e, 0xe4, 0x0a, 0xa4,
  0x8c, 0xa4, 0x46, 0x73, 0xc8, 0xb4, 0x8a, 0xe6, 0x8c, 0xff, 0xf2, 0xff,
  0xf0, 0xff, 0xf4, 0xff, 0xf0, 0xff, 0xf0, 0xff, 0xf4, 0xff, 0xf2, 0xff,
  0xee, 0xff, 0xf0, 0xff, 0xf2, 0xff, 0xf2, 0xff, 0xf0, 0xff, 0xf0, 0xff,
  0xee, 0xff, 0xee, 0xff, 0xee, 0xff, 0xee, 0xff, 0xee, 0xff, 0xf0, 0xff,
  0xee, 0xff, 0xee, 0xff, 0xee, 0xff, 0xee, 0xff, 0xf0, 0xff, 0xee, 0xff,
  0xf4, 0xff, 0xf2, 0xff, 0xf2, 0xff, 0xf2, 0xff, 0xee, 0xff, 0xca, 0xf6,
  0x12, 0xd6, 0x90, 0xc5, 0x4a, 0xb3, 0xd2, 0xfc, 0x16, 0xfe, 0x94, 0xfd,
  0x14, 0xfe, 0x52, 0xfd, 0x10, 0xfd, 0x92, 0xfd, 0xd4, 0xfd, 0x14, 0xfe,
  0xd4, 0xfd, 0xd4, 0xfd, 0xd4, 0xfd, 0xd4, 0xfd, 0x98, 0xfe, 0x94, 0xfd,
  0x16, 0xfe, 0x98, 0xfe, 0xd4, 0xfd, 0xd4, 0xfd, 0x10, 0xfd, 0x92, 0xfd,
  0x92, 0xfd, 0x52, 0xfd, 0x94, 0xfd, 0x56, 0xfe, 0x12, 0xfd, 0x52, 0xfd,
  0x14, 0xfe, 0x52, 0xfd, 0x90, 0xfc, 0x10, 0xfd, 0x94, 0xfd, 0xd4, 0xfd,
  0x52, 0xfd, 0xd4, 0xfd, 0x94, 0xfd, 0x92, 0xfd, 0xd4, 0xfd, 0x92, 0xfd,
  0x52, 0xfd, 0x52, 0xfd, 0x52, 0xfd, 0x92, 0xfd, 0x92, 0xfd, 0x12, 0xfd,
  0x52, 0xfd, 0x12, 0xfd, 0x94, 0xfd, 0x94, 0xfd, 0x52, 0xfd, 0x92, 0xfd,
  0xd4, 0xfd, 0x14, 0xfe, 0xd4, 0xfd, 0x92, 0xfd, 0x52, 0xfd, 0x94, 0xfd,
  0xd4, 0xfd, 0x14, 0xfe, 0x90, 0xfc, 0x14, 0xfe, 0x14, 0xfe, 0x92, 0xfd,
  0x94, 0xfd, 0x92, 0xfd, 0xd4, 0xfd, 0x94, 0xfd, 0x92, 0xfd, 0x94, 0xfd,
  0x8e, 0xfc, 0xd0, 0xd5, 0x54, 0xd6, 0x56, 0xa5, 0xd2, 0x73, 0x54, 0x74,
  0x5c, 0xb6, 0xdf, 0xc6, 0xdf, 0xc6, 0x5f, 0xd7, 0x5f, 0xd7, 0xdf, 0xe7,
  0x5f, 0xd7, 0x9f, 0xd7, 0x9f, 0xc6, 0x9e, 0xb6, 0xdf, 0xc6, 0x1f, 0xc7,
  0x1f, 0xc7, 0x9e, 0xb6, 0x5e, 0xb6, 0x1f, 0xd7, 0x5f, 0xd7, 0x1f, 0xc7,
  0x9e, 0xc6, 0x5e, 0xb6, 0xdf, 0xc6, 0x9e, 0xb6, 0x9e, 0xb6, 0xdf, 0xc6,
  0x5e, 0xb6, 0x9e, 0xb6, 0x1c, 0xb6, 0x9e, 0xb6, 0xff, 0xf7, 0x9f, 0xd7,
  0xdf, 0xc6, 0xdf, 0xc6, 0x9e, 0xc6, 0xdf, 0xc6, 0x5e, 0xb6, 0x1e, 0xb6,
  0x1c, 0xb6, 0x9f, 0xc6, 0x9e, 0xc6, 0x1c, 0xb6, 0x1c, 0xb6, 0xdf, 0xc6,
  0x9f, 0xe7, 0x9e, 0xb6, 0xde, 0xc6, 0xff, 0xf7, 0x1f, 0xd7, 0x1f, 0xd7,
  0x9e, 0xb6, 0x9e, 0xc6, 0x9e, 0xc6, 0x9f, 0xc6, 0xdf, 0xc6, 0xdf, 0xe7,
  0x9f, 0xe7, 0xdf, 0xe7, 0xff, 0xf7, 0x5e, 0xb6, 0x1f, 0xc7, 0x9f, 0xc6,
  0xdf, 0xc6, 0x1f, 0xd7, 0x1f, 0xd7, 0x1f, 0xd7, 0x9f, 0xd7, 0x5f, 0xd7,
  0xdf, 0xc6, 0xdf, 0xe7, 0x5f, 0xd7, 0x10, 0xb5, 0x4e, 0xb5, 0xc8, 0x92,
  0xc8, 0xa2, 0x4c, 0xe3, 0xd4, 0xfd, 0x16, 0xfe, 0xd4, 0xfd, 0x52, 0xfd,
  0xd4, 0xfd, 0xd0, 0xfc, 0x12, 0xfd, 0x92, 0xfd, 0x92, 0xfd, 0xd4, 0xfd,
  0x52, 0xfd, 0x52, 0xfd, 0x12, 0xfd, 0x92, 0xfd, 0x4e, 0xfc, 0x52, 0xfd,
  0x16, 0xfe, 0x96, 0xfe, 0x16, 0xfe, 0xd4, 0xfd, 0x92, 0xfd, 0x12, 0xfd,
  0x10, 0xfd, 0x10, 0xfd, 0x52, 0xfd, 0x56, 0xfe, 0xd4, 0xfd, 0x1a, 0xff,
  0xd8, 0xfe, 0x10, 0xfd, 0x12, 0xfd, 0x56, 0xfe, 0x56, 0xfe, 0xd4, 0xfd,
  0xd4, 0xfd, 0xd4, 0xfd, 0x16, 0xfe, 0xd4, 0xfd, 0x94, 0xfd, 0x92, 0xfd,
  0x52, 0xfd, 0x10, 0xfd, 0xd4, 0xfd, 0x92, 0xfd, 0x90, 0xfc, 0xd4, 0xfd,
  0xd4, 0xfd, 0x56, 0xfe, 0x96, 0xfe, 0x14, 0xfe, 0x4e, 0xfc, 0xd0, 0xfc,
  0xd0, 0xfc, 0xd4, 0xfd, 0x16, 0xfe, 0x56, 0xfe, 0x94, 0xfd, 0xd4, 0xfd,
  0x52, 0xfd, 0x12, 0xfd, 0xd4, 0xfd, 0x16, 0xfe, 0xd4, 0xfd, 0x56, 0xfe,
  0xd8, 0xfe, 0x18, 0xff, 0x16, 0xfe, 0x8e, 0xd4, 0x0e, 0xb5, 0xcc, 0xc5,
  0x8e, 0xff, 0xf0, 0xff, 0xee, 0xff, 0xf0, 0xff, 0xf0, 0xff, 0xf0, 0xff,
  0xec, 0xff, 0xf0, 0xff, 0xf2, 0xff, 0xee, 0xff, 0xf2, 0xff, 0xf2, 0xff,
  0xf2, 0xff, 0xf2, 0xff, 0xf0, 0xff, 0xee, 0xff, 0xf0, 0xff, 0xf0, 0xff,
  0xee, 0xff, 0xf2, 0xff, 0xf0, 0xff, 0xf0, 0xff, 0xf0, 0xff, 0xf2, 0xff,
  0xf2, 0xff, 0xf0, 0xff, 0xf2, 0xff, 0xf2, 0xff, 0xf0, 0xff, 0xee, 0xff,
  0xf0, 0xff, 0xf2, 0xff, 0xf2, 0xff, 0xee, 0xff, 0x12, 0xd6, 0x4a, 0x83,
  0xc8, 0x92, 0x50, 0xf4, 0x94, 0xfd, 0x90, 0xfc, 0x52, 0xfd, 0x10, 0xfd,
  0x4e, 0xfc, 0x52, 0xfd, 0xd4, 0xfd, 0xd4, 0xfd, 0x92, 0xfd, 0x56, 0xfe,
  0x56, 0xfe, 0xd4, 0xfd, 0x94, 0xfd, 0xd4, 0xfd, 0xd4, 0xfd, 0x1a, 0xff,
  0x14, 0xfe, 0x94, 0xfd, 0x52, 0xfd, 0x52, 0xfd, 0x52, 0xfd, 0x94, 0xfd,
  0x52, 0xfd, 0xd4, 0xfd, 0x56, 0xfe, 0x92, 0xfd, 0x52, 0xfd, 0x10, 0xfd,
  0x10, 0xfd, 0xd4, 0xfd, 0x16, 0xfe, 0x14, 0xfe, 0x52, 0xfd, 0x10, 0xfd,
  0xd4, 0xfd, 0x56, 0xfe, 0x56, 0xfe, 0xd4, 0xfd, 0x16, 0xfe, 0x14, 0xfe,
  0xd4, 0xfd, 0x94, 0xfd, 0xd4, 0xfd, 0x52, 0xfd, 0x16, 0xfe, 0x52, 0xfd,
  0x12, 0xfd, 0xd4, 0xfd, 0x52, 0xfd, 0xd4, 0xfd, 0x94, 0xfd, 0x56, 0xfe,
  0xd4, 0xfd, 0x56, 0xfe, 0x14, 0xfe, 0x10, 0xfd, 0x16, 0xfe, 0x56, 0xfe,
  0x90, 0xfc, 0x52, 0xfd, 0x92, 0xfd, 0x16, 0xfe, 0x14, 0xfe, 0x56, 0xfe,
  0x1a, 0xff, 0x18, 0xff, 0x98, 0xfe, 0x14, 0xfe, 0xd0, 0xfc, 0xd0, 0xd5,
  0x10, 0xb5, 0x16, 0x95, 0x94, 0x84, 0x96, 0x84, 0x1c, 0xb6, 0x9e, 0xc6,
  0x9e, 0xc6, 0x9f, 0xc6, 0x1f, 0xc7, 0x1f, 0xd7, 0x1f, 0xd7, 0xdf, 0xc6,
  0xdf, 0xc6, 0xdf, 0xe7, 0xdf, 0xc6, 0x1f, 0xd7, 0x9f, 0xc6, 0x9e, 0xc6,
  0x9f, 0xc6, 0x5f, 0xd7, 0x5f, 0xd7, 0x1f, 0xd7, 0x1f, 0xd7, 0x1c, 0xb6,
  0x5e, 0xb6, 0x5e, 0xb6, 0xdf, 0xc6, 0xdf, 0xc6, 0xdf, 0xc6, 0xdf, 0xc6,
  0x9e, 0xc6, 0x1c, 0xb6, 0x1f, 0xd7, 0x5f, 0xd7, 0xdf, 0xc6, 0x9e, 0xc6,
  0x5f, 0xd7, 0x5f, 0xd7, 0xdf, 0xc6, 0x1c, 0xb6, 0x1f, 0xd7, 0x9e, 0xc6,
  0x1c, 0xb6, 0xdf, 0xc6, 0xdf, 0xc6, 0x1c, 0xb6, 0xdf, 0xc6, 0x9f, 0xc6,
  0x5e, 0xb6, 0x1f, 0xd7, 0xff, 0xf7, 0x9f, 0xe7, 0x5f, 0xd7, 0x5f, 0xd7,
  0xdf, 0xc6, 0xdf, 0xc6, 0x9e, 0xc6, 0x1f, 0xd7, 0x9f, 0xe7, 0xdf, 0xe7,
  0x9f, 0xe7, 0x1e, 0xb6, 0x5e, 0xb6, 0x5e, 0xb6, 0x9f, 0xc6, 0x1f, 0xd7,
  0xdf, 0xc6, 0xdf, 0xc6, 0x9f, 0xe7, 0x9f, 0xe7, 0x9e, 0xc6, 0x5f, 0xd7,
  0xde, 0xc6, 0x8e, 0xa4, 0xce, 0xa4, 0x88, 0x82, 0x48, 0x92, 0xce, 0xf3,
  0x94, 0xfd, 0xd4, 0xfd, 0x92, 0xfd, 0x52, 0xfd, 0x94, 0xfd, 0x52, 0xfd,
  0x12, 0xfd, 0x12, 0xfd, 0x52, 0xfd, 0x52, 0xfd, 0x52, 0xfd, 0x52, 0xfd,
  0x52, 0xfd, 0xd0, 0xfc, 0x12, 0xfd, 0x12, 0xfd, 0x94, 0xfd, 0xd4, 0xfd,
  0xd4, 0xfd, 0x16, 0xfe, 0xd4, 0xfd, 0x52, 0xfd, 0x52, 0xfd, 0x52, 0xfd,
  0xd0, 0xfc, 0x14, 0xfe, 0x16, 0xfe, 0x56, 0xfe, 0x92, 0xfd, 0x4e, 0xfc,
  0x52, 0xfd, 0x98, 0xfe, 0xd8, 0xfe, 0x92, 0xfd, 0xd4, 0xfd, 0xd4, 0xfd,
  0xd4, 0xfd, 0x14, 0xfe, 0xd4, 0xfd, 0x94, 0xfd, 0xd4, 0xfd, 0x92, 0xfd,
  0x14, 0xfe, 0xd0, 0xfc, 0xd0, 0xfc, 0x16, 0xfe, 0x56, 0xfe, 0xd8, 0xfe,
  0xd8, 0xfe, 0xd4, 0xfd, 0x52, 0xfd, 0x92, 0xfd, 0x92, 0xfd, 0xd4, 0xfd,
  0x56, 0xfe, 0xd4, 0xfd, 0x52, 0xfd, 0xd4, 0xfd, 0x92, 0xfd, 0x52, 0xfd,
  0x16, 0xfe, 0x56, 0xfe, 0x14, 0xfe, 0x14, 0xfe, 0x52, 0xfd, 0x12, 0xfd,
  0xd4, 0xfd, 0xce, 0xc4, 0x8c, 0xa4, 0x0a, 0xb5, 0x4c, 0xe6, 0x4e, 0xff,
  0xee, 0xff, 0xf2, 0xff, 0xf0, 0xff, 0xee, 0xff, 0xee, 0xff, 0xf2, 0xff,
  0xf4, 0xff, 0xec, 0xff, 0xf0, 0xff, 0xf0, 0xff, 0xf2, 0xff, 0xf6, 0xff,
  0xf2, 0xff, 0xf0, 0xff, 0xf0, 0xff, 0xf0, 0xff, 0xee, 0xff, 0xf0, 0xff,
  0xee, 0xff, 0xf6, 0xff, 0xf0, 0xff, 0xf0, 0xff, 0xf4, 0xff, 0xf2, 0xff,
  0xf2, 0xff, 0xf6, 0xff, 0xf0, 0xff, 0xee, 0xff, 0xf0, 0xff, 0xf0, 0xff,
  0xf8, 0xff, 0xf6, 0xff, 0x14, 0xf7, 0xca, 0x93, 0x4c, 0xb3, 0x0e, 0xfc,
  0xd0, 0xfc, 0x90, 0xfc, 0xd0, 0xfc, 0xd4, 0xfd, 0x94, 0xfd, 0x12, 0xfd,
  0x14, 0xfe, 0xd4, 0xfd, 0xd0, 0xfc, 0x16, 0xfe, 0x98, 0xfe, 0x94, 0xfd,
  0x94, 0xfd, 0x14, 0xfe, 0x56, 0xfe, 0x18, 0xff, 0x56, 0xfe, 0x16, 0xfe,
  0x94, 0xfd, 0xd0, 0xfc, 0xd0, 0xfc, 0xd4, 0xfd, 0x56, 0xfe, 0xd8, 0xfe,
  0x14, 0xfe, 0x94, 0xfd, 0xd8, 0xfe, 0x16, 0xfe, 0xd8, 0xfe, 0x1a, 0xff,
  0x52, 0xfd, 0x92, 0xfd, 0x52, 0xfd, 0x12, 0xfd, 0x16, 0xfe, 0x96, 0xfe,
  0x14, 0xfe, 0xd4, 0xfd, 0x56, 0xfe, 0x92, 0xfd, 0x52, 0xfd, 0xd8, 0xfe,
  0x16, 0xfe, 0xd0, 0xfc, 0x92, 0xfd, 0x52, 0xfd, 0xd4, 0xfd, 0xd4, 0xfd,
  0x94, 0xfd, 0x94, 0xfd, 0x98, 0xfe, 0xd8, 0xfe, 0xd4, 0xfd, 0x94, 0xfd,
  0x12, 0xfd, 0x8e, 0xfc, 0xd4, 0xfd, 0x16, 0xfe, 0x92, 0xfd, 0x52, 0xfd,
  0x12, 0xfd, 0x94, 0xfd, 0xd4, 0xfd, 0x94, 0xfd, 0x14, 0xfe, 0x18, 0xff,
  0x96, 0xfe, 0x14, 0xfe, 0xd0, 0xfc, 0x50, 0xc5, 0x12, 0xd6, 0x0c, 0x53,
  0x14, 0x74, 0x18, 0x95, 0x5e, 0xb6, 0xdf, 0xc6, 0x9e, 0xc6, 0x5f, 0xd7,
  0x1f, 0xc7, 0x1f, 0xd7, 0x5f, 0xd7, 0x1f, 0xd7, 0x5f, 0xd7, 0xff, 0xf7,
  0x1f, 0xd7, 0xdf, 0xc6, 0xdf, 0xc6, 0xdf, 0xc6, 0xdf, 0xc6, 0xdf, 0xc6,
  0x1f, 0xd7, 0x9f, 0xe7, 0x9f, 0xe7, 0x9e, 0xc6, 0x9e, 0xc6, 0xdc, 0xa5,
  0x5e, 0xb6, 0x9f, 0xc6, 0x9f, 0xc6, 0x9e, 0xb6, 0x5f, 0xd7, 0xdf, 0xc6,
  0x5e, 0xb6, 0x5f, 0xd7, 0xdc, 0xa5, 0xdf, 0xc6, 0xff, 0xff, 0xff, 0xf7,
  0x1f, 0xd7, 0x9f, 0xc6, 0x1f, 0xc7, 0xdf, 0xc6, 0xdf, 0xc6, 0x1f, 0xc7,
  0x1c, 0xb6, 0x1e, 0xb6, 0x5e, 0xb6, 0x5e, 0xb6, 0x5e, 0xb6, 0x1f, 0xd7,
  0x9f, 0xe7, 0x5f, 0xd7, 0xdf, 0xc6, 0x5f, 0xd7, 0x9f, 0xe7, 0x9f, 0xd7,
  0xdf, 0xc6, 0x1f, 0xd7, 0x1f, 0xd7, 0x1f, 0xc7, 0x1f, 0xd7, 0x9e, 0xc6,
  0x5e, 0xb6, 0xdf, 0xc6, 0xdf, 0xc6, 0xdf, 0xc6, 0x9e, 0xb6, 0xdc, 0xa5,
  0x1f, 0xc7, 0x1f, 0xc7, 0x1c, 0xb6, 0xff, 0xf7, 0xde, 0xd6, 0xce, 0xa4,
  0x8c, 0xa4, 0x88, 0x72, 0x88, 0x92, 0xce, 0xe3, 0x94, 0xfd, 0x12, 0xfd,
  0x12, 0xfd, 0xd4, 0xfd, 0x92, 0xfd, 0x52, 0xfd, 0x52, 0xfd, 0x98, 0xfe,
  0x18, 0xff, 0xd4, 0xfd, 0x52, 0xfd, 0x52, 0xfd, 0x10, 0xfd, 0x10, 0xfd,
  0x52, 0xfd, 0x92, 0xfd, 0x52, 0xfd, 0xd4, 0xfd, 0x56, 0xfe, 0x96, 0xfe,
  0x14, 0xfe, 0xd0, 0xfc, 0x52, 0xfd, 0x56, 0xfe, 0x16, 0xfe, 0x52, 0xfd,
  0x52, 0xfd, 0x16, 0xfe, 0x56, 0xfe, 0x92, 0xfd, 0x16, 0xfe, 0x98, 0xfe,
  0x56, 0xfe, 0x12, 0xfd, 0x52, 0xfd, 0x94, 0xfd, 0x52, 0xfd, 0x92, 0xfd,
  0x56, 0xfe, 0x94, 0xfd, 0xd4, 0xfd, 0x14, 0xfe, 0x14, 0xfe, 0x92, 0xfd,
  0xd4, 0xfd, 0x94, 0xfd, 0x56, 0xfe, 0xd4, 0xfd, 0x14, 0xfe, 0x16, 0xfe,
  0xd4, 0xfd, 0x16, 0xfe, 0x94, 0xfd, 0x52, 0xfd, 0x16, 0xfe, 0xd4, 0xfd,
  0xd0, 0xfc, 0xd4, 0xfd, 0x92, 0xfd, 0x94, 0xfd, 0x98, 0xfe, 0xd4, 0xfd,
  0xd4, 0xfd, 0x18, 0xff, 0xd8, 0xfe, 0x12, 0xfd, 0x12, 0xfd, 0x8e, 0xc4,
  0xca, 0x83, 0x86, 0x73, 0x4c, 0xd6, 0xca, 0xf6, 0xca, 0xff, 0xf0, 0xff,
  0xf0, 0xff, 0xee, 0xff, 0xee, 0xff, 0xf2, 0xff, 0xee, 0xff, 0xf0, 0xff,
  0xf0, 0xff, 0xf0, 0xff, 0xf2, 0xff, 0xf6, 0xff, 0xf6, 0xff, 0xf2, 0xff,
  0xf4, 0xff, 0xf4, 0xff, 0xee, 0xff, 0xec, 0xff, 0xec, 0xff, 0xf6, 0xff,
  0xf2, 0xff, 0xf0, 0xff, 0xf0, 0xff, 0xf2, 0xff, 0xf2, 0xff, 0xf4, 0xff,
  0xf0, 0xff, 0xee, 0xff, 0xf0, 0xff, 0xf2, 0xff, 0xfa, 0xff, 0xf6, 0xff,
  0xcc, 0xa4, 0x08, 0x73, 0xcc, 0xd3, 0x52, 0xfd, 0x94, 0xfd, 0x56, 0xfe,
  0x56, 0xfe, 0x52, 0xfd, 0x94, 0xfd, 0xd0, 0xfc, 0x92, 0xfd, 0x12, 0xfd,
  0x14, 0xfe, 0x56, 0xfe, 0x94, 0xfd, 0xd0, 0xfc, 0xd4, 0xfd, 0xd4, 0xfd,
  0x92, 0xfd, 0x14, 0xfe, 0x92, 0xfd, 0xd4, 0xfd, 0xd4, 0xfd, 0x94, 0xfd,
  0x52, 0xfd, 0x52, 0xfd, 0x16, 0xfe, 0x1a, 0xff, 0x16, 0xfe, 0x90, 0xfc,
  0x94, 0xfd, 0x14, 0xfe, 0xd8, 0xfe, 0x18, 0xff, 0xd4, 0xfd, 0xd4, 0xfd,
  0x12, 0xfd, 0x52, 0xfd, 0x16, 0xfe, 0x56, 0xfe, 0x56, 0xfe, 0x14, 0xfe,
  0x94, 0xfd, 0x92, 0xfd, 0x52, 0xfd, 0xd8, 0xfe, 0x16, 0xfe, 0xcc, 0xf3,
  0x8e, 0xfc, 0x52, 0xfd, 0x56, 0xfe, 0x56, 0xfe, 0xd4, 0xfd, 0x56, 0xfe,
  0x18, 0xff, 0x96, 0xfe, 0xd4, 0xfd, 0xd4, 0xfd, 0xd4, 0xfd, 0x52, 0xfd,
  0x4e, 0xfc, 0x52, 0xfd, 0x94, 0xfd, 0x10, 0xfd, 0x52, 0xfd, 0x94, 0xfd,
  0x94, 0xfd, 0x52, 0xfd, 0x52, 0xfd, 0x18, 0xff, 0x14, 0xfe, 0x96, 0xfe,
  0x52, 0xfd, 0xd4, 0xf6, 0x94, 0xe6, 0x48, 0x42, 0x0e, 0x53, 0xd6, 0x84,
  0x5e, 0xb6, 0x1f, 0xd7, 0x9f, 0xe7, 0xff, 0xf7, 0x1f, 0xd7, 0xdf, 0xc6,
  0x9f, 0xe7, 0xff, 0xf7, 0x9f, 0xd7, 0x1f, 0xd7, 0xdf, 0xc6, 0xdf, 0xc6,
  0x1f, 0xc7, 0xdf, 0xc6, 0x9e, 0xc6, 0x1f, 0xd7, 0x9f, 0xe7, 0xff, 0xf7,
  0xdf, 0xe7, 0xff, 0xf7, 0x9f, 0xe7, 0x5e, 0xb6, 0xda, 0xa5, 0x5e, 0xb6,
  0xdf, 0xc6, 0x5e, 0xb6, 0x1f, 0xd7, 0xdf, 0xc6, 0x9e, 0xc6, 0xdf, 0xc6,
  0x9e, 0xb6, 0xdf, 0xc6, 0xdf, 0xe7, 0xdf, 0xe7, 0x5f, 0xd7, 0xdf, 0xc6,
  0x5f, 0xd7, 0x5f, 0xd7, 0x1c, 0xb6, 0x9e, 0xc6, 0xdf, 0xc6, 0x9e, 0xb6,
  0xdf, 0xc6, 0x9f, 0xc6, 0x5e, 0xb6, 0xdf, 0xc6, 0x9f, 0xd7, 0xdf, 0xc6,
  0xdf, 0xc6, 0xdf, 0xc6, 0x9f, 0xc6, 0xdf, 0xc6, 0xdf, 0xc6, 0x1f, 0xc7,
  0x1f, 0xd7, 0xdf, 0xc6, 0x9f, 0xc6, 0x9f, 0xc6, 0x1f, 0xd7, 0x5e, 0xb6,
  0xdf, 0xc6, 0xdf, 0xc6, 0xdc, 0xa5, 0x1c, 0xb6, 0x1f, 0xd7, 0x9e, 0xc6,
  0x9f, 0xc6, 0xdf, 0xe7, 0x9e, 0xc6, 0x92, 0xc5, 0xce, 0xb4, 0xc8, 0x82,
  0x0a, 0xb3, 0xcc, 0xf3, 0x12, 0xfd, 0x52, 0xfd, 0x52, 0xfd, 0xd4, 0xfd,
  0xd0, 0xfc, 0x90, 0xfc, 0x90, 0xfc, 0xd4, 0xfd, 0x98, 0xfe, 0x14, 0xfe,
  0x16, 0xfe, 0x94, 0xfd, 0x94, 0xfd, 0xd4, 0xfd, 0x92, 0xfd, 0x14, 0xfe,
  0x98, 0xfe, 0x9c, 0xff, 0x56, 0xfe, 0x56, 0xfe, 0xd4, 0xfd, 0x92, 0xfd,
  0x12, 0xfd, 0xd8, 0xfe, 0x5a, 0xff, 0xd4, 0xfd, 0x94, 0xfd, 0xd4, 0xfd,
  0xd4, 0xfd, 0x98, 0xfe, 0x56, 0xfe, 0xd4, 0xfd, 0x52, 0xfd, 0x12, 0xfd,
  0x52, 0xfd, 0x14, 0xfe, 0x12, 0xfd, 0x52, 0xfd, 0xd4, 0xfd, 0x94, 0xfd,
  0x12, 0xfd, 0x92, 0xfd, 0x94, 0xfd, 0x16, 0xfe, 0xd8, 0xfe, 0x94, 0xfd,
  0x94, 0xfd, 0x96, 0xfe, 0x14, 0xfe, 0x56, 0xfe, 0x16, 0xfe, 0x98, 0xfe,
  0x94, 0xfd, 0x94, 0xfd, 0x5a, 0xff, 0x5a, 0xff, 0x94, 0xfd, 0x94, 0xfd,
  0xd4, 0xfd, 0xd4, 0xfd, 0x9c, 0xff, 0xd8, 0xfe, 0xd4, 0xfd, 0x56, 0xfe,
  0x96, 0xfe, 0x18, 0xff, 0x52, 0xfd, 0x0e, 0xc5, 0x8c, 0xa4, 0x48, 0x94,
  0x8c, 0xe6, 0x0a, 0xf7, 0xec, 0xff, 0xee, 0xff, 0xf0, 0xff, 0xf2, 0xff,
  0xf0, 0xff, 0xf4, 0xff, 0xf0, 0xff, 0xf6, 0xff, 0xf2, 0xff, 0xf0, 0xff,
  0xf0, 0xff, 0xf2, 0xff, 0xf2, 0xff, 0xf4, 0xff, 0xf6, 0xff, 0xf2, 0xff,
  0xf0, 0xff, 0xec, 0xff, 0xf0, 0xff, 0xf6, 0xff, 0xf0, 0xff, 0xf0, 0xff,
  0xf2, 0xff, 0xf2, 0xff, 0xf2, 0xff, 0xf2, 0xff, 0xf2, 0xff, 0xf0, 0xff,
  0xee, 0xff, 0xf4, 0xff, 0xf2, 0xff, 0xf0, 0xff, 0x90, 0xc5, 0x4a, 0x83,
  0x8c, 0xc3, 0x90, 0xfc, 0x92, 0xfd, 0x96, 0xfe, 0x16, 0xfe, 0x10, 0xfd,
  0xd4, 0xfd, 0x14, 0xfe, 0x10, 0xfd, 0x12, 0xfd, 0xd4, 0xfd, 0x14, 0xfe,
  0xd4, 0xfd, 0x56, 0xfe, 0xfe, 0xff, 0xdc, 0xff, 0x92, 0xfd, 0x16, 0xfe,
  0xd4, 0xfd, 0x94, 0xfd, 0x16, 0xfe, 0x16, 0xfe, 0x52, 0xfd, 0x92, 0xfd,
  0xd4, 0xfd, 0x92, 0xfd, 0x16, 0xfe, 0x52, 0xfd, 0x90, 0xfc, 0x90, 0xfc,
  0xd4, 0xfd, 0x52, 0xfd, 0x98, 0xfe, 0xd4, 0xfd, 0x12, 0xfd, 0x94, 0xfd,
  0xd4, 0xfd, 0xd4, 0xfd, 0x14, 0xfe, 0xd4, 0xfd, 0xd4, 0xfd, 0x52, 0xfd,
  0x92, 0xfd, 0x56, 0xfe, 0x98, 0xfe, 0xd0, 0xfc, 0xd0, 0xfc, 0x94, 0xfd,
  0x16, 0xfe, 0x98, 0xfe, 0x98, 0xfe, 0xd4, 0xfd, 0x56, 0xfe, 0xd4, 0xfd,
  0x52, 0xfd, 0x92, 0xfd, 0x14, 0xfe, 0xd8, 0xfe, 0xd4, 0xfd, 0x16, 0xfe,
  0xd4, 0xfd, 0x52, 0xfd, 0xd4, 0xfd, 0x52, 0xfd, 0x92, 0xfd, 0x92, 0xfd,
  0x90, 0xfc, 0x14, 0xfe, 0x94, 0xfd, 0x56, 0xfe, 0x52, 0xfd, 0xd0, 0xd5,
  0x8a, 0x73, 0xc8, 0x31, 0xcc, 0x52, 0x54, 0x84, 0x5e, 0xb6, 0x1f, 0xd7,
  0xdf, 0xe7, 0xff, 0xff, 0x5f, 0xd7, 0xdf, 0xe7, 0x5f, 0xd7, 0x9f, 0xe7,
  0xff, 0xf7, 0xff, 0xe7, 0x9e, 0xb6, 0x9e, 0xc6, 0x1f, 0xd7, 0xdf, 0xc6,
  0x5e, 0xb6, 0x5e, 0xb6, 0x5f, 0xd7, 0x5f, 0xd7, 0xdf, 0xc6, 0x9f, 0xe7,
  0x5f, 0xd7, 0x9e, 0xb6, 0x1c, 0xb6, 0x5e, 0xb6, 0x5f, 0xd7, 0x1f, 0xd7,
  0x1f, 0xd7, 0xdf, 0xe7, 0x9f, 0xe7, 0x5f, 0xd7, 0x5f, 0xd7, 0x1f, 0xc7,
  0x9f, 0xd7, 0xff, 0xff, 0x9f, 0xd7, 0x5e, 0xb6, 0xdf, 0xc6, 0x1f, 0xc7,
  0x9e, 0xc6, 0x9e, 0xc6, 0xdf, 0xc6, 0x1f, 0xd7, 0x9e, 0xc6, 0xdf, 0xc6,
  0x9e, 0xb6, 0x9f, 0xe7, 0xdf, 0xe7, 0x9e, 0xb6, 0xdf, 0xc6, 0x5e, 0xb6,
  0x1c, 0xb6, 0x5e, 0xb6, 0x1f, 0xc7, 0x5f, 0xd7, 0x5e, 0xb6, 0x9e, 0xb6,
  0x9e, 0xc6, 0x9f, 0xc6, 0x1f, 0xd7, 0x5e, 0xb6, 0x5e, 0xb6, 0x9f, 0xc6,
  0x9e, 0xc6, 0xdf, 0xc6, 0xdf, 0xe7, 0x5f, 0xd7, 0xff, 0xf7, 0x9f, 0xe7,
  0x5c, 0xb6, 0x50, 0xb5, 0x8c, 0xa4, 0xc8, 0x82, 0x48, 0x82, 0x0a, 0xd3,
  0x90, 0xfc, 0xd0, 0xfc, 0x52, 0xfd, 0x12, 0xfd, 0xcc, 0xf3, 0x0e, 0xf4,
  0x12, 0xfd, 0x56, 0xfe, 0x16, 0xfe, 0x14, 0xfe, 0x1a, 0xff, 0x92, 0xfd,
  0xd4, 0xfd, 0x56, 0xfe, 0x56, 0xfe, 0x94, 0xfd, 0x14, 0xfe, 0xd4, 0xfd,
  0x56, 0xfe, 0x98, 0xfe, 0x52, 0xfd, 0x94, 0xfd, 0x94, 0xfd, 0x14, 0xfe,
  0x96, 0xfe, 0xd4, 0xfd, 0x92, 0xfd, 0x52, 0xfd, 0x14, 0xfe, 0x5a, 0xff,
  0x14, 0xfe, 0xd4, 0xfd, 0x94, 0xfd, 0x56, 0xfe, 0x92, 0xfd, 0x92, 0xfd,
  0x10, 0xfd, 0x92, 0xfd, 0x56, 0xfe, 0x92, 0xfd, 0x12, 0xfd, 0xd4, 0xfd,
  0xd4, 0xfd, 0xd4, 0xfd, 0x56, 0xfe, 0x94, 0xfd, 0x52, 0xfd, 0x92, 0xfd,
  0xd4, 0xfd, 0xd4, 0xfd, 0x98, 0xfe, 0x94, 0xfd, 0x52, 0xfd, 0xd0, 0xfc,
  0xd4, 0xfd, 0x98, 0xfe, 0x16, 0xfe, 0x12, 0xfd, 0x52, 0xfd, 0xd4, 0xfd,
  0x56, 0xfe, 0x56, 0xfe, 0x56, 0xfe, 0xd4, 0xfd, 0xd4, 0xfd, 0x96, 0xfe,
  0x14, 0xfe, 0xce, 0xd4, 0xce, 0xa4, 0xcc, 0xd5, 0x8c, 0xff, 0x8a, 0xff,
  0x8a, 0xff, 0xf0, 0xff, 0xf0, 0xff, 0xf0, 0xff, 0xf2, 0xff, 0xf2, 0xff,
  0xf0, 0xff, 0xf6, 0xff, 0xf4, 0xff, 0xf6, 0xff, 0xf4, 0xff, 0xf2, 0xff,
  0xf0, 0xff, 0xf4, 0xff, 0xf2, 0xff, 0xf0, 0xff, 0xf2, 0xff, 0xf0, 0xff,
  0xf0, 0xff, 0xf0, 0xff, 0xf0, 0xff, 0xf0, 0xff, 0xf0, 0xff, 0xf0, 0xff,
  0xf2, 0xff, 0xf4, 0xff, 0xf6, 0xff, 0xf2, 0xff, 0xee, 0xff, 0xf2, 0xff,
  0xf6, 0xff, 0xf4, 0xff, 0x96, 0xff, 0x8e, 0xa4, 0x0a, 0xb3, 0x0e, 0xfc,
  0x52, 0xfd, 0x98, 0xfe, 0xd0, 0xfc, 0xd0, 0xfc, 0x56, 0xfe, 0x1a, 0xff,
  0xd4, 0xfd, 0x92, 0xfd, 0x92, 0xfd, 0x92, 0xfd, 0x52, 0xfd, 0x52, 0xfd,
  0x96, 0xfe, 0x98, 0xfe, 0x56, 0xfe, 0xd8, 0xfe, 0x92, 0xfd, 0x52, 0xfd,
  0x96, 0xfe, 0x14, 0xfe, 0xd0, 0xfc, 0xd0, 0xfc, 0xd0, 0xfc, 0x52, 0xfd,
  0x98, 0xfe, 0x92, 0xfd, 0x92, 0xfd, 0x94, 0xfd, 0x94, 0xfd, 0x92, 0xfd,
  0x94, 0xfd, 0x10, 0xfd, 0x94, 0xfd, 0x5a, 0xff, 0xd8, 0xfe, 0x56, 0xfe,
  0x56, 0xfe, 0xd4, 0xfd, 0x16, 0xfe, 0x94, 0xfd, 0x94, 0xfd, 0x52, 0xfd,
  0xd4, 0xfd, 0x92, 0xfd, 0x52, 0xfd, 0x94, 0xfd, 0x92, 0xfd, 0x56, 0xfe,
  0xd8, 0xfe, 0xd4, 0xfd, 0x94, 0xfd, 0x14, 0xfe, 0x56, 0xfe, 0x98, 0xfe,
  0x16, 0xfe, 0x56, 0xfe, 0x52, 0xfd, 0xd4, 0xfd, 0xd4, 0xfd, 0x94, 0xfd,
  0x14, 0xfe, 0x94, 0xfd, 0x52, 0xfd, 0x90, 0xfc, 0x0e, 0xfc, 0x92, 0xfd,
  0x14, 0xfe, 0x14, 0xfe, 0x4e, 0xe4, 0x4e, 0xb5, 0x4c, 0x94, 0x0c, 0x53,
  0x0e, 0x53, 0x18, 0x95, 0x9f, 0xc6, 0x5f, 0xd7, 0x9f, 0xe7, 0x9f, 0xd7,
  0x1f, 0xd7, 0xff, 0xf7, 0x5f, 0xd7, 0xdf, 0xc6, 0x9f, 0xd7, 0x5f, 0xd7,
  0x9e, 0xc6, 0x9e, 0xc6, 0x1f, 0xd7, 0x5e, 0xb6, 0x1c, 0xb6, 0x1c, 0xb6,
  0xdf, 0xc6, 0x1f, 0xd7, 0x1f, 0xd7, 0x1f, 0xd7, 0x1c, 0xb6, 0xda, 0xa5,
  0x1c, 0xb6, 0x1c, 0xb6, 0x5e, 0xb6, 0xdf, 0xc6, 0xdf, 0xc6, 0x1f, 0xd7,
  0xdf, 0xc6, 0x5f, 0xd7, 0x1f, 0xd7, 0xdf, 0xe7, 0xff, 0xf7, 0xdf, 0xc6,
  0x9e, 0xc6, 0xdf, 0xc6, 0x1f, 0xd7, 0xdf, 0xc6, 0xdf, 0xc6, 0x5f, 0xd7,
  0x9f, 0xe7, 0xff, 0xf7, 0xdc, 0xa5, 0x5e, 0xb6, 0x5e, 0xb6, 0x9e, 0xc6,
  0x1f, 0xc7, 0xdf, 0xc6, 0x9e, 0xc6, 0xda, 0xa5, 0x9a, 0xa5, 0x9e, 0xb6,
  0x5f, 0xd7, 0xdf, 0xe7, 0x9e, 0xc6, 0xdf, 0xc6, 0xdf, 0xc6, 0xdf, 0xc6,
  0xdf, 0xc6, 0x9e, 0xc6, 0x9f, 0xc6, 0xdf, 0xc6, 0x1f, 0xc7, 0x5f, 0xd7,
  0xdf, 0xc6, 0x9e, 0xc6, 0x9f, 0xe7, 0xff, 0xe7, 0x9e, 0xc6, 0x90, 0xc5,
  0x8c, 0xa4, 0x46, 0x72, 0xc6, 0x71, 0x4c, 0xe3, 0x94, 0xfd, 0x16, 0xfe,
  0x94, 0xfd, 0x52, 0xfd, 0xd0, 0xfc, 0xd0, 0xfc, 0xd4, 0xfd, 0x1a, 0xff,
  0xd8, 0xfe, 0xd4, 0xfd, 0x56, 0xfe, 0x14, 0xfe, 0x52, 0xfd, 0x92, 0xfd,
  0x94, 0xfd, 0xd0, 0xfc, 0x52, 0xfd, 0x52, 0xfd, 0x1a, 0xff, 0x9c, 0xff,
  0x16, 0xfe, 0x16, 0xfe, 0xd4, 0xfd, 0x16, 0xfe, 0xd8, 0xfe, 0x56, 0xfe,
  0x14, 0xfe, 0x10, 0xfd, 0x52, 0xfd, 0x96, 0xfe, 0x56, 0xfe, 0x94, 0xfd,
  0x56, 0xfe, 0x96, 0xfe, 0x92, 0xfd, 0x92, 0xfd, 0xd0, 0xfc, 0xd4, 0xfd,
  0x56, 0xfe, 0x52, 0xfd, 0x12, 0xfd, 0x56, 0xfe, 0x56, 0xfe, 0xd4, 0xfd,
  0x16, 0xfe, 0x92, 0xfd, 0x94, 0xfd, 0x94, 0xfd, 0xd4, 0xfd, 0x14, 0xfe,
  0x94, 0xfd, 0x92, 0xfd, 0x14, 0xfe, 0x52, 0xfd, 0x14, 0xfe, 0xd4, 0xfd,
  0xd4, 0xfd, 0x52, 0xfd, 0x52, 0xfd, 0xd4, 0xfd, 0x14, 0xfe, 0x98, 0xfe,
  0x94, 0xfd, 0xd4, 0xfd, 0x12, 0xfd, 0x52, 0xfd, 0x16, 0xfe, 0x8e, 0xd4,
  0x0e, 0xb5, 0xca, 0xb4, 0x48, 0xc5, 0x08, 0xd6, 0xee, 0xff, 0xf2, 0xff,
  0xf0, 0xff, 0xee, 0xff, 0xf2, 0xff, 0xf6, 0xff, 0xf2, 0xff, 0xf6, 0xff,
  0xf2, 0xff, 0xf2, 0xff, 0xf0, 0xff, 0xf2, 0xff, 0xf2, 0xff, 0xf4, 0xff,
  0xf2, 0xff, 0xf2, 0xff, 0xfa, 0xff, 0xf4, 0xff, 0xf0, 0xff, 0xee, 0xff,
  0xee, 0xff, 0xee, 0xff, 0xee, 0xff, 0xf0, 0xff, 0xf0, 0xff, 0xee, 0xff,
  0xee, 0xff, 0xee, 0xff, 0xf0, 0xff, 0xf8, 0xff, 0xfe, 0xff, 0xf6, 0xff,
  0x4e, 0xc5, 0x10, 0xb5, 0x4a, 0xb3, 0xd0, 0xfc, 0xd4, 0xfd, 0x56, 0xfe,
  0xd4, 0xfd, 0x1a, 0xff, 0x56, 0xfe, 0x98, 0xfe, 0x10, 0xfd, 0x56, 0xfe,
  0x56, 0xfe, 0xd4, 0xfd, 0x94, 0xfd, 0xd4, 0xfd, 0x92, 0xfd, 0x52, 0xfd,
  0x56, 0xfe, 0xd8, 0xfe, 0x92, 0xfd, 0x94, 0xfd, 0x52, 0xfd, 0x12, 0xfd,
  0x0e, 0xfc, 0x8c, 0xe3, 0x8c, 0xe3, 0x90, 0xfc, 0x56, 0xfe, 0x56, 0xfe,
  0xd4, 0xfd, 0x56, 0xfe, 0x56, 0xfe, 0x1a, 0xff, 0x98, 0xfe, 0x94, 0xfd,
  0x52, 0xfd, 0xd4, 0xfd, 0x92, 0xfd, 0x92, 0xfd, 0xd4, 0xfd, 0x92, 0xfd,
  0x52, 0xfd, 0x12, 0xfd, 0x52, 0xfd, 0x10, 0xfd, 0x12, 0xfd, 0x52, 0xfd,
  0x56, 0xfe, 0x9c, 0xff, 0xd4, 0xfd, 0x94, 0xfd, 0xd8, 0xfe, 0x14, 0xfe,
  0x52, 0xfd, 0xd4, 0xfd, 0x56, 0xfe, 0x98, 0xfe, 0x96, 0xfe, 0x9a, 0xff,
  0x56, 0xfe, 0xd4, 0xfd, 0x96, 0xfe, 0xd4, 0xfd, 0x52, 0xfd, 0x94, 0xfd,
  0x16, 0xfe, 0x90, 0xfc, 0xcc, 0xf3, 0x12, 0xfd, 0x56, 0xfe, 0xd8, 0xfe,
  0xd0, 0xf4, 0x14, 0xf7, 0x0c, 0x94, 0x90, 0x73, 0x50, 0x63, 0xd8, 0x84,
  0x1e, 0xb6, 0xdf, 0xc6, 0xdf, 0xc6, 0xdf, 0xc6, 0x9e, 0xc6, 0x9e, 0xc6,
  0x5e, 0xb6, 0x5f, 0xd7, 0x9f, 0xd7, 0x9e, 0xc6, 0x1c, 0xb6, 0x5e, 0xb6,
  0x9f, 0xc6, 0x9f, 0xc6, 0xdc, 0xa5, 0x9e, 0xc6, 0xdf, 0xe7, 0x5f, 0xd7,
  0x1f, 0xd7, 0x9f, 0xd7, 0xdf, 0xc6, 0x9e, 0xc6, 0x5f, 0xd7, 0xdf, 0xc6,
  0x5e, 0xb6, 0xdf, 0xc6, 0xdf, 0xc6, 0x1f, 0xd7, 0xdf, 0xc6, 0x5f, 0xd7,
  0x5f, 0xd7, 0xff, 0xff, 0xff, 0xff, 0xdf, 0xc6, 0x1f, 0xc7, 0x9f, 0xe7,
  0x5f, 0xd7, 0x1c, 0xb6, 0x1c, 0xb6, 0x9f, 0xc6, 0x9f, 0xc6, 0x1f, 0xd7,
  0xdf, 0xc6, 0x5f, 0xd7, 0xff, 0xf7, 0x9e, 0xc6, 0xdf, 0xc6, 0x1c, 0xb6,
  0x1c, 0xa6, 0x9e, 0xc6, 0x9a, 0xa5, 0x9e, 0xb6, 0xdf, 0xc6, 0x9f, 0xe7,
  0x5f, 0xd7, 0x1f, 0xd7, 0x1f, 0xd7, 0xdf, 0xc6, 0x9e, 0xc6, 0xdf, 0xc6,
  0xdf, 0xc6, 0x1f, 0xc7, 0x9f, 0xd7, 0xff, 0xf7, 0x5f, 0xd7, 0x9e, 0xc6,
  0xdf, 0xc6, 0xdf, 0xe7, 0x9c, 0xc6, 0x50, 0xb5, 0x52, 0xe6, 0x0a, 0x93,
  0x0a, 0xb3, 0x8c, 0xe3, 0x94, 0xfd, 0x18, 0xff, 0x14, 0xfe, 0x92, 0xfd,
  0x16, 0xfe, 0xd4, 0xfd, 0x94, 0xfd, 0x98, 0xfe, 0x14, 0xfe, 0xd4, 0xfd,
  0x52, 0xfd, 0x94, 0xfd, 0x56, 0xfe, 0x92, 0xfd, 0x92, 0xfd, 0x92, 0xfd,
  0xd4, 0xfd, 0xd4, 0xfd, 0x56, 0xfe, 0x56, 0xfe, 0x92, 0xfd, 0x94, 0xfd,
  0x92, 0xfd, 0xd4, 0xfd, 0x56, 0xfe, 0xd4, 0xfd, 0x96, 0xfe, 0x14, 0xfe,
  0x4e, 0xfc, 0x52, 0xfd, 0x92, 0xfd, 0x16, 0xfe, 0x16, 0xfe, 0xd8, 0xfe,
  0x14, 0xfe, 0xd0, 0xfc, 0xd0, 0xfc, 0x96, 0xfe, 0xd4, 0xfd, 0x52, 0xfd,
  0x10, 0xfd, 0xd8, 0xfe, 0x96, 0xfe, 0x16, 0xfe, 0xd4, 0xfd, 0x52, 0xfd,
  0x98, 0xfe, 0x96, 0xfe, 0x94, 0xfd, 0xd4, 0xfd, 0x90, 0xfc, 0xd4, 0xfd,
  0x98, 0xfe, 0x14, 0xfe, 0xd4, 0xfd, 0x52, 0xfd, 0xd0, 0xfc, 0x12, 0xfd,
  0x16, 0xfe, 0x14, 0xfe, 0xd0, 0xfc, 0x52, 0xfd, 0x52, 0xfd, 0xd8, 0xfe,
  0x56, 0xfe, 0xce, 0xf3, 0x0e, 0xf4, 0x0c, 0xb4, 0x8a, 0x83, 0xc8, 0x83,
  0x86, 0xa4, 0x4c, 0xff, 0xee, 0xff, 0xf0, 0xff, 0xf0, 0xff, 0xee, 0xff,
  0xf0, 0xff, 0xf2, 0xff, 0xf2, 0xff, 0xf2, 0xff, 0xf0, 0xff, 0xee, 0xff,
  0xee, 0xff, 0xf4, 0xff, 0xf2, 0xff, 0xf2, 0xff, 0xf4, 0xff, 0xf4, 0xff,
  0xf8, 0xff, 0xf4, 0xff, 0xf0, 0xff, 0xf0, 0xff, 0xf0, 0xff, 0xf2, 0xff,
  0xf0, 0xff, 0xf2, 0xff, 0xf2, 0xff, 0xee, 0xff, 0xf2, 0xff, 0xf2, 0xff,
  0xf2, 0xff, 0xf0, 0xff, 0xf8, 0xff, 0xf4, 0xff, 0x4e, 0xb5, 0xca, 0x93,
  0x4a, 0xc3, 0x94, 0xfd, 0x9c, 0xff, 0xd8, 0xfe, 0x98, 0xfe, 0x18, 0xff,
  0x94, 0xfd, 0xd4, 0xfd, 0x52, 0xfd, 0x94, 0xfd, 0x16, 0xfe, 0xd4, 0xfd,
  0x94, 0xfd, 0x16, 0xfe, 0xd4, 0xfd, 0x94, 0xfd, 0x92, 0xfd, 0x94, 0xfd,
  0x52, 0xfd, 0x14, 0xfe, 0x12, 0xfd, 0x10, 0xfd, 0x90, 0xfc, 0x0e, 0xf4,
  0x90, 0xfc, 0x12, 0xfd, 0x12, 0xfd, 0x92, 0xfd, 0xd4, 0xfd, 0x92, 0xfd,
  0x56, 0xfe, 0xdc, 0xff, 0x1a, 0xff, 0x16, 0xfe, 0x94, 0xfd, 0x52, 0xfd,
  0x12, 0xfd, 0xd0, 0xfc, 0xd4, 0xfd, 0x14, 0xfe, 0x52, 0xfd, 0x12, 0xfd,
  0x12, 0xfd, 0x52, 0xfd, 0x92, 0xfd, 0x94, 0xfd, 0x98, 0xfe, 0x9a, 0xff,
  0x56, 0xfe, 0x56, 0xfe, 0x56, 0xfe, 0x14, 0xfe, 0x98, 0xfe, 0x56, 0xfe,
  0x52, 0xfd, 0x92, 0xfd, 0x52, 0xfd, 0x14, 0xfe, 0xd4, 0xfd, 0x98, 0xfe,
  0x96, 0xfe, 0x52, 0xfd, 0x52, 0xfd, 0xd4, 0xfd, 0x14, 0xfe, 0x94, 0xfd,
  0x12, 0xfd, 0x52, 0xfd, 0x14, 0xfe, 0xd8, 0xfe, 0xd0, 0xfc, 0x14, 0xf7,
  0x90, 0xc5, 0x90, 0x63, 0x50, 0x63, 0xd8, 0x84, 0x1e, 0xb6, 0x5e, 0xb6,
  0x1f, 0xc7, 0xdf, 0xe7, 0xdf, 0xc6, 0xdc, 0xa5, 0x9e, 0xc6, 0x1f, 0xc7,
  0x1f, 0xd7, 0x9f, 0xc6, 0x1f, 0xd7, 0xdf, 0xc6, 0x9e, 0xb6, 0x5e, 0xb6,
  0x1e, 0xb6, 0x1c, 0xb6, 0x1c, 0xb6, 0x5e, 0xb6, 0x9e, 0xc6, 0x9e, 0xc6,
  0xdf, 0xc6, 0x1f, 0xd7, 0xdf, 0xe7, 0xdf, 0xc6, 0x5e, 0xb6, 0x1c, 0xb6,
  0x9e, 0xc6, 0x5f, 0xd7, 0x5e, 0xb6, 0x5f, 0xd7, 0x9f, 0xd7, 0xdf, 0xe7,
  0xdf, 0xe7, 0x9f, 0xc6, 0xdf, 0xc6, 0x1f, 0xd7, 0x9e, 0xc6, 0xdc, 0xa5,
  0x5e, 0xb6, 0xdf, 0xc6, 0x9e, 0xb6, 0x1c, 0xb6, 0x1c, 0xb6, 0x9e, 0xc6,
  0x1f, 0xd7, 0xdf, 0xc6, 0x1c, 0xb6, 0xda, 0xa5, 0x1c, 0xb6, 0x1c, 0xb6,
  0xdc, 0xa5, 0x5e, 0xb6, 0x5e, 0xb6, 0x5e, 0xb6, 0x1f, 0xd7, 0xdf, 0xc6,
  0x1f, 0xd7, 0x9f, 0xc6, 0xdf, 0xc6, 0x5e, 0xb6, 0x5e, 0xb6, 0x9f, 0xc6,
  0xdf, 0xc6, 0x5f, 0xd7, 0xdf, 0xc6, 0x1c, 0xb6, 0x1c, 0xb6, 0xdf, 0xe7,
  0xdf, 0xf7, 0x50, 0xb5, 0x90, 0xc5, 0xc8, 0x92, 0x0e, 0xf4, 0x4e, 0xfc,
  0x10, 0xfd, 0x14, 0xfe, 0x14, 0xfe, 0x92, 0xfd, 0x56, 0xfe, 0x14, 0xfe,
  0x52, 0xfd, 0x16, 0xfe, 0xd4, 0xfd, 0x92, 0xfd, 0x52, 0xfd, 0x14, 0xfe,
  0xd4, 0xfd, 0x94, 0xfd, 0x16, 0xfe, 0x18, 0xff, 0x14, 0xfe, 0x92, 0xfd,
  0x52, 0xfd, 0x94, 0xfd, 0x94, 0xfd, 0xd4, 0xfd, 0x56, 0xfe, 0x1a, 0xff,
  0xd4, 0xfd, 0x52, 0xfd, 0x94, 0xfd, 0xd4, 0xfd, 0x94, 0xfd, 0x98, 0xfe,
  0x56, 0xfe, 0x56, 0xfe, 0x94, 0xfd, 0x98, 0xfe, 0x98, 0xfe, 0xd0, 0xfc,
  0x92, 0xfd, 0x96, 0xfe, 0x56, 0xfe, 0xd4, 0xfd, 0x12, 0xfd, 0x94, 0xfd,
  0xd4, 0xfd, 0x92, 0xfd, 0x52, 0xfd, 0x94, 0xfd, 0x96, 0xfe, 0x56, 0xfe,
  0xd4, 0xfd, 0x92, 0xfd, 0x92, 0xfd, 0x16, 0xfe, 0x98, 0xfe, 0x94, 0xfd,
  0xd4, 0xfd, 0x52, 0xfd, 0xd0, 0xfc, 0x92, 0xfd, 0xd8, 0xfe, 0xd4, 0xfd,
  0x52, 0xfd, 0x52, 0xfd, 0x92, 0xfd, 0x96, 0xfe, 0x96, 0xfe, 0x4e, 0xfc,
  0x88, 0x92, 0x50, 0xc5, 0x50, 0xb5, 0x86, 0x73, 0xc6, 0xb4, 0x4c, 0xff,
  0xee, 0xff, 0xf0, 0xff, 0xf0, 0xff, 0xf0, 0xff, 0xee, 0xff, 0xee, 0xff,
  0xf2, 0xff, 0xf0, 0xff, 0xf0, 0xff, 0xee, 0xff, 0xec, 0xff, 0xee, 0xff,
  0xee, 0xff, 0xee, 0xff, 0xf0, 0xff, 0xf6, 0xff, 0xfa, 0xff, 0xf4, 0xff,
  0xf0, 0xff, 0xee, 0xff, 0xf2, 0xff, 0xf2, 0xff, 0xf0, 0xff, 0xf0, 0xff,
  0xf2, 0xff, 0xf2, 0xff, 0xf4, 0xff, 0xf2, 0xff, 0xee, 0xff, 0xee, 0xff,
  0xf0, 0xff, 0xf0, 0xff, 0x8e, 0xc5, 0x50, 0xc5, 0x4a, 0xb3, 0x52, 0xfd,
  0xd8, 0xfe, 0xd4, 0xfd, 0x16, 0xfe, 0x16, 0xfe, 0x12, 0xfd, 0x52, 0xfd,
  0xd4, 0xfd, 0xd4, 0xfd, 0xd4, 0xfd, 0x96, 0xfe, 0x94, 0xfd, 0xd4, 0xfd,
  0x56, 0xfe, 0x14, 0xfe, 0xd4, 0xfd, 0x16, 0xfe, 0xd4, 0xfd, 0x96, 0xfe,
  0x94, 0xfd, 0x12, 0xfd, 0x90, 0xfc, 0x4e, 0xfc, 0x52, 0xfd, 0x52, 0xfd,
  0xd4, 0xfd, 0x92, 0xfd, 0x12, 0xfd, 0x16, 0xfe, 0xd8, 0xfe, 0xd4, 0xfd,
  0xd0, 0xfc, 0x52, 0xfd, 0x14, 0xfe, 0x56, 0xfe, 0x14, 0xfe, 0x92, 0xfd,
  0x14, 0xfe, 0xd4, 0xfd, 0x52, 0xfd, 0x16, 0xfe, 0x16, 0xfe, 0x94, 0xfd,
  0x94, 0xfd, 0x94, 0xfd, 0x98, 0xfe, 0x18, 0xff, 0xd8, 0xfe, 0x16, 0xfe,
  0x14, 0xfe, 0xd4, 0xfd, 0x16, 0xfe, 0xd4, 0xfd, 0xd0, 0xfc, 0x52, 0xfd,
  0x94, 0xfd, 0x16, 0xfe, 0x56, 0xfe, 0x14, 0xfe, 0x94, 0xfd, 0x92, 0xfd,
  0x10, 0xfd, 0x14, 0xfe, 0x14, 0xfe, 0x94, 0xfd, 0x56, 0xfe, 0x52, 0xfd,
  0x52, 0xfd, 0x56, 0xfe, 0x10, 0xfd, 0x12, 0xd6, 0xcc, 0x83, 0x8c, 0x52,
  0xcc, 0x52, 0x14, 0x74, 0xdc, 0xa5, 0x5e, 0xb6, 0x1f, 0xd7, 0x9f, 0xd7,
  0x9e, 0xb6, 0xdc, 0xa5, 0x5e, 0xb6, 0x5f, 0xd7, 0xdf, 0xc6, 0xdf, 0xc6,
  0xff, 0xf7, 0x1c, 0xb6, 0xd6, 0x94, 0x1c, 0xa6, 0x9f, 0xc6, 0x9f, 0xc6,
  0x1c, 0xb6, 0x9a, 0xa5, 0x5e, 0xb6, 0x1c, 0xb6, 0xda, 0xa5, 0xdf, 0xc6,
  0x9f, 0xd7, 0x1f, 0xc7, 0x1f, 0xd7, 0xdf, 0xc6, 0x1f, 0xd7, 0xdf, 0xc6,
  0x5e, 0xb6, 0xdf, 0xc6, 0x9e, 0xc6, 0x5e, 0xb6, 0x9f, 0xc6, 0x1e, 0xb6,
  0x1f, 0xd7, 0xff, 0xf7, 0xdf, 0xc6, 0x9e, 0xc6, 0xdf, 0xc6, 0x9e, 0xc6,
  0xdf, 0xc6, 0x1f, 0xd7, 0x9f, 0xe7, 0xdf, 0xc6, 0x9e, 0xc6, 0x9e, 0xc6,
  0x9e, 0xc6, 0x5e, 0xb6, 0x5e, 0xb6, 0x1c, 0xb6, 0x5e, 0xb6, 0x1f, 0xd7,
  0x5f, 0xd7, 0x9e, 0xc6, 0x1f, 0xc7, 0x1f, 0xd7, 0xdf, 0xc6, 0x1c, 0xb6,
  0x1c, 0xb6, 0x5e, 0xb6, 0xdf, 0xc6, 0x1f, 0xd7, 0x5f, 0xd7, 0xdf, 0xc6,
  0xdc, 0xa5, 0x1c, 0xb6, 0x5e, 0xb6, 0x1f, 0xd7, 0x1f, 0xd7, 0xd2, 0xc5,
  0x90, 0xc5, 0xc8, 0x82, 0x0a, 0xc3, 0xcc, 0xe3, 0x8e, 0xfc, 0x12, 0xfd,
  0x12, 0xfd, 0x52, 0xfd, 0x16, 0xfe, 0x94, 0xfd, 0xd4, 0xfd, 0xd4, 0xfd,
  0xd4, 0xfd, 0x52, 0xfd, 0x52, 0xfd, 0xd4, 0xfd, 0xd4, 0xfd, 0x18, 0xff,
  0x56, 0xfe, 0xd8, 0xfe, 0x5a, 0xff, 0x5a, 0xff, 0xd4, 0xfd, 0xd4, 0xfd,
  0x56, 0xfe, 0xd4, 0xfd, 0x56, 0xfe, 0xdc, 0xff, 0x94, 0xfd, 0x10, 0xfd,
  0x92, 0xfd, 0x94, 0xfd, 0x16, 0xfe, 0x96, 0xfe, 0x56, 0xfe, 0x98, 0xfe,
  0xd4, 0xfd, 0x56, 0xfe, 0xd4, 0xfd, 0x12, 0xfd, 0x92, 0xfd, 0xd0, 0xfc,
  0x52, 0xfd, 0xd4, 0xfd, 0x92, 0xfd, 0x52, 0xfd, 0xd4, 0xfd, 0x14, 0xfe,
  0x92, 0xfd, 0xd4, 0xfd, 0xd4, 0xfd, 0x52, 0xfd, 0xd4, 0xfd, 0xd4, 0xfd,
  0x52, 0xfd, 0x52, 0xfd, 0x56, 0xfe, 0x16, 0xfe, 0x56, 0xfe, 0x16, 0xfe,
  0xd0, 0xfc, 0x94, 0xfd, 0xd4, 0xfd, 0xd4, 0xfd, 0x16, 0xfe, 0xd4, 0xfd,
  0x14, 0xfe, 0xd8, 0xfe, 0xdc, 0xff, 0x94, 0xfd, 0x88, 0x92, 0x0c, 0xa4,
  0xce, 0xa4, 0x46, 0x73, 0xc6, 0xb4, 0x8c, 0xff, 0xf0, 0xff, 0xf0, 0xff,
  0xee, 0xff, 0xee, 0xff, 0xee, 0xff, 0xf0, 0xff, 0xf2, 0xff, 0xec, 0xff,
  0xf0, 0xff, 0xee, 0xff, 0xf0, 0xff, 0xf0, 0xff, 0xf0, 0xff, 0xf2, 0xff,
  0xf4, 0xff, 0xf4, 0xff, 0xf6, 0xff, 0xf0, 0xff, 0xee, 0xff, 0xee, 0xff,
  0xf2, 0xff, 0xf6, 0xff, 0xf4, 0xff, 0xf0, 0xff, 0xf0, 0xff, 0xf4, 0xff,
  0xf6, 0xff, 0xf4, 0xff, 0xf2, 0xff, 0xf4, 0xff, 0xf6, 0xff, 0xf0, 0xff,
  0x4e, 0xc5, 0x0e, 0xb5, 0x4a, 0xa3, 0xcc, 0xe3, 0x12, 0xfd, 0x10, 0xfd,
  0x12, 0xfd, 0x92, 0xfd, 0xd4, 0xfd, 0x94, 0xfd, 0x56, 0xfe, 0x98, 0xfe,
  0xd8, 0xfe, 0x98, 0xfe, 0xd4, 0xfd, 0xd4, 0xfd, 0x56, 0xfe, 0x56, 0xfe,
  0xd4, 0xfd, 0x14, 0xfe, 0x16, 0xfe, 0x14, 0xfe, 0x56, 0xfe, 0x92, 0xfd,
  0x52, 0xfd, 0x16, 0xfe, 0x52, 0xfd, 0x94, 0xfd, 0x94, 0xfd, 0x52, 0xfd,
  0x94, 0xfd, 0x94, 0xfd, 0x94, 0xfd, 0x52, 0xfd, 0x12, 0xfd, 0x52, 0xfd,
  0x52, 0xfd, 0x56, 0xfe, 0x56, 0xfe, 0xd4, 0xfd, 0xd4, 0xfd, 0xd4, 0xfd,
  0xd4, 0xfd, 0xd4, 0xfd, 0x56, 0xfe, 0x94, 0xfd, 0x52, 0xfd, 0xd4, 0xfd,
  0x96, 0xfe, 0xdc, 0xff, 0x1a, 0xff, 0x94, 0xfd, 0x52, 0xfd, 0x10, 0xfd,
  0xd0, 0xfc, 0xd0, 0xfc, 0x0e, 0xfc, 0x10, 0xfd, 0xd4, 0xfd, 0xd4, 0xfd,
  0x16, 0xfe, 0x92, 0xfd, 0xd0, 0xfc, 0x12, 0xfd, 0x92, 0xfd, 0x94, 0xfd,
  0xd4, 0xfd, 0x14, 0xfe, 0x92, 0xfd, 0x52, 0xfd, 0x94, 0xfd, 0xd4, 0xfd,
  0x8e, 0xf4, 0xd0, 0xd5, 0x48, 0x73, 0x8a, 0x42, 0x90, 0x63, 0x54, 0x84,
  0xdc, 0xa5, 0x5e, 0xb6, 0x9e, 0xc6, 0x1f, 0xc7, 0x1f, 0xc7, 0xdf, 0xc6,
  0x1f, 0xc7, 0x9f, 0xe7, 0x9f, 0xe7, 0x5f, 0xd7, 0xff, 0xf7, 0x1c, 0xb6,
  0x5e, 0xb6, 0xdf, 0xc6, 0xdf, 0xc6, 0x1f, 0xd7, 0x1f, 0xc7, 0x1e, 0xb6,
  0x1c, 0xb6, 0x1c, 0xb6, 0x18, 0x95, 0xdc, 0xa5, 0x9e, 0xb6, 0x9f, 0xe7,
  0x5f, 0xd7, 0x1f, 0xd7, 0x1f, 0xc7, 0x5e, 0xb6, 0x9f, 0xe7, 0x5f, 0xd7,
  0xdc, 0xa5, 0x5e, 0xb6, 0x9e, 0xb6, 0x9f, 0xc6, 0x9f, 0xc6, 0x5f, 0xd7,
  0x9f, 0xc6, 0x1f, 0xd7, 0xdf, 0xc6, 0x5e, 0xb6, 0xdf, 0xc6, 0x9e, 0xb6,
  0x9e, 0xc6, 0x5f, 0xd7, 0x5f, 0xd7, 0x1f, 0xd7, 0xdf, 0xe7, 0xdf, 0xc6,
  0x9f, 0xc6, 0x9e, 0xc6, 0x9e, 0xc6, 0x1f, 0xd7, 0x5f, 0xd7, 0xdf, 0xc6,
  0xdf, 0xc6, 0x9f, 0xc6, 0x9f, 0xc6, 0x9f, 0xc6, 0x1c, 0xb6, 0xdf, 0xc6,
  0x5f, 0xd7, 0xdf, 0xc6, 0x5f, 0xd7, 0xdf, 0xe7, 0x1f, 0xd7, 0x5f, 0xd7,
  0x5f, 0xd7, 0x1f, 0xc7, 0x5c, 0xb6, 0x10, 0xb5, 0x8c, 0xa4, 0x0a, 0xa3,
  0x0a, 0xc3, 0x90, 0xfc, 0xd0, 0xfc, 0x12, 0xfd, 0x12, 0xfd, 0x12, 0xfd,
  0x52, 0xfd, 0x92, 0xfd, 0xd8, 0xfe, 0x16, 0xfe, 0xd4, 0xfd, 0x94, 0xfd,
  0x92, 0xfd, 0xd4, 0xfd, 0x16, 0xfe, 0x14, 0xfe, 0x56, 0xfe, 0x98, 0xfe,
  0x5a, 0xff, 0x9c, 0xff, 0x98, 0xfe, 0x16, 0xfe, 0x16, 0xfe, 0x12, 0xfd,
  0x52, 0xfd, 0xd4, 0xfd, 0x14, 0xfe, 0x56, 0xfe, 0x14, 0xfe, 0x98, 0xfe,
  0xdc, 0xff, 0x98, 0xfe, 0x56, 0xfe, 0x16, 0xfe, 0xd4, 0xfd, 0x92, 0xfd,
  0xd4, 0xfd, 0x14, 0xfe, 0x92, 0xfd, 0x52, 0xfd, 0x94, 0xfd, 0x52, 0xfd,
  0xd4, 0xfd, 0x14, 0xfe, 0xd4, 0xfd, 0x16, 0xfe, 0xd4, 0xfd, 0x92, 0xfd,
  0x94, 0xfd, 0x52, 0xfd, 0x52, 0xfd, 0xd4, 0xfd, 0x14, 0xfe, 0x52, 0xfd,
  0xd8, 0xfe, 0x98, 0xfe, 0x56, 0xfe, 0x56, 0xfe, 0x10, 0xfd, 0xd4, 0xfd,
  0xd4, 0xfd, 0x94, 0xfd, 0xd4, 0xfd, 0xd4, 0xfd, 0x14, 0xfe, 0x98, 0xfe,
  0x18, 0xff, 0x94, 0xfd, 0x8c, 0xd3, 0x0c, 0xa4, 0x50, 0xc5, 0x8c, 0xa4,
  0x88, 0xc5, 0xee, 0xff, 0xf0, 0xff, 0xf4, 0xff, 0xf2, 0xff, 0xf0, 0xff,
  0xf0, 0xff, 0xf6, 0xff, 0xf4, 0xff, 0xec, 0xff, 0xee, 0xff, 0xee, 0xff,
  0xf2, 0xff, 0xfa, 0xff, 0xf8, 0xff, 0xf6, 0xff, 0xf2, 0xff, 0xf4, 0xff,
  0xf2, 0xff, 0xee, 0xff, 0xf0, 0xff, 0xf0, 0xff, 0xf4, 0xff, 0xf6, 0xff,
  0xf2, 0xff, 0xf0, 0xff, 0xf2, 0xff, 0xf2, 0xff, 0xf2, 0xff, 0xf2, 0xff,
  0xf2, 0xff, 0xf6, 0xff, 0xf4, 0xff, 0xce, 0xff, 0x10, 0xd6, 0xce, 0xb4,
  0xc8, 0xa2, 0x0a, 0xc3, 0x0e, 0xfc, 0xd0, 0xfc, 0x90, 0xfc, 0x52, 0xfd,
  0x96, 0xfe, 0x1a, 0xff, 0x16, 0xfe, 0x16, 0xfe, 0x56, 0xfe, 0x92, 0xfd,
  0x94, 0xfd, 0xd4, 0xfd, 0x56, 0xfe, 0x56, 0xfe, 0xd4, 0xfd, 0x56, 0xfe,
  0x14, 0xfe, 0xd4, 0xfd, 0x16, 0xfe, 0x96, 0xfe, 0x56, 0xfe, 0xd8, 0xfe,
  0xd4, 0xfd, 0x52, 0xfd, 0x94, 0xfd, 0x98, 0xfe, 0xdc, 0xff, 0xd8, 0xfe,
  0x94, 0xfd, 0x16, 0xfe, 0x56, 0xfe, 0x16, 0xfe, 0xd4, 0xfd, 0xd8, 0xfe,
  0x56, 0xfe, 0x56, 0xfe, 0x94, 0xfd, 0x92, 0xfd, 0x56, 0xfe, 0xd8, 0xfe,
  0x56, 0xfe, 0x52, 0xfd, 0x52, 0xfd, 0x52, 0xfd, 0x92, 0xfd, 0x18, 0xff,
  0x96, 0xfe, 0x96, 0xfe, 0x56, 0xfe, 0x52, 0xfd, 0x52, 0xfd, 0xd4, 0xfd,
  0xd0, 0xfc, 0x52, 0xfd, 0xd4, 0xfd, 0x94, 0xfd, 0x16, 0xfe, 0xd4, 0xfd,
  0x52, 0xfd, 0x52, 0xfd, 0x12, 0xfd, 0x52, 0xfd, 0xd4, 0xfd, 0x56, 0xfe,
  0x16, 0xfe, 0x52, 0xfd, 0xd4, 0xfd, 0x14, 0xfe, 0x4e, 0xe4, 0xce, 0xb4,
  0x4c, 0x94, 0x90, 0x63, 0x12, 0x74, 0x96, 0x84, 0x1c, 0xb6, 0x5e, 0xb6,
  0x5e, 0xb6, 0x9f, 0xc6, 0xdf, 0xc6, 0x9f, 0xc6, 0x9f, 0xc6, 0x9f, 0xe7,
  0xdf, 0xe7, 0xff, 0xf7, 0x9f, 0xe7, 0x5e, 0xb6, 0xdf, 0xc6, 0x1c, 0xb6,
  0x9e, 0xb6, 0x5f, 0xd7, 0x1f, 0xd7, 0xdf, 0xc6, 0x9f, 0xc6, 0xdf, 0xc6,
  0x9e, 0xc6, 0x9e, 0xb6, 0x9f, 0xc6, 0x1f, 0xc7, 0x9e, 0xc6, 0x9e, 0xc6,
  0x5e, 0xb6, 0x9e, 0xb6, 0xff, 0xff, 0xdf, 0xe7, 0x5e, 0xb6, 0xdf, 0xc6,
  0x1f, 0xc7, 0xdf, 0xc6, 0x5e, 0xb6, 0xdf, 0xc6, 0xdf, 0xe7, 0xff, 0xf7,
  0x1c, 0xb6, 0xdc, 0xa5, 0x5e, 0xb6, 0x5e, 0xb6, 0x5e, 0xb6, 0x5f, 0xd7,
  0x1f, 0xd7, 0xdf, 0xc6, 0x1f, 0xd7, 0x9f, 0xd7, 0x9e, 0xc6, 0x5e, 0xb6,
  0xdf, 0xc6, 0x5f, 0xd7, 0x5e, 0xb6, 0x5e, 0xb6, 0x5e, 0xb6, 0x5e, 0xb6,
  0x5e, 0xb6, 0x1e, 0xb6, 0x5e, 0xb6, 0x1c, 0xb6, 0x1c, 0xb6, 0x1c, 0xb6,
  0x9e, 0xc6, 0x5e, 0xb6, 0x1f, 0xc7, 0xff, 0xf7, 0x9f, 0xe7, 0x9f, 0xd7,
  0x5c, 0xb6, 0x4e, 0x94, 0x8c, 0xa4, 0xc8, 0x92, 0x0a, 0xc3, 0x4e, 0xfc,
  0x90, 0xfc, 0x92, 0xfd, 0x16, 0xfe, 0x16, 0xfe, 0x94, 0xfd, 0x92, 0xfd,
  0x56, 0xfe, 0xd4, 0xfd, 0x14, 0xfe, 0x16, 0xfe, 0xd4, 0xfd, 0x16, 0xfe,
  0x16, 0xfe, 0x92, 0xfd, 0x52, 0xfd, 0x12, 0xfd, 0x52, 0xfd, 0x14, 0xfe,
  0x94, 0xfd, 0xd4, 0xfd, 0x12, 0xfd, 0x52, 0xfd, 0x92, 0xfd, 0x52, 0xfd,
  0xd4, 0xfd, 0x96, 0xfe, 0xd4, 0xfd, 0xd8, 0xfe, 0xd8, 0xfe, 0x1a, 0xff,
  0xd8, 0xfe, 0x52, 0xfd, 0xd4, 0xfd, 0x98, 0xfe, 0x14, 0xfe, 0x52, 0xfd,
  0x92, 0xfd, 0x14, 0xfe, 0x94, 0xfd, 0xd4, 0xfd, 0xd4, 0xfd, 0x52, 0xfd,
  0xd4, 0xfd, 0xd4, 0xfd, 0x94, 0xfd, 0x12, 0xfd, 0x92, 0xfd, 0x56, 0xfe,
  0xd4, 0xfd, 0xd0, 0xfc, 0x52, 0xfd, 0xd4, 0xfd, 0x94, 0xfd, 0x92, 0xfd,
  0xd4, 0xfd, 0x16, 0xfe, 0xd4, 0xfd, 0xd4, 0xfd, 0x94, 0xfd, 0x94, 0xfd,
  0x10, 0xfd, 0xd0, 0xfc, 0x94, 0xfd, 0xd8, 0xfe, 0x52, 0xfd, 0x90, 0xfc,
  0x0e, 0xe4, 0x90, 0xd5, 0x4e, 0xb5, 0x4c, 0xb5, 0x0c, 0xf7, 0xf0, 0xff,
  0xee, 0xff, 0xf2, 0xff, 0xf4, 0xff, 0xf2, 0xff, 0xf0, 0xff, 0xf2, 0xff,
  0xf0, 0xff, 0xee, 0xff, 0xf2, 0xff, 0xf2, 0xff, 0xf6, 0xff, 0xfc, 0xff,
  0xf6, 0xff, 0xf2, 0xff, 0xee, 0xff, 0xf0, 0xff, 0xf2, 0xff, 0xee, 0xff,
  0xf4, 0xff, 0xf6, 0xff, 0xf2, 0xff, 0xf4, 0xff, 0xf2, 0xff, 0xf2, 0xff,
  0xf2, 0xff, 0xf4, 0xff, 0xf0, 0xff, 0xf2, 0xff, 0xf4, 0xff, 0xf8, 0xff,
  0xf6, 0xff, 0xf0, 0xff, 0x8e, 0xc5, 0x90, 0xc5, 0x4a, 0xb3, 0x50, 0xfc,
  0x90, 0xfc, 0x94, 0xfd, 0x56, 0xfe, 0xd4, 0xfd, 0x56, 0xfe, 0x9c, 0xff,
  0x56, 0xfe, 0x14, 0xfe, 0x52, 0xfd, 0x52, 0xfd, 0x92, 0xfd, 0x98, 0xfe,
  0x98, 0xfe, 0xd4, 0xfd, 0x14, 0xfe, 0xd4, 0xfd, 0x12, 0xfd, 0x94, 0xfd,
  0x56, 0xfe, 0x98, 0xfe, 0x56, 0xfe, 0xd4, 0xfd, 0xd4, 0xfd, 0x56, 0xfe,
  0x9c, 0xff, 0xd8, 0xfe, 0x1a, 0xff, 0x14, 0xfe, 0x12, 0xfd, 0x16, 0xfe,
  0xd8, 0xfe, 0x16, 0xfe, 0x56, 0xfe, 0x16, 0xfe, 0x14, 0xfe, 0xd4, 0xfd,
  0xd4, 0xfd, 0x94, 0xfd, 0x14, 0xfe, 0xd8, 0xfe, 0xd8, 0xfe, 0x52, 0xfd,
  0x52, 0xfd, 0x52, 0xfd, 0x12, 0xfd, 0xd4, 0xfd, 0x56, 0xfe, 0x14, 0xfe,
  0x16, 0xfe, 0xd4, 0xfd, 0xd4, 0xfd, 0x14, 0xfe, 0x92, 0xfd, 0x10, 0xfd,
  0x52, 0xfd, 0x10, 0xfd, 0xd4, 0xfd, 0x5a, 0xff, 0xd4, 0xfd, 0x94, 0xfd,
  0x94, 0xfd, 0xd4, 0xfd, 0x16, 0xfe, 0xd4, 0xfd, 0xd4, 0xfd, 0xd4, 0xfd,
  0x92, 0xfd, 0xd4, 0xfd, 0x8e, 0xf4, 0x4c, 0xa4, 0x8e, 0x94, 0x56, 0x95,
  0x98, 0xa5, 0x96, 0x84, 0xdc, 0xa5, 0x5e, 0xb6, 0x5f, 0xd7, 0xdf, 0xc6,
  0xdf, 0xc6, 0xdf, 0xc6, 0x5e, 0xb6, 0xdf, 0xc6, 0x1f, 0xd7, 0x5f, 0xd7,
  0x5f, 0xd7, 0x5e, 0xb6, 0x5e, 0xb6, 0xdf, 0xc6, 0xdf, 0xc6, 0x1f, 0xc7,
  0x9e, 0xc6, 0x5e, 0xb6, 0xdf, 0xc6, 0x1f, 0xd7, 0x9e, 0xc6, 0x5f, 0xd7,
  0xdf, 0xc6, 0xdf, 0xc6, 0x5e, 0xb6, 0x5e, 0xb6, 0x5a, 0xa5, 0x5e, 0xb6,
  0x5f, 0xd7, 0x1f, 0xd7, 0xdc, 0xa5, 0x5e, 0xb6, 0x5e, 0xb6, 0x1c, 0xb6,
  0x5e, 0xb6, 0x5e, 0xb6, 0x1f, 0xc7, 0x1f, 0xd7, 0xdc, 0xa5, 0xdc, 0xa5,
  0xdc, 0xa5, 0x5e, 0xb6, 0x1c, 0xb6, 0x5e, 0xb6, 0x1c, 0xb6, 0xdf, 0xc6,
  0x9e, 0xb6, 0x5f, 0xd7, 0x1f, 0xd7, 0x5e, 0xb6, 0xdf, 0xc6, 0xdf, 0xc6,
  0x1c, 0xb6, 0xdc, 0xa5, 0x1c, 0xb6, 0xdc, 0xa5, 0x9a, 0xa5, 0x9e, 0xb6,
  0xdf, 0xc6, 0xdf, 0xc6, 0x1c, 0xb6, 0x9a, 0xa5, 0xdf, 0xc6, 0x5e, 0xb6,
  0xde, 0xc6, 0x5f, 0xd7, 0x1f, 0xd7, 0x9f, 0xd7, 0xde, 0xc6, 0x8e, 0x94,
  0x0e, 0xb5, 0xc8, 0x82, 0x88, 0xa2, 0x8c, 0xf3, 0xd0, 0xfc, 0x94, 0xfd,
  0x56, 0xfe, 0x16, 0xfe, 0x56, 0xfe, 0xd4, 0xfd, 0x14, 0xfe, 0xd4, 0xfd,
  0xd4, 0xfd, 0x92, 0xfd, 0x92, 0xfd, 0x16, 0xfe, 0xd4, 0xfd, 0xd4, 0xfd,
  0x92, 0xfd, 0x52, 0xfd, 0x52, 0xfd, 0x12, 0xfd, 0x94, 0xfd, 0xd4, 0xfd,
  0x94, 0xfd, 0x10, 0xfd, 0x52, 0xfd, 0xd4, 0xfd, 0xd4, 0xfd, 0x94, 0xfd,
  0x94, 0xfd, 0x56, 0xfe, 0x1a, 0xff, 0x9a, 0xff, 0x1a, 0xff, 0xd4, 0xfd,
  0xd4, 0xfd, 0x56, 0xfe, 0x98, 0xfe, 0x94, 0xfd, 0x94, 0xfd, 0x56, 0xfe,
  0x56, 0xfe, 0x92, 0xfd, 0x94, 0xfd, 0x56, 0xfe, 0xd4, 0xfd, 0x94, 0xfd,
  0xd4, 0xfd, 0x52, 0xfd, 0x52, 0xfd, 0x94, 0xfd, 0x94, 0xfd, 0x98, 0xfe,
  0x98, 0xfe, 0x16, 0xfe, 0x56, 0xfe, 0xd4, 0xfd, 0x52, 0xfd, 0x94, 0xfd,
  0xd4, 0xfd, 0x52, 0xfd, 0x94, 0xfd, 0x14, 0xfe, 0x52, 0xfd, 0xd0, 0xfc,
  0xd4, 0xfd, 0x5a, 0xff, 0x18, 0xff, 0x4e, 0xe4, 0x8c, 0xc3, 0x90, 0xd5,
  0x94, 0xe6, 0xcc, 0xa4, 0xcc, 0xf6, 0xf0, 0xff, 0xee, 0xff, 0xec, 0xff,
  0xf0, 0xff, 0xf0, 0xff, 0xf0, 0xff, 0xf0, 0xff, 0xf0, 0xff, 0xf0, 0xff,
  0xf0, 0xff, 0xf2, 0xff, 0xf2, 0xff, 0xf2, 0xff, 0xf2, 0xff, 0xf2, 0xff,
  0xf0, 0xff, 0xee, 0xff, 0xf0, 0xff, 0xf0, 0xff, 0xf2, 0xff, 0xf0, 0xff,
  0xf0, 0xff, 0xf0, 0xff, 0xf2, 0xff, 0xee, 0xff, 0xf0, 0xff, 0xf6, 0xff,
  0xf4, 0xff, 0xf0, 0xff, 0xf6, 0xff, 0xf8, 0xff, 0xf8, 0xff, 0xf6, 0xff,
  0x4e, 0xb5, 0x8c, 0xa4, 0x0a, 0xa3, 0x90, 0xfc, 0x52, 0xfd, 0x56, 0xfe,
  0x56, 0xfe, 0x14, 0xfe, 0xd4, 0xfd, 0x16, 0xfe, 0x52, 0xfd, 0x16, 0xfe,
  0x92, 0xfd, 0x52, 0xfd, 0x52, 0xfd, 0x56, 0xfe, 0x18, 0xff, 0x16, 0xfe,
  0x16, 0xfe, 0x98, 0xfe, 0x14, 0xfe, 0x52, 0xfd, 0x4e, 0xfc, 0x12, 0xfd,
  0xd4, 0xfd, 0x14, 0xfe, 0x14, 0xfe, 0xd8, 0xfe, 0xdc, 0xff, 0xd8, 0xfe,
  0x52, 0xfd, 0x10, 0xfd, 0x4e, 0xfc, 0x94, 0xfd, 0x5a, 0xff, 0x16, 0xfe,
  0x14, 0xfe, 0xd4, 0xfd, 0xd4, 0xfd, 0x56, 0xfe, 0x16, 0xfe, 0xd4, 0xfd,
  0xd4, 0xfd, 0x56, 0xfe, 0x56, 0xfe, 0x56, 0xfe, 0xd8, 0xfe, 0xd4, 0xfd,
  0x12, 0xfd, 0x14, 0xfe, 0xd4, 0xfd, 0x52, 0xfd, 0x92, 0xfd, 0xd4, 0xfd,
  0x14, 0xfe, 0xd4, 0xfd, 0x92, 0xfd, 0xd4, 0xfd, 0x94, 0xfd, 0xd0, 0xfc,
  0x52, 0xfd, 0x56, 0xfe, 0xd4, 0xfd, 0x94, 0xfd, 0x56, 0xfe, 0xd8, 0xfe,
  0x98, 0xfe, 0xd4, 0xfd, 0x96, 0xfe, 0x56, 0xfe, 0xd4, 0xfd, 0x94, 0xfd,
  0x0c, 0xd4, 0x8c, 0xa4, 0x0c, 0x84, 0xd4, 0x94, 0x9e, 0xc6, 0x1c, 0xb6,
  0x1c, 0xb6, 0xdf, 0xc6, 0x9f, 0xe7, 0xdf, 0xc6, 0x5e, 0xb6, 0x1c, 0xa6,
  0x9f, 0xc6, 0x1f, 0xd7, 0xdf, 0xc6, 0xdf, 0xc6, 0x1f, 0xc7, 0x9f, 0xc6,
  0xdf, 0xc6, 0x9f, 0xc6, 0xdf, 0xc6, 0x9f, 0xc6, 0x1c, 0xb6, 0xda, 0xa5,
  0x9e, 0xc6, 0xdf, 0xc6, 0x5e, 0xb6, 0x1f, 0xd7, 0x9e, 0xc6, 0x5e, 0xb6,
  0x9f, 0xc6, 0x9e, 0xb6, 0xdc, 0xa5, 0xdf, 0xc6, 0x1f, 0xd7, 0x9e, 0xc6,
  0xdc, 0xa5, 0xdc, 0xa5, 0xdc, 0xa5, 0x1c, 0xb6, 0xdf, 0xc6, 0x9e, 0xc6,
  0x5e, 0xb6, 0x1c, 0xb6, 0x5f, 0xd7, 0x9e, 0xc6, 0x1c, 0xb6, 0x9f, 0xc6,
  0xdf, 0xc6, 0xdf, 0xc6, 0x1f, 0xc7, 0x1f, 0xd7, 0x9a, 0xa5, 0x9e, 0xc6,
  0x5f, 0xd7, 0x1f, 0xc7, 0x1f, 0xc7, 0x5e, 0xb6, 0xdc, 0xa5, 0x9e, 0xc6,
  0xdc, 0xa5, 0x5e, 0xb6, 0xdf, 0xc6, 0x9f, 0xc6, 0xdf, 0xc6, 0x5f, 0xd7,
  0x5f, 0xd7, 0x5e, 0xb6, 0x9e, 0xc6, 0x5e, 0xb6, 0x9e, 0xc6, 0xdf, 0xc6,
  0xdf, 0xc6, 0xdf, 0xe7, 0x1f, 0xd7, 0x10, 0xb5, 0x0c, 0x94, 0x06, 0x62,
  0x88, 0x92, 0x4c, 0xe3, 0x52, 0xfd, 0x96, 0xfe, 0x14, 0xfe, 0x94, 0xfd,
  0x16, 0xfe, 0x92, 0xfd, 0xd4, 0xfd, 0xd4, 0xfd, 0x52, 0xfd, 0x52, 0xfd,
  0x16, 0xfe, 0x18, 0xff, 0x16, 0xfe, 0x16, 0xfe, 0x98, 0xfe, 0x14, 0xfe,
  0x92, 0xfd, 0x4e, 0xfc, 0x12, 0xfd, 0xd4, 0xfd, 0x14, 0xfe, 0x14, 0xfe,
  0x98, 0xfe, 0xdc, 0xff, 0xd8, 0xfe, 0x52, 0xfd, 0x10, 0xfd, 0x4e, 0xfc,
  0xd4, 0xfd, 0x5a, 0xff, 0xd4, 0xfd, 0x14, 0xfe, 0xd4, 0xfd, 0xd4, 0xfd,
  0x56, 0xfe, 0x16, 0xfe, 0xd4, 0xfd, 0x14, 0xfe, 0x56, 0xfe, 0x16, 0xfe,
  0x96, 0xfe, 0x98, 0xfe, 0x92, 0xfd, 0x92, 0xfd, 0xd4, 0xfd, 0x92, 0xfd,
  0x52, 0xfd, 0x98, 0xfe, 0x9c, 0xff, 0xfe, 0xff, 0x5a, 0xff, 0x92, 0xfd,
  0x14, 0xfe, 0x52, 0xfd, 0x90, 0xfc, 0xd4, 0xfd, 0x56, 0xfe, 0x94, 0xfd,
  0xd4, 0xfd, 0x98, 0xfe, 0xd8, 0xfe, 0x56, 0xfe, 0xd4, 0xfd, 0x5a, 0xff,
  0xd8, 0xfe, 0x90, 0xf4, 0xca, 0xa2, 0x54, 0xe6, 0x12, 0xd6, 0x4c, 0x94,
  0x86, 0xb4, 0xce, 0xff, 0xee, 0xff, 0xee, 0xff, 0xf0, 0xff, 0xf0, 0xff,
  0xf0, 0xff, 0xf0, 0xff, 0xf4, 0xff, 0xf2, 0xff, 0xf4, 0xff, 0xf2, 0xff,
  0xee, 0xff, 0xf0, 0xff, 0xf0, 0xff, 0xf0, 0xff, 0xf0, 0xff, 0xf0, 0xff,
  0xf2, 0xff, 0xf2, 0xff, 0xf0, 0xff, 0xf2, 0xff, 0xf0, 0xff, 0xf0, 0xff,
  0xf0, 0xff, 0xf0, 0xff, 0xf2, 0xff, 0xf0, 0xff, 0xf0, 0xff, 0xf0, 0xff,
  0xf4, 0xff, 0xf6, 0xff, 0xfe, 0xff, 0xf6, 0xff, 0xce, 0xc5, 0x4c, 0xa4,
  0xc8, 0xa2, 0x4e, 0xfc, 0x94, 0xfd, 0x92, 0xfd, 0x94, 0xfd, 0x56, 0xfe,
  0x14, 0xfe, 0x56, 0xfe, 0x92, 0xfd, 0x16, 0xfe, 0xd4, 0xfd, 0xd4, 0xfd,
  0x52, 0xfd, 0xd4, 0xfd, 0x16, 0xfe, 0xd4, 0xfd, 0xd4, 0xfd, 0x92, 0xfd,
  0x52, 0xfd, 0x52, 0xfd, 0x10, 0xfd, 0x94, 0xfd, 0x14, 0xfe, 0xd4, 0xfd,
  0x10, 0xfd, 0x92, 0xfd, 0x14, 0xfe, 0x14, 0xfe, 0x94, 0xfd, 0x52, 0xfd,
  0x56, 0xfe, 0x1a, 0xff, 0x9a, 0xff, 0x18, 0xff, 0x14, 0xfe, 0xd4, 0xfd,
  0x16, 0xfe, 0xd8, 0xfe, 0xd4, 0xfd, 0x94, 0xfd, 0x56, 0xfe, 0x56, 0xfe,
  0x94, 0xfd, 0x92, 0xfd, 0x56, 0xfe, 0x16, 0xfe, 0x52, 0xfd, 0x14, 0xfe,
  0x92, 0xfd, 0x52, 0xfd, 0x92, 0xfd, 0xd4, 0xfd, 0x94, 0xfd, 0xd4, 0xfd,
  0xd4, 0xfd, 0x56, 0xfe, 0x14, 0xfe, 0x52, 0xfd, 0x92, 0xfd, 0xd4, 0xfd,
  0x92, 0xfd, 0x52, 0xfd, 0x14, 0xfe, 0xd4, 0xfd, 0x12, 0xfd, 0x52, 0xfd,
  0x96, 0xfe, 0x96, 0xfe, 0x96, 0xfe, 0x56, 0xfe, 0xd0, 0xf4, 0xce, 0xb4,
  0x8a, 0x83, 0xcc, 0x52, 0x54, 0x74, 0xd6, 0x84, 0x9a, 0xa5, 0x1c, 0xb6,
  0x5e, 0xb6, 0xdf, 0xc6, 0x9e, 0xc6, 0x1c, 0xb6, 0x1f, 0xd7, 0x9f, 0xe7,
  0x9f, 0xe7, 0x9e, 0xb6, 0x9e, 0xb6, 0x9f, 0xc6, 0x5f, 0xd7, 0x5e, 0xb6,
  0x9e, 0xb6, 0x9f, 0xc6, 0x5e, 0xb6, 0xdf, 0xc6, 0xdf, 0xe7, 0x1f, 0xd7,
  0xdf, 0xe7, 0xdf, 0xc6, 0x5e, 0xb6, 0xdc, 0xa5, 0x5e, 0xb6, 0x1c, 0xa6,
  0x5e, 0xb6, 0x1f, 0xd7, 0x5f, 0xd7, 0x9f, 0xc6, 0x9f, 0xc6, 0x9e, 0xc6,
  0x9f, 0xc6, 0x5e, 0xb6, 0xdf, 0xc6, 0xdf, 0xc6, 0x9e, 0xc6, 0x5e, 0xb6,
  0xdf, 0xc6, 0x1c, 0xb6, 0x5e, 0xb6, 0x9e, 0xb6, 0x1c, 0xb6, 0x5e, 0xb6,
  0xdf, 0xe7, 0xff, 0xf7, 0xdf, 0xc6, 0x9f, 0xc6, 0x5f, 0xd7, 0xdf, 0xe7,
  0x5f, 0xd7, 0x1c, 0xb6, 0x1c, 0xb6, 0x9e, 0xb6, 0x9e, 0xc6, 0xdf, 0xc6,
  0x9f, 0xc6, 0x1c, 0xb6, 0xdf, 0xc6, 0x9f, 0xd7, 0x1f, 0xc7, 0xdf, 0xc6,
  0xdf, 0xc6, 0xdf, 0xc6, 0xdf, 0xc6, 0x1f, 0xd7, 0x1f, 0xd7, 0xdf, 0xe7,
  0xdf, 0xd6, 0x14, 0xd6, 0xd0, 0xc5, 0x0a, 0x83, 0x0e, 0xc4, 0x0a, 0xc3,
  0xd0, 0xfc, 0x56, 0xfe, 0x14, 0xfe, 0x56, 0xfe, 0x5a, 0xff, 0x56, 0xfe,
  0x14, 0xfe, 0x92, 0xfd, 0x52, 0xfd, 0x52, 0xfd, 0x96, 0xfe, 0xd8, 0xfe,
  0xd4, 0xfd, 0x16, 0xfe, 0x14, 0xfe, 0x52, 0xfd, 0x94, 0xfd, 0x16, 0xfe,
  0x98, 0xfe, 0x56, 0xfe, 0xd4, 0xfd, 0xd4, 0xfd, 0x96, 0xfe, 0x9c, 0xff,
  0xd8, 0xfe, 0xd8, 0xfe, 0xd4, 0xfd, 0x10, 0xfd, 0x16, 0xfe, 0x18, 0xff,
  0x16, 0xfe, 0x16, 0xfe, 0x16, 0xfe, 0xd4, 0xfd, 0xd4, 0xfd, 0xd4, 0xfd,
  0xd4, 0xfd, 0x16, 0xfe, 0x18, 0xff, 0x96, 0xfe, 0x12, 0xfd, 0x52, 0xfd,
  0x12, 0xfd, 0x52, 0xfd, 0x14, 0xfe, 0x56, 0xfe, 0x16, 0xfe, 0x98, 0xfe,
  0x1a, 0xff, 0x18, 0xff, 0x98, 0xfe, 0x52, 0xfd, 0x12, 0xfd, 0x10, 0xfd,
  0x90, 0xfc, 0xd8, 0xfe, 0xd8, 0xfe, 0x92, 0xfd, 0x94, 0xfd, 0xd4, 0xfd,
  0xd4, 0xfd, 0x56, 0xfe, 0xd4, 0xfd, 0x56, 0xfe, 0x96, 0xfe, 0x90, 0xfc,
  0x48, 0x82, 0x90, 0xc5, 0x90, 0xc5, 0xc6, 0x62, 0x06, 0x94, 0x8a, 0xf6,
  0xec, 0xff, 0xf0, 0xff, 0xf2, 0xff, 0xf0, 0xff, 0xf0, 0xff, 0xee, 0xff,
  0xf4, 0xff, 0xf4, 0xff, 0xf4, 0xff, 0xf0, 0xff, 0xee, 0xff, 0xf0, 0xff,
  0xf0, 0xff, 0xee, 0xff, 0xf2, 0xff, 0xf0, 0xff, 0xf0, 0xff, 0xf2, 0xff,
  0xf0, 0xff, 0xee, 0xff, 0xf0, 0xff, 0xee, 0xff, 0xee, 0xff, 0xf0, 0xff,
  0xf0, 0xff, 0xf2, 0xff, 0xf2, 0xff, 0xf4, 0xff, 0xf4, 0xff, 0xf4, 0xff,
  0xf6, 0xff, 0xf0, 0xff, 0xd0, 0xd5, 0xca, 0x83, 0x88, 0xa2, 0x0e, 0xfc,
  0x12, 0xfd, 0x12, 0xfd, 0xd4, 0xfd, 0x56, 0xfe, 0x16, 0xfe, 0xd4, 0xfd,
  0xd4, 0xfd, 0x56, 0xfe, 0xd4, 0xfd, 0x16, 0xfe, 0x16, 0xfe, 0x94, 0xfd,
  0x56, 0xfe, 0xd4, 0xfd, 0x94, 0xfd, 0x52, 0xfd, 0x12, 0xfd, 0x52, 0xfd,
  0xd4, 0xfd, 0x94, 0xfd, 0xd4, 0xfd, 0x12, 0xfd, 0x52, 0xfd, 0x94, 0xfd,
  0x52, 0xfd, 0x94, 0xfd, 0x96, 0xfe, 0xd4, 0xfd, 0xd8, 0xfe, 0xd8, 0xfe,
  0x1a, 0xff, 0x18, 0xff, 0x52, 0xfd, 0xd4, 0xfd, 0xd8, 0xfe, 0x16, 0xfe,
  0x52, 0xfd, 0x52, 0xfd, 0xd4, 0xfd, 0xd4, 0xfd, 0x94, 0xfd, 0xd4, 0xfd,
  0x52, 0xfd, 0x94, 0xfd, 0xd4, 0xfd, 0xd4, 0xfd, 0x52, 0xfd, 0x52, 0xfd,
  0x16, 0xfe, 0x56, 0xfe, 0x10, 0xfd, 0x52, 0xfd, 0x94, 0xfd, 0xd4, 0xfd,
  0x92, 0xfd, 0x94, 0xfd, 0x14, 0xfe, 0xd4, 0xfd, 0xd4, 0xfd, 0x92, 0xfd,
  0xd4, 0xfd, 0x52, 0xfd, 0xd0, 0xfc, 0x10, 0xfd, 0x98, 0xfe, 0x16, 0xfe,
  0x10, 0xfd, 0xd4, 0xfd, 0x10, 0xfd, 0x10, 0xd6, 0x8e, 0xa4, 0x4e, 0x63,
  0x18, 0x95, 0xdc, 0xa5, 0x9f, 0xe7, 0xdf, 0xe7, 0x1f, 0xc7, 0xdf, 0xc6,
  0x1f, 0xd7, 0x9e, 0xc6, 0xdf, 0xc6, 0x1f, 0xd7, 0x9f, 0xe7, 0x5f, 0xd7,
  0x5f, 0xd7, 0xdf, 0xc6, 0x1f, 0xc7, 0x9f, 0xc6, 0x9e, 0xb6, 0x9f, 0xc6,
  0x9f, 0xc6, 0x9f, 0xd7, 0x9f, 0xe7, 0xdf, 0xe7, 0xff, 0xf7, 0x5f, 0xd7,
  0x1f, 0xc7, 0x9e, 0xc6, 0x5e, 0xb6, 0x1c, 0xb6, 0x9e, 0xc6, 0x9e, 0xc6,
  0x1f, 0xd7, 0x9e, 0xc6, 0x9e, 0xb6, 0xdf, 0xc6, 0x1f, 0xd7, 0x5f, 0xd7,
  0xdf, 0xc6, 0x1f, 0xd7, 0xdf, 0xc6, 0xdf, 0xc6, 0x9e, 0xc6, 0xdf, 0xc6,
  0x9e, 0xc6, 0x5e, 0xb6, 0x9f, 0xc6, 0x9e, 0xc6, 0x5e, 0xb6, 0x9a, 0xa5,
  0x5e, 0xb6, 0x9e, 0xc6, 0x9f, 0xc6, 0x1f, 0xc7, 0xdf, 0xc6, 0x5e, 0xb6,
  0xdf, 0xc6, 0x9f, 0xc6, 0xdf, 0xc6, 0x1f, 0xc7, 0x9e, 0xc6, 0xdf, 0xc6,
  0xdf, 0xc6, 0x1f, 0xc7, 0xdf, 0xc6, 0x1f, 0xc7, 0x9f, 0xc6, 0x1f, 0xd7,
  0x1f, 0xd7, 0xdf, 0xc6, 0x5c, 0xb6, 0xdf, 0xe7, 0xde, 0xc6, 0x12, 0xd6,
  0x50, 0xc5, 0x4a, 0xa3, 0xca, 0xa2, 0xc8, 0xb2, 0x4e, 0xfc, 0x8e, 0xfc,
  0x12, 0xfd, 0x16, 0xfe, 0x5a, 0xff, 0x96, 0xfe, 0x14, 0xfe, 0x56, 0xfe,
  0x94, 0xfd, 0x92, 0xfd, 0xd4, 0xfd, 0x56, 0xfe, 0x96, 0xfe, 0xd4, 0xfd,
  0x16, 0xfe, 0x14, 0xfe, 0xd4, 0xfd, 0x56, 0xfe, 0x98, 0xfe, 0x96, 0xfe,
  0x98, 0xfe, 0xd4, 0xfd, 0x52, 0xfd, 0x94, 0xfd, 0xd8, 0xfe, 0xdc, 0xff,
  0xd8, 0xfe, 0x94, 0xfd, 0x16, 0xfe, 0x56, 0xfe, 0x16, 0xfe, 0x16, 0xfe,
  0xd8, 0xfe, 0x56, 0xfe, 0x16, 0xfe, 0x94, 0xfd, 0x94, 0xfd, 0x98, 0xfe,
  0xd8, 0xfe, 0x14, 0xfe, 0x52, 0xfd, 0x52, 0xfd, 0x52, 0xfd, 0xd4, 0xfd,
  0xd8, 0xfe, 0x56, 0xfe, 0x56, 0xfe, 0x16, 0xfe, 0x52, 0xfd, 0x92, 0xfd,
  0x94, 0xfd, 0xd0, 0xfc, 0xd4, 0xfd, 0x52, 0xfd, 0x4e, 0xfc, 0xd4, 0xfd,
  0x92, 0xfd, 0x52, 0xfd, 0x52, 0xfd, 0x52, 0xfd, 0x94, 0xfd, 0x14, 0xfe,
  0x56, 0xfe, 0x14, 0xfe, 0x96, 0xfe, 0xd0, 0xfc, 0x48, 0x82, 0x0e, 0xb5,
  0xd0, 0xc5, 0x06, 0x73, 0x8a, 0xe6, 0xee, 0xff, 0xec, 0xff, 0xee, 0xff,
  0xf0, 0xff, 0xf6, 0xff, 0xf0, 0xff, 0xec, 0xff, 0xf0, 0xff, 0xf2, 0xff,
  0xf2, 0xff, 0xf6, 0xff, 0xf0, 0xff, 0xee, 0xff, 0xee, 0xff, 0xf2, 0xff,
  0xf4, 0xff, 0xf0, 0xff, 0xf0, 0xff, 0xf0, 0xff, 0xf2, 0xff, 0xee, 0xff,
  0xf0, 0xff, 0xf4, 0xff, 0xf4, 0xff, 0xee, 0xff, 0xf0, 0xff, 0xf6, 0xff,
  0xf2, 0xff, 0xf2, 0xff, 0xf4, 0xff, 0xf4, 0xff, 0xf2, 0xff, 0xf0, 0xff,
  0x10, 0xd6, 0x4c, 0xa4, 0x48, 0x92, 0x4e, 0xfc, 0x94, 0xfd, 0x12, 0xfd,
  0x52, 0xfd, 0x52, 0xfd, 0x52, 0xfd, 0x12, 0xfd, 0xd4, 0xfd, 0xd8, 0xfe,
  0x16, 0xfe, 0x94, 0xfd, 0x94, 0xfd, 0x92, 0xfd, 0xd4, 0xfd, 0x14, 0xfe,
  0xd4, 0xfd, 0x56, 0xfe, 0x96, 0xfe, 0x1a, 0xff, 0x5a, 0xff, 0x98, 0xfe,
  0x16, 0xfe, 0x14, 0xfe, 0x10, 0xfd, 0x12, 0xfd, 0x94, 0xfd, 0x16, 0xfe,
  0x56, 0xfe, 0x14, 0xfe, 0x98, 0xfe, 0xdc, 0xff, 0xd8, 0xfe, 0x96, 0xfe,
  0x14, 0xfe, 0x94, 0xfd, 0x94, 0xfd, 0xd4, 0xfd, 0x16, 0xfe, 0x92, 0xfd,
  0x52, 0xfd, 0x94, 0xfd, 0x52, 0xfd, 0xd4, 0xfd, 0xd4, 0xfd, 0xd4, 0xfd,
  0x16, 0xfe, 0x14, 0xfe, 0x92, 0xfd, 0x94, 0xfd, 0x52, 0xfd, 0x52, 0xfd,
  0x52, 0xfd, 0x16, 0xfe, 0x52, 0xfd, 0x56, 0xfe, 0xd8, 0xfe, 0x56, 0xfe,
  0x96, 0xfe, 0x92, 0xfd, 0x52, 0xfd, 0xd4, 0xfd, 0x94, 0xfd, 0xd4, 0xfd,
  0xd4, 0xfd, 0x94, 0xfd, 0x98, 0xfe, 0xd4, 0xfd, 0x56, 0xfe, 0x52, 0xfd,
  0x0c, 0xe4, 0xd0, 0xd5, 0xce, 0xa4, 0x90, 0x63, 0x96, 0x84, 0x5e, 0xb6,
  0xff, 0xf7, 0xff, 0xf7, 0x9f, 0xd7, 0x9f, 0xd7, 0x5f, 0xd7, 0x5f, 0xd7,
  0x1f, 0xd7, 0xdf, 0xc6, 0xdf, 0xc6, 0x1f, 0xc7, 0x5f, 0xd7, 0xdf, 0xc6,
  0x9f, 0xc6, 0x9e, 0xc6, 0xdf, 0xc6, 0xdf, 0xc6, 0x5f, 0xd7, 0x1f, 0xd7,
  0x9f, 0xc6, 0x9f, 0xe7, 0x9f, 0xe7, 0x5f, 0xd7, 0x5f, 0xd7, 0x5e, 0xb6,
  0x1c, 0xb6, 0xdf, 0xc6, 0xff, 0xf7, 0x1f, 0xd7, 0x5e, 0xb6, 0x9a, 0xa5,
  0x5e, 0xb6, 0x9e, 0xc6, 0x9f, 0xc6, 0x1f, 0xc7, 0x9f, 0xc6, 0xdf, 0xc6,
  0x1f, 0xc7, 0x5f, 0xd7, 0x5f, 0xd7, 0x1f, 0xc7, 0x9e, 0xc6, 0x1f, 0xd7,
  0xdf, 0xc6, 0xdf, 0xc6, 0xdc, 0xa5, 0x18, 0x95, 0x5e, 0xb6, 0x9f, 0xc6,
  0x1f, 0xd7, 0x1f, 0xd7, 0x5f, 0xd7, 0x1f, 0xc7, 0xdf, 0xc6, 0xdf, 0xc6,
  0x5e, 0xb6, 0x9f, 0xc6, 0x1f, 0xc7, 0x9e, 0xb6, 0x1f, 0xc7, 0x9e, 0xc6,
  0xdc, 0xa5, 0x5e, 0xb6, 0xdf, 0xc6, 0xdf, 0xc6, 0x5f, 0xd7, 0x9f, 0xe7,
  0xdf, 0xc6, 0x9f, 0xd7, 0x9e, 0xc6, 0x52, 0xd6, 0x0e, 0xb5, 0x0a, 0x93,
  0xc6, 0x71, 0xca, 0xc2, 0x4e, 0xfc, 0xd0, 0xfc, 0x92, 0xfd, 0xd4, 0xfd,
  0xd4, 0xfd, 0x14, 0xfe, 0xd8, 0xfe, 0x98, 0xfe, 0xd8, 0xfe, 0x94, 0xfd,
  0xd4, 0xfd, 0x56, 0xfe, 0x56, 0xfe, 0xd4, 0xfd, 0x14, 0xfe, 0x16, 0xfe,
  0x14, 0xfe, 0x56, 0xfe, 0x92, 0xfd, 0x52, 0xfd, 0x16, 0xfe, 0x52, 0xfd,
  0x92, 0xfd, 0x94, 0xfd, 0x52, 0xfd, 0xd4, 0xfd, 0x92, 0xfd, 0x92, 0xfd,
  0x52, 0xfd, 0x12, 0xfd, 0x52, 0xfd, 0x92, 0xfd, 0x96, 0xfe, 0x56, 0xfe,
  0xd4, 0xfd, 0x14, 0xfe, 0xd4, 0xfd, 0xd4, 0xfd, 0x14, 0xfe, 0x16, 0xfe,
  0x92, 0xfd, 0x52, 0xfd, 0xd4, 0xfd, 0xd8, 0xfe, 0xfe, 0xff, 0x56, 0xfe,
  0x94, 0xfd, 0x52, 0xfd, 0xd0, 0xfc, 0xd0, 0xfc, 0x90, 0xfc, 0x4e, 0xfc,
  0x94, 0xfd, 0x52, 0xfd, 0x10, 0xfd, 0xd4, 0xfd, 0x52, 0xfd, 0xd0, 0xfc,
  0x92, 0xfd, 0x92, 0xfd, 0x92, 0xfd, 0x14, 0xfe, 0xd4, 0xfd, 0x94, 0xfd,
  0x56, 0xfe, 0x52, 0xfd, 0x0c, 0xe4, 0x94, 0xf6, 0x52, 0xd6, 0xc6, 0x62,
  0x4a, 0xc5, 0xee, 0xff, 0xee, 0xff, 0xee, 0xff, 0xf0, 0xff, 0xf2, 0xff,
  0xee, 0xff, 0xee, 0xff, 0xf0, 0xff, 0xf2, 0xff, 0xf2, 0xff, 0xf2, 0xff,
  0xee, 0xff, 0xf0, 0xff, 0xee, 0xff, 0xee, 0xff, 0xf0, 0xff, 0xee, 0xff,
  0xf2, 0xff, 0xf2, 0xff, 0xf6, 0xff, 0xf0, 0xff, 0xee, 0xff, 0xf2, 0xff,
  0xf2, 0xff, 0xee, 0xff, 0xee, 0xff, 0xf4, 0xff, 0xf6, 0xff, 0xf2, 0xff,
  0xf0, 0xff, 0xf0, 0xff, 0xee, 0xff, 0xf0, 0xff, 0x52, 0xe6, 0x12, 0xd6,
  0x88, 0x82, 0x4c, 0xd3, 0x0e, 0xf4, 0x10, 0xfd, 0xd0, 0xfc, 0x12, 0xfd,
  0x52, 0xfd, 0x16, 0xfe, 0x94, 0xfd, 0x16, 0xfe, 0xd4, 0xfd, 0x94, 0xfd,
  0x92, 0xfd, 0x92, 0xfd, 0xd4, 0xfd, 0xd4, 0xfd, 0x18, 0xff, 0x56, 0xfe,
  0xd8, 0xfe, 0x9c, 0xff, 0x5a, 0xff, 0x14, 0xfe, 0x14, 0xfe, 0x56, 0xfe,
  0xd4, 0xfd, 0x56, 0xfe, 0xdc, 0xff, 0x94, 0xfd, 0x10, 0xfd, 0x92, 0xfd,
  0x94, 0xfd, 0x56, 0xfe, 0x56, 0xfe, 0x96, 0xfe, 0x98, 0xfe, 0x16, 0xfe,
  0x16, 0xfe, 0x14, 0xfe, 0x52, 0xfd, 0x92, 0xfd, 0x10, 0xfd, 0x12, 0xfd,
  0x94, 0xfd, 0x92, 0xfd, 0x52, 0xfd, 0xd4, 0xfd, 0x14, 0xfe, 0x94, 0xfd,
  0x94, 0xfd, 0x16, 0xfe, 0x92, 0xfd, 0x92, 0xfd, 0xd4, 0xfd, 0x94, 0xfd,
  0x12, 0xfd, 0x14, 0xfe, 0x56, 0xfe, 0x56, 0xfe, 0x96, 0xfe, 0x52, 0xfd,
  0x12, 0xfd, 0xd4, 0xfd, 0x92, 0xfd, 0x56, 0xfe, 0xd4, 0xfd, 0x14, 0xfe,
  0x14, 0xfe, 0x96, 0xfe, 0x5a, 0xff, 0xd4, 0xfd, 0xcc, 0xd3, 0x8c, 0xa4,
  0x90, 0xc5, 0x4e, 0x63, 0x50, 0x63, 0x96, 0x84, 0x5c, 0xb6, 0x9f, 0xc6,
  0x5f, 0xd7, 0x9f, 0xe7, 0xdf, 0xc6, 0xdf, 0xc6, 0x5e, 0xb6, 0x1f, 0xc7,
  0x9f, 0xc6, 0xdf, 0xc6, 0x5f, 0xd7, 0x9e, 0xc6, 0xdf, 0xc6, 0x9f, 0xc6,
  0x9e, 0xb6, 0xdf, 0xc6, 0x1f, 0xc7, 0xdf, 0xc6, 0x5e, 0xb6, 0x9e, 0xc6,
  0x1f, 0xc7, 0xdf, 0xe7, 0xff, 0xf7, 0x9f, 0xe7, 0x9e, 0xc6, 0x1f, 0xc7,
  0xff, 0xe7, 0x1f, 0xd7, 0x9e, 0xb6, 0x1c, 0xb6, 0x9e, 0xc6, 0xdf, 0xc6,
  0x9f, 0xc6, 0xdf, 0xc6, 0x1f, 0xd7, 0x1f, 0xd7, 0x1f, 0xc7, 0xdf, 0xc6,
  0x9f, 0xc6, 0x9f, 0xc6, 0x5f, 0xd7, 0xff, 0xf7, 0x9e, 0xc6, 0x9e, 0xc6,
  0x5e, 0xb6, 0x9a, 0xa5, 0xdc, 0xa5, 0x5e, 0xb6, 0x5f, 0xd7, 0x5f, 0xd7,
  0x1f, 0xd7, 0x1f, 0xd7, 0xdf, 0xc6, 0x9e, 0xc6, 0xdf, 0xc6, 0x1c, 0xb6,
  0x9f, 0xc6, 0x1c, 0xb6, 0xdf, 0xc6, 0x9e, 0xb6, 0xdc, 0xa5, 0x1c, 0xa6,
  0x5e, 0xb6, 0x9e, 0xc6, 0x9e, 0xc6, 0x1f, 0xd7, 0x1f, 0xd7, 0x1f, 0xd7,
  0x9e, 0xc6, 0x50, 0xb5, 0xce, 0xb4, 0x8c, 0xb3, 0x0a, 0x93, 0x8c, 0xe3,
  0x4e, 0xfc, 0xd4, 0xfd, 0x56, 0xfe, 0x52, 0xfd, 0x52, 0xfd, 0x94, 0xfd,
  0xd4, 0xfd, 0x94, 0xfd, 0x98, 0xfe, 0x94, 0xfd, 0xd4, 0xfd, 0x56, 0xfe,
  0x16, 0xfe, 0xd4, 0xfd, 0x16, 0xfe, 0xd4, 0xfd, 0x96, 0xfe, 0xd4, 0xfd,
  0x12, 0xfd, 0x90, 0xfc, 0x4e, 0xfc, 0x52, 0xfd, 0x52, 0xfd, 0xd4, 0xfd,
  0x92, 0xfd, 0x12, 0xfd, 0x16, 0xfe, 0xd8, 0xfe, 0x94, 0xfd, 0x90, 0xfc,
  0x92, 0xfd, 0x14, 0xfe, 0x56, 0xfe, 0x14, 0xfe, 0x94, 0xfd, 0x14, 0xfe,
  0xd4, 0xfd, 0x92, 0xfd, 0x16, 0xfe, 0x16, 0xfe, 0xd4, 0xfd, 0x92, 0xfd,
  0xd4, 0xfd, 0x98, 0xfe, 0x5a, 0xff, 0x56, 0xfe, 0x56, 0xfe, 0xd4, 0xfd,
  0xd4, 0xfd, 0x14, 0xfe, 0x52, 0xfd, 0xd0, 0xfc, 0x94, 0xfd, 0xd4, 0xfd,
  0x56, 0xfe, 0x56, 0xfe, 0xd4, 0xfd, 0x52, 0xfd, 0x12, 0xfd, 0x92, 0xfd,
  0x56, 0xfe, 0xd4, 0xfd, 0xd4, 0xfd, 0xd4, 0xfd, 0x92, 0xfd, 0xd4, 0xfd,
  0x0c, 0xe4, 0x50, 0xc5, 0x50, 0xc5, 0x08, 0x84, 0x46, 0x94, 0xca, 0xfe,
  0xf0, 0xff, 0xf2, 0xff, 0xf0, 0xff, 0xee, 0xff, 0xee, 0xff, 0xf2, 0xff,
  0xf2, 0xff, 0xf0, 0xff, 0xee, 0xff, 0xec, 0xff, 0xf0, 0xff, 0xf6, 0xff,
  0xf0, 0xff, 0x8c, 0xff, 0x08, 0xff, 0xec, 0xff, 0xee, 0xff, 0xee, 0xff,
  0xf2, 0xff, 0xee, 0xff, 0xee, 0xff, 0xf4, 0xff, 0xf0, 0xff, 0xee, 0xff,
  0xf0, 0xff, 0xf0, 0xff, 0xf4, 0xff, 0xf0, 0xff, 0xf2, 0xff, 0xf6, 0xff,
  0xf2, 0xff, 0xee, 0xff, 0x0c, 0xb5, 0x50, 0xc5, 0xc8, 0x92, 0x0e, 0xf4,
  0x52, 0xfd, 0x94, 0xfd, 0x14, 0xfe, 0xd4, 0xfd, 0x92, 0xfd, 0x56, 0xfe,
  0xd4, 0xfd, 0x94, 0xfd, 0x14, 0xfe, 0xd4, 0xfd, 0x92, 0xfd, 0x52, 0xfd,
  0x14, 0xfe, 0xd4, 0xfd, 0xd4, 0xfd, 0x56, 0xfe, 0x18, 0xff, 0x14, 0xfe,
  0x92, 0xfd, 0x52, 0xfd, 0x94, 0xfd, 0xd4, 0xfd, 0xd4, 0xfd, 0x56, 0xfe,
  0x5a, 0xff, 0xd4, 0xfd, 0x52, 0xfd, 0x92, 0xfd, 0x94, 0xfd, 0x92, 0xfd,
  0x98, 0xfe, 0x56, 0xfe, 0x56, 0xfe, 0x94, 0xfd, 0x56, 0xfe, 0x98, 0xfe,
  0x12, 0xfd, 0x52, 0xfd, 0x56, 0xfe, 0x56, 0xfe, 0x14, 0xfe, 0x52, 0xfd,
  0x52, 0xfd, 0x14, 0xfe, 0x94, 0xfd, 0x94, 0xfd, 0x52, 0xfd, 0x16, 0xfe,
  0x56, 0xfe, 0x14, 0xfe, 0x94, 0xfd, 0x94, 0xfd, 0xd4, 0xfd, 0x96, 0xfe,
  0x94, 0xfd, 0xd4, 0xfd, 0xd4, 0xfd, 0x10, 0xfd, 0x12, 0xfd, 0x56, 0xfe,
  0x96, 0xfe, 0x92, 0xfd, 0x92, 0xfd, 0x92, 0xfd, 0x14, 0xfe, 0xd4, 0xfd,
  0x14, 0xfe, 0x52, 0xfd, 0xcc, 0xc3, 0x90, 0xc5, 0x0e, 0xb5, 0x8a, 0x52,
  0x4a, 0x42, 0x14, 0x74, 0x5e, 0xb6, 0xdf, 0xc6, 0x9f, 0xe7, 0xdf, 0xe7,
  0x5f, 0xd7, 0x5e, 0xb6, 0x1e, 0xb6, 0x5e, 0xb6, 0x1c, 0xb6, 0x9e, 0xb6,
  0x9e, 0xb6, 0x9e, 0xc6, 0x1f, 0xd7, 0x1c, 0xb6, 0xdc, 0xa5, 0x9f, 0xc6,
  0x9e, 0xc6, 0x5e, 0xb6, 0x1c, 0xb6, 0x5e, 0xb6, 0x9e, 0xb6, 0x1f, 0xd7,
  0xff, 0xff, 0xff, 0xff, 0x9e, 0xb6, 0x1f, 0xc7, 0x5f, 0xd7, 0x1f, 0xc7,
  0x1f, 0xc7, 0x1f, 0xc7, 0xdf, 0xc6, 0xdf, 0xc6, 0x1f, 0xd7, 0xdf, 0xc6,
  0x5e, 0xb6, 0x5e, 0xb6, 0x5f, 0xd7, 0x1f, 0xd7, 0x1f, 0xc7, 0xdf, 0xc6,
  0x1f, 0xd7, 0x9f, 0xd7, 0x5f, 0xd7, 0x1f, 0xd7, 0x9f, 0xc6, 0x5e, 0xb6,
  0x5e, 0xb6, 0xdf, 0xc6, 0xdf, 0xc6, 0x5e, 0xb6, 0x5e, 0xb6, 0x5e, 0xb6,
  0x5e, 0xb6, 0x9f, 0xc6, 0xdf, 0xc6, 0xdc, 0xa5, 0x1c, 0xb6, 0x9f, 0xc6,
  0x1f, 0xd7, 0xdf, 0xc6, 0x9e, 0xc6, 0x9e, 0xc6, 0xdf, 0xc6, 0xdf, 0xc6,
  0x5e, 0xb6, 0xdf, 0xc6, 0xdf, 0xc6, 0x5e, 0xb6, 0x1f, 0xd7, 0xcc, 0x83,
  0xc8, 0x72, 0xcc, 0xc3, 0x94, 0xfd, 0xd2, 0xfc, 0x52, 0xfd, 0x96, 0xfe,
  0xd8, 0xfe, 0xd4, 0xfd, 0x94, 0xfd, 0x52, 0xfd, 0x92, 0xfd, 0x14, 0xfe,
  0x14, 0xfe, 0x52, 0xfd, 0x16, 0xfe, 0xd4, 0xfd, 0xd4, 0xfd, 0x52, 0xfd,
  0x94, 0xfd, 0x52, 0xfd, 0x14, 0xfe, 0x12, 0xfd, 0x10, 0xfd, 0x90, 0xfc,
  0x0e, 0xf4, 0x90, 0xfc, 0x52, 0xfd, 0x12, 0xfd, 0x92, 0xfd, 0xd4, 0xfd,
  0x92, 0xfd, 0x98, 0xfe, 0xdc, 0xff, 0xd8, 0xfe, 0x14, 0xfe, 0x94, 0xfd,
  0x52, 0xfd, 0x10, 0xfd, 0x12, 0xfd, 0xd4, 0xfd, 0x14, 0xfe, 0x52, 0xfd,
  0x12, 0xfd, 0x12, 0xfd, 0x52, 0xfd, 0x92, 0xfd, 0x92, 0xfd, 0x5a, 0xff,
  0x1a, 0xff, 0x16, 0xfe, 0x56, 0xfe, 0x16, 0xfe, 0x14, 0xfe, 0xd8, 0xfe,
  0xd4, 0xfd, 0x52, 0xfd, 0x92, 0xfd, 0x94, 0xfd, 0xd4, 0xfd, 0xd4, 0xfd,
  0xd8, 0xfe, 0xd4, 0xfd, 0x52, 0xfd, 0x92, 0xfd, 0xd4, 0xfd, 0x14, 0xfe,
  0x92, 0xfd, 0x52, 0xfd, 0x56, 0xfe, 0x94, 0xfd, 0xca, 0xa2, 0x4c, 0xa4,
  0x0e, 0xb5, 0x0a, 0xb5, 0x4a, 0xe6, 0x0a, 0xff, 0xf0, 0xff, 0xf8, 0xff,
  0xf4, 0xff, 0xf0, 0xff, 0xf0, 0xff, 0xf2, 0xff, 0xf8, 0xff, 0xf4, 0xff,
  0xf2, 0xff, 0xf2, 0xff, 0xf2, 0xff, 0xf4, 0xff, 0xf6, 0xff, 0xf8, 0xff,
  0xee, 0xff, 0xcc, 0xff, 0xec, 0xff, 0xca, 0xff, 0xea, 0xff, 0xec, 0xff,
  0xee, 0xff, 0xf2, 0xff, 0xee, 0xff, 0xee, 0xff, 0xf0, 0xff, 0xf0, 0xff,
  0xf0, 0xff, 0xf0, 0xff, 0xf2, 0xff, 0xf4, 0xff, 0xf2, 0xff, 0xf0, 0xff,
  0x92, 0xe6, 0x8c, 0xa4, 0x06, 0x82, 0x8c, 0xe3, 0x94, 0xfd, 0x98, 0xfe,
  0xd8, 0xfe, 0xd4, 0xfd, 0x94, 0xfd, 0x56, 0xfe, 0x92, 0xfd, 0xd4, 0xfd,
  0x56, 0xfe, 0xd4, 0xfd, 0x94, 0xfd, 0x52, 0xfd, 0xd4, 0xfd, 0x56, 0xfe,
  0x52, 0xfd, 0x94, 0xfd, 0x94, 0xfd, 0x14, 0xfe, 0xd4, 0xfd, 0x56, 0xfe,
  0x16, 0xfe, 0x92, 0xfd, 0x94, 0xfd, 0x92, 0xfd, 0xd4, 0xfd, 0x56, 0xfe,
  0xd4, 0xfd, 0x98, 0xfe, 0x16, 0xfe, 0x90, 0xfc, 0x52, 0xfd, 0x92, 0xfd,
  0x56, 0xfe, 0x14, 0xfe, 0x98, 0xfe, 0x56, 0xfe, 0x10, 0xfd, 0xd0, 0xfc,
  0x56, 0xfe, 0x16, 0xfe, 0x92, 0xfd, 0xd0, 0xfc, 0x56, 0xfe, 0xd8, 0xfe,
  0xd4, 0xfd, 0xd4, 0xfd, 0x52, 0xfd, 0x56, 0xfe, 0xd8, 0xfe, 0x14, 0xfe,
  0x94, 0xfd, 0xd0, 0xfc, 0x12, 0xfd, 0xd8, 0xfe, 0x56, 0xfe, 0x16, 0xfe,
  0x94, 0xfd, 0xd0, 0xfc, 0xd0, 0xfc, 0x94, 0xfd, 0x98, 0xfe, 0x12, 0xfd,
  0xd0, 0xfc, 0x52, 0xfd, 0x94, 0xfd, 0xd8, 0xfe, 0xd8, 0xfe, 0x94, 0xfd,
  0x4a, 0xb3, 0x48, 0x73, 0xce, 0xa4, 0x86, 0x31, 0x4a, 0x42, 0x14, 0x74,
  0x5e, 0xb6, 0x9f, 0xc6, 0x1f, 0xc7, 0x9f, 0xe7, 0x5f, 0xd7, 0x5f, 0xd7,
  0x5e, 0xb6, 0x5e, 0xb6, 0x1f, 0xc7, 0x9f, 0xc6, 0x9f, 0xc6, 0x9e, 0xc6,
  0x1f, 0xd7, 0x5f, 0xd7, 0x9e, 0xc6, 0x5e, 0xb6, 0x9f, 0xc6, 0x9f, 0xc6,
  0x1c, 0xb6, 0x9f, 0xc6, 0xdf, 0xc6, 0xdf, 0xc6, 0x1f, 0xd7, 0x1f, 0xd7,
  0x9e, 0xb6, 0x5f, 0xd7, 0xdf, 0xc6, 0xdf, 0xc6, 0x1c, 0xb6, 0xdc, 0xa5,
  0x9e, 0xc6, 0xdf, 0xc6, 0x9f, 0xc6, 0x5e, 0xb6, 0xdc, 0xa5, 0x5e, 0xb6,
  0x1f, 0xd7, 0x9e, 0xc6, 0xdf, 0xc6, 0xdf, 0xc6, 0xdf, 0xc6, 0x9f, 0xc6,
  0x5c, 0xb6, 0x1c, 0xb6, 0x9e, 0xb6, 0x5e, 0xb6, 0x9f, 0xc6, 0x1f, 0xd7,
  0xdf, 0xe7, 0xdf, 0xc6, 0xdf, 0xc6, 0x9f, 0xc6, 0x5e, 0xb6, 0x1f, 0xc7,
  0x9f, 0xd7, 0x9e, 0xc6, 0x1c, 0xb6, 0x9e, 0xc6, 0xdf, 0xc6, 0xdf, 0xc6,
  0xdf, 0xe7, 0x5f, 0xd7, 0x5f, 0xd7, 0xdf, 0xc6, 0x9f, 0xc6, 0x5e, 0xb6,
  0xdf, 0xc6, 0x1f, 0xc7, 0x9e, 0xc6, 0xd0, 0xa4, 0x8c, 0xa4, 0x88, 0x82,
  0xd2, 0xfc, 0x90, 0xfc, 0x52, 0xfd, 0x94, 0xfd, 0xd8, 0xfe, 0x56, 0xfe,
  0xd8, 0xfe, 0x52, 0xfd, 0x16, 0xfe, 0x56, 0xfe, 0xd4, 0xfd, 0x94, 0xfd,
  0xd4, 0xfd, 0x92, 0xfd, 0x52, 0xfd, 0x16, 0xfe, 0x18, 0xff, 0x94, 0xfd,
  0x94, 0xfd, 0x52, 0xfd, 0x12, 0xfd, 0x0e, 0xfc, 0x8c, 0xe3, 0x8c, 0xe3,
  0xd0, 0xfc, 0x56, 0xfe, 0x56, 0xfe, 0xd4, 0xfd, 0x56, 0xfe, 0x96, 0xfe,
  0x5a, 0xff, 0x98, 0xfe, 0x94, 0xfd, 0x52, 0xfd, 0xd4, 0xfd, 0x92, 0xfd,
  0x92, 0xfd, 0xd4, 0xfd, 0x92, 0xfd, 0x52, 0xfd, 0x12, 0xfd, 0x52, 0xfd,
  0x12, 0xfd, 0x12, 0xfd, 0x52, 0xfd, 0x18, 0xff, 0x1a, 0xff, 0x92, 0xfd,
  0xd4, 0xfd, 0xd8, 0xfe, 0x92, 0xfd, 0x92, 0xfd, 0xd4, 0xfd, 0x98, 0xfe,
  0x56, 0xfe, 0x1a, 0xff, 0x5a, 0xff, 0xd4, 0xfd, 0x56, 0xfe, 0x56, 0xfe,
  0x94, 0xfd, 0x52, 0xfd, 0x16, 0xfe, 0x94, 0xfd, 0xcc, 0xf3, 0x4e, 0xfc,
  0x56, 0xfe, 0x96, 0xfe, 0x0e, 0xe4, 0xce, 0xc4, 0x8c, 0xa4, 0x48, 0x94,
  0x0a, 0xe6, 0x8a, 0xf6, 0x8c, 0xff, 0xf6, 0xff, 0xf4, 0xff, 0xf0, 0xff,
  0xf0, 0xff, 0xee, 0xff, 0xf4, 0xff, 0xf4, 0xff, 0xf0, 0xff, 0xf6, 0xff,
  0xf4, 0xff, 0xf6, 0xff, 0xf8, 0xff, 0xf8, 0xff, 0xf8, 0xff, 0xf2, 0xff,
  0xf2, 0xff, 0xf0, 0xff, 0xee, 0xff, 0x4a, 0xff, 0xec, 0xff, 0xf4, 0xff,
  0xee, 0xff, 0xee, 0xff, 0xf0, 0xff, 0xee, 0xff, 0xf0, 0xff, 0xf4, 0xff,
  0xf4, 0xff, 0xf2, 0xff, 0xf6, 0xff, 0xf2, 0xff, 0x52, 0xd6, 0xce, 0xa4,
  0x88, 0x82, 0x8c, 0xd3, 0x14, 0xfe, 0xd8, 0xfe, 0x16, 0xfe, 0x92, 0xfd,
  0x52, 0xfd, 0x12, 0xfd, 0x10, 0xfd, 0x16, 0xfe, 0x1a, 0xff, 0xd8, 0xfe,
  0xd4, 0xfd, 0x14, 0xfe, 0x14, 0xfe, 0x92, 0xfd, 0x52, 0xfd, 0x92, 0xfd,
  0xd0, 0xfc, 0x52, 0xfd, 0x52, 0xfd, 0x1a, 0xff, 0x5a, 0xff, 0x14, 0xfe,
  0xd4, 0xfd, 0xd4, 0xfd, 0x56, 0xfe, 0x1a, 0xff, 0x56, 0xfe, 0x16, 0xfe,
  0x10, 0xfd, 0x10, 0xfd, 0x56, 0xfe, 0x16, 0xfe, 0x94, 0xfd, 0x16, 0xfe,
  0xd8, 0xfe, 0x94, 0xfd, 0x92, 0xfd, 0xd0, 0xfc, 0x92, 0xfd, 0x16, 0xfe,
  0x52, 0xfd, 0x12, 0xfd, 0x14, 0xfe, 0x96, 0xfe, 0xd4, 0xfd, 0x56, 0xfe,
  0x94, 0xfd, 0x94, 0xfd, 0xd4, 0xfd, 0xd4, 0xfd, 0xd4, 0xfd, 0xd4, 0xfd,
  0x12, 0xfd, 0x14, 0xfe, 0x92, 0xfd, 0xd4, 0xfd, 0x14, 0xfe, 0xd4, 0xfd,
  0xd4, 0xfd, 0x10, 0xfd, 0x94, 0xfd, 0xd4, 0xfd, 0x16, 0xfe, 0x14, 0xfe,
  0x94, 0xfd, 0xd4, 0xfd, 0x16, 0xfe, 0x16, 0xfe, 0x4e, 0xe4, 0x0e, 0xb5,
  0xce, 0xa4, 0x8a, 0x52, 0x8a, 0x42, 0x14, 0x74, 0x1e, 0xb6, 0xdf, 0xc6,
  0x5e, 0xb6, 0x5e, 0xb6, 0xdf, 0xc6, 0x5f, 0xd7, 0x5e, 0xb6, 0x9f, 0xc6,
  0x9f, 0xd7, 0xdf, 0xc6, 0x1f, 0xd7, 0xdf, 0xe7, 0xdf, 0xc6, 0x9e, 0xb6,
  0x9e, 0xb6, 0x5c, 0xb6, 0xdf, 0xc6, 0xdf, 0xc6, 0xdc, 0xa5, 0x1c, 0xb6,
  0x5e, 0xb6, 0x5e, 0xb6, 0x9e, 0xc6, 0x9e, 0xc6, 0x9f, 0xc6, 0x9e, 0xb6,
  0x9e, 0xb6, 0x9e, 0xc6, 0x1c, 0xb6, 0xda, 0xa5, 0x1e, 0xb6, 0x9e, 0xb6,
  0x1f, 0xc7, 0x9f, 0xc6, 0x5e, 0xb6, 0x5e, 0xb6, 0xdf, 0xc6, 0x9f, 0xc6,
  0x9e, 0xc6, 0x5e, 0xb6, 0x9f, 0xc6, 0x5e, 0xb6, 0x9f, 0xe7, 0x9f, 0xd7,
  0x9f, 0xc6, 0x9e, 0xb6, 0x9e, 0xc6, 0xdf, 0xc6, 0x1f, 0xd7, 0x5f, 0xd7,
  0x9f, 0xc6, 0x9f, 0xc6, 0x1c, 0xb6, 0x9e, 0xb6, 0x9f, 0xc6, 0xdf, 0xc6,
  0x5e, 0xb6, 0x5e, 0xb6, 0x9e, 0xb6, 0xdf, 0xc6, 0x5f, 0xd7, 0x1f, 0xd7,
  0x1f, 0xc7, 0x5f, 0xd7, 0xdf, 0xe7, 0xdf, 0xc6, 0x5f, 0xd7, 0x9f, 0xe7,
  0x98, 0xa5, 0x52, 0xd6, 0x90, 0xc5, 0x48, 0x62, 0x48, 0x82, 0x0a, 0xd3,
  0x94, 0xfd, 0x52, 0xfd, 0x90, 0xfc, 0x14, 0xfe, 0x5a, 0xff, 0xd4, 0xfd,
  0x94, 0xfd, 0x92, 0xfd, 0x92, 0xfd, 0x52, 0xfd, 0x52, 0xfd, 0x56, 0xfe,
  0x98, 0xfe, 0x56, 0xfe, 0xd8, 0xfe, 0x94, 0xfd, 0x52, 0xfd, 0x56, 0xfe,
  0x14, 0xfe, 0xd0, 0xfc, 0xd0, 0xfc, 0xd0, 0xfc, 0x52, 0xfd, 0x98, 0xfe,
  0x92, 0xfd, 0x94, 0xfd, 0x94, 0xfd, 0x94, 0xfd, 0x92, 0xfd, 0x94, 0xfd,
  0xd0, 0xfc, 0x94, 0xfd, 0x1a, 0xff, 0xd8, 0xfe, 0x56, 0xfe, 0x16, 0xfe,
  0xd4, 0xfd, 0x14, 0xfe, 0xd4, 0xfd, 0x94, 0xfd, 0x92, 0xfd, 0xd4, 0xfd,
  0x92, 0xfd, 0x52, 0xfd, 0x94, 0xfd, 0x92, 0xfd, 0x98, 0xfe, 0x98, 0xfe,
  0x92, 0xfd, 0xd4, 0xfd, 0x56, 0xfe, 0x56, 0xfe, 0x98, 0xfe, 0x56, 0xfe,
  0x16, 0xfe, 0x52, 0xfd, 0x16, 0xfe, 0x94, 0xfd, 0x14, 0xfe, 0x94, 0xfd,
  0xd4, 0xfd, 0x12, 0xfd, 0x4e, 0xfc, 0x0e, 0xfc, 0xd0, 0xfc, 0x96, 0xfe,
  0xd0, 0xfc, 0x50, 0xc5, 0x90, 0xc5, 0x06, 0x73, 0xc8, 0xa4, 0xee, 0xff,
  0xcc, 0xff, 0xee, 0xff, 0xf0, 0xff, 0xee, 0xff, 0xf2, 0xff, 0xee, 0xff,
  0xf2, 0xff, 0xf2, 0xff, 0xf0, 0xff, 0xf0, 0xff, 0xf0, 0xff, 0xf0, 0xff,
  0xf8, 0xff, 0xf8, 0xff, 0xf8, 0xff, 0xf6, 0xff, 0xf0, 0xff, 0xf4, 0xff,
  0xf6, 0xff, 0xf0, 0xff, 0xee, 0xff, 0xee, 0xff, 0xf0, 0xff, 0xee, 0xff,
  0xf0, 0xff, 0xf0, 0xff, 0xf4, 0xff, 0xf6, 0xff, 0xf2, 0xff, 0xec, 0xff,
  0xf4, 0xff, 0xf4, 0xff, 0x10, 0xd6, 0xca, 0x93, 0x48, 0x82, 0x4a, 0xd3,
  0xd0, 0xfc, 0x10, 0xfd, 0x12, 0xfd, 0x92, 0xfd, 0xd0, 0xfc, 0xcc, 0xe3,
  0x0e, 0xfc, 0x92, 0xfd, 0x98, 0xfe, 0x14, 0xfe, 0x16, 0xfe, 0xd8, 0xfe,
  0x52, 0xfd, 0xd4, 0xfd, 0x56, 0xfe, 0x56, 0xfe, 0x52, 0xfd, 0xd4, 0xfd,
  0x92, 0xfd, 0x98, 0xfe, 0xd8, 0xfe, 0x52, 0xfd, 0xd4, 0xfd, 0xd4, 0xfd,
  0xd4, 0xfd, 0x56, 0xfe, 0x94, 0xfd, 0x92, 0xfd, 0x12, 0xfd, 0xd4, 0xfd,
  0x5a, 0xff, 0x16, 0xfe, 0xd4, 0xfd, 0x94, 0xfd, 0x56, 0xfe, 0x94, 0xfd,
  0x92, 0xfd, 0x10, 0xfd, 0x52, 0xfd, 0x96, 0xfe, 0xd4, 0xfd, 0x12, 0xfd,
  0xd4, 0xfd, 0x14, 0xfe, 0x94, 0xfd, 0x16, 0xfe, 0xd4, 0xfd, 0x12, 0xfd,
  0x52, 0xfd, 0xd4, 0xfd, 0xd4, 0xfd, 0x96, 0xfe, 0x14, 0xfe, 0x92, 0xfd,
  0x10, 0xfd, 0x12, 0xfd, 0x96, 0xfe, 0x16, 0xfe, 0x94, 0xfd, 0xd0, 0xfc,
  0x92, 0xfd, 0x14, 0xfe, 0x56, 0xfe, 0x16, 0xfe, 0x98, 0xfe, 0x52, 0xfd,
  0x14, 0xfe, 0x96, 0xfe, 0xd0, 0xfc, 0x90, 0xc5, 0x0c, 0x94, 0x8a, 0x52,
  0x8c, 0x42, 0x14, 0x74, 0x1e, 0xb6, 0x5f, 0xd7, 0x9e, 0xc6, 0x1e, 0xb6,
  0xdf, 0xc6, 0x1f, 0xc7, 0x1e, 0xb6, 0x5e, 0xb6, 0xdf, 0xc6, 0x5e, 0xb6,
  0x5e, 0xb6, 0x9e, 0xc6, 0x1c, 0xb6, 0x5e, 0xb6, 0x5f, 0xd7, 0xdf, 0xe7,
  0x5f, 0xd7, 0x5e, 0xb6, 0x5e, 0xb6, 0x5e, 0xb6, 0x9a, 0xa5, 0x5a, 0x95,
  0x5a, 0x95, 0x9a, 0xa5, 0x9a, 0xa5, 0x9e, 0xb6, 0x1f, 0xc7, 0x1f, 0xd7,
  0xdf, 0xc6, 0x5e, 0xb6, 0xdf, 0xc6, 0x9f, 0xc6, 0xdf, 0xc6, 0xdf, 0xc6,
  0x5e, 0xb6, 0x9e, 0xb6, 0xdf, 0xc6, 0x9e, 0xb6, 0xdf, 0xc6, 0x5e, 0xb6,
  0x9e, 0xc6, 0x1f, 0xd7, 0x1f, 0xd7, 0x1f, 0xc7, 0x5f, 0xd7, 0x9e, 0xc6,
  0x9e, 0xb6, 0x9e, 0xc6, 0x5f, 0xd7, 0x5f, 0xd7, 0x1c, 0xb6, 0xdc, 0xa5,
  0x9a, 0xa5, 0xdc, 0xa5, 0xdf, 0xc6, 0x1f, 0xc7, 0x1f, 0xd7, 0x9f, 0xc6,
  0xdf, 0xc6, 0x9e, 0xc6, 0xdf, 0xc6, 0x1f, 0xd7, 0xdf, 0xc6, 0x1f, 0xc7,
  0x1f, 0xc7, 0xdf, 0xc6, 0x5f, 0xd7, 0x1f, 0xc7, 0x92, 0x84, 0xd2, 0xc5,
  0x90, 0xc5, 0x4e, 0xb4, 0x8c, 0xb3, 0x48, 0x92, 0x0e, 0xfc, 0x94, 0xfd,
  0x10, 0xfd, 0x94, 0xfd, 0x16, 0xfe, 0x52, 0xfd, 0x10, 0xfd, 0x94, 0xfd,
  0x14, 0xfe, 0xd4, 0xfd, 0x56, 0xfe, 0xdc, 0xff, 0xfe, 0xff, 0x94, 0xfd,
  0x16, 0xfe, 0xd4, 0xfd, 0x92, 0xfd, 0x16, 0xfe, 0x56, 0xfe, 0x52, 0xfd,
  0x92, 0xfd, 0xd4, 0xfd, 0x92, 0xfd, 0x56, 0xfe, 0x52, 0xfd, 0xd0, 0xfc,
  0xd0, 0xfc, 0xd4, 0xfd, 0x52, 0xfd, 0x98, 0xfe, 0x94, 0xfd, 0x12, 0xfd,
  0x94, 0xfd, 0xd4, 0xfd, 0xd4, 0xfd, 0x14, 0xfe, 0xd4, 0xfd, 0xd4, 0xfd,
  0x52, 0xfd, 0x92, 0xfd, 0x96, 0xfe, 0x56, 0xfe, 0x90, 0xfc, 0x10, 0xfd,
  0xd4, 0xfd, 0x56, 0xfe, 0xd8, 0xfe, 0x16, 0xfe, 0xd4, 0xfd, 0x16, 0xfe,
  0x94, 0xfd, 0x52, 0xfd, 0xd4, 0xfd, 0x56, 0xfe, 0xd8, 0xfe, 0xd4, 0xfd,
  0x56, 0xfe, 0x52, 0xfd, 0x94, 0xfd, 0x94, 0xfd, 0x52, 0xfd, 0xd4, 0xfd,
  0x92, 0xfd, 0x12, 0xfd, 0x0e, 0xf4, 0x10, 0xfd, 0xd0, 0xfc, 0x10, 0xc5,
  0x90, 0xc5, 0x4a, 0x94, 0x46, 0x94, 0x4a, 0xe6, 0xec, 0xff, 0xee, 0xff,
  0xf0, 0xff, 0xf0, 0xff, 0xf2, 0xff, 0xf0, 0xff, 0xf4, 0xff, 0xf2, 0xff,
  0xf0, 0xff, 0xec, 0xff, 0xcc, 0xff, 0xf2, 0xff, 0xf6, 0xff, 0xf4, 0xff,
  0xf2, 0xff, 0xf0, 0xff, 0xee, 0xff, 0xf4, 0xff, 0xf2, 0xff, 0xf0, 0xff,
  0xf0, 0xff, 0xf0, 0xff, 0xee, 0xff, 0xf0, 0xff, 0xf0, 0xff, 0xf0, 0xff,
  0xf4, 0xff, 0xf4, 0xff, 0xf0, 0xff, 0xee, 0xff, 0xf8, 0xff, 0xf6, 0xff,
  0xd2, 0xf6, 0xd0, 0xd5, 0x0a, 0xa3, 0x0e, 0xf4, 0x94, 0xfd, 0x94, 0xfd,
  0x12, 0xfd, 0x52, 0xfd, 0x94, 0xfd, 0x90, 0xfc, 0x8e, 0xfc, 0x90, 0xfc,
  0xd4, 0xfd, 0x56, 0xfe, 0x16, 0xfe, 0x98, 0xfe, 0x94, 0xfd, 0xd4, 0xfd,
  0xd4, 0xfd, 0x94, 0xfd, 0x16, 0xfe, 0xd8, 0xfe, 0x9c, 0xff, 0x56, 0xfe,
  0x56, 0xfe, 0xd4, 0xfd, 0x92, 0xfd, 0x12, 0xfd, 0xd8, 0xfe, 0x5a, 0xff,
  0xd4, 0xfd, 0x94, 0xfd, 0xd4, 0xfd, 0xd4, 0xfd, 0x96, 0xfe, 0x56, 0xfe,
  0xd4, 0xfd, 0x92, 0xfd, 0x12, 0xfd, 0x52, 0xfd, 0xd4, 0xfd, 0x12, 0xfd,
  0x12, 0xfd, 0xd4, 0xfd, 0xd4, 0xfd, 0x12, 0xfd, 0x12, 0xfd, 0x94, 0xfd,
  0xd4, 0xfd, 0x18, 0xff, 0x14, 0xfe, 0x92, 0xfd, 0x56, 0xfe, 0x16, 0xfe,
  0x16, 0xfe, 0xd4, 0xfd, 0x56, 0xfe, 0xd4, 0xfd, 0x52, 0xfd, 0x56, 0xfe,
  0xdc, 0xff, 0x56, 0xfe, 0x92, 0xfd, 0xd4, 0xfd, 0x92, 0xfd, 0xd8, 0xfe,
  0x9c, 0xff, 0x16, 0xfe, 0x14, 0xfe, 0xd4, 0xfd, 0xd4, 0xfd, 0x5a, 0xff,
  0xd4, 0xfd, 0x0a, 0x94, 0x8e, 0xa4, 0x4e, 0x63, 0xd2, 0x73, 0x54, 0x84,
  0x1e, 0xb6, 0x5f, 0xd7, 0x9e, 0xc6, 0x5e, 0xb6, 0x1f, 0xd7, 0x5f, 0xd7,
  0x9e, 0xc6, 0x9e, 0xc6, 0x5f, 0xd7, 0xdf, 0xc6, 0x9f, 0xc6, 0x9e, 0xc6,
  0x9e, 0xc6, 0x9f, 0xc6, 0xdf, 0xe7, 0xff, 0xff, 0x9f, 0xe7, 0x5f, 0xd7,
  0xff, 0xf7, 0x5f, 0xd7, 0xdf, 0xc6, 0xdf, 0xc6, 0x1c, 0xb6, 0xdc, 0xa5,
  0x1c, 0xa6, 0x9e, 0xb6, 0xdf, 0xc6, 0xdf, 0xc6, 0x1f, 0xd7, 0xdf, 0xe7,
  0x1f, 0xd7, 0x1f, 0xd7, 0x5f, 0xd7, 0x1f, 0xc7, 0x5f, 0xd7, 0xdf, 0xe7,
  0xdf, 0xc6, 0x1c, 0xb6, 0x5e, 0xb6, 0x5c, 0xb6, 0x5f, 0xd7, 0xff, 0xff,
  0xdf, 0xe7, 0x1c, 0xb6, 0x5e, 0xb6, 0x1c, 0xb6, 0x5e, 0xb6, 0xdc, 0xa5,
  0x9f, 0xc6, 0x1f, 0xd7, 0x5e, 0xb6, 0x5e, 0xb6, 0x5e, 0xb6, 0x1e, 0xb6,
  0x1f, 0xd7, 0x1f, 0xc7, 0x1f, 0xc7, 0xdf, 0xc6, 0xdf, 0xc6, 0x1f, 0xd7,
  0xdf, 0xc6, 0xdf, 0xc6, 0xdf, 0xc6, 0x1f, 0xc7, 0xdf, 0xc6, 0x1f, 0xd7,
  0x9f, 0xd7, 0x5c, 0xb6, 0x10, 0x84, 0x8e, 0xa4, 0x90, 0xc5, 0x50, 0xc4,
  0x16, 0xfe, 0xd0, 0xf4, 0x8c, 0xfb, 0x52, 0xfd, 0x52, 0xfd, 0x94, 0xfd,
  0xd0, 0xfc, 0x92, 0xfd, 0x12, 0xfd, 0xd4, 0xfd, 0x56, 0xfe, 0xd4, 0xfd,
  0xd0, 0xfc, 0x94, 0xfd, 0xd4, 0xfd, 0x92, 0xfd, 0x14, 0xfe, 0x92, 0xfd,
  0xd4, 0xfd, 0xd4, 0xfd, 0xd4, 0xfd, 0x52, 0xfd, 0x52, 0xfd, 0x16, 0xfe,
  0x1a, 0xff, 0x16, 0xfe, 0x90, 0xfc, 0x94, 0xfd, 0x14, 0xfe, 0xd8, 0xfe,
  0xd8, 0xfe, 0xd4, 0xfd, 0x94, 0xfd, 0x12, 0xfd, 0x52, 0xfd, 0x56, 0xfe,
  0x56, 0xfe, 0x56, 0xfe, 0xd4, 0xfd, 0x92, 0xfd, 0x92, 0xfd, 0x92, 0xfd,
  0xd8, 0xfe, 0x52, 0xfd, 0xcc, 0xf3, 0xd0, 0xfc, 0x92, 0xfd, 0x96, 0xfe,
  0x56, 0xfe, 0xd4, 0xfd, 0xd8, 0xfe, 0xd8, 0xfe, 0x56, 0xfe, 0xd4, 0xfd,
  0xd4, 0xfd, 0x92, 0xfd, 0x12, 0xfd, 0x4e, 0xfc, 0x14, 0xfe, 0x12, 0xfd,
  0x52, 0xfd, 0x52, 0xfd, 0xd4, 0xfd, 0x52, 0xfd, 0xd4, 0xfd, 0x1a, 0xff,
  0x1a, 0xff, 0x4e, 0xfc, 0xd0, 0xfc, 0x90, 0xe5, 0x52, 0xd6, 0x8c, 0xc5,
  0xca, 0xf6, 0x4a, 0xe6, 0xcc, 0xff, 0xee, 0xff, 0xf6, 0xff, 0xf6, 0xff,
  0xf4, 0xff, 0xf4, 0xff, 0xf4, 0xff, 0xf4, 0xff, 0xec, 0xff, 0xcc, 0xff,
  0xf2, 0xff, 0xf8, 0xff, 0xf8, 0xff, 0xf6, 0xff, 0xf0, 0xff, 0xec, 0xff,
  0xee, 0xff, 0xee, 0xff, 0xee, 0xff, 0xf0, 0xff, 0xf0, 0xff, 0xee, 0xff,
  0xec, 0xff, 0xec, 0xff, 0xf0, 0xff, 0xf0, 0xff, 0xf4, 0xff, 0xf4, 0xff,
  0xf2, 0xff, 0xee, 0xff, 0xf2, 0xff, 0x8e, 0xff, 0xd0, 0xc5, 0x50, 0xc5,
  0x4a, 0xb3, 0xcc, 0xe3, 0x14, 0xfe, 0xd4, 0xfd, 0x10, 0xfd, 0x52, 0xfd,
  0x14, 0xfe, 0x52, 0xfd, 0x52, 0xfd, 0x92, 0xfd, 0xd8, 0xfe, 0x1a, 0xff,
  0x92, 0xfd, 0x52, 0xfd, 0x52, 0xfd, 0x10, 0xfd, 0x10, 0xfd, 0x12, 0xfd,
  0x92, 0xfd, 0x92, 0xfd, 0x16, 0xfe, 0x56, 0xfe, 0x56, 0xfe, 0x16, 0xfe,
  0xd0, 0xfc, 0x12, 0xfd, 0x96, 0xfe, 0x96, 0xfe, 0x52, 0xfd, 0x52, 0xfd,
  0x14, 0xfe, 0x56, 0xfe, 0xd4, 0xfd, 0x16, 0xfe, 0x96, 0xfe, 0x16, 0xfe,
  0x52, 0xfd, 0x12, 0xfd, 0xd4, 0xfd, 0x12, 0xfd, 0x92, 0xfd, 0x56, 0xfe,
  0x14, 0xfe, 0x94, 0xfd, 0xd4, 0xfd, 0x56, 0xfe, 0xd4, 0xfd, 0x16, 0xfe,
  0x94, 0xfd, 0x16, 0xfe, 0xd4, 0xfd, 0xd4, 0xfd, 0x56, 0xfe, 0x16, 0xfe,
  0x56, 0xfe, 0xd4, 0xfd, 0x52, 0xfd, 0xd4, 0xfd, 0x96, 0xfe, 0x10, 0xfd,
  0x52, 0xfd, 0xd4, 0xfd, 0x52, 0xfd, 0x98, 0xfe, 0x98, 0xfe, 0x92, 0xfd,
  0x56, 0xfe, 0x56, 0xfe, 0x94, 0xfd, 0x96, 0xfe, 0xd4, 0xfd, 0x0e, 0xc5,
  0x90, 0xc5, 0x12, 0x74, 0x58, 0x95, 0x18, 0x95, 0xdf, 0xc6, 0x1f, 0xc7,
  0x9e, 0xb6, 0xdf, 0xc6, 0xdf, 0xc6, 0x1f, 0xd7, 0x9f, 0xe7, 0x1f, 0xd7,
  0xff, 0xe7, 0xdf, 0xc6, 0x9e, 0xb6, 0x5e, 0xb6, 0x9e, 0xb6, 0x9e, 0xc6,
  0x5f, 0xd7, 0x9f, 0xd7, 0x5f, 0xd7, 0x1f, 0xc7, 0x9f, 0xd7, 0x9e, 0xb6,
  0x1c, 0xb6, 0xdf, 0xe7, 0x1f, 0xd7, 0x1c, 0xb6, 0x1e, 0xb6, 0x9e, 0xc6,
  0x9e, 0xb6, 0x5e, 0xb6, 0xdf, 0xc6, 0xdf, 0xc6, 0xdf, 0xc6, 0x9f, 0xd7,
  0xff, 0xf7, 0x5f, 0xd7, 0xff, 0xf7, 0x1f, 0xd7, 0x9e, 0xc6, 0x1c, 0xb6,
  0xdc, 0xa5, 0x9f, 0xe7, 0xff, 0xff, 0xdf, 0xe7, 0x1f, 0xd7, 0x1c, 0xb6,
  0x1e, 0xb6, 0xdf, 0xc6, 0xdf, 0xc6, 0x1f, 0xd7, 0x9e, 0xc6, 0x5e, 0xb6,
  0x9f, 0xc6, 0x9e, 0xc6, 0x5e, 0xb6, 0x5e, 0xb6, 0xdf, 0xc6, 0xdf, 0xc6,
  0x9f, 0xc6, 0xdf, 0xc6, 0x1f, 0xc7, 0x5f, 0xd7, 0x9f, 0xc6, 0x5e, 0xb6,
  0x1c, 0xb6, 0x1f, 0xd7, 0x5e, 0xb6, 0x9e, 0xc6, 0xff, 0xf7, 0x18, 0x95,
  0x0c, 0x63, 0xca, 0x83, 0x4c, 0x94, 0x0a, 0x83, 0x90, 0xe4, 0x12, 0xfd,
  0x8c, 0xe3, 0x0e, 0xfc, 0x52, 0xfd, 0xd4, 0xfd, 0x12, 0xfd, 0xd4, 0xfd,
  0xd4, 0xfd, 0xd0, 0xfc, 0xd4, 0xfd, 0x98, 0xfe, 0x94, 0xfd, 0x94, 0xfd,
  0x14, 0xfe, 0x56, 0xfe, 0x18, 0xff, 0x56, 0xfe, 0x16, 0xfe, 0x94, 0xfd,
  0xd0, 0xfc, 0xd0, 0xfc, 0xd4, 0xfd, 0x56, 0xfe, 0xd8, 0xfe, 0x14, 0xfe,
  0x94, 0xfd, 0x18, 0xff, 0x16, 0xfe, 0x1a, 0xff, 0xd8, 0xfe, 0x52, 0xfd,
  0x92, 0xfd, 0x52, 0xfd, 0x12, 0xfd, 0x56, 0xfe, 0x56, 0xfe, 0x16, 0xfe,
  0xd4, 0xfd, 0x56, 0xfe, 0x52, 0xfd, 0x92, 0xfd, 0x1a, 0xff, 0xd4, 0xfd,
  0x10, 0xfd, 0x94, 0xfd, 0x12, 0xfd, 0xd4, 0xfd, 0x94, 0xfd, 0xd4, 0xfd,
  0x94, 0xfd, 0x1a, 0xff, 0x96, 0xfe, 0x94, 0xfd, 0x92, 0xfd, 0x90, 0xfc,
  0xd0, 0xfc, 0x16, 0xfe, 0x14, 0xfe, 0x92, 0xfd, 0x52, 0xfd, 0x52, 0xfd,
  0x14, 0xfe, 0x94, 0xfd, 0xd4, 0xfd, 0x9a, 0xff, 0xfe, 0xff, 0x56, 0xfe,
  0x0e, 0xf4, 0x4c, 0xb4, 0x94, 0xe6, 0x4e, 0xd6, 0xf2, 0xff, 0xf8, 0xff,
  0xf0, 0xff, 0x4a, 0xff, 0xf0, 0xff, 0xf4, 0xff, 0xf2, 0xff, 0xf2, 0xff,
  0xf0, 0xff, 0xf0, 0xff, 0xec, 0xff, 0xcc, 0xff, 0xf2, 0xff, 0xf2, 0xff,
  0xf0, 0xff, 0xf2, 0xff, 0xee, 0xff, 0xf0, 0xff, 0xf0, 0xff, 0xf0, 0xff,
  0xf2, 0xff, 0xf0, 0xff, 0xf0, 0xff, 0xf4, 0xff, 0xf2, 0xff, 0xec, 0xff,
  0xec, 0xff, 0xf0, 0xff, 0xf6, 0xff, 0xf6, 0xff, 0xf8, 0xff, 0xf8, 0xff,
  0xf2, 0xff, 0x8a, 0xc5, 0x88, 0x83, 0x0c, 0x94, 0xc8, 0xa2, 0x8c, 0xe3,
  0x96, 0xfe, 0x56, 0xfe, 0xd4, 0xfd, 0x52, 0xfd, 0x52, 0xfd, 0x52, 0xfd,
  0x52, 0xfd, 0x12, 0xfd, 0x92, 0xfd, 0x92, 0xfd, 0x52, 0xfd, 0x52, 0xfd,
  0x12, 0xfd, 0x12, 0xfd, 0xd0, 0xfc, 0x12, 0xfd, 0x12, 0xfd, 0x52, 0xfd,
  0x94, 0xfd, 0xd4, 0xfd, 0x56, 0xfe, 0xd4, 0xfd, 0x52, 0xfd, 0x52, 0xfd,
  0x92, 0xfd, 0xd0, 0xfc, 0x94, 0xfd, 0x16, 0xfe, 0x56, 0xfe, 0x94, 0xfd,
  0x90, 0xfc, 0x52, 0xfd, 0xd8, 0xfe, 0xd8, 0xfe, 0x94, 0xfd, 0x92, 0xfd,
  0xd4, 0xfd, 0x92, 0xfd, 0xd4, 0xfd, 0x14, 0xfe, 0x94, 0xfd, 0x16, 0xfe,
  0x94, 0xfd, 0xd4, 0xfd, 0x52, 0xfd, 0x90, 0xfc, 0xd4, 0xfd, 0x56, 0xfe,
  0x56, 0xfe, 0xd8, 0xfe, 0x16, 0xfe, 0x52, 0xfd, 0x92, 0xfd, 0x92, 0xfd,
  0x92, 0xfd, 0xd4, 0xfd, 0x14, 0xfe, 0x12, 0xfd, 0x92, 0xfd, 0xd4, 0xfd,
  0x52, 0xfd, 0xd4, 0xfd, 0x56, 0xfe, 0x16, 0xfe, 0xd4, 0xfd, 0x52, 0xfd,
  0x94, 0xfd, 0xd8, 0xfe, 0x52, 0xfd, 0xd0, 0xd5, 0x90, 0xc5, 0xd0, 0x73,
  0x18, 0x95, 0xdc, 0xa5, 0x9f, 0xc6, 0x1f, 0xd7, 0xdf, 0xc6, 0x1f, 0xd7,
  0xdf, 0xc6, 0xdf, 0xc6, 0x1f, 0xd7, 0x9f, 0xe7, 0x5f, 0xd7, 0xdf, 0xc6,
  0x9e, 0xc6, 0x5e, 0xb6, 0x5e, 0xb6, 0x9e, 0xc6, 0x5f, 0xd7, 0x1f, 0xd7,
  0x1f, 0xd7, 0x5f, 0xd7, 0x5e, 0xb6, 0x5e, 0xb6, 0xdf, 0xc6, 0xff, 0xf7,
  0x1f, 0xc7, 0xda, 0xa5, 0x5e, 0xb6, 0xdf, 0xc6, 0x9e, 0xc6, 0x9f, 0xc6,
  0x5e, 0xb6, 0x9e, 0xb6, 0xdf, 0xc6, 0x1f, 0xc7, 0xdf, 0xc6, 0x5f, 0xd7,
  0xdf, 0xe7, 0x9e, 0xc6, 0x1e, 0xb6, 0x1c, 0xb6, 0x1c, 0xb6, 0x1f, 0xc7,
  0x1f, 0xc7, 0x1f, 0xc7, 0x1f, 0xc7, 0x5e, 0xb6, 0xdf, 0xc6, 0x1f, 0xd7,
  0x9f, 0xc6, 0x1f, 0xd7, 0x9e, 0xb6, 0x1e, 0xb6, 0x5e, 0xb6, 0xdf, 0xc6,
  0xdf, 0xc6, 0x5e, 0xb6, 0x9f, 0xc6, 0xdf, 0xc6, 0x5e, 0xb6, 0x9e, 0xc6,
  0x5f, 0xd7, 0x5f, 0xd7, 0x5e, 0xb6, 0x9e, 0xb6, 0xdc, 0xa5, 0xdc, 0xa5,
  0x18, 0x95, 0x9a, 0xa5, 0x1f, 0xc7, 0x58, 0x95, 0x10, 0x74, 0x50, 0xc5,
  0x8c, 0xa4, 0x84, 0x41, 0x44, 0x51, 0x88, 0xa2, 0xca, 0xb2, 0x4e, 0xfc,
  0x10, 0xfd, 0x4e, 0xfc, 0x52, 0xfd, 0xd4, 0xfd, 0x14, 0xfe, 0x52, 0xfd,
  0x14, 0xfe, 0x56, 0xfe, 0xd4, 0xfd, 0x92, 0xfd, 0xd4, 0xfd, 0xd4, 0xfd,
  0x1a, 0xff, 0x16, 0xfe, 0x94, 0xfd, 0x52, 0xfd, 0x52, 0xfd, 0x52, 0xfd,
  0x94, 0xfd, 0x52, 0xfd, 0xd4, 0xfd, 0x56, 0xfe, 0x92, 0xfd, 0x52, 0xfd,
  0x10, 0xfd, 0x12, 0xfd, 0xd4, 0xfd, 0x16, 0xfe, 0xd4, 0xfd, 0x12, 0xfd,
  0x12, 0xfd, 0x14, 0xfe, 0x56, 0xfe, 0x56, 0xfe, 0xd4, 0xfd, 0x16, 0xfe,
  0x14, 0xfe, 0xd4, 0xfd, 0xd4, 0xfd, 0xd4, 0xfd, 0x94, 0xfd, 0x14, 0xfe,
  0x10, 0xfd, 0x92, 0xfd, 0x94, 0xfd, 0x92, 0xfd, 0x94, 0xfd, 0xd4, 0xfd,
  0x16, 0xfe, 0xd4, 0xfd, 0x96, 0xfe, 0x52, 0xfd, 0x52, 0xfd, 0x56, 0xfe,
  0x92, 0xfd, 0xd0, 0xfc, 0x92, 0xfd, 0x94, 0xfd, 0x56, 0xfe, 0x14, 0xfe,
  0xd8, 0xfe, 0x1a, 0xff, 0x5a, 0xff, 0x5a, 0xff, 0xd0, 0xfc, 0x4c, 0xb4,
  0xd8, 0xff, 0x50, 0xd6, 0xf2, 0xff, 0xf8, 0xff, 0xf4, 0xff, 0xec, 0xff,
  0xec, 0xff, 0xf2, 0xff, 0xf0, 0xff, 0xf0, 0xff, 0xee, 0xff, 0xee, 0xff,
  0xf2, 0xff, 0xf6, 0xff, 0xf2, 0xff, 0xf2, 0xff, 0xf2, 0xff, 0xf0, 0xff,
  0xf0, 0xff, 0xf4, 0xff, 0xf2, 0xff, 0xf2, 0xff, 0xf0, 0xff, 0xf0, 0xff,
  0xf2, 0xff, 0xf6, 0xff, 0xf4, 0xff, 0xf0, 0xff, 0xf0, 0xff, 0xf2, 0xff,
  0xf8, 0xff, 0xf6, 0xff, 0xf6, 0xff, 0xf8, 0xff, 0xf4, 0xff, 0xcc, 0xd5,
  0xcc, 0xa4, 0x4c, 0xa4, 0x0a, 0xa3, 0xce, 0xf3, 0x52, 0xfd, 0x98, 0xfe,
  0x56, 0xfe, 0x92, 0xfd, 0x52, 0xfd, 0xd4, 0xfd, 0x10, 0xfd, 0x52, 0xfd,
  0x52, 0xfd, 0x52, 0xfd, 0xd4, 0xfd, 0x52, 0xfd, 0x52, 0xfd, 0x52, 0xfd,
  0x52, 0xfd, 0x4e, 0xfc, 0x52, 0xfd, 0x56, 0xfe, 0x98, 0xfe, 0x14, 0xfe,
  0x94, 0xfd, 0x92, 0xfd, 0x12, 0xfd, 0x10, 0xfd, 0x10, 0xfd, 0x52, 0xfd,
  0x56, 0xfe, 0x14, 0xfe, 0xd8, 0xfe, 0xd8, 0xfe, 0xd0, 0xfc, 0x10, 0xfd,
  0x56, 0xfe, 0x96, 0xfe, 0xd4, 0xfd, 0x16, 0xfe, 0xd4, 0xfd, 0x14, 0xfe,
  0xd4, 0xfd, 0x94, 0xfd, 0x94, 0xfd, 0x52, 0xfd, 0xd0, 0xfc, 0x14, 0xfe,
  0x14, 0xfe, 0x90, 0xfc, 0x92, 0xfd, 0xd4, 0xfd, 0x56, 0xfe, 0x96, 0xfe,
  0x96, 0xfe, 0xd0, 0xfc, 0x90, 0xfc, 0x10, 0xfd, 0x52, 0xfd, 0x14, 0xfe,
  0x56, 0xfe, 0xd4, 0xfd, 0x92, 0xfd, 0x16, 0xfe, 0xd0, 0xfc, 0x92, 0xfd,
  0x56, 0xfe, 0xd4, 0xfd, 0xd4, 0xfd, 0x16, 0xfe, 0x16, 0xfe, 0x9a, 0xff,
  0xd4, 0xfd, 0x52, 0xe6, 0x0c, 0x84, 0xcc, 0x52, 0x0e, 0x53, 0x58, 0x95,
  0xdf, 0xc6, 0x5f, 0xd7, 0x1c, 0xb6, 0x5e, 0xb6, 0x5f, 0xd7, 0x9e, 0xc6,
  0x9e, 0xc6, 0x5f, 0xd7, 0x9e, 0xb6, 0x1c, 0xb6, 0x9a, 0xa5, 0x18, 0x95,
  0x18, 0x95, 0x9a, 0xa5, 0x9f, 0xe7, 0x1f, 0xd7, 0xda, 0xa5, 0x9e, 0xb6,
  0xdf, 0xc6, 0x9e, 0xc6, 0x9e, 0xc6, 0x9e, 0xc6, 0x5e, 0xb6, 0x5e, 0xb6,
  0x1f, 0xd7, 0x5f, 0xd7, 0x9f, 0xc6, 0x1f, 0xd7, 0xdf, 0xc6, 0x5e, 0xb6,
  0xdf, 0xc6, 0xdf, 0xc6, 0x5e, 0xb6, 0xdf, 0xc6, 0x5e, 0xb6, 0x9f, 0xc6,
  0x9e, 0xb6, 0x5e, 0xb6, 0x5e, 0xb6, 0x9e, 0xb6, 0x5e, 0xb6, 0xdf, 0xc6,
  0x1f, 0xd7, 0x1c, 0xb6, 0xdf, 0xc6, 0x5f, 0xd7, 0xdf, 0xc6, 0x1f, 0xc7,
  0xdc, 0xa5, 0x1c, 0xb6, 0x9e, 0xc6, 0x1e, 0xb6, 0x9e, 0xc6, 0x5e, 0xb6,
  0x5e, 0xb6, 0x5e, 0xb6, 0xda, 0xa5, 0x1c, 0xa6, 0x5f, 0xd7, 0xdf, 0xc6,
  0x9e, 0xb6, 0x5e, 0xb6, 0x9a, 0xa5, 0x5a, 0x95, 0x18, 0x95, 0x9a, 0xa5,
  0x58, 0x95, 0x5a, 0xa5, 0x92, 0x84, 0x50, 0xc5, 0x0e, 0xb5, 0x84, 0x41,
  0x44, 0x31, 0x84, 0x51, 0x48, 0xa2, 0x0e, 0xfc, 0xd0, 0xfc, 0x8e, 0xfc,
  0xd0, 0xfc, 0xd0, 0xfc, 0xd0, 0xfc, 0xd0, 0xfc, 0xd0, 0xfc, 0xd0, 0xfc,
  0xd0, 0xfc, 0x94, 0xfd, 0x12, 0xfd, 0x52, 0xfd, 0xd4, 0xfd, 0x12, 0xfd,
  0x52, 0xfd, 0x90, 0xfc, 0x52, 0xfd, 0x92, 0xfd, 0x10, 0xfd, 0x92, 0xfd,
  0x56, 0xfe, 0x12, 0xfd, 0x10, 0xfd, 0x92, 0xfd, 0xd0, 0xfc, 0x4e, 0xfc,
  0x90, 0xfc, 0x52, 0xfd, 0x52, 0xfd, 0x12, 0xfd, 0x52, 0xfd, 0x52, 0xfd,
  0x52, 0xfd, 0x92, 0xfd, 0x52, 0xfd, 0x10, 0xfd, 0xd0, 0xfc, 0x12, 0xfd,
  0x12, 0xfd, 0xd0, 0xfc, 0xd0, 0xfc, 0xd0, 0xfc, 0x12, 0xfd, 0x52, 0xfd,
  0x12, 0xfd, 0xd0, 0xfc, 0x12, 0xfd, 0x92, 0xfd, 0xd4, 0xfd, 0x94, 0xfd,
  0x52, 0xfd, 0x92, 0xfd, 0x94, 0xfd, 0x14, 0xfe, 0x92, 0xfd, 0xd0, 0xfc,
  0x16, 0xfe, 0x92, 0xfd, 0x94, 0xfd, 0x94, 0xfd, 0x94, 0xfd, 0xd4, 0xfd,
  0x92, 0xfd, 0x52, 0xfd, 0x4e, 0xfc, 0xce, 0xc4, 0x90, 0xc5, 0x0c, 0xb5,
  0x8a, 0xf6, 0xee, 0xff, 0xee, 0xff, 0x8c, 0xff, 0xee, 0xff, 0xee, 0xff,
  0xf0, 0xff, 0xf0, 0xff, 0xf0, 0xff, 0xf0, 0xff, 0xf0, 0xff, 0xf2, 0xff,
  0xf0, 0xff, 0xf2, 0xff, 0xf0, 0xff, 0xee, 0xff, 0xee, 0xff, 0xf2, 0xff,
  0xf2, 0xff, 0xf2, 0xff, 0xf0, 0xff, 0xf2, 0xff, 0xf4, 0xff, 0xf8, 0xff,
  0xf6, 0xff, 0xf2, 0xff, 0xf2, 0xff, 0xf2, 0xff, 0xf0, 0xff, 0xf0, 0xff,
  0xf0, 0xff, 0xf0, 0xff, 0x4c, 0xff, 0x4a, 0xb5, 0x4e, 0xc5, 0x8e, 0xa4,
  0x46, 0x72, 0x4a, 0xd3, 0x52, 0xfd, 0x56, 0xfe, 0x14, 0xfe, 0x94, 0xfd,
  0x52, 0xfd, 0x52, 0xfd, 0x10, 0xfd, 0x52, 0xfd, 0x98, 0xfe, 0x56, 0xfe,
  0x92, 0xfd, 0x52, 0xfd, 0x12, 0xfd, 0x52, 0xfd, 0x16, 0xfe, 0x52, 0xfd,
  0xd4, 0xfd, 0x92, 0xfd, 0xd4, 0xfd, 0x14, 0xfe, 0x56, 0xfe, 0x16, 0xfe,
  0x12, 0xfd, 0xd0, 0xfc, 0x10, 0xfd, 0x52, 0xfd, 0xd0, 0xfc, 0xd0, 0xfc,
  0x56, 0xfe, 0x96, 0xfe, 0x12, 0xfd, 0x12, 0xfd, 0x16, 0xfe, 0xd8, 0xfe,
  0xd4, 0xfd, 0xd4, 0xfd, 0xd4, 0xfd, 0xd4, 0xfd, 0x52, 0xfd, 0x52, 0xfd,
  0x92, 0xfd, 0x92, 0xfd, 0x10, 0xfd, 0x0e, 0xf4, 0x12, 0xfd, 0xd0, 0xfc,
  0x12, 0xfd, 0x94, 0xfd, 0x56, 0xfe, 0x1a, 0xff, 0x1a, 0xff, 0x16, 0xfe,
  0xd0, 0xfc, 0x8e, 0xfc, 0xd0, 0xfc, 0x14, 0xfe, 0x96, 0xfe, 0x56, 0xfe,
  0x56, 0xfe, 0xd4, 0xfd, 0x52, 0xfd, 0xd4, 0xfd, 0xd4, 0xfd, 0xd4, 0xfd,
  0x52, 0xfd, 0xd4, 0xfd, 0xd4, 0xfd, 0x56, 0xfe, 0xd0, 0xfc, 0xd0, 0xd5,
  0xce, 0xa4, 0xd0, 0x73, 0x12, 0x74, 0x9c, 0xa5, 0x5f, 0xd7, 0x5f, 0xd7,
  0x1c, 0xb6, 0xdc, 0xa5, 0x5c, 0xb6, 0x5e, 0xb6, 0x9a, 0xa5, 0x9a, 0xa5,
  0x1e, 0xb6, 0x18, 0x95, 0x96, 0x84, 0x54, 0x74, 0xd2, 0x63, 0xd8, 0x94,
  0x1c, 0xb6, 0x5e, 0xb6, 0x9a, 0xa5, 0xdc, 0xa5, 0x5e, 0xb6, 0x9f, 0xc6,
  0x5e, 0xb6, 0x9a, 0xa5, 0x5e, 0xb6, 0x9f, 0xc6, 0x9e, 0xc6, 0xdf, 0xc6,
  0x9f, 0xc6, 0x1f, 0xd7, 0xdf, 0xc6, 0x1c, 0xb6, 0xdf, 0xc6, 0x1f, 0xc7,
  0x9e, 0xc6, 0xdf, 0xc6, 0x1c, 0xb6, 0x5e, 0xb6, 0xdf, 0xc6, 0x9f, 0xc6,
  0xdf, 0xc6, 0x5e, 0xb6, 0x9e, 0xb6, 0x1f, 0xc7, 0x9f, 0xd7, 0x9e, 0xb6,
  0x1c, 0xb6, 0x9e, 0xc6, 0x5f, 0xd7, 0x9e, 0xc6, 0x9a, 0xa5, 0x9a, 0xa5,
  0xdc, 0xa5, 0x9e, 0xc6, 0x9e, 0xc6, 0x1c, 0xb6, 0x1c, 0xb6, 0x1c, 0xb6,
  0x5e, 0xb6, 0x1c, 0xb6, 0x9f, 0xc6, 0x9f, 0xc6, 0xdf, 0xc6, 0xdf, 0xc6,
  0x9e, 0xc6, 0x5e, 0xb6, 0xdf, 0xe7, 0xff, 0xf7, 0xdf, 0xc6, 0xdc, 0xa5,
  0x94, 0x94, 0x8e, 0xa4, 0x4c, 0x94, 0x48, 0x72, 0x06, 0x62, 0x06, 0x62,
  0x48, 0x92, 0x4a, 0xfb, 0xcc, 0xfb, 0x0e, 0xfc, 0xce, 0xfb, 0x0e, 0xfc,
  0x90, 0xfc, 0x4e, 0xfc, 0x4a, 0xf3, 0x4a, 0xf3, 0x4a, 0xf3, 0xce, 0xfb,
  0x4c, 0xf3, 0x8c, 0xf3, 0xd0, 0xfc, 0x0e, 0xfc, 0xce, 0xfb, 0x0e, 0xfc,
  0x94, 0xfd, 0x92, 0xfd, 0x8e, 0xfc, 0x12, 0xfd, 0x56, 0xfe, 0x92, 0xfd,
  0x90, 0xfc, 0xd2, 0xfc, 0x50, 0xfc, 0x0a, 0xc3, 0x4c, 0xf3, 0x90, 0xfc,
  0x4e, 0xfc, 0xce, 0xfb, 0x50, 0xfc, 0xce, 0xfb, 0x8c, 0xfb, 0x0e, 0xfc,
  0xcc, 0xf3, 0xcc, 0xfb, 0x0e, 0xfc, 0x8c, 0xf3, 0x0e, 0xfc, 0xcc, 0xfb,
  0xcc, 0xfb, 0x0e, 0xfc, 0x0e, 0xfc, 0xcc, 0xfb, 0xce, 0xfb, 0x0e, 0xfc,
  0xcc, 0xfb, 0x90, 0xfc, 0xd0, 0xfc, 0x12, 0xfd, 0x90, 0xfc, 0x4e, 0xfc,
  0x52, 0xfd, 0xd4, 0xfd, 0x10, 0xfd, 0x90, 0xfc, 0x52, 0xfd, 0xd0, 0xfc,
  0x52, 0xfd, 0x16, 0xfe, 0xd0, 0xfc, 0x12, 0xfd, 0x52, 0xfd, 0xd0, 0xfc,
  0x4a, 0xb3, 0x8c, 0xb4, 0xce, 0xa4, 0x08, 0x94, 0x88, 0xd5, 0x4a, 0xf6,
  0x0c, 0xff, 0x4a, 0xe6, 0x08, 0xe6, 0xea, 0xff, 0xf0, 0xff, 0xf0, 0xff,
  0xf0, 0xff, 0xf6, 0xff, 0xf2, 0xff, 0xf0, 0xff, 0xee, 0xff, 0xee, 0xff,
  0xf0, 0xff, 0xf0, 0xff, 0xee, 0xff, 0xf4, 0xff, 0xf4, 0xff, 0xf4, 0xff,
  0xf0, 0xff, 0xf0, 0xff, 0xf2, 0xff, 0xf6, 0xff, 0xf4, 0xff, 0xf0, 0xff,
  0xee, 0xff, 0xec, 0xff, 0xf2, 0xff, 0xf0, 0xff, 0xee, 0xff, 0xec, 0xff,
  0x88, 0xc5, 0x8a, 0xa4, 0xd0, 0xc5, 0x0e, 0xb5, 0x88, 0x82, 0xc8, 0xb2,
  0x90, 0xfc, 0x12, 0xfd, 0xd0, 0xfc, 0xd0, 0xfc, 0x90, 0xfc, 0xd0, 0xfc,
  0x12, 0xfd, 0x10, 0xfd, 0x92, 0xfd, 0x56, 0xfe, 0x56, 0xfe, 0xd0, 0xfc,
  0x52, 0xfd, 0x16, 0xfe, 0xd4, 0xfd, 0x12, 0xfd, 0x52, 0xfd, 0x14, 0xfe,
  0x94, 0xfd, 0xd4, 0xfd, 0x14, 0xfe, 0xd4, 0xfd, 0xd0, 0xfc, 0xcc, 0xf3,
  0x4e, 0xfc, 0x52, 0xfd, 0x90, 0xfc, 0x8e, 0xfc, 0x12, 0xfd, 0x92, 0xfd,
  0xd4, 0xfd, 0x98, 0xfe, 0x56, 0xfe, 0x98, 0xfe, 0x16, 0xfe, 0xd4, 0xfd,
  0x94, 0xfd, 0x92, 0xfd, 0x92, 0xfd, 0x90, 0xfc, 0x52, 0xfd, 0x12, 0xfd,
  0x92, 0xfd, 0x92, 0xfd, 0x52, 0xfd, 0x52, 0xfd, 0x90, 0xfc, 0x12, 0xfd,
  0x16, 0xfe, 0x98, 0xfe, 0x98, 0xfe, 0x98, 0xfe, 0xd4, 0xfd, 0xcc, 0xe3,
  0x4e, 0xfc, 0xd4, 0xfd, 0xd8, 0xfe, 0x56, 0xfe, 0x56, 0xfe, 0xd4, 0xfd,
  0xd4, 0xfd, 0x92, 0xfd, 0x10, 0xfd, 0x94, 0xfd, 0x16, 0xfe, 0x14, 0xfe,
  0x16, 0xfe, 0x5a, 0xff, 0x52, 0xfd, 0x0e, 0xb5, 0x4c, 0x94, 0x54, 0x84,
  0x5e, 0xb6, 0x5a, 0x95, 0x18, 0x95, 0x18, 0x95, 0xd6, 0x84, 0x18, 0x95,
  0x18, 0x95, 0x58, 0x95, 0xda, 0xa5, 0xdc, 0xa5, 0x1c, 0xb6, 0xdc, 0xb5,
  0x9a, 0xa5, 0x9a, 0xa5, 0x96, 0x84, 0x14, 0x74, 0x54, 0x84, 0x18, 0x95,
  0x96, 0x84, 0xd6, 0x84, 0xd6, 0x84, 0x5a, 0xa5, 0x18, 0x95, 0x96, 0x84,
  0x9a, 0xa5, 0x9a, 0xa5, 0x18, 0x95, 0x9a, 0xa5, 0xda, 0xa5, 0x1c, 0xb6,
  0x18, 0x95, 0xd6, 0x84, 0x9a, 0xa5, 0x9a, 0xa5, 0x58, 0x95, 0xdc, 0xa5,
  0x18, 0x95, 0xd6, 0x84, 0x9a, 0xa5, 0x1c, 0xb6, 0xdc, 0xa5, 0x1c, 0xb6,
  0x9e, 0xc6, 0xdc, 0xa5, 0x9e, 0xc6, 0x5e, 0xb6, 0x9e, 0xb6, 0x9e, 0xc6,
  0x9e, 0xc6, 0x18, 0x95, 0x14, 0x74, 0x12, 0x74, 0x96, 0x84, 0x5a, 0xa5,
  0x1c, 0xb6, 0x5a, 0x95, 0x9a, 0xa5, 0x9a, 0xa5, 0xd6, 0x84, 0x18, 0x95,
  0xdc, 0xa5, 0x9a, 0xa5, 0x9a, 0xa5, 0x9a, 0xa5, 0xd6, 0x84, 0x58, 0x95,
  0x9e, 0xc6, 0x9e, 0xc6, 0x58, 0x95, 0x18, 0x95, 0x94, 0x84, 0x90, 0xc5,
  0x52, 0xe6, 0xcc, 0xc3, 0xca, 0xa2, 0x48, 0x82, 0x48, 0x92, 0xca, 0xd2,
  0xcc, 0xe3, 0x4c, 0xd3, 0x0a, 0xb3, 0xce, 0xc3, 0x4c, 0xb3, 0x0a, 0xb3,
  0xca, 0xb2, 0x0a, 0xb3, 0x48, 0x92, 0x88, 0xa2, 0xca, 0xa2, 0xca, 0xa2,
  0x88, 0xa2, 0xca, 0xb2, 0x4a, 0xd3, 0xcc, 0xf3, 0xd0, 0xfc, 0x16, 0xfe,
  0xd0, 0xfc, 0x4e, 0xfc, 0x90, 0xfc, 0xd0, 0xfc, 0x0e, 0xfc, 0x0e, 0xfc,
  0x0e, 0xf4, 0xca, 0xb2, 0xc8, 0xc2, 0xcc, 0xe3, 0x8c, 0xe3, 0x0a, 0xc3,
  0xca, 0xd2, 0xca, 0xc2, 0xca, 0xc2, 0x4a, 0xe3, 0x0a, 0xc3, 0x0a, 0xd3,
  0x0e, 0xf4, 0x90, 0xfc, 0x4e, 0xfc, 0x0a, 0xd3, 0x4a, 0xe3, 0x0a, 0xe3,
  0x0a, 0xe3, 0x0a, 0xd3, 0x0a, 0xe3, 0x0a, 0xd3, 0xca, 0xb2, 0x0a, 0xd3,
  0x8c, 0xf3, 0xce, 0xfb, 0x0e, 0xfc, 0x0a, 0xc3, 0x4c, 0xe3, 0xcc, 0xfb,
  0x4c, 0xf3, 0x4c, 0xf3, 0x8c, 0xf3, 0x4a, 0xe3, 0x4a, 0xe3, 0xcc, 0xf3,
  0x8c, 0xf3, 0x90, 0xfc, 0xd0, 0xfc, 0x0e, 0xf4, 0x48, 0x82, 0x0c, 0x94,
  0x4e, 0xc5, 0xc8, 0x93, 0x0c, 0xd6, 0xd0, 0xff, 0xf0, 0xff, 0x4e, 0xff,
  0x88, 0xd5, 0x48, 0xf6, 0x4a, 0xff, 0xcc, 0xff, 0x0a, 0xff, 0x0c, 0xff,
  0x8c, 0xff, 0x8a, 0xff, 0x8a, 0xff, 0x0a, 0xff, 0xca, 0xfe, 0x4a, 0xff,
  0x4a, 0xff, 0xf0, 0xff, 0xf0, 0xff, 0xee, 0xff, 0xee, 0xff, 0xee, 0xff,
  0xec, 0xff, 0xee, 0xff, 0xee, 0xff, 0xcc, 0xff, 0x4a, 0xff, 0xca, 0xfe,
  0xcc, 0xff, 0x0a, 0xff, 0xca, 0xf6, 0x4c, 0xff, 0xce, 0xff, 0x8c, 0xe6,
  0xcc, 0xa4, 0x8c, 0xa4, 0x08, 0x93, 0x4a, 0xd3, 0xd0, 0xfc, 0xd4, 0xfd,
  0x12, 0xfd, 0x12, 0xfd, 0x90, 0xfc, 0xd0, 0xfc, 0xd0, 0xfc, 0xd0, 0xfc,
  0x92, 0xfd, 0x56, 0xfe, 0xd8, 0xfe, 0x52, 0xfd, 0x52, 0xfd, 0x56, 0xfe,
  0x56, 0xfe, 0xd4, 0xfd, 0x94, 0xfd, 0x98, 0xfe, 0x98, 0xfe, 0xd8, 0xfe,
  0x14, 0xfe, 0x92, 0xfd, 0x12, 0xfd, 0x4e, 0xfc, 0x90, 0xfc, 0x92, 0xfd,
  0x14, 0xfe, 0xd4, 0xfd, 0x14, 0xfe, 0xd8, 0xfe, 0x5a, 0xff, 0xdc, 0xff,
  0x56, 0xfe, 0xd4, 0xfd, 0xd4, 0xfd, 0x52, 0xfd, 0x52, 0xfd, 0x52, 0xfd,
  0x92, 0xfd, 0xd8, 0xfe, 0xd4, 0xfd, 0x12, 0xfd, 0xd4, 0xfd, 0xd4, 0xfd,
  0xd4, 0xfd, 0xd4, 0xfd, 0x14, 0xfe, 0x52, 0xfd, 0x92, 0xfd, 0x94, 0xfd,
  0x52, 0xfd, 0xd4, 0xfd, 0x14, 0xfe, 0x12, 0xfd, 0x12, 0xfd, 0x52, 0xfd,
  0x52, 0xfd, 0x52, 0xfd, 0x14, 0xfe, 0x56, 0xfe, 0xd4, 0xfd, 0x12, 0xfd,
  0xd0, 0xfc, 0x14, 0xfe, 0x9c, 0xff, 0x1a, 0xff, 0x9a, 0xff, 0xfe, 0xff,
  0xd4, 0xfd, 0xce, 0xb4, 0x10, 0xb5, 0xcc, 0x52, 0x58, 0x95, 0x5e, 0xb6,
  0x54, 0x84, 0x90, 0x63, 0xd2, 0x73, 0x54, 0x74, 0x96, 0x84, 0x12, 0x74,
  0x12, 0x74, 0x94, 0x84, 0x18, 0x95, 0x96, 0x84, 0xd6, 0x84, 0xd6, 0x94,
  0x94, 0x84, 0x12, 0x74, 0x90, 0x63, 0x90, 0x63, 0x90, 0x63, 0x90, 0x63,
  0x0e, 0x53, 0x50, 0x63, 0x0e, 0x53, 0x4e, 0x63, 0x90, 0x63, 0x90, 0x63,
  0x92, 0x63, 0x50, 0x63, 0x14, 0x74, 0x14, 0x74, 0x0e, 0x53, 0x0e, 0x53,
  0x50, 0x63, 0x50, 0x63, 0x90, 0x63, 0x90, 0x63, 0x0e, 0x53, 0x0e, 0x53,
  0xd2, 0x73, 0x96, 0x84, 0x14, 0x74, 0x96, 0x84, 0x96, 0x84, 0x92, 0x63,
  0x54, 0x84, 0x58, 0x95, 0xdc, 0xa5, 0x1c, 0xb6, 0x18, 0x95, 0x90, 0x63,
  0xcc, 0x52, 0x8c, 0x42, 0xce, 0x52, 0x90, 0x63, 0x54, 0x74, 0xd2, 0x73,
  0x12, 0x74, 0x12, 0x74, 0x0e, 0x53, 0x0e, 0x53, 0xd2, 0x63, 0x50, 0x63,
  0x90, 0x63, 0x90, 0x63, 0x0e, 0x53, 0x0e, 0x53, 0xd2, 0x73, 0x90, 0x63,
  0x50, 0x63, 0x8c, 0x42, 0x4c, 0x63, 0x90, 0xc5, 0x90, 0xc5, 0x0a, 0x93,
  0x4c, 0xb3, 0x0a, 0xb3, 0xca, 0xa2, 0x08, 0x72, 0x48, 0x82, 0x88, 0x92,
  0xca, 0x92, 0xce, 0xb3, 0xce, 0xc3, 0xcc, 0xe3, 0xce, 0xd3, 0xcc, 0xd3,
  0xca, 0x92, 0x48, 0x82, 0x4c, 0xb3, 0x0e, 0xd4, 0xca, 0xa2, 0x0a, 0xc3,
  0x4a, 0xc3, 0x8c, 0xe3, 0xcc, 0xe3, 0xce, 0xe3, 0x90, 0xfc, 0x4e, 0xfc,
  0x8c, 0xd3, 0x8c, 0xd3, 0xce, 0xe3, 0x0a, 0xb3, 0xca, 0x92, 0x48, 0x82,
  0x88, 0x82, 0x8c, 0xc3, 0xcc, 0xd3, 0xcc, 0xc3, 0x88, 0x82, 0xca, 0x92,
  0x48, 0x82, 0xc6, 0x61, 0xc6, 0x71, 0x0a, 0xc3, 0xd0, 0xfc, 0xda, 0xfe,
  0x54, 0xfd, 0x0a, 0xb3, 0x48, 0x92, 0x48, 0x92, 0x88, 0xa2, 0x8c, 0xd3,
  0x0e, 0xe4, 0x0a, 0xa3, 0xca, 0xa2, 0x88, 0x92, 0x0a, 0xb3, 0x4c, 0xe3,
  0x8c, 0xf3, 0x0e, 0xfc, 0x8c, 0xe3, 0xca, 0xb2, 0x48, 0xa2, 0x48, 0x92,
  0x88, 0xa2, 0x06, 0x82, 0x06, 0x82, 0x48, 0x92, 0x48, 0x92, 0xca, 0xb2,
  0x4a, 0xc3, 0x88, 0x92, 0x86, 0x51, 0xc8, 0x62, 0xd0, 0xc5, 0x0a, 0x84,
  0xc6, 0x83, 0x8a, 0xc5, 0xcc, 0xf6, 0xca, 0xd5, 0xc6, 0x83, 0xc6, 0x93,
  0x46, 0xa4, 0x88, 0xa4, 0xc8, 0xb4, 0x88, 0xa4, 0x46, 0xa4, 0xc4, 0x93,
  0x46, 0xa4, 0xc6, 0xb4, 0x46, 0xa4, 0x06, 0x94, 0x86, 0xa4, 0x88, 0xd5,
  0x8a, 0xf6, 0x4a, 0xff, 0x0a, 0xff, 0x0a, 0xff, 0x88, 0xf6, 0x8c, 0xff,
  0x8c, 0xff, 0xc8, 0xd5, 0x86, 0xa4, 0xc6, 0xb4, 0xc8, 0xb4, 0x46, 0xa4,
  0x08, 0xd6, 0x08, 0xb5, 0xca, 0xc5, 0x4c, 0xd6, 0x12, 0xd6, 0x12, 0xd6,
  0x0a, 0xa3, 0x50, 0xfc, 0xd4, 0xfd, 0x98, 0xfe, 0x92, 0xfd, 0x12, 0xfd,
  0x12, 0xfd, 0xd0, 0xfc, 0xd0, 0xfc, 0xd0, 0xfc, 0xd4, 0xfd, 0x56, 0xfe,
  0x92, 0xfd, 0x10, 0xfd, 0xd4, 0xfd, 0x56, 0xfe, 0x14, 0xfe, 0xd4, 0xfd,
  0x96, 0xfe, 0x98, 0xfe, 0x12, 0xfd, 0x14, 0xfe, 0x5a, 0xff, 0x5a, 0xff,
  0x14, 0xfe, 0x94, 0xfd, 0x56, 0xfe, 0xd4, 0xfd, 0x56, 0xfe, 0x56, 0xfe,
  0x1a, 0xff, 0xd8, 0xfe, 0x98, 0xfe, 0x96, 0xfe, 0xd4, 0xfd, 0x52, 0xfd,
  0x94, 0xfd, 0xd4, 0xfd, 0x94, 0xfd, 0x52, 0xfd, 0xd4, 0xfd, 0x56, 0xfe,
  0x16, 0xfe, 0x14, 0xfe, 0xd4, 0xfd, 0x94, 0xfd, 0x14, 0xfe, 0x16, 0xfe,
  0x56, 0xfe, 0x92, 0xfd, 0x92, 0xfd, 0x14, 0xfe, 0x16, 0xfe, 0x56, 0xfe,
  0x14, 0xfe, 0xd8, 0xfe, 0x56, 0xfe, 0x12, 0xfd, 0x12, 0xfd, 0x52, 0xfd,
  0x94, 0xfd, 0xd4, 0xfd, 0xd4, 0xfd, 0x52, 0xfd, 0xd0, 0xfc, 0x92, 0xfd,
  0x56, 0xfe, 0x56, 0xfe, 0x98, 0xfe, 0x18, 0xff, 0xd4, 0xfd, 0x16, 0xf7,
  0x4c, 0x94, 0x08, 0x42, 0x8c, 0x42, 0xd2, 0x73, 0xd2, 0x63, 0xcc, 0x52,
  0x8c, 0x42, 0x0e, 0x53, 0x0e, 0x53, 0x4e, 0x63, 0x0e, 0x53, 0x0e, 0x53,
  0xcc, 0x52, 0x4a, 0x42, 0x8c, 0x42, 0x8c, 0x42, 0x8c, 0x52, 0x8a, 0x42,
  0x8c, 0x42, 0x8c, 0x42, 0x8a, 0x42, 0x4a, 0x42, 0x8a, 0x42, 0x08, 0x32,
  0xc8, 0x31, 0xc8, 0x31, 0x4a, 0x42, 0x0a, 0x42, 0x4a, 0x42, 0x0a, 0x32,
  0x8c, 0x42, 0xcc, 0x52, 0x08, 0x32, 0xc8, 0x31, 0x86, 0x31, 0x88, 0x31,
  0x08, 0x32, 0x0a, 0x42, 0xc8, 0x31, 0xc8, 0x31, 0x8c, 0x42, 0x50, 0x63,
  0x0e, 0x53, 0x8c, 0x42, 0x4a, 0x42, 0x4a, 0x42, 0xcc, 0x52, 0x90, 0x63,
  0x12, 0x74, 0x12, 0x74, 0x90, 0x63, 0xc8, 0x31, 0x44, 0x21, 0x04, 0x11,
  0x46, 0x21, 0x4a, 0x42, 0x0e, 0x53, 0x90, 0x63, 0x12, 0x74, 0x0e, 0x53,
  0xc8, 0x31, 0x08, 0x32, 0x08, 0x32, 0x08, 0x32, 0x0a, 0x42, 0x08, 0x32,
  0xc8, 0x31, 0x4a, 0x42, 0x0e, 0x53, 0x8c, 0x42, 0x0a, 0x32, 0x86, 0x31,
  0xca, 0x62, 0xd2, 0xd5, 0x0e, 0xb5, 0xc6, 0x51, 0x48, 0x72, 0xca, 0xa2,
  0x4a, 0xb3, 0x0a, 0xb3, 0x48, 0x82, 0xc6, 0x71, 0x88, 0x92, 0x0a, 0xb3,
  0x0a, 0xb3, 0x8c, 0xd3, 0x8c, 0xd3, 0x0a, 0xb3, 0x88, 0x92, 0xca, 0xa2,
  0x8c, 0xd3, 0x0a, 0xa3, 0xc6, 0x61, 0xc6, 0x71, 0x06, 0x72, 0x06, 0x72,
  0x06, 0x72, 0xc6, 0x61, 0x48, 0x92, 0xc8, 0xa2, 0xca, 0xa2, 0x88, 0x92,
  0x08, 0x72, 0xca, 0x92, 0x06, 0x72, 0xc6, 0x61, 0x06, 0x72, 0x48, 0x82,
  0x0a, 0xb3, 0xce, 0xd3, 0x0a, 0xb3, 0xca, 0xa2, 0x0a, 0xb3, 0x48, 0x72,
  0x84, 0x51, 0x44, 0x41, 0x86, 0x61, 0x4c, 0xb3, 0x8c, 0xd3, 0xca, 0xa2,
  0xc6, 0x71, 0xc6, 0x61, 0xc6, 0x61, 0xca, 0xa2, 0x4e, 0xe4, 0xcc, 0xc3,
  0x48, 0x82, 0x86, 0x61, 0x06, 0x72, 0x48, 0x82, 0x48, 0x92, 0xca, 0xb2,
  0xc8, 0xa2, 0x48, 0x82, 0x06, 0x72, 0xc6, 0x61, 0xc6, 0x61, 0x84, 0x51,
  0x84, 0x51, 0xc6, 0x61, 0xc6, 0x71, 0x08, 0x82, 0x08, 0x72, 0x44, 0x41,
  0x44, 0x41, 0x08, 0x73, 0x8c, 0xa4, 0x8a, 0x83, 0x42, 0x52, 0x04, 0x63,
  0x84, 0x73, 0x84, 0x83, 0x44, 0x73, 0x44, 0x52, 0xc6, 0x62, 0xc8, 0x83,
  0x06, 0x94, 0x88, 0xc5, 0x88, 0xa4, 0x02, 0x42, 0x02, 0x42, 0x44, 0x52,
  0x44, 0x52, 0x44, 0x52, 0x02, 0x42, 0xc4, 0x62, 0x46, 0xa4, 0x88, 0xd5,
  0xca, 0xd5, 0x08, 0xb5, 0x08, 0xb5, 0x0c, 0xe6, 0x8a, 0xc5, 0x06, 0x94,
  0x84, 0x52, 0xc4, 0x62, 0xc4, 0x62, 0x04, 0x73, 0x86, 0xa4, 0xc6, 0xa4,
  0x04, 0x73, 0x86, 0x83, 0x4e, 0xb5, 0x12, 0xd6, 0xc8, 0x92, 0x0e, 0xf4,
  0x52, 0xfd, 0xd0, 0xfc, 0xd0, 0xfc, 0xd0, 0xfc, 0x12, 0xfd, 0x10, 0xfd,
  0x10, 0xfd, 0x92, 0xfd, 0x56, 0xfe, 0xd8, 0xfe, 0x56, 0xfe, 0x52, 0xfd,
  0x52, 0xfd, 0x96, 0xfe, 0xd4, 0xfd, 0xd0, 0xfc, 0x12, 0xfd, 0xd4, 0xfd,
  0xd0, 0xfc, 0x10, 0xfd, 0x92, 0xfd, 0xd4, 0xfd, 0xd4, 0xfd, 0x98, 0xfe,
  0x56, 0xfe, 0x10, 0xfd, 0x56, 0xfe, 0xd8, 0xfe, 0x56, 0xfe, 0xd4, 0xfd,
  0xd4, 0xfd, 0x14, 0xfe, 0x52, 0xfd, 0xd4, 0xfd, 0x56, 0xfe, 0x56, 0xfe,
  0x16, 0xfe, 0x16, 0xfe, 0x98, 0xfe, 0x9c, 0xff, 0xd8, 0xfe, 0x14, 0xfe,
  0xd4, 0xfd, 0x92, 0xfd, 0xd4, 0xfd, 0xd4, 0xfd, 0x56, 0xfe, 0x92, 0xfd,
  0x52, 0xfd, 0x92, 0xfd, 0xd4, 0xfd, 0xd4, 0xfd, 0x92, 0xfd, 0x14, 0xfe,
  0x52, 0xfd, 0x12, 0xfd, 0x94, 0xfd, 0xd4, 0xfd, 0xd4, 0xfd, 0xd4, 0xfd,
  0x52, 0xfd, 0x56, 0xfe, 0x94, 0xfd, 0xd4, 0xfd, 0xd4, 0xfd, 0xd4, 0xfd,
  0x56, 0xfe, 0x56, 0xfe, 0x52, 0xfd, 0xce, 0xb4, 0x0a, 0x94, 0xcc, 0x83,
  0xcc, 0x83, 0x4a, 0x63, 0x0e, 0x84, 0xcc, 0x83, 0xca, 0x62, 0x4c, 0x73,
  0xcc, 0x83, 0x4e, 0x94, 0x88, 0x52, 0x48, 0x52, 0xca, 0x62, 0x0e, 0x94,
  0xcc, 0x83, 0x8a, 0x73, 0x0c, 0x84, 0x8c, 0x83, 0x8e, 0xa4, 0x4a, 0x73,
  0x0e, 0x94, 0x4a, 0x73, 0x0a, 0x63, 0x08, 0x63, 0x4a, 0x73, 0xc8, 0x62,
  0x88, 0x52, 0x48, 0x52, 0xc8, 0x62, 0x8a, 0x73, 0xcc, 0x83, 0x4a, 0x73,
  0x08, 0x63, 0x0a, 0x63, 0x88, 0x52, 0x88, 0x52, 0x88, 0x52, 0x88, 0x52,
  0x08, 0x63, 0xc8, 0x62, 0x4a, 0x73, 0xcc, 0x83, 0x4c, 0x73, 0x88, 0x52,
  0x4a, 0x73, 0x0a, 0x63, 0x0e, 0x94, 0x8e, 0xa4, 0x8c, 0x73, 0x4c, 0x63,
  0x4a, 0x73, 0x06, 0x42, 0x86, 0x52, 0x4a, 0x73, 0xcc, 0x83, 0x88, 0x52,
  0x8c, 0x73, 0xd0, 0xa4, 0x4e, 0x84, 0xcc, 0x83, 0x4a, 0x73, 0x0a, 0x63,
  0xc8, 0x62, 0x0a, 0x63, 0x46, 0x42, 0x88, 0x52, 0x46, 0x52, 0xcc, 0x83,
  0x8c, 0x73, 0xca, 0x62, 0x8a, 0x73, 0x8a, 0x83, 0x4a, 0x73, 0x90, 0xc5,
  0x94, 0xe6, 0x0c, 0x94, 0xca, 0x93, 0x8a, 0x83, 0x4a, 0x93, 0x8a, 0x93,
  0xc8, 0x72, 0x4a, 0x83, 0x8a, 0x93, 0xca, 0x93, 0x4a, 0x83, 0x8a, 0x93,
  0x4c, 0xa4, 0x0c, 0xa4, 0x8e, 0xb4, 0x4a, 0x83, 0x0c, 0xa4, 0x4a, 0x83,
  0x4a, 0x83, 0xca, 0x93, 0x86, 0x62, 0x84, 0x41, 0x06, 0x52, 0x4a, 0x83,
  0x8a, 0x93, 0x4a, 0x83, 0x48, 0x73, 0x08, 0x73, 0x08, 0x73, 0x4a, 0x83,
  0x8e, 0xa4, 0x4a, 0x83, 0x48, 0x83, 0xc8, 0x62, 0x4a, 0x83, 0xca, 0x93,
  0x4c, 0xa4, 0x4c, 0xa4, 0x8a, 0x93, 0x4a, 0x83, 0x88, 0x62, 0x08, 0x73,
  0x8a, 0x83, 0x08, 0x73, 0xc8, 0x72, 0x8a, 0x83, 0xcc, 0x93, 0xc8, 0x72,
  0x08, 0x73, 0x4a, 0x83, 0xca, 0x93, 0xcc, 0x93, 0x88, 0x72, 0x86, 0x62,
  0xc8, 0x62, 0x48, 0x73, 0xc8, 0x62, 0x4a, 0x83, 0x4a, 0x83, 0x08, 0x73,
  0x86, 0x62, 0x86, 0x62, 0x4a, 0x83, 0x08, 0x73, 0x04, 0x52, 0x46, 0x62,
  0x86, 0x72, 0x86, 0x62, 0xcc, 0x93, 0x08, 0x73, 0x08, 0x73, 0x0c, 0x94,
  0x88, 0x83, 0x08, 0x73, 0xc6, 0x62, 0x06, 0x73, 0x88, 0x83, 0xca, 0x83,
  0x0a, 0x94, 0x48, 0x73, 0x8c, 0x94, 0x0e, 0xb5, 0x0a, 0x84, 0x0a, 0x94,
  0x0a, 0x94, 0xc6, 0x62, 0xc8, 0x62, 0x48, 0x73, 0xc6, 0x62, 0x0a, 0x94,
  0x48, 0x73, 0x48, 0x73, 0x8a, 0x83, 0x0a, 0x94, 0x4a, 0x94, 0x0a, 0x94,
  0x4a, 0x94, 0x0a, 0x94, 0xca, 0x83, 0xce, 0xa4, 0xca, 0x83, 0xca, 0x83,
  0x08, 0x63, 0x06, 0x63, 0xc6, 0x62, 0x88, 0x83, 0x0a, 0x84, 0x4a, 0x94,
  0x92, 0xe6, 0x8c, 0xa4, 0x48, 0x92, 0xcc, 0xf3, 0xd0, 0xfc, 0x10, 0xfd,
  0x52, 0xfd, 0x14, 0xfe, 0x92, 0xfd, 0x10, 0xfd, 0xd0, 0xfc, 0x92, 0xfd,
  0xd4, 0xfd, 0x52, 0xfd, 0x94, 0xfd, 0x10, 0xfd, 0x12, 0xfd, 0xd8, 0xfe,
  0x98, 0xfe, 0x52, 0xfd, 0xd4, 0xfd, 0xd4, 0xfd, 0xd4, 0xfd, 0x94, 0xfd,
  0x10, 0xfd, 0x10, 0xfd, 0xd4, 0xfd, 0x16, 0xfe, 0xd4, 0xfd, 0x52, 0xfd,
  0x14, 0xfe, 0x96, 0xfe, 0x94, 0xfd, 0x52, 0xfd, 0x52, 0xfd, 0xd4, 0xfd,
  0x92, 0xfd, 0x5a, 0xff, 0xdc, 0xff, 0x94, 0xfd, 0x92, 0xfd, 0x94, 0xfd,
  0x98, 0xfe, 0x1a, 0xff, 0x56, 0xfe, 0x92, 0xfd, 0x52, 0xfd, 0x16, 0xfe,
  0x56, 0xfe, 0x96, 0xfe, 0x98, 0xfe, 0x12, 0xfd, 0x92, 0xfd, 0x14, 0xfe,
  0x52, 0xfd, 0x52, 0xfd, 0x94, 0xfd, 0xd4, 0xfd, 0x56, 0xfe, 0x5a, 0xff,
  0x56, 0xfe, 0xd4, 0xfd, 0x14, 0xfe, 0x94, 0xfd, 0x52, 0xfd, 0xd0, 0xfc,
  0x52, 0xfd, 0x92, 0xfd, 0x52, 0xfd, 0x94, 0xfd, 0xd4, 0xfd, 0xd4, 0xfd,
  0x10, 0xfd, 0xcc, 0xb4, 0x88, 0x83, 0x8a, 0x83, 0x0e, 0xb5, 0x8c, 0xa4,
  0x94, 0xe6, 0x98, 0xff, 0x8c, 0xa4, 0x8a, 0x83, 0x4c, 0x94, 0x90, 0xc5,
  0x8c, 0xa4, 0xca, 0x83, 0x8c, 0xa4, 0xce, 0xa4, 0x94, 0xe6, 0x92, 0xe6,
  0xce, 0xa4, 0xce, 0xa4, 0x94, 0xe6, 0x8e, 0xa4, 0x94, 0xe6, 0xd0, 0xc5,
  0xce, 0xa4, 0x0a, 0x94, 0xce, 0xa4, 0xca, 0x83, 0x52, 0xd6, 0x90, 0xc5,
  0x50, 0xc5, 0x8c, 0xa4, 0x8c, 0xa4, 0xce, 0xa4, 0x90, 0xc5, 0xd2, 0xd5,
  0x50, 0xb5, 0x90, 0xc5, 0x12, 0xd6, 0x0e, 0xb5, 0x4c, 0x94, 0x8c, 0xa4,
  0x0a, 0x94, 0xd0, 0xc5, 0x12, 0xd6, 0xd0, 0xc5, 0xd4, 0xe6, 0x0a, 0x94,
  0xce, 0xa4, 0xd2, 0xd5, 0x52, 0xd6, 0x0a, 0x94, 0x0e, 0xb5, 0x8c, 0xa4,
  0x8c, 0xa4, 0x90, 0xc5, 0x94, 0xe6, 0x8a, 0x83, 0x8c, 0xa4, 0x54, 0xe6,
  0x12, 0xd6, 0x12, 0xd6, 0x0e, 0xb5, 0x0e, 0xb5, 0x4c, 0x94, 0x90, 0xc5,
  0x0c, 0x94, 0x4c, 0x94, 0x4c, 0x94, 0x0e, 0xb5, 0xd2, 0xc5, 0xce, 0xa4,
  0xd0, 0xd5, 0xd0, 0xd5, 0x8c, 0xa4, 0xd0, 0xd5, 0x92, 0xe6, 0x52, 0xd6,
  0x52, 0xd6, 0x4c, 0x94, 0x8a, 0x73, 0x0e, 0xb5, 0x90, 0xc5, 0x90, 0xc5,
  0xd0, 0xc5, 0xd4, 0xe6, 0x50, 0xb5, 0x0e, 0xb5, 0x92, 0xe6, 0xd0, 0xc5,
  0xd4, 0xf6, 0x4e, 0xb5, 0x4e, 0xb5, 0x0e, 0xb5, 0xd4, 0xf6, 0xd0, 0xc5,
  0x90, 0xc5, 0x0c, 0x94, 0x4c, 0x94, 0x0e, 0xb5, 0xcc, 0xa4, 0xce, 0xa4,
  0x12, 0xd6, 0x50, 0xc5, 0x4c, 0x94, 0xce, 0xa4, 0x12, 0xd6, 0x0e, 0xb5,
  0x8a, 0x83, 0x8c, 0xa4, 0x4c, 0x94, 0xce, 0xa4, 0x90, 0xc5, 0x12, 0xd6,
  0x52, 0xd6, 0x52, 0xd6, 0xd4, 0xe6, 0x50, 0xb5, 0xd4, 0xe6, 0xd0, 0xc5,
  0x4e, 0xb5, 0x12, 0xd6, 0x56, 0xff, 0x50, 0xb5, 0x94, 0xe6, 0x8e, 0xa4,
  0x0e, 0xb5, 0x12, 0xd6, 0x0e, 0xb5, 0x8c, 0xa4, 0x8c, 0xa4, 0x8c, 0xa4,
  0x8c, 0xa4, 0x52, 0xe6, 0x90, 0xc5, 0xd0, 0xc5, 0x90, 0xc5, 0x0a, 0x94,
  0xca, 0x83, 0x8c, 0xa4, 0x4c, 0x94, 0x4c, 0x94, 0x0e, 0xb5, 0xca, 0x83,
  0x90, 0xc5, 0xce, 0xa4, 0x0e, 0xb5, 0x0c, 0x94, 0x8c, 0xa4, 0xca, 0x83,
  0x0c, 0x94, 0xd0, 0xc5, 0x90, 0xc5, 0x50, 0xc5, 0x90, 0xc5, 0x50, 0xc5,
  0x50, 0xb5, 0x16, 0xf7, 0x4e, 0xb5, 0x12, 0xd6, 0x94, 0xe6, 0xd0, 0xc5,
  0x8c, 0xa4, 0x90, 0xc5, 0x0a, 0x94, 0xce, 0xa4, 0xce, 0xa4, 0x12, 0xd6,
  0x94, 0xe6, 0xce, 0xb4, 0x50, 0xb5, 0x8c, 0xa4, 0xd0, 0xc5, 0x8c, 0xa4,
  0x0e, 0xb5, 0x98, 0xff, 0x94, 0xe6, 0xd4, 0xe6, 0xd0, 0xc5, 0x0e, 0xb5,
  0x8c, 0xa4, 0x0e, 0xb5, 0x4c, 0x94, 0x0c, 0x94, 0x52, 0xe6, 0xce, 0xb4,
  0x48, 0x82, 0x4c, 0xd3, 0xd4, 0xfd, 0x14, 0xfe, 0xd4, 0xfd, 0xd4, 0xfd,
  0x14, 0xfe, 0x52, 0xfd, 0x10, 0xfd, 0x92, 0xfd, 0xd4, 0xfd, 0x10, 0xfd,
  0x52, 0xfd, 0x94, 0xfd, 0x56, 0xfe, 0x56, 0xfe, 0x56, 0xfe, 0x16, 0xfe,
  0xd4, 0xfd, 0x92, 0xfd, 0x56, 0xfe, 0x14, 0xfe, 0x52, 0xfd, 0x56, 0xfe,
  0x56, 0xfe, 0xd4, 0xfd, 0x16, 0xfe, 0x92, 0xfd, 0xd4, 0xfd, 0x56, 0xfe,
  0x56, 0xfe, 0x16, 0xfe, 0x14, 0xfe, 0x12, 0xfd, 0x12, 0xfd, 0x1a, 0xff,
  0x5a, 0xff, 0x94, 0xfd, 0x52, 0xfd, 0x52, 0xfd, 0xd4, 0xfd, 0xd4, 0xfd,
  0x92, 0xfd, 0xd4, 0xfd, 0x92, 0xfd, 0xd4, 0xfd, 0x94, 0xfd, 0xd8, 0xfe,
  0x18, 0xff, 0x52, 0xfd, 0x92, 0xfd, 0x92, 0xfd, 0x52, 0xfd, 0x52, 0xfd,
  0x94, 0xfd, 0x94, 0xfd, 0x14, 0xfe, 0xd4, 0xfd, 0x52, 0xfd, 0xd4, 0xfd,
  0x16, 0xfe, 0x92, 0xfd, 0x52, 0xfd, 0x52, 0xfd, 0x56, 0xfe, 0x56, 0xfe,
  0xd8, 0xfe, 0x96, 0xfe, 0x14, 0xfe, 0x14, 0xfe, 0x10, 0xfd, 0x4c, 0xb4,
  0x88, 0x83, 0xc8, 0x83, 0xca, 0xa4, 0x4e, 0xc5, 0x0c, 0xb5, 0xd2, 0xe6,
  0x0a, 0xb5, 0x8a, 0xc5, 0x50, 0xd6, 0x90, 0xe6, 0x12, 0xf7, 0xd0, 0xf6,
  0x50, 0xff, 0xce, 0xe6, 0x52, 0xf7, 0x92, 0xff, 0x10, 0xf7, 0x10, 0xf7,
  0x50, 0xf7, 0x8c, 0xe6, 0x50, 0xff, 0x50, 0xf7, 0x50, 0xf7, 0x0c, 0xd6,
  0x0c, 0xd6, 0x8e, 0xe6, 0xd6, 0xff, 0x54, 0xf7, 0x50, 0xd6, 0x0e, 0xd6,
  0x8c, 0xc5, 0xcc, 0xb4, 0x50, 0xd6, 0x0e, 0xd6, 0x4e, 0xc5, 0x4e, 0xb5,
  0x92, 0xe6, 0x4e, 0xc5, 0x4a, 0x83, 0x4c, 0xb4, 0x8a, 0xa3, 0x0c, 0xb4,
  0xce, 0xd4, 0x0e, 0xd5, 0x10, 0xd5, 0x0c, 0xb4, 0x4c, 0xc4, 0x8e, 0xc4,
  0x10, 0xd5, 0xca, 0xa3, 0xca, 0xa3, 0x4c, 0xc4, 0xce, 0xd4, 0x8e, 0xc4,
  0xce, 0xc4, 0x8e, 0xc4, 0x10, 0xd5, 0xce, 0xb4, 0x0e, 0xb5, 0x50, 0xc5,
  0x4a, 0x93, 0x8a, 0xa3, 0x0c, 0xb4, 0x10, 0xd5, 0xce, 0xd4, 0xce, 0xd4,
  0xce, 0xd4, 0xce, 0xd4, 0xd0, 0xe4, 0x4c, 0xb4, 0x4c, 0xa4, 0xce, 0xb4,
  0x0c, 0x94, 0x0a, 0x94, 0xce, 0xa4, 0x50, 0xc5, 0x8c, 0xa4, 0x0c, 0xa4,
  0x8a, 0x93, 0x4c, 0xa4, 0x8c, 0xb4, 0x8e, 0xb4, 0xce, 0xc4, 0x10, 0xd5,
  0x4e, 0xb4, 0x8a, 0x93, 0xce, 0xc4, 0x0e, 0xc5, 0x50, 0xc5, 0x8e, 0xa4,
  0x4a, 0x83, 0x8a, 0x83, 0x50, 0xc5, 0x8e, 0xa4, 0x50, 0xc5, 0x4c, 0xb4,
  0x8e, 0xc4, 0x4c, 0xc4, 0xca, 0xa3, 0x10, 0xd5, 0x0e, 0xd5, 0x50, 0xe5,
  0xce, 0xd4, 0x8e, 0xd4, 0xce, 0xe4, 0x8e, 0xd4, 0x0c, 0xc4, 0x10, 0xd5,
  0xd0, 0xd5, 0x92, 0xe6, 0x0c, 0x94, 0x4a, 0x73, 0xcc, 0x83, 0x8e, 0x94,
  0x52, 0xb5, 0x12, 0xa5, 0x98, 0xe6, 0xd6, 0xc5, 0xd2, 0xa4, 0xd2, 0xa4,
  0xd4, 0xc5, 0x54, 0xa5, 0xd8, 0xe6, 0x12, 0xa5, 0x90, 0x94, 0x54, 0xb5,
  0xd4, 0xc5, 0xd0, 0xa4, 0xd0, 0xa4, 0x90, 0x94, 0x0e, 0x84, 0x8e, 0x94,
  0x50, 0x94, 0x12, 0xa5, 0x94, 0xb5, 0x16, 0xc6, 0xd2, 0x94, 0xd6, 0xb5,
  0x16, 0xc6, 0xd6, 0xb5, 0xd6, 0xc5, 0x54, 0xa5, 0x14, 0xa5, 0xd4, 0x94,
  0xd2, 0x94, 0xd2, 0x94, 0x54, 0xb5, 0x14, 0xa5, 0x96, 0xb5, 0xd6, 0xc5,
  0x94, 0xb5, 0x56, 0xd6, 0x16, 0xc6, 0x14, 0xa5, 0x10, 0x84, 0x94, 0xb5,
  0x94, 0xb5, 0x94, 0xb5, 0x56, 0xd6, 0x16, 0xc6, 0x54, 0xa5, 0x54, 0xa5,
  0xd2, 0xa4, 0x90, 0x94, 0x10, 0x84, 0xd4, 0xc5, 0xd0, 0xa4, 0x10, 0xa5,
  0x14, 0xc6, 0xd0, 0xa4, 0xd4, 0xc5, 0x96, 0xb5, 0xd2, 0x94, 0x16, 0xc6,
  0xd6, 0xc5, 0x94, 0xb5, 0x54, 0xa5, 0x94, 0xb5, 0x94, 0xb5, 0x54, 0xb5,
  0x50, 0x94, 0x0e, 0x94, 0x52, 0xd6, 0x52, 0xe6, 0x0a, 0xa3, 0x8c, 0xe3,
  0x12, 0xfd, 0xd0, 0xfc, 0x4e, 0xfc, 0x92, 0xfd, 0x56, 0xfe, 0x94, 0xfd,
  0x52, 0xfd, 0x14, 0xfe, 0xd0, 0xfc, 0x4e, 0xfc, 0xd0, 0xfc, 0x52, 0xfd,
  0x56, 0xfe, 0x14, 0xfe, 0x14, 0xfe, 0x56, 0xfe, 0x56, 0xfe, 0xd4, 0xfd,
  0x14, 0xfe, 0xd4, 0xfd, 0x52, 0xfd, 0xd8, 0xfe, 0x1a, 0xff, 0xd4, 0xfd,
  0x94, 0xfd, 0xd4, 0xfd, 0x56, 0xfe, 0x16, 0xfe, 0x56, 0xfe, 0xd4, 0xfd,
  0x52, 0xfd, 0x10, 0xfd, 0xd4, 0xfd, 0x96, 0xfe, 0x14, 0xfe, 0x52, 0xfd,
  0x12, 0xfd, 0x52, 0xfd, 0x52, 0xfd, 0x52, 0xfd, 0x52, 0xfd, 0xd4, 0xfd,
  0x52, 0xfd, 0x12, 0xfd, 0xd4, 0xfd, 0xd4, 0xfd, 0x96, 0xfe, 0x92, 0xfd,
  0x12, 0xfd, 0x12, 0xfd, 0x92, 0xfd, 0xd4, 0xfd, 0x52, 0xfd, 0x12, 0xfd,
  0x52, 0xfd, 0x52, 0xfd, 0xd4, 0xfd, 0xd4, 0xfd, 0x14, 0xfe, 0x14, 0xfe,
  0x92, 0xfd, 0xd4, 0xfd, 0x56, 0xfe, 0x56, 0xfe, 0x56, 0xfe, 0x16, 0xfe,
  0xd4, 0xfd, 0x96, 0xfe, 0xd4, 0xfd, 0xd4, 0xfe, 0x4e, 0xb5, 0x48, 0x73,
  0x86, 0x83, 0xc8, 0x83, 0xc6, 0x83, 0x0c, 0xf7, 0xf0, 0xff, 0xf2, 0xff,
  0xfc, 0xff, 0xfa, 0xff, 0xf6, 0xff, 0xf0, 0xff, 0xf0, 0xff, 0xf2, 0xff,
  0xf0, 0xff, 0xf4, 0xff, 0xf8, 0xff, 0xf4, 0xff, 0xf4, 0xff, 0xf4, 0xff,
  0xf2, 0xff, 0xf4, 0xff, 0xf6, 0xff, 0xf2, 0xff, 0xf2, 0xff, 0xf6, 0xff,
  0xfa, 0xff, 0xfa, 0xff, 0xf0, 0xff, 0xf0, 0xff, 0xee, 0xff, 0xf2, 0xff,
  0xf2, 0xff, 0xce, 0xff, 0xcc, 0xf6, 0xca, 0xb4, 0x50, 0xc5, 0x8a, 0x93,
  0xca, 0xa2, 0x8c, 0xc3, 0xca, 0xa2, 0x0a, 0xb3, 0x8c, 0xc3, 0x0e, 0xd4,
  0x0e, 0xe4, 0x12, 0xfd, 0x52, 0xfd, 0xd0, 0xfc, 0x8e, 0xfc, 0x0e, 0xf4,
  0x4a, 0xc3, 0x0e, 0xf4, 0x4e, 0xfc, 0x90, 0xfc, 0xd0, 0xfc, 0x0e, 0xe4,
  0x12, 0xfd, 0x0e, 0xe4, 0x8c, 0xc3, 0x4a, 0xb3, 0x4a, 0xb3, 0x4a, 0xb3,
  0xcc, 0xc3, 0x90, 0xf4, 0x92, 0xfd, 0x56, 0xfe, 0x92, 0xfd, 0x56, 0xfe,
  0x96, 0xfe, 0x56, 0xfe, 0x52, 0xfd, 0x90, 0xf4, 0xcc, 0xe3, 0x8c, 0xd3,
  0x0a, 0xa3, 0xc8, 0x92, 0x8c, 0xb3, 0x4a, 0xb3, 0xca, 0xa2, 0xcc, 0xc3,
  0xcc, 0xd3, 0x4e, 0xf4, 0x92, 0xfd, 0x10, 0xfd, 0x4e, 0xf4, 0x0a, 0xb3,
  0x88, 0x82, 0x06, 0x72, 0x88, 0x92, 0x0a, 0xa3, 0x0a, 0xa3, 0x88, 0x82,
  0x06, 0x72, 0x48, 0x82, 0x0a, 0xa3, 0x0a, 0xb3, 0x4a, 0xc3, 0x4a, 0xc3,
  0x0a, 0xb3, 0x90, 0xf4, 0x4e, 0xfc, 0x0e, 0xf4, 0x90, 0xfc, 0x10, 0xfd,
  0x10, 0xfd, 0x0e, 0xf4, 0x90, 0xfc, 0x90, 0xfc, 0x8e, 0xc4, 0x0e, 0xb5,
  0x0e, 0x84, 0x4e, 0x63, 0xd2, 0x73, 0x50, 0x63, 0x54, 0x74, 0xda, 0xa5,
  0xdf, 0xe7, 0x5f, 0xd7, 0x9f, 0xe7, 0x1f, 0xd7, 0xdf, 0xc6, 0x1f, 0xd7,
  0xdf, 0xc6, 0x9e, 0xc6, 0xdf, 0xc6, 0xff, 0xf7, 0x1f, 0xd7, 0x9a, 0xa5,
  0xda, 0xa5, 0xda, 0xa5, 0x9a, 0xa5, 0x1c, 0xb6, 0x9e, 0xc6, 0x1f, 0xd7,
  0x9f, 0xe7, 0x9f, 0xe7, 0x1f, 0xd7, 0xdf, 0xe7, 0xff, 0xf7, 0xff, 0xf7,
  0xdf, 0xe7, 0xdf, 0xe7, 0xff, 0xe7, 0x9f, 0xd7, 0xdf, 0xc6, 0x9e, 0xc6,
  0x1c, 0xb6, 0x9e, 0xc6, 0xdf, 0xe7, 0xff, 0xf7, 0x5f, 0xd7, 0x9f, 0xd7,
  0x9f, 0xe7, 0x5c, 0xb6, 0xdc, 0xa5, 0x9f, 0xd7, 0x9f, 0xd7, 0x1f, 0xd7,
  0x1f, 0xd7, 0xff, 0xf7, 0x1f, 0xd7, 0x9e, 0xc6, 0x9e, 0xc6, 0xdf, 0xc6,
  0x9e, 0xc6, 0xdf, 0xc6, 0x58, 0xa5, 0x18, 0x95, 0x9a, 0xa5, 0xda, 0xa5,
  0x1f, 0xc7, 0x5f, 0xd7, 0xdf, 0xc6, 0x9f, 0xd7, 0x1f, 0xd7, 0xdf, 0xc6,
  0x9e, 0xc6, 0x9e, 0xc6, 0xff, 0xf7, 0x5f, 0xd7, 0x1c, 0xb6, 0x16, 0xa5,
  0x50, 0xb5, 0x50, 0xc5, 0xc8, 0x92, 0xcc, 0xf3, 0xd0, 0xfc, 0x12, 0xfd,
  0x12, 0xfd, 0x52, 0xfd, 0xd4, 0xfd, 0xd8, 0xfe, 0x96, 0xfe, 0x56, 0xfe,
  0xd4, 0xfd, 0xd0, 0xfc, 0xd4, 0xfd, 0x92, 0xfd, 0xd4, 0xfd, 0x56, 0xfe,
  0x52, 0xfd, 0xd4, 0xfd, 0x94, 0xfd, 0x12, 0xfd, 0x52, 0xfd, 0x98, 0xfe,
  0x92, 0xfd, 0xd4, 0xfd, 0x16, 0xfe, 0x92, 0xfd, 0x52, 0xfd, 0x52, 0xfd,
  0xd4, 0xfd, 0x56, 0xfe, 0x16, 0xfe, 0x92, 0xfd, 0xd0, 0xfc, 0x10, 0xfd,
  0xd4, 0xfd, 0x14, 0xfe, 0xd4, 0xfd, 0x12, 0xfd, 0x90, 0xfc, 0x52, 0xfd,
  0xd4, 0xfd, 0x98, 0xfe, 0x16, 0xfe, 0x52, 0xfd, 0xd4, 0xfd, 0xd4, 0xfd,
  0x94, 0xfd, 0x52, 0xfd, 0x12, 0xfd, 0x52, 0xfd, 0x52, 0xfd, 0xd4, 0xfd,
  0xd4, 0xfd, 0x94, 0xfd, 0x52, 0xfd, 0x90, 0xfc, 0x56, 0xfe, 0x96, 0xfe,
  0xd4, 0xfd, 0x1a, 0xff, 0x5a, 0xff, 0xd8, 0xfe, 0x16, 0xfe, 0xd4, 0xfd,
  0xd0, 0xfc, 0x52, 0xfd, 0x52, 0xfd, 0x52, 0xfd, 0x92, 0xfd, 0x96, 0xfe,
  0x92, 0xfd, 0x12, 0xe6, 0x50, 0xb5, 0xc4, 0x41, 0x42, 0x31, 0x84, 0x52,
  0xca, 0xd5, 0xee, 0xff, 0xf2, 0xff, 0xf4, 0xff, 0xf6, 0xff, 0xf4, 0xff,
  0xf2, 0xff, 0xf0, 0xff, 0xf0, 0xff, 0xf2, 0xff, 0xf0, 0xff, 0xf2, 0xff,
  0xf4, 0xff, 0xf0, 0xff, 0xf2, 0xff, 0xf4, 0xff, 0xf0, 0xff, 0xf0, 0xff,
  0xf6, 0xff, 0xf4, 0xff, 0xf0, 0xff, 0xf6, 0xff, 0xfa, 0xff, 0xfa, 0xff,
  0xf6, 0xff, 0xf2, 0xff, 0xf4, 0xff, 0xf2, 0xff, 0xf2, 0xff, 0xf0, 0xff,
  0xee, 0xff, 0x0c, 0xd6, 0xce, 0xa4, 0x0c, 0x94, 0x48, 0x82, 0x0a, 0xa3,
  0xca, 0x92, 0x8c, 0xc3, 0x90, 0xfc, 0xd0, 0xfc, 0x90, 0xfc, 0xd0, 0xfc,
  0x92, 0xfd, 0xd0, 0xfc, 0xcc, 0xe3, 0xd0, 0xfc, 0xd0, 0xfc, 0x12, 0xfd,
  0x52, 0xfd, 0x52, 0xfd, 0x52, 0xfd, 0x10, 0xfd, 0x14, 0xfe, 0x1a, 0xff,
  0x5a, 0xff, 0x94, 0xfd, 0x12, 0xfd, 0x52, 0xfd, 0xd8, 0xfe, 0x56, 0xfe,
  0x94, 0xfd, 0x96, 0xfe, 0x56, 0xfe, 0x16, 0xfe, 0x16, 0xfe, 0x56, 0xfe,
  0x96, 0xfe, 0xd4, 0xfd, 0x92, 0xfd, 0x92, 0xfd, 0xd4, 0xfd, 0x16, 0xfe,
  0x9c, 0xff, 0x16, 0xfe, 0x94, 0xfd, 0x1a, 0xff, 0x96, 0xfe, 0x14, 0xfe,
  0x98, 0xfe, 0x16, 0xfe, 0x0e, 0xe4, 0x48, 0x82, 0xc6, 0x61, 0x0a, 0xa3,
  0x8c, 0xd3, 0xd0, 0xfc, 0xd4, 0xfd, 0x12, 0xfd, 0x90, 0xfc, 0xd0, 0xfc,
  0x4e, 0xfc, 0x90, 0xfc, 0xd2, 0xfc, 0x4e, 0xe4, 0xcc, 0xd3, 0x0e, 0xe4,
  0x90, 0xfc, 0x94, 0xfd, 0xd4, 0xfd, 0x52, 0xfd, 0x4e, 0xfc, 0x48, 0x82,
  0x48, 0x82, 0x0a, 0xa3, 0xca, 0x93, 0xce, 0xa4, 0x4c, 0x73, 0xd2, 0x73,
  0xd6, 0x94, 0x96, 0x84, 0x94, 0x84, 0x9a, 0xa5, 0x5f, 0xd7, 0xdc, 0xa5,
  0x5c, 0xb6, 0x1c, 0xb6, 0xda, 0xa5, 0x1f, 0xd7, 0xdf, 0xc6, 0x1c, 0xa6,
  0xdf, 0xc6, 0x5f, 0xd7, 0x5f, 0xd7, 0x5e, 0xb6, 0x5f, 0xd7, 0x9f, 0xd7,
  0x5f, 0xd7, 0xdf, 0xe7, 0xdf, 0xe7, 0xff, 0xf7, 0xdf, 0xe7, 0x1f, 0xc7,
  0x9e, 0xc6, 0x5f, 0xd7, 0xdf, 0xe7, 0xdf, 0xe7, 0xdf, 0xc6, 0xdf, 0xe7,
  0xff, 0xf7, 0xdf, 0xe7, 0xff, 0xf7, 0xdf, 0xe7, 0x5e, 0xb6, 0x5e, 0xb6,
  0x1f, 0xd7, 0x9f, 0xd7, 0x1f, 0xc7, 0x1f, 0xd7, 0x9f, 0xe7, 0x5e, 0xb6,
  0x1c, 0xb6, 0x1f, 0xc7, 0x1f, 0xc7, 0x1f, 0xd7, 0x9f, 0xc6, 0x9f, 0xe7,
  0x1f, 0xd7, 0x9f, 0xc6, 0x5f, 0xd7, 0x9f, 0xd7, 0xff, 0xe7, 0xff, 0xf7,
  0xff, 0xf7, 0x5f, 0xd7, 0x9f, 0xd7, 0xff, 0xe7, 0xdf, 0xe7, 0x1f, 0xc7,
  0xdf, 0xc6, 0x5f, 0xd7, 0xdf, 0xc6, 0x5e, 0xb6, 0xd6, 0x94, 0x58, 0x95,
  0x9e, 0xc6, 0x5f, 0xd7, 0x1c, 0xb6, 0x52, 0x84, 0xd2, 0xc5, 0x4c, 0x94,
  0x88, 0x82, 0x0e, 0xfc, 0x10, 0xfd, 0x94, 0xfd, 0x14, 0xfe, 0x52, 0xfd,
  0x52, 0xfd, 0x94, 0xfd, 0xd0, 0xfc, 0xd0, 0xfc, 0x10, 0xfd, 0x92, 0xfd,
  0x94, 0xfd, 0x52, 0xfd, 0x12, 0xfd, 0x94, 0xfd, 0x92, 0xfd, 0x92, 0xfd,
  0x52, 0xfd, 0x12, 0xfd, 0x92, 0xfd, 0x56, 0xfe, 0x16, 0xfe, 0x14, 0xfe,
  0x94, 0xfd, 0x92, 0xfd, 0x12, 0xfd, 0x10, 0xfd, 0x92, 0xfd, 0x94, 0xfd,
  0x12, 0xfd, 0x52, 0xfd, 0x52, 0xfd, 0x12, 0xfd, 0x94, 0xfd, 0x56, 0xfe,
  0x96, 0xfe, 0x10, 0xfd, 0x0e, 0xf4, 0x12, 0xfd, 0x56, 0xfe, 0x5a, 0xff,
  0x18, 0xff, 0x92, 0xfd, 0x56, 0xfe, 0xd4, 0xfd, 0x52, 0xfd, 0x52, 0xfd,
  0x92, 0xfd, 0x52, 0xfd, 0x52, 0xfd, 0x52, 0xfd, 0x12, 0xfd, 0xd4, 0xfd,
  0x14, 0xfe, 0x94, 0xfd, 0xd4, 0xfd, 0x16, 0xfe, 0x92, 0xfd, 0xdc, 0xff,
  0xdc, 0xff, 0x56, 0xfe, 0xd4, 0xfd, 0x52, 0xfd, 0xd0, 0xfc, 0x12, 0xfd,
  0xd0, 0xfc, 0x52, 0xfd, 0x12, 0xfd, 0x14, 0xfe, 0x14, 0xfe, 0x14, 0xff,
  0xce, 0xa4, 0x46, 0x73, 0x46, 0x73, 0x4a, 0xb5, 0xee, 0xff, 0xee, 0xff,
  0xf2, 0xff, 0xf0, 0xff, 0xf0, 0xff, 0xee, 0xff, 0xf0, 0xff, 0xf0, 0xff,
  0xee, 0xff, 0xf0, 0xff, 0xf2, 0xff, 0xf0, 0xff, 0xf0, 0xff, 0xf2, 0xff,
  0xf0, 0xff, 0xf0, 0xff, 0xf0, 0xff, 0xf0, 0xff, 0xf2, 0xff, 0xf2, 0xff,
  0xf0, 0xff, 0xf2, 0xff, 0xf6, 0xff, 0xf8, 0xff, 0xf6, 0xff, 0xf2, 0xff,
  0xf4, 0xff, 0xf2, 0xff, 0xf0, 0xff, 0xf0, 0xff, 0xf0, 0xff, 0x8c, 0xe6,
  0x0a, 0x94, 0x4a, 0x73, 0x84, 0x51, 0x48, 0x82, 0xcc, 0xd3, 0x94, 0xfd,
  0x96, 0xfe, 0x14, 0xfe, 0x92, 0xfd, 0x92, 0xfd, 0xd4, 0xfd, 0x14, 0xfe,
  0x56, 0xfe, 0x9a, 0xff, 0xd8, 0xfe, 0x18, 0xff, 0xd8, 0xfe, 0x96, 0xfe,
  0x94, 0xfd, 0xd4, 0xfd, 0x14, 0xfe, 0x5a, 0xff, 0x18, 0xff, 0xd4, 0xfd,
  0x96, 0xfe, 0x9a, 0xff, 0xfe, 0xff, 0xdc, 0xff, 0x1a, 0xff, 0x5a, 0xff,
  0xd8, 0xfe, 0x92, 0xfd, 0xd4, 0xfd, 0x92, 0xfd, 0x14, 0xfe, 0xd0, 0xfc,
  0x0e, 0xf4, 0x4e, 0xfc, 0xd8, 0xfe, 0xfe, 0xff, 0xff, 0xff, 0x9a, 0xff,
  0x18, 0xff, 0x18, 0xff, 0x96, 0xfe, 0x18, 0xff, 0x96, 0xfe, 0x58, 0xff,
  0x96, 0xfe, 0xd4, 0xfd, 0x4e, 0xe4, 0x94, 0xfd, 0x0e, 0xe4, 0x4a, 0xc3,
  0xd0, 0xfc, 0xd0, 0xfc, 0x14, 0xfe, 0x96, 0xfe, 0x16, 0xfe, 0x0e, 0xf4,
  0x4e, 0xf4, 0x94, 0xfd, 0xd8, 0xfe, 0x18, 0xff, 0xfc, 0xff, 0xfe, 0xff,
  0xdc, 0xff, 0x56, 0xfe, 0xd4, 0xfd, 0x52, 0xfd, 0x0e, 0xf4, 0x4c, 0xb3,
  0x8a, 0x83, 0xd0, 0xc5, 0x50, 0x84, 0x58, 0x95, 0x5c, 0xb6, 0x5e, 0xb6,
  0x18, 0x95, 0xd2, 0x73, 0xd8, 0x84, 0x9a, 0xa5, 0xdf, 0xc6, 0x9f, 0xd7,
  0x5e, 0xb6, 0xdf, 0xc6, 0xff, 0xf7, 0x1f, 0xd7, 0x5e, 0xb6, 0x1c, 0xb6,
  0x1c, 0xb6, 0x9e, 0xb6, 0x1f, 0xd7, 0x5f, 0xd7, 0x9e, 0xc6, 0x9e, 0xb6,
  0x5f, 0xd7, 0x5f, 0xd7, 0x9f, 0xe7, 0xff, 0xf7, 0xde, 0xc6, 0x1f, 0xd7,
  0x5f, 0xd7, 0x9f, 0xe7, 0x1f, 0xc7, 0x5f, 0xd7, 0xff, 0xff, 0xff, 0xf7,
  0xff, 0xf7, 0x9f, 0xd7, 0x9e, 0xc6, 0x5e, 0xb6, 0x1c, 0xb6, 0x1f, 0xd7,
  0xdf, 0xe7, 0x1c, 0xb6, 0x1c, 0xb6, 0x5e, 0xb6, 0x5e, 0xb6, 0x1c, 0xb6,
  0x1c, 0xb6, 0x5e, 0xb6, 0x9e, 0xc6, 0x1e, 0xb6, 0x5e, 0xb6, 0x1c, 0xb6,
  0x1c, 0xb6, 0xdf, 0xc6, 0x5f, 0xd7, 0x5f, 0xd7, 0x5f, 0xd7, 0x5f, 0xd7,
  0xdf, 0xc6, 0x5f, 0xd7, 0x5f, 0xd7, 0xdf, 0xc6, 0x9a, 0xa5, 0x58, 0x95,
  0x18, 0x95, 0xd6, 0x84, 0xda, 0xa5, 0x18, 0x95, 0xda, 0xa5, 0x5f, 0xd7,
  0x1f, 0xd7, 0x96, 0xa5, 0x50, 0xb5, 0x48, 0x83, 0x8c, 0xc3, 0x12, 0xfd,
  0x52, 0xfd, 0x10, 0xfd, 0xd4, 0xfd, 0xd4, 0xfd, 0x92, 0xfd, 0x12, 0xfd,
  0xcc, 0xe3, 0x4e, 0xfc, 0xd0, 0xfc, 0x10, 0xfd, 0xd0, 0xfc, 0x12, 0xfd,
  0x92, 0xfd, 0x52, 0xfd, 0x92, 0xfd, 0xd4, 0xfd, 0x52, 0xfd, 0x52, 0xfd,
  0x12, 0xfd, 0x94, 0xfd, 0x92, 0xfd, 0x56, 0xfe, 0xd4, 0xfd, 0x92, 0xfd,
  0x52, 0xfd, 0x10, 0xfd, 0x52, 0xfd, 0x94, 0xfd, 0xd0, 0xfc, 0x10, 0xfd,
  0x52, 0xfd, 0x52, 0xfd, 0x14, 0xfe, 0x16, 0xfe, 0x14, 0xfe, 0xd4, 0xfd,
  0x52, 0xfd, 0x52, 0xfd, 0x52, 0xfd, 0x16, 0xfe, 0x96, 0xfe, 0x94, 0xfd,
  0x52, 0xfd, 0x94, 0xfd, 0x92, 0xfd, 0xd8, 0xfe, 0x92, 0xfd, 0x52, 0xfd,
  0x10, 0xfd, 0x10, 0xfd, 0x52, 0xfd, 0x52, 0xfd, 0xd4, 0xfd, 0x52, 0xfd,
  0x12, 0xfd, 0x52, 0xfd, 0x94, 0xfd, 0xdc, 0xff, 0x5a, 0xff, 0x94, 0xfd,
  0x94, 0xfd, 0xd4, 0xfd, 0x52, 0xfd, 0x94, 0xfd, 0x92, 0xfd, 0xd4, 0xfd,
  0x92, 0xfd, 0x56, 0xfe, 0x14, 0xfe, 0x12, 0xe6, 0x0a, 0x94, 0x48, 0x94,
  0x46, 0x94, 0x0c, 0xf7, 0xf0, 0xff, 0xf2, 0xff, 0xf4, 0xff, 0xee, 0xff,
  0xf2, 0xff, 0xf0, 0xff, 0xee, 0xff, 0xf2, 0xff, 0xf0, 0xff, 0xf0, 0xff,
  0xf2, 0xff, 0xf0, 0xff, 0xf0, 0xff, 0xf0, 0xff, 0xee, 0xff, 0xee, 0xff,
  0xf0, 0xff, 0xf0, 0xff, 0xf2, 0xff, 0xf0, 0xff, 0xf4, 0xff, 0xf4, 0xff,
  0xf4, 0xff, 0xf6, 0xff, 0xf4, 0xff, 0xf0, 0xff, 0xf0, 0xff, 0xf2, 0xff,
  0xf6, 0xff, 0xf0, 0xff, 0xf4, 0xff, 0x90, 0xff, 0x0e, 0xb5, 0x8a, 0x83,
  0x88, 0x92, 0xca, 0xa2, 0x0e, 0xf4, 0xd0, 0xfc, 0x92, 0xfd, 0xd4, 0xfd,
  0x94, 0xfd, 0xd4, 0xfd, 0x56, 0xfe, 0x56, 0xfe, 0x96, 0xfe, 0x96, 0xfe,
  0x52, 0xfd, 0x92, 0xfd, 0x56, 0xfe, 0x56, 0xfe, 0x14, 0xfe, 0x14, 0xfe,
  0xd4, 0xfd, 0xd4, 0xfd, 0x14, 0xfe, 0x52, 0xfd, 0xd4, 0xfd, 0x14, 0xfe,
  0x92, 0xfd, 0x16, 0xfe, 0x56, 0xfe, 0x98, 0xfe, 0x98, 0xfe, 0x56, 0xfe,
  0xd4, 0xfd, 0x92, 0xfd, 0x16, 0xfe, 0x18, 0xff, 0xdc, 0xff, 0x12, 0xfd,
  0x12, 0xfd, 0x16, 0xfe, 0x5a, 0xff, 0x96, 0xfe, 0x16, 0xfe, 0x56, 0xfe,
  0xd4, 0xfd, 0xd8, 0xfe, 0x16, 0xfe, 0x16, 0xfe, 0x9a, 0xff, 0xff, 0xff,
  0xdc, 0xff, 0x9a, 0xff, 0xd8, 0xfe, 0x52, 0xfd, 0x0e, 0xf4, 0x0e, 0xf4,
  0x90, 0xfc, 0x56, 0xfe, 0xd8, 0xfe, 0xd4, 0xfd, 0xce, 0xd3, 0x90, 0xfc,
  0x52, 0xfd, 0xd8, 0xfe, 0x5a, 0xff, 0x5a, 0xff, 0x1a, 0xff, 0xd4, 0xfd,
  0x56, 0xfe, 0x18, 0xff, 0x10, 0xfd, 0x0e, 0xe4, 0x0c, 0xa4, 0x8c, 0xa4,
  0x10, 0x84, 0x18, 0x95, 0x1f, 0xd7, 0xff, 0xf7, 0xff, 0xf7, 0x5e, 0xb6,
  0xd6, 0x84, 0x58, 0x95, 0x9e, 0xc6, 0xdf, 0xe7, 0xff, 0xf7, 0x5f, 0xd7,
  0x1f, 0xd7, 0xdf, 0xc6, 0x1f, 0xc7, 0xdf, 0xc6, 0x5e, 0xb6, 0x9e, 0xb6,
  0x9e, 0xb6, 0x1c, 0xb6, 0x1c, 0xb6, 0x1c, 0xb6, 0xdf, 0xe7, 0x1f, 0xd7,
  0xdf, 0xc6, 0x1f, 0xd7, 0x9f, 0xe7, 0x5f, 0xd7, 0x9e, 0xc6, 0x9e, 0xc6,
  0x5e, 0xb6, 0x5e, 0xb6, 0x5f, 0xd7, 0xdf, 0xe7, 0x9f, 0xe7, 0xdf, 0xc6,
  0x5e, 0xb6, 0x9a, 0xa5, 0xdc, 0xa5, 0xdf, 0xc6, 0x5f, 0xd7, 0x9f, 0xc6,
  0x1f, 0xd7, 0x9f, 0xe7, 0x5f, 0xd7, 0x5e, 0xb6, 0x5e, 0xb6, 0x1c, 0xb6,
  0x5e, 0xb6, 0xdc, 0xa5, 0x5e, 0xb6, 0x9e, 0xb6, 0x5e, 0xb6, 0x1f, 0xc7,
  0x5f, 0xd7, 0xdf, 0xe7, 0x9e, 0xb6, 0x9f, 0xc6, 0x9e, 0xb6, 0x9e, 0xc6,
  0xdf, 0xc6, 0x5e, 0xb6, 0xdf, 0xc6, 0x5f, 0xd7, 0xdc, 0xa5, 0x1c, 0xb6,
  0xdf, 0xe7, 0x9e, 0xc6, 0xdf, 0xc6, 0x5f, 0xd7, 0x5f, 0xd7, 0x1a, 0xb6,
  0x90, 0xc5, 0x48, 0x83, 0x0a, 0xb3, 0x4e, 0xfc, 0x10, 0xfd, 0xd0, 0xfc,
  0x94, 0xfd, 0x16, 0xfe, 0x56, 0xfe, 0x56, 0xfe, 0x52, 0xfd, 0xd0, 0xfc,
  0x92, 0xfd, 0x96, 0xfe, 0x92, 0xfd, 0x92, 0xfd, 0x16, 0xfe, 0x94, 0xfd,
  0x52, 0xfd, 0x10, 0xfd, 0x52, 0xfd, 0xd0, 0xfc, 0x52, 0xfd, 0x52, 0xfd,
  0x52, 0xfd, 0xd4, 0xfd, 0xd4, 0xfd, 0x14, 0xfe, 0xd4, 0xfd, 0x14, 0xfe,
  0x90, 0xfc, 0x10, 0xfd, 0x90, 0xfc, 0x4e, 0xfc, 0x52, 0xfd, 0x52, 0xfd,
  0xd4, 0xfd, 0x94, 0xfd, 0x56, 0xfe, 0x16, 0xfe, 0xd4, 0xfd, 0x16, 0xfe,
  0x52, 0xfd, 0x92, 0xfd, 0x14, 0xfe, 0xd4, 0xfd, 0xd4, 0xfd, 0x12, 0xfd,
  0x10, 0xfd, 0xd4, 0xfd, 0x12, 0xfd, 0x92, 0xfd, 0x92, 0xfd, 0xd4, 0xfd,
  0x16, 0xfe, 0xd4, 0xfd, 0x16, 0xfe, 0x98, 0xfe, 0x16, 0xfe, 0x14, 0xfe,
  0xd4, 0xfd, 0x5a, 0xff, 0x9c, 0xff, 0x16, 0xfe, 0xd4, 0xfd, 0x16, 0xfe,
  0x92, 0xfd, 0x52, 0xfd, 0x14, 0xfe, 0x16, 0xfe, 0x52, 0xfd, 0x96, 0xfe,
  0xd4, 0xfd, 0x0e, 0xc5, 0xca, 0x83, 0xc6, 0x62, 0x42, 0x52, 0x48, 0xb5,
  0x8c, 0xff, 0xee, 0xff, 0xf4, 0xff, 0xf0, 0xff, 0xf0, 0xff, 0xf0, 0xff,
  0xf2, 0xff, 0xf4, 0xff, 0xf0, 0xff, 0xf0, 0xff, 0xf0, 0xff, 0xf2, 0xff,
  0xee, 0xff, 0xf0, 0xff, 0xf4, 0xff, 0xf2, 0xff, 0xf0, 0xff, 0xee, 0xff,
  0xf4, 0xff, 0xf2, 0xff, 0xf2, 0xff, 0xf4, 0xff, 0xf6, 0xff, 0xf2, 0xff,
  0xf0, 0xff, 0xf0, 0xff, 0xee, 0xff, 0xf4, 0xff, 0xf8, 0xff, 0xf4, 0xff,
  0xf2, 0xff, 0xd2, 0xff, 0xce, 0xa4, 0xcc, 0x93, 0x4a, 0xb3, 0x4e, 0xf4,
  0x90, 0xfc, 0x90, 0xfc, 0x10, 0xfd, 0x52, 0xfd, 0x52, 0xfd, 0xd4, 0xfd,
  0x56, 0xfe, 0x56, 0xfe, 0xd4, 0xfd, 0x92, 0xfd, 0xd0, 0xfc, 0x10, 0xfd,
  0x56, 0xfe, 0x56, 0xfe, 0x98, 0xfe, 0x9c, 0xff, 0x1a, 0xff, 0x56, 0xfe,
  0x56, 0xfe, 0x94, 0xfd, 0xd4, 0xfd, 0x92, 0xfd, 0x92, 0xfd, 0x52, 0xfd,
  0x52, 0xfd, 0x52, 0xfd, 0x12, 0xfd, 0x94, 0xfd, 0x94, 0xfd, 0x10, 0xfd,
  0x94, 0xfd, 0xdc, 0xff, 0xff, 0xff, 0x96, 0xfe, 0x96, 0xfe, 0x56, 0xfe,
  0x5a, 0xff, 0x16, 0xfe, 0x92, 0xfd, 0xd4, 0xfd, 0x14, 0xfe, 0xd4, 0xfd,
  0x14, 0xfe, 0x56, 0xfe, 0xd4, 0xfd, 0x96, 0xfe, 0x9a, 0xff, 0xdc, 0xff,
  0xfe, 0xff, 0x9a, 0xff, 0x96, 0xfe, 0x56, 0xfe, 0x56, 0xfe, 0x18, 0xff,
  0xd8, 0xfe, 0xfc, 0xff, 0x16, 0xfe, 0x0e, 0xfc, 0x0e, 0xf4, 0xd0, 0xfc,
  0x52, 0xfd, 0x56, 0xfe, 0xd8, 0xfe, 0x92, 0xfd, 0x52, 0xfd, 0xd4, 0xfd,
  0xd0, 0xfc, 0xcc, 0xd3, 0xce, 0xc4, 0x90, 0xc5, 0x4e, 0x94, 0x54, 0x84,
  0xdf, 0xc6, 0x1f, 0xd7, 0xff, 0xe7, 0xff, 0xe7, 0x9f, 0xd7, 0x9f, 0xe7,
  0x5f, 0xd7, 0x9f, 0xd7, 0xdf, 0xe7, 0x9f, 0xe7, 0x1f, 0xc7, 0x1f, 0xc7,
  0x5f, 0xd7, 0x5f, 0xd7, 0x1f, 0xd7, 0x5e, 0xb6, 0x9e, 0xc6, 0xdf, 0xc6,
  0x1c, 0xb6, 0x9a, 0xa5, 0x5e, 0xb6, 0x9e, 0xc6, 0xdc, 0xa5, 0xdc, 0xa5,
  0x5e, 0xb6, 0xdc, 0xa5, 0x1e, 0xb6, 0x1e, 0xb6, 0x5a, 0x95, 0xdc, 0xa5,
  0x5a, 0x95, 0x9e, 0xb6, 0xdf, 0xc6, 0xdf, 0xc6, 0x9e, 0xb6, 0x9c, 0xa5,
  0xdf, 0xc6, 0x5e, 0xb6, 0x5e, 0xb6, 0x5e, 0xb6, 0xdf, 0xc6, 0xdf, 0xe7,
  0x1f, 0xd7, 0x9e, 0xc6, 0xdf, 0xc6, 0x9e, 0xc6, 0x9f, 0xe7, 0xdf, 0xc6,
  0x1f, 0xd7, 0xdf, 0xc6, 0x5e, 0xb6, 0x5f, 0xd7, 0x1f, 0xc7, 0x1f, 0xd7,
  0xdf, 0xc6, 0x1f, 0xc7, 0x9e, 0xc6, 0x1c, 0xb6, 0x9e, 0xc6, 0x5e, 0xb6,
  0x5f, 0xd7, 0xdf, 0xe7, 0x5f, 0xd7, 0x1f, 0xd7, 0x1f, 0xd7, 0xdf, 0xc6,
  0x9e, 0xb6, 0x1f, 0xd7, 0x5f, 0xd7, 0x5c, 0xc6, 0xd4, 0xe6, 0x90, 0xc5,
  0xc8, 0x92, 0x4c, 0xd3, 0x56, 0xfe, 0x56, 0xfe, 0x94, 0xfd, 0x94, 0xfd,
  0xd4, 0xfd, 0x96, 0xfe, 0x56, 0xfe, 0x56, 0xfe, 0x1a, 0xff, 0x96, 0xfe,
  0x12, 0xfd, 0x14, 0xfe, 0xd4, 0xfd, 0x52, 0xfd, 0x12, 0xfd, 0xd0, 0xfc,
  0x98, 0xfe, 0xd4, 0xfd, 0x56, 0xfe, 0xd4, 0xfd, 0x52, 0xfd, 0xd8, 0xfe,
  0x96, 0xfe, 0xd4, 0xfd, 0x94, 0xfd, 0x14, 0xfe, 0xd0, 0xfc, 0x90, 0xfc,
  0x52, 0xfd, 0x4e, 0xfc, 0x92, 0xfd, 0xd4, 0xfd, 0x16, 0xfe, 0x16, 0xfe,
  0x56, 0xfe, 0x96, 0xfe, 0x16, 0xfe, 0x52, 0xfd, 0xd0, 0xfc, 0x92, 0xfd,
  0x92, 0xfd, 0x94, 0xfd, 0x94, 0xfd, 0x52, 0xfd, 0xd4, 0xfd, 0xd4, 0xfd,
  0x94, 0xfd, 0x52, 0xfd, 0xd4, 0xfd, 0x94, 0xfd, 0xd4, 0xfd, 0x96, 0xfe,
  0xd4, 0xfd, 0x14, 0xfe, 0x98, 0xfe, 0x18, 0xff, 0x14, 0xfe, 0x12, 0xfd,
  0xd4, 0xfd, 0x94, 0xfd, 0x94, 0xfd, 0x52, 0xfd, 0xd0, 0xfc, 0xd0, 0xfc,
  0x52, 0xfd, 0x98, 0xfe, 0x14, 0xfe, 0x56, 0xfe, 0xd4, 0xfd, 0x0e, 0xc5,
  0x0c, 0x94, 0x86, 0x52, 0x02, 0x42, 0x88, 0xc5, 0x8a, 0xff, 0xf0, 0xff,
  0xf6, 0xff, 0xf0, 0xff, 0xee, 0xff, 0xf0, 0xff, 0xf4, 0xff, 0xf4, 0xff,
  0xf0, 0xff, 0xf0, 0xff, 0xf2, 0xff, 0xf6, 0xff, 0xf2, 0xff, 0xee, 0xff,
  0xf0, 0xff, 0xf4, 0xff, 0xee, 0xff, 0xee, 0xff, 0xf4, 0xff, 0xf4, 0xff,
  0xf2, 0xff, 0xf2, 0xff, 0xf0, 0xff, 0xec, 0xff, 0xf2, 0xff, 0xf4, 0xff,
  0xf2, 0xff, 0xf4, 0xff, 0xf0, 0xff, 0xf0, 0xff, 0xf0, 0xff, 0x4e, 0xff,
  0x8c, 0xa4, 0xc8, 0x72, 0x88, 0x92, 0x0a, 0xb3, 0xcc, 0xf3, 0x4e, 0xfc,
  0xd4, 0xfd, 0x16, 0xfe, 0x12, 0xfd, 0x56, 0xfe, 0x14, 0xfe, 0x94, 0xfd,
  0x56, 0xfe, 0x94, 0xfd, 0x10, 0xfd, 0x52, 0xfd, 0x14, 0xfe, 0xd4, 0xfd,
  0x1a, 0xff, 0x5a, 0xff, 0x56, 0xfe, 0x56, 0xfe, 0x1a, 0xff, 0x16, 0xfe,
  0x14, 0xfe, 0xd4, 0xfd, 0x56, 0xfe, 0xd4, 0xfd, 0x52, 0xfd, 0x52, 0xfd,
  0x90, 0xfc, 0x52, 0xfd, 0x92, 0xfd, 0x52, 0xfd, 0x12, 0xfd, 0x56, 0xfe,
  0xd8, 0xfe, 0xd4, 0xfd, 0xd4, 0xfd, 0x12, 0xfd, 0x92, 0xfd, 0x52, 0xfd,
  0x14, 0xfe, 0x16, 0xfe, 0x56, 0xfe, 0xd4, 0xfd, 0x96, 0xfe, 0x56, 0xfe,
  0x56, 0xfe, 0x52, 0xfd, 0xd4, 0xfd, 0x56, 0xfe, 0x96, 0xfe, 0x14, 0xfe,
  0xd8, 0xfe, 0x9a, 0xff, 0xd8, 0xfe, 0x96, 0xfe, 0x56, 0xfe, 0x18, 0xff,
  0x18, 0xff, 0x52, 0xfd, 0x12, 0xfd, 0x94, 0xfd, 0x12, 0xfd, 0xd4, 0xfd,
  0xd4, 0xfd, 0xd4, 0xfd, 0x56, 0xfe, 0x56, 0xfe, 0x52, 0xfd, 0x88, 0x92,
  0x4c, 0x94, 0x90, 0xc5, 0x90, 0xa4, 0x90, 0x63, 0x9a, 0xa5, 0x5e, 0xb6,
  0x1f, 0xd7, 0x9f, 0xd7, 0x9f, 0xd7, 0x9f, 0xd7, 0xdf, 0xe7, 0x5f, 0xd7,
  0xdf, 0xe7, 0x5f, 0xd7, 0x9f, 0xd7, 0x1f, 0xd7, 0xdf, 0xe7, 0xdf, 0xe7,
  0x9f, 0xd7, 0x1f, 0xd7, 0xdf, 0xc6, 0xdf, 0xc6, 0xdf, 0xc6, 0x1f, 0xc7,
  0x5f, 0xd7, 0x1f, 0xc7, 0x18, 0x95, 0xdc, 0xa5, 0xdc, 0xa5, 0x96, 0x84,
  0x18, 0x95, 0x5a, 0x95, 0x18, 0x95, 0x5e, 0xb6, 0x9a, 0xa5, 0x58, 0x95,
  0xdc, 0xa5, 0x1c, 0xb6, 0x1f, 0xd7, 0x9a, 0xa5, 0x18, 0x95, 0xdc, 0xa5,
  0x1f, 0xd7, 0xdf, 0xc6, 0xdf, 0xc6, 0x9f, 0xe7, 0xdf, 0xc6, 0x1f, 0xd7,
  0xdf, 0xc6, 0x9f, 0xc6, 0x1f, 0xc7, 0x9f, 0xc6, 0xdf, 0xc6, 0x9e, 0xc6,
  0xdf, 0xc6, 0xdf, 0xe7, 0x9f, 0xc6, 0x9e, 0xc6, 0x9e, 0xc6, 0x1c, 0xb6,
  0x9f, 0xe7, 0x9f, 0xe7, 0x9e, 0xc6, 0x1f, 0xc7, 0xdf, 0xc6, 0x5f, 0xd7,
  0x5f, 0xd7, 0xdf, 0xc6, 0xdf, 0xc6, 0x5f, 0xd7, 0x5f, 0xd7, 0xdf, 0xc6,
  0x1f, 0xc7, 0xde, 0xc6, 0xd6, 0xe6, 0xd2, 0xd5, 0xc8, 0x82, 0x0e, 0xe4,
  0x5a, 0xff, 0x18, 0xff, 0x52, 0xfd, 0x52, 0xfd, 0x52, 0xfd, 0x14, 0xfe,
  0x56, 0xfe, 0x56, 0xfe, 0xd4, 0xfd, 0x52, 0xfd, 0x94, 0xfd, 0xd8, 0xfe,
  0x1a, 0xff, 0x52, 0xfd, 0xd0, 0xfc, 0x52, 0xfd, 0xd4, 0xfd, 0xd4, 0xfd,
  0x14, 0xfe, 0xd4, 0xfd, 0x52, 0xfd, 0x56, 0xfe, 0xd4, 0xfd, 0x94, 0xfd,
  0xd8, 0xfe, 0x18, 0xff, 0x14, 0xfe, 0x52, 0xfd, 0x16, 0xfe, 0xd4, 0xfd,
  0xd4, 0xfd, 0x16, 0xfe, 0x98, 0xfe, 0x56, 0xfe, 0x16, 0xfe, 0x96, 0xfe,
  0x56, 0xfe, 0x52, 0xfd, 0xd4, 0xfd, 0x56, 0xfe, 0x16, 0xfe, 0xd8, 0xfe,
  0x16, 0xfe, 0x14, 0xfe, 0x56, 0xfe, 0x94, 0xfd, 0x92, 0xfd, 0xd4, 0xfd,
  0xd8, 0xfe, 0xd4, 0xfd, 0x92, 0xfd, 0x96, 0xfe, 0x56, 0xfe, 0xd4, 0xfd,
  0x94, 0xfd, 0x94, 0xfd, 0x94, 0xfd, 0x4e, 0xfc, 0xd0, 0xfc, 0xd4, 0xfd,
  0xd4, 0xfd, 0x52, 0xfd, 0x12, 0xfd, 0x12, 0xfd, 0x52, 0xfd, 0x1a, 0xff,
  0x98, 0xfe, 0x56, 0xfe, 0x96, 0xfe, 0x12, 0xe6, 0xd4, 0xe6, 0x8a, 0xa4,
  0x4a, 0xe6, 0xee, 0xff, 0xee, 0xff, 0xee, 0xff, 0xf2, 0xff, 0xf0, 0xff,
  0xf2, 0xff, 0xf2, 0xff, 0xf0, 0xff, 0xf0, 0xff, 0xf0, 0xff, 0xf2, 0xff,
  0xf0, 0xff, 0xf4, 0xff, 0xf0, 0xff, 0xee, 0xff, 0xf2, 0xff, 0xf2, 0xff,
  0xec, 0xff, 0xf0, 0xff, 0xf0, 0xff, 0xf6, 0xff, 0xf2, 0xff, 0xf2, 0xff,
  0xf6, 0xff, 0xf0, 0xff, 0xee, 0xff, 0xf2, 0xff, 0xf2, 0xff, 0xf6, 0xff,
  0xf0, 0xff, 0xf4, 0xff, 0xf4, 0xff, 0x50, 0xf7, 0x0e, 0xb5, 0xc8, 0x72,
  0xc6, 0x71, 0x48, 0x92, 0x4c, 0xe3, 0x90, 0xfc, 0x1a, 0xff, 0x9c, 0xff,
  0x56, 0xfe, 0xd4, 0xfd, 0x10, 0xfd, 0xd4, 0xfd, 0x16, 0xfe, 0xd0, 0xfc,
  0x94, 0xfd, 0x94, 0xfd, 0x94, 0xfd, 0x92, 0xfd, 0xd4, 0xfd, 0x56, 0xfe,
  0x96, 0xfe, 0x56, 0xfe, 0x16, 0xfe, 0x56, 0xfe, 0x92, 0xfd, 0xd4, 0xfd,
  0xd8, 0xfe, 0x94, 0xfd, 0x12, 0xfd, 0x12, 0xfd, 0x10, 0xfd, 0x94, 0xfd,
  0x52, 0xfd, 0xd0, 0xfc, 0xd0, 0xfc, 0x16, 0xfe, 0x14, 0xfe, 0x12, 0xfd,
  0x16, 0xfe, 0x10, 0xfd, 0xd0, 0xfc, 0x92, 0xfd, 0x56, 0xfe, 0x16, 0xfe,
  0x16, 0xfe, 0x18, 0xff, 0x9c, 0xff, 0x56, 0xfe, 0xd4, 0xfd, 0xd0, 0xfc,
  0x92, 0xfd, 0x16, 0xfe, 0xd4, 0xfd, 0x10, 0xfd, 0xd4, 0xfd, 0x18, 0xff,
  0x14, 0xfe, 0xd4, 0xfd, 0xd4, 0xfd, 0x16, 0xfe, 0x16, 0xfe, 0x16, 0xfe,
  0x92, 0xfd, 0x92, 0xfd, 0xd4, 0xfd, 0x16, 0xfe, 0x16, 0xfe, 0xd4, 0xfd,
  0x16, 0xfe, 0x14, 0xfe, 0xd0, 0xfc, 0xc6, 0x61, 0x0c, 0x94, 0x12, 0xd6,
  0x4e, 0x94, 0xcc, 0x52, 0x50, 0x63, 0xdc, 0xa5, 0xdf, 0xc6, 0xdf, 0xc6,
  0x1f, 0xd7, 0x9e, 0xc6, 0xdf, 0xc6, 0x9e, 0xb6, 0x5e, 0xb6, 0x5e, 0xb6,
  0xdf, 0xc6, 0x5f, 0xd7, 0x1f, 0xd7, 0x5f, 0xd7, 0x5f, 0xd7, 0x9f, 0xe7,
  0x9f, 0xc6, 0xdf, 0xc6, 0x1f, 0xc7, 0x5f, 0xd7, 0x9f, 0xd7, 0x9f, 0xe7,
  0x1f, 0xd7, 0x9e, 0xc6, 0xff, 0xe7, 0x1f, 0xd7, 0xd6, 0x94, 0x14, 0x74,
  0x96, 0x84, 0x1c, 0xb6, 0x5e, 0xb6, 0x9f, 0xc6, 0x5a, 0x95, 0x1c, 0xb6,
  0xff, 0xe7, 0x5f, 0xd7, 0x18, 0x95, 0xda, 0xa5, 0xff, 0xf7, 0x5f, 0xd7,
  0xdf, 0xc6, 0x9e, 0xc6, 0x9f, 0xc6, 0xdf, 0xc6, 0x1f, 0xc7, 0x9e, 0xc6,
  0x1c, 0xb6, 0x5e, 0xb6, 0x9f, 0xc6, 0x5e, 0xb6, 0x9f, 0xc6, 0x5f, 0xd7,
  0x9e, 0xc6, 0xdf, 0xe7, 0x5f, 0xd7, 0x58, 0x95, 0xda, 0xa5, 0x1f, 0xd7,
  0xff, 0xf7, 0x5f, 0xd7, 0xdf, 0xc6, 0xdf, 0xc6, 0x9f, 0xc6, 0x5f, 0xd7,
  0x1f, 0xd7, 0xdf, 0xe7, 0xdf, 0xe7, 0x1f, 0xc7, 0x5f, 0xd7, 0x1a, 0xb6,
  0x90, 0xc5, 0x0e, 0xb5, 0xc8, 0x82, 0x0e, 0xf4, 0x56, 0xfe, 0xd4, 0xfd,
  0x10, 0xfd, 0x4e, 0xfc, 0x12, 0xfd, 0x98, 0xfe, 0x56, 0xfe, 0x92, 0xfd,
  0x52, 0xfd, 0x92, 0xfd, 0xd4, 0xfd, 0xd4, 0xfd, 0xd8, 0xfe, 0xd4, 0xfd,
  0x12, 0xfd, 0x94, 0xfd, 0x52, 0xfd, 0x52, 0xfd, 0x12, 0xfd, 0xd4, 0xfd,
  0x14, 0xfe, 0xd4, 0xfd, 0x52, 0xfd, 0x14, 0xfe, 0x16, 0xfe, 0xd8, 0xfe,
  0x98, 0xfe, 0x94, 0xfd, 0xd4, 0xfd, 0x56, 0xfe, 0x52, 0xfd, 0x94, 0xfd,
  0x56, 0xfe, 0x94, 0xfd, 0x92, 0xfd, 0x56, 0xfe, 0x1a, 0xff, 0xd4, 0xfd,
  0x12, 0xfd, 0x92, 0xfd, 0x56, 0xfe, 0x1a, 0xff, 0xd8, 0xfe, 0xd8, 0xfe,
  0x16, 0xfe, 0x94, 0xfd, 0x94, 0xfd, 0x16, 0xfe, 0x96, 0xfe, 0x98, 0xfe,
  0x94, 0xfd, 0x16, 0xfe, 0x56, 0xfe, 0xd4, 0xfd, 0x92, 0xfd, 0x52, 0xfd,
  0x56, 0xfe, 0xd4, 0xfd, 0x1a, 0xff, 0xdc, 0xff, 0x96, 0xfe, 0xd0, 0xfc,
  0x52, 0xfd, 0x52, 0xfd, 0x52, 0xfd, 0xd8, 0xfe, 0x56, 0xfe, 0x56, 0xfe,
  0x56, 0xfe, 0x90, 0xd5, 0xd4, 0xf6, 0x4c, 0xe6, 0xf0, 0xff, 0xf8, 0xff,
  0xf4, 0xff, 0xee, 0xff, 0xf0, 0xff, 0xf2, 0xff, 0xf2, 0xff, 0xf0, 0xff,
  0xf2, 0xff, 0xf0, 0xff, 0xf0, 0xff, 0xf4, 0xff, 0xf0, 0xff, 0xf0, 0xff,
  0xee, 0xff, 0xee, 0xff, 0xf2, 0xff, 0xf0, 0xff, 0xee, 0xff, 0xf0, 0xff,
  0xf0, 0xff, 0xf2, 0xff, 0xf0, 0xff, 0xf0, 0xff, 0xf6, 0xff, 0xf2, 0xff,
  0xf0, 0xff, 0xf0, 0xff, 0xf2, 0xff, 0xf6, 0xff, 0xf0, 0xff, 0xf0, 0xff,
  0xf2, 0xff, 0x50, 0xff, 0x52, 0xd6, 0x4a, 0x83, 0x4c, 0xb3, 0x0e, 0xe4,
  0xcc, 0xfb, 0x12, 0xfd, 0x56, 0xfe, 0x56, 0xfe, 0x98, 0xfe, 0x98, 0xfe,
  0x52, 0xfd, 0xd4, 0xfd, 0x92, 0xfd, 0x52, 0xfd, 0x92, 0xfd, 0xd4, 0xfd,
  0xd4, 0xfd, 0xd4, 0xfd, 0x92, 0xfd, 0xd4, 0xfd, 0xd8, 0xfe, 0x98, 0xfe,
  0x14, 0xfe, 0x14, 0xfe, 0xd4, 0xfd, 0x94, 0xfd, 0x52, 0xfd, 0x10, 0xfd,
  0x12, 0xfd, 0x52, 0xfd, 0x94, 0xfd, 0x16, 0xfe, 0x16, 0xfe, 0x94, 0xfd,
  0x16, 0xfe, 0x94, 0xfd, 0x52, 0xfd, 0x52, 0xfd, 0xd4, 0xfd, 0x92, 0xfd,
  0x92, 0xfd, 0xd8, 0xfe, 0x1a, 0xff, 0x52, 0xfd, 0x52, 0xfd, 0x14, 0xfe,
  0x16, 0xfe, 0xd4, 0xfd, 0xd4, 0xfd, 0x94, 0xfd, 0x94, 0xfd, 0x14, 0xfe,
  0x94, 0xfd, 0x92, 0xfd, 0x56, 0xfe, 0xd8, 0xfe, 0x94, 0xfd, 0x52, 0xfd,
  0x94, 0xfd, 0x94, 0xfd, 0x94, 0xfd, 0x52, 0xfd, 0x94, 0xfd, 0x52, 0xfd,
  0x92, 0xfd, 0x52, 0xfd, 0x94, 0xfd, 0x92, 0xfd, 0x92, 0xfd, 0x56, 0xfe,
  0x0e, 0xf4, 0x84, 0x51, 0xca, 0x83, 0x98, 0xff, 0xd0, 0xa4, 0x8a, 0x42,
  0x0e, 0x53, 0x96, 0x84, 0x5a, 0xa5, 0xdf, 0xc6, 0xdf, 0xe7, 0x9e, 0xc6,
  0xdf, 0xc6, 0x5e, 0xb6, 0xdf, 0xc6, 0x9e, 0xc6, 0x5e, 0xb6, 0x5e, 0xb6,
  0x1e, 0xb6, 0xdc, 0xa5, 0x5e, 0xb6, 0x5e, 0xb6, 0x1f, 0xd7, 0xff, 0xf7,
  0x5f, 0xd7, 0x1f, 0xd7, 0x5f, 0xd7, 0x5f, 0xd7, 0xff, 0xe7, 0xff, 0xf7,
  0x1f, 0xd7, 0x9f, 0xe7, 0x1f, 0xd7, 0x98, 0xa5, 0x12, 0x74, 0x58, 0x95,
  0x5e, 0xb6, 0xdf, 0xe7, 0xdf, 0xc6, 0xdc, 0xa5, 0xdf, 0xc6, 0xff, 0xff,
  0xff, 0xe7, 0x5e, 0xb6, 0x1c, 0xb6, 0x5f, 0xd7, 0x9e, 0xc6, 0x1c, 0xb6,
  0x5f, 0xd7, 0xdf, 0xe7, 0x5f, 0xd7, 0xdf, 0xc6, 0x5e, 0xb6, 0x1f, 0xd7,
  0x9e, 0xc6, 0x1c, 0xb6, 0x9e, 0xc6, 0x5e, 0xb6, 0xdc, 0xa5, 0xdc, 0xa5,
  0x1f, 0xd7, 0xda, 0xa5, 0x5a, 0x95, 0x9e, 0xc6, 0xdf, 0xe7, 0x1f, 0xc7,
  0xdc, 0xa5, 0xdc, 0xa5, 0x5e, 0xb6, 0x9f, 0xd7, 0xdf, 0xc6, 0x1f, 0xd7,
  0x1f, 0xd7, 0x1f, 0xd7, 0x5f, 0xd7, 0x1e, 0xd7, 0x14, 0xd6, 0xce, 0xa4,
  0x48, 0x82, 0xcc, 0xf3, 0x52, 0xfd, 0x10, 0xfd, 0xd0, 0xfc, 0x52, 0xfd,
  0x56, 0xfe, 0x98, 0xfe, 0xd4, 0xfd, 0xd4, 0xfd, 0xd4, 0xfd, 0x52, 0xfd,
  0x92, 0xfd, 0x12, 0xfd, 0x14, 0xfe, 0xd4, 0xfd, 0x94, 0xfd, 0x92, 0xfd,
  0x52, 0xfd, 0x52, 0xfd, 0x52, 0xfd, 0x56, 0xfe, 0x14, 0xfe, 0x92, 0xfd,
  0x92, 0xfd, 0x52, 0xfd, 0x94, 0xfd, 0xd8, 0xfe, 0xd4, 0xfd, 0x52, 0xfd,
  0x52, 0xfd, 0x14, 0xfe, 0x10, 0xfd, 0x52, 0xfd, 0xd4, 0xfd, 0xd4, 0xfd,
  0xd4, 0xfd, 0x96, 0xfe, 0x5a, 0xff, 0xd4, 0xfd, 0x52, 0xfd, 0x52, 0xfd,
  0x98, 0xfe, 0xd8, 0xfe, 0x16, 0xfe, 0x56, 0xfe, 0x98, 0xfe, 0x56, 0xfe,
  0x16, 0xfe, 0xd4, 0xfd, 0x92, 0xfd, 0x56, 0xfe, 0x98, 0xfe, 0xd8, 0xfe,
  0x98, 0xfe, 0xd4, 0xfd, 0x98, 0xfe, 0xd4, 0xfd, 0x5a, 0xff, 0xd8, 0xfe,
  0x16, 0xfe, 0x56, 0xfe, 0x94, 0xfd, 0x10, 0xfd, 0xd4, 0xfd, 0x94, 0xfd,
  0x52, 0xfd, 0x56, 0xfe, 0x98, 0xfe, 0x5a, 0xff, 0x14, 0xfe, 0x52, 0xe6,
  0x90, 0xc5, 0x8a, 0xc5, 0xca, 0xf6, 0xf4, 0xff, 0xf6, 0xff, 0xf0, 0xff,
  0xf2, 0xff, 0xf4, 0xff, 0xf4, 0xff, 0xf4, 0xff, 0xf2, 0xff, 0xf2, 0xff,
  0xf0, 0xff, 0xf4, 0xff, 0xf2, 0xff, 0xf2, 0xff, 0xf0, 0xff, 0xf0, 0xff,
  0xf4, 0xff, 0xf0, 0xff, 0xee, 0xff, 0xf0, 0xff, 0xee, 0xff, 0xee, 0xff,
  0xf2, 0xff, 0xf2, 0xff, 0xf4, 0xff, 0xf2, 0xff, 0xf2, 0xff, 0xf0, 0xff,
  0xf0, 0xff, 0xf8, 0xff, 0xf2, 0xff, 0xee, 0xff, 0xf4, 0xff, 0x50, 0xff,
  0x8c, 0xa4, 0x4c, 0xc4, 0x94, 0xfd, 0x52, 0xfd, 0xce, 0xfb, 0x12, 0xfd,
  0x52, 0xfd, 0x94, 0xfd, 0x56, 0xfe, 0x16, 0xfe, 0x94, 0xfd, 0x94, 0xfd,
  0xd0, 0xfc, 0x90, 0xfc, 0x10, 0xfd, 0xd0, 0xfc, 0x14, 0xfe, 0xd4, 0xfd,
  0x16, 0xfe, 0xd4, 0xfd, 0x56, 0xfe, 0x5a, 0xff, 0x96, 0xfe, 0xd4, 0xfd,
  0x12, 0xfd, 0x52, 0xfd, 0x10, 0xfd, 0x94, 0xfd, 0x5a, 0xff, 0x14, 0xfe,
  0x92, 0xfd, 0xd4, 0xfd, 0x92, 0xfd, 0xd4, 0xfd, 0x56, 0xfe, 0xd4, 0xfd,
  0x92, 0xfd, 0x52, 0xfd, 0x52, 0xfd, 0x14, 0xfe, 0x16, 0xfe, 0xd8, 0xfe,
  0x16, 0xfe, 0x12, 0xfd, 0x52, 0xfd, 0x92, 0xfd, 0x94, 0xfd, 0x52, 0xfd,
  0x92, 0xfd, 0x98, 0xfe, 0x98, 0xfe, 0x92, 0xfd, 0xd4, 0xfd, 0xd4, 0xfd,
  0xd4, 0xfd, 0xd4, 0xfd, 0x92, 0xfd, 0x52, 0xfd, 0x92, 0xfd, 0x10, 0xfd,
  0x52, 0xfd, 0x92, 0xfd, 0x56, 0xfe, 0x92, 0xfd, 0x52, 0xfd, 0x52, 0xfd,
  0x94, 0xfd, 0x56, 0xfe, 0x14, 0xfe, 0x56, 0xfe, 0xce, 0xe3, 0x48, 0x82,
  0x0c, 0x94, 0x12, 0xd6, 0x0c, 0x94, 0x08, 0x32, 0x0e, 0x53, 0xd2, 0x73,
  0x58, 0x95, 0x9e, 0xc6, 0x1f, 0xd7, 0x1e, 0xb6, 0x5e, 0xb6, 0x5e, 0xb6,
  0x9e, 0xc6, 0x1f, 0xc7, 0xdf, 0xc6, 0x5e, 0xb6, 0x58, 0x95, 0x56, 0x84,
  0xdc, 0xa5, 0xdf, 0xe7, 0x9f, 0xd7, 0xdf, 0xe7, 0x1f, 0xd7, 0x9f, 0xc6,
  0xdf, 0xc6, 0x1f, 0xc7, 0xdf, 0xc6, 0x5f, 0xd7, 0x1c, 0xb6, 0xdf, 0xd6,
  0xff, 0xff, 0xff, 0xff, 0x5f, 0xd7, 0x58, 0xa5, 0x96, 0x84, 0x5e, 0xb6,
  0x1f, 0xd7, 0x9f, 0xd7, 0x1c, 0xb6, 0x1f, 0xd7, 0xdf, 0xe7, 0x9e, 0xc6,
  0x9e, 0xc6, 0x1f, 0xd7, 0x5e, 0xb6, 0xdc, 0xa5, 0xff, 0xf7, 0xff, 0xe7,
  0xdc, 0xa5, 0xdc, 0xa5, 0xdf, 0xc6, 0x1f, 0xd7, 0xdf, 0xc6, 0x9e, 0xc6,
  0x1f, 0xd7, 0x9e, 0xc6, 0x5e, 0xb6, 0x1f, 0xd7, 0x5f, 0xd7, 0x1f, 0xd7,
  0x9f, 0xc6, 0xdf, 0xc6, 0x9f, 0xe7, 0x1f, 0xc7, 0x5e, 0xb6, 0x5a, 0x95,
  0x9f, 0xc6, 0x5f, 0xd7, 0xdf, 0xc6, 0xdf, 0xc6, 0x1f, 0xd7, 0x5f, 0xd7,
  0x1f, 0xd7, 0xde, 0xd6, 0x94, 0xe6, 0x90, 0xc5, 0x88, 0x82, 0xce, 0xf3,
  0x92, 0xfd, 0x52, 0xfd, 0x52, 0xfd, 0x56, 0xfe, 0x56, 0xfe, 0x12, 0xfd,
  0xd4, 0xfd, 0x56, 0xfe, 0x52, 0xfd, 0x52, 0xfd, 0x94, 0xfd, 0xd4, 0xfd,
  0xd4, 0xfd, 0x16, 0xfe, 0x94, 0xfd, 0xd0, 0xfc, 0x8e, 0xfc, 0x90, 0xfc,
  0xd4, 0xfd, 0x98, 0xfe, 0xd4, 0xfd, 0x1a, 0xff, 0x56, 0xfe, 0x12, 0xfd,
  0x52, 0xfd, 0xd4, 0xfd, 0x52, 0xfd, 0x92, 0xfd, 0x52, 0xfd, 0x92, 0xfd,
  0x92, 0xfd, 0xd4, 0xfd, 0xd4, 0xfd, 0xd4, 0xfd, 0x56, 0xfe, 0x5a, 0xff,
  0xd8, 0xfe, 0x16, 0xfe, 0xd0, 0xfc, 0xd0, 0xfc, 0xd4, 0xfd, 0xd4, 0xfd,
  0x92, 0xfd, 0x92, 0xfd, 0x16, 0xfe, 0x56, 0xfe, 0x56, 0xfe, 0x14, 0xfe,
  0x4e, 0xfc, 0x94, 0xfd, 0x1a, 0xff, 0x18, 0xff, 0xd8, 0xfe, 0x16, 0xfe,
  0xd8, 0xfe, 0x16, 0xfe, 0x94, 0xfd, 0x94, 0xfd, 0x94, 0xfd, 0x52, 0xfd,
  0xd0, 0xfc, 0xd4, 0xfd, 0x96, 0xfe, 0x14, 0xfe, 0x92, 0xfd, 0x52, 0xfd,
  0x1a, 0xff, 0xdc, 0xff, 0x98, 0xfe, 0xd2, 0xe5, 0x4c, 0x94, 0xc8, 0xb4,
  0x48, 0xc5, 0xec, 0xff, 0xf2, 0xff, 0xf0, 0xff, 0xf0, 0xff, 0xf0, 0xff,
  0xf0, 0xff, 0xf4, 0xff, 0xf4, 0xff, 0xf4, 0xff, 0xf2, 0xff, 0xee, 0xff,
  0xee, 0xff, 0xf2, 0xff, 0xf2, 0xff, 0xf0, 0xff, 0xf2, 0xff, 0xf0, 0xff,
  0xf0, 0xff, 0xf0, 0xff, 0xee, 0xff, 0xf2, 0xff, 0xf6, 0xff, 0xf4, 0xff,
  0xee, 0xff, 0xf0, 0xff, 0xf4, 0xff, 0xf2, 0xff, 0xf0, 0xff, 0xf0, 0xff,
  0xf0, 0xff, 0xee, 0xff, 0xf2, 0xff, 0xd2, 0xff, 0x90, 0xc5, 0x0c, 0xb4,
  0x4e, 0xf4, 0x16, 0xfe, 0xd4, 0xfd, 0x10, 0xfd, 0xd0, 0xfc, 0x52, 0xfd,
  0xd4, 0xfd, 0x96, 0xfe, 0x56, 0xfe, 0x14, 0xfe, 0x12, 0xfd, 0x4e, 0xfc,
  0x12, 0xfd, 0x10, 0xfd, 0x52, 0xfd, 0x8e, 0xfc, 0x52, 0xfd, 0x92, 0xfd,
  0x92, 0xfd, 0xd4, 0xfd, 0x16, 0xfe, 0x16, 0xfe, 0xd0, 0xfc, 0x10, 0xfd,
  0x92, 0xfd, 0x16, 0xfe, 0xdc, 0xff, 0x16, 0xfe, 0x94, 0xfd, 0xd8, 0xfe,
  0x14, 0xfe, 0x98, 0xfe, 0x18, 0xff, 0x16, 0xfe, 0xd4, 0xfd, 0xd4, 0xfd,
  0xd4, 0xfd, 0xd4, 0xfd, 0x16, 0xfe, 0x56, 0xfe, 0x56, 0xfe, 0x14, 0xfe,
  0xd4, 0xfd, 0xd4, 0xfd, 0x94, 0xfd, 0xd0, 0xfc, 0x10, 0xfd, 0x52, 0xfd,
  0xd4, 0xfd, 0xd4, 0xfd, 0xd4, 0xfd, 0xd4, 0xfd, 0x52, 0xfd, 0x94, 0xfd,
  0x92, 0xfd, 0x52, 0xfd, 0xd0, 0xfc, 0x94, 0xfd, 0xd4, 0xfd, 0x16, 0xfe,
  0x92, 0xfd, 0x12, 0xfd, 0x12, 0xfd, 0x52, 0xfd, 0xd0, 0xfc, 0x52, 0xfd,
  0x94, 0xfd, 0x96, 0xfe, 0x4e, 0xf4, 0x4a, 0xc3, 0x4c, 0xb4, 0x12, 0xd6,
  0x8c, 0x83, 0x4a, 0x42, 0xd0, 0x63, 0x12, 0x74, 0xde, 0xc6, 0x9f, 0xe7,
  0x5f, 0xd7, 0xdf, 0xc6, 0xdf, 0xc6, 0x5e, 0xb6, 0x9a, 0xa5, 0x9e, 0xc6,
  0xdf, 0xe7, 0xff, 0xf7, 0x1f, 0xc7, 0x9a, 0xa5, 0x5a, 0x95, 0x5f, 0xd7,
  0x9f, 0xe7, 0x5f, 0xd7, 0x5e, 0xb6, 0x5e, 0xb6, 0x1f, 0xd7, 0x9f, 0xe7,
  0x1f, 0xd7, 0x1f, 0xc7, 0x9f, 0xe7, 0xff, 0xf7, 0xff, 0xf7, 0xff, 0xff,
  0xff, 0xff, 0xff, 0xff, 0x1c, 0xb6, 0x1c, 0xb6, 0x1c, 0xb6, 0x5f, 0xd7,
  0xdf, 0xc6, 0xdf, 0xc6, 0x1f, 0xd7, 0x1f, 0xd7, 0x1f, 0xc7, 0xdf, 0xc6,
  0x1f, 0xc7, 0xdf, 0xc6, 0x9f, 0xe7, 0x9f, 0xe7, 0x9a, 0xa5, 0xdc, 0xa5,
  0x9e, 0xb6, 0x5f, 0xd7, 0x5f, 0xd7, 0x1c, 0xb6, 0x1c, 0xb6, 0x9f, 0xc6,
  0x5e, 0xb6, 0x1f, 0xd7, 0x1f, 0xd7, 0x1f, 0xc7, 0x9f, 0xc6, 0xdf, 0xc6,
  0x1f, 0xc7, 0x9f, 0xc6, 0x1c, 0xb6, 0x1c, 0xb6, 0xdf, 0xc6, 0xdf, 0xc6,
  0x9e, 0xb6, 0x1f, 0xc7, 0x1f, 0xd7, 0xdf, 0xc6, 0xdf, 0xc6, 0x98, 0xa5,
  0x8e, 0xa4, 0x0e, 0xb5, 0x08, 0x93, 0x0e, 0xf4, 0x14, 0xfe, 0x96, 0xfe,
  0x16, 0xfe, 0x92, 0xfd, 0x94, 0xfd, 0x12, 0xfd, 0x52, 0xfd, 0xd4, 0xfd,
  0x1a, 0xff, 0x16, 0xfe, 0x94, 0xfd, 0xd4, 0xfd, 0x56, 0xfe, 0x94, 0xfd,
  0x90, 0xfc, 0xd0, 0xfc, 0xd0, 0xfc, 0x90, 0xfc, 0x14, 0xfe, 0xd4, 0xfd,
  0x52, 0xfd, 0x56, 0xfe, 0x14, 0xfe, 0x12, 0xfd, 0x12, 0xfd, 0x94, 0xfd,
  0x94, 0xfd, 0xd4, 0xfd, 0x94, 0xfd, 0x56, 0xfe, 0x16, 0xfe, 0x94, 0xfd,
  0x52, 0xfd, 0xd4, 0xfd, 0x94, 0xfd, 0x94, 0xfd, 0xd4, 0xfd, 0xd4, 0xfd,
  0x4e, 0xfc, 0x0e, 0xfc, 0xd4, 0xfd, 0x14, 0xfe, 0x52, 0xfd, 0x52, 0xfd,
  0x92, 0xfd, 0x14, 0xfe, 0xd4, 0xfd, 0x12, 0xfd, 0x90, 0xfc, 0x92, 0xfd,
  0x96, 0xfe, 0x96, 0xfe, 0x14, 0xfe, 0x16, 0xfe, 0x96, 0xfe, 0x12, 0xfd,
  0xd0, 0xfc, 0x92, 0xfd, 0x52, 0xfd, 0x52, 0xfd, 0x92, 0xfd, 0xd4, 0xfd,
  0xd4, 0xfd, 0xd4, 0xfd, 0x52, 0xfd, 0x94, 0xfd, 0x16, 0xfe, 0x14, 0xfe,
  0xd4, 0xfd, 0x90, 0xd5, 0x52, 0xe6, 0x4a, 0x94, 0x46, 0xa4, 0x0a, 0xff,
  0xee, 0xff, 0xf0, 0xff, 0xee, 0xff, 0xec, 0xff, 0xee, 0xff, 0xf4, 0xff,
  0xf4, 0xff, 0xf2, 0xff, 0xf0, 0xff, 0xec, 0xff, 0xf2, 0xff, 0xf2, 0xff,
  0xee, 0xff, 0xee, 0xff, 0xf0, 0xff, 0xf0, 0xff, 0xf2, 0xff, 0xf2, 0xff,
  0xf2, 0xff, 0xf2, 0xff, 0xf4, 0xff, 0xf2, 0xff, 0xec, 0xff, 0xf2, 0xff,
  0xf6, 0xff, 0xf2, 0xff, 0xf2, 0xff, 0xee, 0xff, 0xee, 0xff, 0xee, 0xff,
  0xf0, 0xff, 0x50, 0xff, 0xd0, 0xd5, 0x4c, 0xb4, 0x4c, 0xc3, 0x56, 0xfe,
  0x98, 0xfe, 0x94, 0xfd, 0x52, 0xfd, 0xd4, 0xfd, 0xd4, 0xfd, 0xd8, 0xfe,
  0x94, 0xfd, 0x8e, 0xfc, 0xd4, 0xfd, 0xd4, 0xfd, 0x12, 0xfd, 0xd4, 0xfd,
  0xd4, 0xfd, 0x52, 0xfd, 0x96, 0xfe, 0xd8, 0xfe, 0x16, 0xfe, 0x92, 0xfd,
  0xd4, 0xfd, 0xd4, 0xfd, 0x52, 0xfd, 0x92, 0xfd, 0x94, 0xfd, 0x94, 0xfd,
  0x56, 0xfe, 0x90, 0xfc, 0x12, 0xfd, 0x9c, 0xff, 0xdc, 0xff, 0xfe, 0xff,
  0x9c, 0xff, 0x16, 0xfe, 0x56, 0xfe, 0x14, 0xfe, 0xd4, 0xfd, 0x94, 0xfd,
  0x14, 0xfe, 0x96, 0xfe, 0x56, 0xfe, 0x92, 0xfd, 0x12, 0xfd, 0xd0, 0xfc,
  0xd4, 0xfd, 0x16, 0xfe, 0xd4, 0xfd, 0xd0, 0xfc, 0x10, 0xfd, 0xd0, 0xfc,
  0x12, 0xfd, 0xd4, 0xfd, 0xd4, 0xfd, 0x56, 0xfe, 0x56, 0xfe, 0x52, 0xfd,
  0x52, 0xfd, 0x14, 0xfe, 0xd8, 0xfe, 0x56, 0xfe, 0x16, 0xfe, 0x56, 0xfe,
  0xd4, 0xfd, 0xd4, 0xfd, 0x12, 0xfd, 0x52, 0xfd, 0xd4, 0xfd, 0x96, 0xfe,
  0x4e, 0xf4, 0x8c, 0xc3, 0x0c, 0xb4, 0x4c, 0x94, 0xc8, 0x62, 0x8a, 0x42,
  0x90, 0x63, 0x54, 0x74, 0x1c, 0xb6, 0xdf, 0xc6, 0x5f, 0xd7, 0x1f, 0xd7,
  0x9f, 0xe7, 0xff, 0xf7, 0x1f, 0xd7, 0x9a, 0xa5, 0x9f, 0xd7, 0xff, 0xff,
  0xff, 0xf7, 0xff, 0xf7, 0x5c, 0xb6, 0x5f, 0xd7, 0xff, 0xf7, 0xff, 0xf7,
  0x9a, 0xa5, 0xd6, 0x84, 0x9e, 0xb6, 0x5f, 0xd7, 0x1f, 0xd7, 0x9f, 0xe7,
  0xdf, 0xe7, 0xff, 0xff, 0xdf, 0xe7, 0x5f, 0xd7, 0xff, 0xe7, 0xff, 0xf7,
  0x9e, 0xb6, 0xda, 0xa5, 0x1c, 0xb6, 0xdf, 0xc6, 0x5f, 0xd7, 0x1f, 0xd7,
  0x1f, 0xc7, 0x5f, 0xd7, 0x1f, 0xd7, 0x9f, 0xe7, 0x9f, 0xe7, 0x1f, 0xd7,
  0xdf, 0xc6, 0xdf, 0xc6, 0x5e, 0xb6, 0xdf, 0xc6, 0x9e, 0xc6, 0xdf, 0xc6,
  0x1f, 0xd7, 0xdf, 0xc6, 0xdf, 0xc6, 0xdf, 0xc6, 0x9f, 0xd7, 0x9e, 0xc6,
  0x5e, 0xb6, 0x9e, 0xc6, 0x5e, 0xb6, 0x5f, 0xd7, 0xdf, 0xc6, 0x1c, 0xa6,
  0xdc, 0xa5, 0x5e, 0xb6, 0xdf, 0xc6, 0x9e, 0xc6, 0x9f, 0xc6, 0x9f, 0xe7,
  0xdf, 0xc6, 0x1c, 0xb6, 0xdf, 0xc6, 0xda, 0xb5, 0xcc, 0x83, 0x4c, 0xa4,
  0x4a, 0xa3, 0x50, 0xfc, 0x14, 0xfe, 0x96, 0xfe, 0x96, 0xfe, 0x4e, 0xfc,
  0x0e, 0xf4, 0x92, 0xfd, 0x94, 0xfd, 0x16, 0xfe, 0x16, 0xfe, 0x52, 0xfd,
  0x12, 0xfd, 0x52, 0xfd, 0x94, 0xfd, 0x52, 0xfd, 0xd0, 0xfc, 0xd0, 0xfc,
  0x12, 0xfd, 0x90, 0xfc, 0xd4, 0xfd, 0xd8, 0xfe, 0xd4, 0xfd, 0x52, 0xfd,
  0x92, 0xfd, 0x52, 0xfd, 0x12, 0xfd, 0x94, 0xfd, 0x98, 0xfe, 0x56, 0xfe,
  0xd8, 0xfe, 0xfe, 0xff, 0x1a, 0xff, 0x18, 0xff, 0x94, 0xfd, 0xd0, 0xfc,
  0x52, 0xfd, 0x52, 0xfd, 0x92, 0xfd, 0xd8, 0xfe, 0x94, 0xfd, 0xd0, 0xfc,
  0x98, 0xfe, 0xd8, 0xfe, 0x14, 0xfe, 0xd4, 0xfd, 0x92, 0xfd, 0x56, 0xfe,
  0x52, 0xfd, 0xd4, 0xfd, 0xd4, 0xfd, 0x94, 0xfd, 0xd4, 0xfd, 0x14, 0xfe,
  0xd4, 0xfd, 0x14, 0xfe, 0x96, 0xfe, 0x52, 0xfd, 0x52, 0xfd, 0x52, 0xfd,
  0x10, 0xfd, 0x90, 0xfc, 0x94, 0xfd, 0xd4, 0xfd, 0x94, 0xfd, 0x56, 0xfe,
  0x94, 0xfd, 0x92, 0xfd, 0x52, 0xfd, 0x12, 0xfd, 0x90, 0xfc, 0x90, 0xc5,
  0xd0, 0xc5, 0x88, 0x83, 0x86, 0x83, 0x4a, 0xe6, 0xee, 0xff, 0xee, 0xff,
  0xec, 0xff, 0xee, 0xff, 0xf6, 0xff, 0xf8, 0xff, 0xf6, 0xff, 0xf0, 0xff,
  0xee, 0xff, 0xee, 0xff, 0xee, 0xff, 0xcc, 0xff, 0xee, 0xff, 0xee, 0xff,
  0xee, 0xff, 0xee, 0xff, 0xf0, 0xff, 0xf2, 0xff, 0xf0, 0xff, 0xf2, 0xff,
  0xf6, 0xff, 0xf2, 0xff, 0xee, 0xff, 0xf2, 0xff, 0xf4, 0xff, 0xec, 0xff,
  0xee, 0xff, 0xee, 0xff, 0xec, 0xff, 0xec, 0xff, 0xf2, 0xff, 0x0e, 0xf7,
  0xd0, 0xc5, 0xcc, 0xa3, 0xca, 0xb2, 0x4e, 0xfc, 0x52, 0xfd, 0x56, 0xfe,
  0xd4, 0xfd, 0xd4, 0xfd, 0xd4, 0xfd, 0x16, 0xfe, 0xd4, 0xfd, 0x16, 0xfe,
  0x98, 0xfe, 0x56, 0xfe, 0x16, 0xfe, 0x98, 0xfe, 0x16, 0xfe, 0xd4, 0xfd,
  0x98, 0xfe, 0x94, 0xfd, 0x90, 0xfc, 0x12, 0xfd, 0x16, 0xfe, 0xd4, 0xfd,
  0x12, 0xfd, 0x12, 0xfd, 0x92, 0xfd, 0x5a, 0xff, 0x56, 0xfe, 0x12, 0xfd,
  0x12, 0xfd, 0x56, 0xfe, 0xd8, 0xfe, 0x98, 0xfe, 0x56, 0xfe, 0xd4, 0xfd,
  0x92, 0xfd, 0xd4, 0xfd, 0xd4, 0xfd, 0x12, 0xfd, 0x10, 0xfd, 0x56, 0xfe,
  0x56, 0xfe, 0x16, 0xfe, 0x94, 0xfd, 0xd4, 0xfd, 0x1a, 0xff, 0x56, 0xfe,
  0xd4, 0xfd, 0x12, 0xfd, 0x52, 0xfd, 0x16, 0xfe, 0x16, 0xfe, 0x14, 0xfe,
  0x94, 0xfd, 0x56, 0xfe, 0x1a, 0xff, 0xd4, 0xfd, 0xd4, 0xfd, 0x56, 0xfe,
  0xd4, 0xfd, 0x94, 0xfd, 0x94, 0xfd, 0x94, 0xfd, 0x90, 0xfc, 0x96, 0xfe,
  0x56, 0xfe, 0x16, 0xfe, 0x96, 0xfe, 0xd8, 0xfe, 0xd0, 0xfc, 0x0e, 0xd4,
  0x4e, 0xb4, 0xd2, 0xc5, 0x90, 0x94, 0x54, 0x74, 0xd6, 0x84, 0x5c, 0xb6,
  0x5e, 0xb6, 0x9a, 0xa5, 0x5e, 0xb6, 0xdf, 0xc6, 0x9f, 0xe7, 0xff, 0xe7,
  0xff, 0xf7, 0x9e, 0xc6, 0x9f, 0xc6, 0x9f, 0xe7, 0xff, 0xff, 0xff, 0xff,
  0x1f, 0xd7, 0x1f, 0xd7, 0x5f, 0xd7, 0xff, 0xe7, 0xdf, 0xe7, 0xd6, 0x94,
  0x18, 0x95, 0x5e, 0xb6, 0xdc, 0xa5, 0x5c, 0xb6, 0xdf, 0xc6, 0xff, 0xe7,
  0xdf, 0xe7, 0x9f, 0xe7, 0x9f, 0xe7, 0x9e, 0xb6, 0x9a, 0xa5, 0x9e, 0xc6,
  0x5e, 0xb6, 0x1c, 0xb6, 0xdf, 0xc6, 0xdf, 0xc6, 0xdf, 0xc6, 0xdf, 0xc6,
  0x5e, 0xb6, 0xdf, 0xc6, 0x1f, 0xd7, 0x1f, 0xc7, 0xdc, 0xa5, 0x5e, 0xb6,
  0x1c, 0xb6, 0xdf, 0xc6, 0x5f, 0xd7, 0x1f, 0xc7, 0x9e, 0xc6, 0x5e, 0xb6,
  0x1f, 0xd7, 0x5f, 0xd7, 0xff, 0xf7, 0xdf, 0xc6, 0x1c, 0xb6, 0xdf, 0xc6,
  0x5e, 0xb6, 0x5a, 0x95, 0xdc, 0xa5, 0xdc, 0xa5, 0x9a, 0xa5, 0x5e, 0xb6,
  0x9a, 0xa5, 0x5e, 0xb6, 0xdf, 0xc6, 0xdf, 0xe7, 0xdf, 0xe7, 0xdf, 0xc6,
  0xdf, 0xe7, 0x1e, 0xd7, 0x54, 0xd6, 0x50, 0xc5, 0x4a, 0xb3, 0x4e, 0xfc,
  0x52, 0xfd, 0x92, 0xfd, 0x14, 0xfe, 0x94, 0xfd, 0x94, 0xfd, 0x14, 0xfe,
  0x56, 0xfe, 0x56, 0xfe, 0xd4, 0xfd, 0x10, 0xfd, 0x52, 0xfd, 0xd4, 0xfd,
  0x16, 0xfe, 0xd4, 0xfd, 0xd0, 0xfc, 0x52, 0xfd, 0xd4, 0xfd, 0x12, 0xfd,
  0x94, 0xfd, 0xdc, 0xff, 0xfc, 0xff, 0x56, 0xfe, 0x52, 0xfd, 0x94, 0xfd,
  0xd4, 0xfd, 0x98, 0xfe, 0x5a, 0xff, 0xd4, 0xfd, 0xd8, 0xfe, 0x9c, 0xff,
  0xd8, 0xfe, 0x92, 0xfd, 0x94, 0xfd, 0xd0, 0xfc, 0x52, 0xfd, 0x52, 0xfd,
  0x52, 0xfd, 0x16, 0xfe, 0x16, 0xfe, 0x92, 0xfd, 0x16, 0xfe, 0x16, 0xfe,
  0x56, 0xfe, 0xd4, 0xfd, 0x56, 0xfe, 0xd4, 0xfd, 0x8e, 0xfc, 0x92, 0xfd,
  0x94, 0xfd, 0x94, 0xfd, 0xd4, 0xfd, 0x16, 0xfe, 0x94, 0xfd, 0xd4, 0xfd,
  0xd4, 0xfd, 0x52, 0xfd, 0xd4, 0xfd, 0x92, 0xfd, 0xd4, 0xfd, 0xd4, 0xfd,
  0x16, 0xfe, 0xd4, 0xfd, 0x56, 0xfe, 0xd4, 0xfd, 0x52, 0xfd, 0xd0, 0xfc,
  0x52, 0xfd, 0xd4, 0xfd, 0x0c, 0xe4, 0xca, 0x93, 0x0a, 0x94, 0x48, 0x94,
  0x8a, 0xc5, 0x8a, 0xf6, 0xec, 0xff, 0xec, 0xff, 0xca, 0xf6, 0xf2, 0xff,
  0xf4, 0xff, 0xf2, 0xff, 0xf4, 0xff, 0xf0, 0xff, 0xee, 0xff, 0xf0, 0xff,
  0xf0, 0xff, 0xf0, 0xff, 0xf0, 0xff, 0xee, 0xff, 0xf0, 0xff, 0xf0, 0xff,
  0xf0, 0xff, 0xf0, 0xff, 0xf0, 0xff, 0xf4, 0xff, 0xf6, 0xff, 0xf6, 0xff,
  0xf6, 0xff, 0xf2, 0xff, 0xf0, 0xff, 0xee, 0xff, 0xee, 0xff, 0xee, 0xff,
  0x0a, 0xff, 0xec, 0xff, 0xf0, 0xff, 0x50, 0xf7, 0x10, 0xd6, 0x0c, 0xa4,
  0xc8, 0xa2, 0x0a, 0xd3, 0x4e, 0xfc, 0x94, 0xfd, 0x92, 0xfd, 0x52, 0xfd,
  0x94, 0xfd, 0x14, 0xfe, 0x56, 0xfe, 0x56, 0xfe, 0x14, 0xfe, 0xd4, 0xfd,
  0x16, 0xfe, 0x56, 0xfe, 0xd4, 0xfd, 0x52, 0xfd, 0x56, 0xfe, 0x14, 0xfe,
  0xd0, 0xfc, 0xd4, 0xfd, 0xd4, 0xfd, 0x94, 0xfd, 0x52, 0xfd, 0xd0, 0xfc,
  0x52, 0xfd, 0x56, 0xfe, 0x14, 0xfe, 0x94, 0xfd, 0x98, 0xfe, 0x56, 0xfe,
  0x52, 0xfd, 0x94, 0xfd, 0x14, 0xfe, 0xd4, 0xfd, 0x52, 0xfd, 0xd8, 0xfe,
  0x94, 0xfd, 0x10, 0xfd, 0x52, 0xfd, 0x98, 0xfe, 0x96, 0xfe, 0x16, 0xfe,
  0x56, 0xfe, 0x96, 0xfe, 0x5a, 0xff, 0x14, 0xfe, 0x14, 0xfe, 0xd4, 0xfd,
  0xd4, 0xfd, 0x96, 0xfe, 0x56, 0xfe, 0xd4, 0xfd, 0x52, 0xfd, 0xd0, 0xfc,
  0xd0, 0xfc, 0x8e, 0xfc, 0x92, 0xfd, 0x56, 0xfe, 0x16, 0xfe, 0xd8, 0xfe,
  0xd4, 0xfd, 0x96, 0xfe, 0xd0, 0xfc, 0x52, 0xfd, 0x92, 0xfd, 0xd4, 0xfd,
  0xd4, 0xfd, 0xd4, 0xfd, 0x10, 0xfd, 0x12, 0xfd, 0xcc, 0xb3, 0x8c, 0xa4,
  0x92, 0x94, 0xdc, 0xa5, 0x9e, 0xc6, 0x9a, 0xa5, 0x5e, 0xb6, 0xdf, 0xc6,
  0x1f, 0xc7, 0x9f, 0xe7, 0x5f, 0xd7, 0xdf, 0xc6, 0xdf, 0xc6, 0x9f, 0xc6,
  0x9f, 0xc6, 0xdf, 0xc6, 0xdf, 0xc6, 0x9e, 0xc6, 0x5e, 0xb6, 0x9f, 0xe7,
  0x9f, 0xe7, 0x5e, 0xb6, 0x1f, 0xc7, 0x9f, 0xd7, 0xdf, 0xc6, 0x1c, 0xb6,
  0x1e, 0xb6, 0x1c, 0xb6, 0xdf, 0xc6, 0x5f, 0xd7, 0x9f, 0xc6, 0xdf, 0xc6,
  0x9f, 0xd7, 0x9f, 0xe7, 0x9e, 0xc6, 0x9f, 0xd7, 0x1f, 0xd7, 0x9f, 0xc6,
  0xdf, 0xc6, 0x9e, 0xc6, 0xdf, 0xc6, 0x9e, 0xc6, 0x9e, 0xb6, 0x1f, 0xc7,
  0xdf, 0xc6, 0x5e, 0xb6, 0x1c, 0xb6, 0x9e, 0xc6, 0x9e, 0xb6, 0xdf, 0xc6,
  0x9f, 0xd7, 0xdf, 0xc6, 0x1c, 0xa6, 0x1c, 0xb6, 0xdf, 0xc6, 0x5e, 0xb6,
  0x5e, 0xb6, 0xdf, 0xc6, 0xdf, 0xc6, 0xff, 0xff, 0x9f, 0xe7, 0xda, 0xa5,
  0x54, 0x84, 0x58, 0x95, 0xdc, 0xa5, 0x9f, 0xc6, 0xdc, 0xa5, 0x5e, 0xb6,
  0x9e, 0xc6, 0xdf, 0xc6, 0x1f, 0xd7, 0x5f, 0xd7, 0x9f, 0xd7, 0xde, 0xd6,
  0x90, 0xb5, 0xca, 0x93, 0x88, 0x82, 0x8c, 0xd3, 0x12, 0xfd, 0xd4, 0xfd,
  0x92, 0xfd, 0x52, 0xfd, 0x94, 0xfd, 0x52, 0xfd, 0x92, 0xfd, 0xd4, 0xfd,
  0x94, 0xfd, 0xd0, 0xfc, 0x94, 0xfd, 0x9c, 0xff, 0x9c, 0xff, 0x98, 0xfe,
  0x92, 0xfd, 0x92, 0xfd, 0xd4, 0xfd, 0xd0, 0xfc, 0x12, 0xfd, 0x9a, 0xff,
  0x9a, 0xff, 0x96, 0xfe, 0xd4, 0xfd, 0xd4, 0xfd, 0x16, 0xfe, 0x56, 0xfe,
  0x96, 0xfe, 0xd4, 0xfd, 0x98, 0xfe, 0x56, 0xfe, 0x52, 0xfd, 0xd0, 0xfc,
  0xd4, 0xfd, 0x52, 0xfd, 0x94, 0xfd, 0xd4, 0xfd, 0xd4, 0xfd, 0x52, 0xfd,
  0x16, 0xfe, 0x16, 0xfe, 0x52, 0xfd, 0xd4, 0xfd, 0x92, 0xfd, 0x52, 0xfd,
  0x56, 0xfe, 0x94, 0xfd, 0x8e, 0xfc, 0x52, 0xfd, 0x56, 0xfe, 0x56, 0xfe,
  0xd4, 0xfd, 0xd4, 0xfd, 0xd4, 0xfd, 0xd4, 0xfd, 0x52, 0xfd, 0x94, 0xfd,
  0x14, 0xfe, 0x14, 0xfe, 0x14, 0xfe, 0x14, 0xfe, 0x16, 0xfe, 0xd4, 0xfd,
  0x98, 0xfe, 0xd8, 0xfe, 0x14, 0xfe, 0x94, 0xfd, 0x98, 0xfe, 0x9c, 0xff,
  0x90, 0xfc, 0xce, 0xb4, 0x0e, 0xb5, 0x8a, 0xc5, 0x4a, 0xe6, 0x08, 0xe6,
  0xea, 0xff, 0xf0, 0xff, 0xf4, 0xff, 0xf2, 0xff, 0xf2, 0xff, 0xf0, 0xff,
  0xf0, 0xff, 0xee, 0xff, 0xf2, 0xff, 0xf4, 0xff, 0xf0, 0xff, 0xf0, 0xff,
  0xf0, 0xff, 0xf0, 0xff, 0xf6, 0xff, 0xf2, 0xff, 0xee, 0xff, 0xee, 0xff,
  0xf0, 0xff, 0xf6, 0xff, 0xf8, 0xff, 0xf8, 0xff, 0xf8, 0xff, 0xf8, 0xff,
  0xf6, 0xff, 0xf2, 0xff, 0xf4, 0xff, 0xf0, 0xff, 0xf0, 0xff, 0xee, 0xff,
  0xf4, 0xff, 0x50, 0xff, 0xce, 0xa4, 0xcc, 0x93, 0xca, 0xa2, 0x0a, 0xb3,
  0x4c, 0xe3, 0xce, 0xfb, 0x0e, 0xf4, 0x90, 0xfc, 0xd0, 0xfc, 0x14, 0xfe,
  0x16, 0xfe, 0x94, 0xfd, 0xd0, 0xfc, 0x98, 0xfe, 0x56, 0xfe, 0x94, 0xfd,
  0x92, 0xfd, 0xd4, 0xfd, 0x5a, 0xff, 0x98, 0xfe, 0x52, 0xfd, 0x1a, 0xff,
  0xd4, 0xfd, 0x52, 0xfd, 0xd4, 0xfd, 0xd4, 0xfd, 0x98, 0xfe, 0x56, 0xfe,
  0x52, 0xfd, 0x92, 0xfd, 0x98, 0xfe, 0x16, 0xfe, 0x12, 0xfd, 0x14, 0xfe,
  0x56, 0xfe, 0x52, 0xfd, 0xd4, 0xfd, 0x5a, 0xff, 0x12, 0xfd, 0x94, 0xfd,
  0x52, 0xfd, 0x12, 0xfd, 0x92, 0xfd, 0xd4, 0xfd, 0x94, 0xfd, 0x52, 0xfd,
  0xd4, 0xfd, 0xd0, 0xfc, 0x92, 0xfd, 0x16, 0xfe, 0x92, 0xfd, 0x56, 0xfe,
  0x56, 0xfe, 0x94, 0xfd, 0x94, 0xfd, 0x52, 0xfd, 0x10, 0xfd, 0x10, 0xfd,
  0x92, 0xfd, 0xd4, 0xfd, 0x16, 0xfe, 0x1a, 0xff, 0x56, 0xfe, 0x56, 0xfe,
  0x12, 0xfd, 0x90, 0xfc, 0x52, 0xfd, 0x92, 0xfd, 0x4e, 0xfc, 0x12, 0xfd,
  0x96, 0xfe, 0xd4, 0xfd, 0x0c, 0xc4, 0x0e, 0xb5, 0x4e, 0x84, 0x18, 0x95,
  0x1f, 0xd7, 0x1c, 0xb6, 0xd6, 0x94, 0x5e, 0xb6, 0x9e, 0xc6, 0x9e, 0xc6,
  0x5f, 0xd7, 0xdf, 0xc6, 0x9e, 0xc6, 0xdf, 0xc6, 0xdf, 0xe7, 0xdf, 0xe7,
  0xdc, 0xa5, 0x9a, 0xa5, 0x9f, 0xc6, 0x1f, 0xc7, 0x1f, 0xc7, 0x5e, 0xb6,
  0x1f, 0xd7, 0xdf, 0xe7, 0x1f, 0xc7, 0x5e, 0xb6, 0x1e, 0xb6, 0x9e, 0xc6,
  0x1c, 0xb6, 0x1c, 0xb6, 0x1c, 0xb6, 0x1c, 0xa6, 0xdc, 0xa5, 0x5e, 0xb6,
  0xdf, 0xc6, 0x9f, 0xe7, 0x1f, 0xd7, 0xdf, 0xc6, 0x9f, 0xc6, 0x9f, 0xc6,
  0x5e, 0xb6, 0xda, 0xa5, 0x9e, 0xc6, 0x1f, 0xc7, 0x5e, 0xb6, 0x9a, 0xa5,
  0x9a, 0xa5, 0x1e, 0xb6, 0x9e, 0xb6, 0x1f, 0xd7, 0xdf, 0xc6, 0x58, 0x95,
  0x58, 0x95, 0x5a, 0x95, 0x5e, 0xb6, 0xdc, 0xa5, 0x9a, 0xa5, 0xdc, 0xa5,
  0x9a, 0xa5, 0x1f, 0xc7, 0xdf, 0xe7, 0xff, 0xf7, 0x5e, 0xb6, 0x5a, 0x95,
  0x1c, 0xb6, 0xdc, 0xa5, 0xda, 0xa5, 0x5e, 0xb6, 0x9e, 0xc6, 0xdc, 0xa5,
  0x5e, 0xb6, 0x1f, 0xc7, 0x9f, 0xd7, 0x5f, 0xd7, 0x92, 0xc5, 0x0e, 0xb5,
  0x88, 0x82, 0x8c, 0xd3, 0x12, 0xfd, 0x92, 0xfd, 0x52, 0xfd, 0x92, 0xfd,
  0x12, 0xfd, 0xd0, 0xfc, 0x92, 0xfd, 0x16, 0xfe, 0xd4, 0xfd, 0x10, 0xfd,
  0x12, 0xfd, 0x96, 0xfe, 0xd8, 0xfe, 0xd4, 0xfd, 0x52, 0xfd, 0x12, 0xfd,
  0x92, 0xfd, 0x56, 0xfe, 0x52, 0xfd, 0x94, 0xfd, 0xd4, 0xfd, 0x16, 0xfe,
  0x56, 0xfe, 0x56, 0xfe, 0x1a, 0xff, 0x56, 0xfe, 0x16, 0xfe, 0xd4, 0xfd,
  0x56, 0xfe, 0xd4, 0xfd, 0x52, 0xfd, 0xd0, 0xfc, 0x92, 0xfd, 0xd4, 0xfd,
  0xd8, 0xfe, 0xd8, 0xfe, 0x14, 0xfe, 0x12, 0xfd, 0x16, 0xfe, 0x94, 0xfd,
  0xd0, 0xfc, 0xd0, 0xfc, 0x90, 0xfc, 0x52, 0xfd, 0x94, 0xfd, 0x94, 0xfd,
  0x94, 0xfd, 0xd4, 0xfd, 0x98, 0xfe, 0x1a, 0xff, 0xd4, 0xfd, 0x92, 0xfd,
  0xd4, 0xfd, 0x96, 0xfe, 0x1a, 0xff, 0x1a, 0xff, 0x92, 0xfd, 0x94, 0xfd,
  0x92, 0xfd, 0x98, 0xfe, 0x5a, 0xff, 0x56, 0xfe, 0x56, 0xfe, 0xd8, 0xfe,
  0x16, 0xfe, 0xd4, 0xfd, 0x98, 0xfe, 0xd8, 0xfe, 0x52, 0xfd, 0x52, 0xe6,
  0x16, 0xf7, 0x88, 0xa4, 0x88, 0xc5, 0xca, 0xf6, 0x4a, 0xff, 0xf0, 0xff,
  0xf4, 0xff, 0xf0, 0xff, 0xf2, 0xff, 0xf0, 0xff, 0xf0, 0xff, 0xee, 0xff,
  0xf2, 0xff, 0xf2, 0xff, 0xf0, 0xff, 0xf0, 0xff, 0xf2, 0xff, 0xf2, 0xff,
  0xf6, 0xff, 0xf4, 0xff, 0xf2, 0xff, 0xf2, 0xff, 0xf4, 0xff, 0xf2, 0xff,
  0xf2, 0xff, 0xf0, 0xff, 0xf2, 0xff, 0xf4, 0xff, 0xf4, 0xff, 0xf4, 0xff,
  0xf2, 0xff, 0xf0, 0xff, 0xf6, 0xff, 0xf2, 0xff, 0xf6, 0xff, 0x90, 0xff,
  0x8c, 0xa4, 0xc8, 0x72, 0xca, 0xa2, 0x90, 0xfc, 0x0e, 0xfc, 0xcc, 0xf3,
  0x0e, 0xfc, 0xd0, 0xfc, 0x10, 0xfd, 0x52, 0xfd, 0x98, 0xfe, 0x14, 0xfe,
  0x12, 0xfd, 0xdc, 0xff, 0x1a, 0xff, 0x92, 0xfd, 0x14, 0xfe, 0x52, 0xfd,
  0xd4, 0xfd, 0x52, 0xfd, 0xd4, 0xfd, 0x98, 0xfe, 0x16, 0xfe, 0x92, 0xfd,
  0x96, 0xfe, 0x96, 0xfe, 0x56, 0xfe, 0x56, 0xfe, 0xd4, 0xfd, 0x92, 0xfd,
  0x16, 0xfe, 0x98, 0xfe, 0x52, 0xfd, 0x94, 0xfd, 0x52, 0xfd, 0x52, 0xfd,
  0x94, 0xfd, 0x14, 0xfe, 0xd4, 0xfd, 0xd8, 0xfe, 0x12, 0xfd, 0xcc, 0xe3,
  0x90, 0xfc, 0x12, 0xfd, 0x92, 0xfd, 0x52, 0xfd, 0x92, 0xfd, 0x52, 0xfd,
  0xd4, 0xfd, 0xd8, 0xfe, 0x16, 0xfe, 0x98, 0xfe, 0xd8, 0xfe, 0x92, 0xfd,
  0x56, 0xfe, 0xd4, 0xfd, 0x52, 0xfd, 0x16, 0xfe, 0xd4, 0xfd, 0x92, 0xfd,
  0x92, 0xfd, 0x56, 0xfe, 0x56, 0xfe, 0x14, 0xfe, 0xd4, 0xfd, 0x94, 0xfd,
  0x56, 0xfe, 0x52, 0xfd, 0x12, 0xfd, 0x56, 0xfe, 0xd8, 0xfe, 0x92, 0xfd,
  0xcc, 0xb3, 0x4c, 0x94, 0x0a, 0x63, 0xd2, 0x73, 0xdc, 0xa5, 0x1f, 0xd7,
  0xdc, 0xa5, 0x5e, 0xb6, 0x9e, 0xb6, 0x5e, 0xb6, 0xdf, 0xc6, 0x9e, 0xb6,
  0x5e, 0xb6, 0xdf, 0xc6, 0x9f, 0xd7, 0x1f, 0xc7, 0x5e, 0xb6, 0x1c, 0xb6,
  0xdf, 0xc6, 0x1f, 0xd7, 0x1c, 0xb6, 0xdc, 0xa5, 0x1f, 0xd7, 0xdc, 0xa5,
  0xd6, 0x84, 0x9a, 0xa5, 0x9f, 0xc6, 0xdf, 0xc6, 0xdf, 0xc6, 0x5e, 0xb6,
  0xdc, 0xa5, 0x5e, 0xb6, 0x1c, 0xb6, 0x5a, 0x95, 0x1e, 0xb6, 0x9f, 0xd7,
  0x1f, 0xd7, 0x5f, 0xd7, 0x1f, 0xd7, 0x1f, 0xd7, 0x1f, 0xd7, 0x5e, 0xb6,
  0xdf, 0xc6, 0x9c, 0xa5, 0x9f, 0xc6, 0x5a, 0x95, 0x96, 0x84, 0xd6, 0x84,
  0xda, 0xa5, 0xff, 0xf7, 0xff, 0xf7, 0x5a, 0x95, 0xdf, 0xc6, 0x5c, 0xb6,
  0xd6, 0x84, 0x5a, 0x95, 0x18, 0x95, 0x1c, 0xb6, 0xdc, 0xb5, 0x5a, 0x95,
  0x5e, 0xb6, 0x9f, 0xe7, 0xff, 0xf7, 0x1f, 0xc7, 0x9e, 0xb6, 0x1c, 0xb6,
  0x9e, 0xb6, 0x1f, 0xc7, 0x9f, 0xe7, 0xdf, 0xc6, 0xdc, 0xa5, 0x9e, 0xc6,
  0x5f, 0xd7, 0x1c, 0xb6, 0x0c, 0x94, 0xce, 0xa4, 0xc8, 0x92, 0x0e, 0xf4,
  0x92, 0xfd, 0xd4, 0xfd, 0xd0, 0xfc, 0x52, 0xfd, 0x10, 0xfd, 0x12, 0xfd,
  0xd4, 0xfd, 0xd4, 0xfd, 0xd4, 0xfd, 0xd4, 0xfd, 0xd4, 0xfd, 0x56, 0xfe,
  0x56, 0xfe, 0x98, 0xfe, 0x52, 0xfd, 0xd0, 0xfc, 0xd4, 0xfd, 0x1a, 0xff,
  0x18, 0xff, 0xd4, 0xfd, 0x94, 0xfd, 0x92, 0xfd, 0x96, 0xfe, 0x16, 0xfe,
  0x52, 0xfd, 0x12, 0xfd, 0xd4, 0xfd, 0x52, 0xfd, 0x12, 0xfd, 0x52, 0xfd,
  0xd4, 0xfd, 0xd0, 0xfc, 0x52, 0xfd, 0xd4, 0xfd, 0x14, 0xfe, 0x94, 0xfd,
  0xd4, 0xfd, 0x52, 0xfd, 0x52, 0xfd, 0x10, 0xfd, 0x52, 0xfd, 0xd0, 0xfc,
  0x0a, 0xc3, 0x90, 0xfc, 0x14, 0xfe, 0x94, 0xfd, 0x12, 0xfd, 0xd0, 0xfc,
  0x92, 0xfd, 0x98, 0xfe, 0x16, 0xfe, 0xd4, 0xfd, 0x56, 0xfe, 0x98, 0xfe,
  0x94, 0xfd, 0x92, 0xfd, 0x4e, 0xfc, 0x52, 0xfd, 0xd4, 0xfd, 0xd4, 0xfd,
  0xd8, 0xfe, 0xd8, 0xfe, 0xd4, 0xfd, 0x96, 0xfe, 0x56, 0xfe, 0x94, 0xfd,
  0x94, 0xfd, 0x56, 0xfe, 0x52, 0xfd, 0x12, 0xe6, 0x50, 0xb5, 0x4a, 0xe6,
  0xee, 0xff, 0xf0, 0xff, 0xf4, 0xff, 0xf4, 0xff, 0xf0, 0xff, 0xf0, 0xff,
  0xf0, 0xff, 0xf0, 0xff, 0xf0, 0xff, 0xee, 0xff, 0xf4, 0xff, 0xf4, 0xff,
  0xf4, 0xff, 0xf2, 0xff, 0xf0, 0xff, 0xf2, 0xff, 0xf6, 0xff, 0xf8, 0xff,
  0xf2, 0xff, 0xf0, 0xff, 0xee, 0xff, 0xf0, 0xff, 0xf0, 0xff, 0xf0, 0xff,
  0xf0, 0xff, 0xee, 0xff, 0xf0, 0xff, 0xf4, 0xff, 0xf2, 0xff, 0xee, 0xff,
  0xf2, 0xff, 0xf2, 0xff, 0xf0, 0xff, 0x10, 0xf7, 0x4c, 0xa4, 0x04, 0x52,
  0xc6, 0x71, 0xce, 0xe3, 0x0e, 0xfc, 0xd0, 0xfc, 0x14, 0xfe, 0x56, 0xfe,
  0x12, 0xfd, 0x94, 0xfd, 0x56, 0xfe, 0xd8, 0xfe, 0xd4, 0xfd, 0x96, 0xfe,
  0x98, 0xfe, 0xd4, 0xfd, 0x56, 0xfe, 0x92, 0xfd, 0x52, 0xfd, 0x8e, 0xfc,
  0x98, 0xfe, 0x16, 0xfe, 0x16, 0xfe, 0x52, 0xfd, 0x14, 0xfe, 0xd4, 0xfd,
  0x56, 0xfe, 0x56, 0xfe, 0xd4, 0xfd, 0x16, 0xfe, 0xd4, 0xfd, 0x98, 0xfe,
  0x94, 0xfd, 0x14, 0xfe, 0x90, 0xfc, 0xd0, 0xfc, 0x94, 0xfd, 0x92, 0xfd,
  0x92, 0xfd, 0x56, 0xfe, 0x94, 0xfd, 0x90, 0xfc, 0x90, 0xfc, 0x10, 0xfd,
  0x94, 0xfd, 0x56, 0xfe, 0x56, 0xfe, 0x92, 0xfd, 0x94, 0xfd, 0x56, 0xfe,
  0x16, 0xfe, 0x92, 0xfd, 0x92, 0xfd, 0xd4, 0xfd, 0x16, 0xfe, 0x52, 0xfd,
  0x12, 0xfd, 0xd0, 0xfc, 0x4e, 0xfc, 0x10, 0xfd, 0x92, 0xfd, 0x18, 0xff,
  0xd4, 0xfd, 0x92, 0xfd, 0x92, 0xfd, 0x94, 0xfd, 0xd4, 0xfd, 0x94, 0xfd,
  0xd4, 0xfd, 0x98, 0xfe, 0x9a, 0xff, 0xd8, 0xfe, 0x4c, 0xb4, 0x0a, 0x84,
  0x48, 0x42, 0xcc, 0x52, 0x4e, 0x53, 0x14, 0x74, 0x18, 0x95, 0xdc, 0xa5,
  0x5e, 0xb6, 0x1c, 0xa6, 0x9f, 0xc6, 0xdf, 0xc6, 0x9e, 0xb6, 0x5e, 0xb6,
  0xdf, 0xc6, 0x1f, 0xd7, 0x1f, 0xc7, 0xdf, 0xc6, 0x9f, 0xd7, 0xff, 0xf7,
  0x1f, 0xd7, 0xdf, 0xc6, 0xdf, 0xe7, 0x9a, 0xa5, 0x1c, 0xb6, 0xdf, 0xc6,
  0xdf, 0xc6, 0x1f, 0xc7, 0x5f, 0xd7, 0x1f, 0xc7, 0x5e, 0xb6, 0x5e, 0xb6,
  0x5e, 0xb6, 0x18, 0x95, 0xda, 0xa5, 0x5e, 0xb6, 0x5f, 0xd7, 0xdf, 0xe7,
  0x1f, 0xc7, 0x1f, 0xc7, 0x1f, 0xc7, 0x1f, 0xc7, 0xff, 0xff, 0x1c, 0xb6,
  0x5e, 0xb6, 0x5f, 0xd7, 0x9f, 0xc6, 0x1c, 0xb6, 0x1c, 0xb6, 0x5f, 0xd7,
  0xff, 0xf7, 0x5f, 0xd7, 0xdf, 0xe7, 0x9f, 0xe7, 0x9a, 0xa5, 0x1f, 0xd7,
  0xdf, 0xc6, 0x9a, 0xa5, 0x1f, 0xd7, 0x5e, 0xb6, 0xdc, 0xa5, 0x5f, 0xd7,
  0xff, 0xff, 0x9f, 0xd7, 0x9f, 0xc6, 0x9f, 0xc6, 0x5e, 0xb6, 0x1f, 0xc7,
  0x5f, 0xd7, 0x1e, 0xb6, 0x18, 0x95, 0x5e, 0xb6, 0x1f, 0xc7, 0x5c, 0xb6,
  0x50, 0xb5, 0x8a, 0x83, 0x06, 0x72, 0x0a, 0xd3, 0xd0, 0xfc, 0x14, 0xfe,
  0xd4, 0xfd, 0x52, 0xfd, 0x52, 0xfd, 0x10, 0xfd, 0x92, 0xfd, 0x52, 0xfd,
  0x52, 0xfd, 0x92, 0xfd, 0x92, 0xfd, 0x52, 0xfd, 0x94, 0xfd, 0x16, 0xfe,
  0x12, 0xfd, 0xd0, 0xfc, 0x52, 0xfd, 0x94, 0xfd, 0x56, 0xfe, 0x14, 0xfe,
  0x56, 0xfe, 0x98, 0xfe, 0x5a, 0xff, 0x98, 0xfe, 0xd4, 0xfd, 0x10, 0xfd,
  0x52, 0xfd, 0x52, 0xfd, 0x94, 0xfd, 0x5a, 0xff, 0x1a, 0xff, 0x52, 0xfd,
  0x16, 0xfe, 0x98, 0xfe, 0x16, 0xfe, 0x52, 0xfd, 0x92, 0xfd, 0x52, 0xfd,
  0xd4, 0xfd, 0x52, 0xfd, 0x12, 0xfd, 0xd0, 0xfc, 0x4a, 0xc3, 0x4e, 0xfc,
  0xd4, 0xfd, 0x52, 0xfd, 0x10, 0xfd, 0xd0, 0xfc, 0xd4, 0xfd, 0x98, 0xfe,
  0x56, 0xfe, 0xd4, 0xfd, 0x52, 0xfd, 0xd0, 0xfc, 0xd4, 0xfd, 0x14, 0xfe,
  0x52, 0xfd, 0xd4, 0xfd, 0x16, 0xfe, 0x52, 0xfd, 0xd4, 0xfd, 0x56, 0xfe,
  0x16, 0xfe, 0xdc, 0xff, 0x1a, 0xff, 0x16, 0xfe, 0x10, 0xfd, 0x0e, 0xf4,
  0x8e, 0xf4, 0x0c, 0xa4, 0xd0, 0xd5, 0x4a, 0xc5, 0xce, 0xff, 0xec, 0xff,
  0xf0, 0xff, 0xf2, 0xff, 0xf0, 0xff, 0xf0, 0xff, 0xee, 0xff, 0xee, 0xff,
  0xf0, 0xff, 0xee, 0xff, 0xf4, 0xff, 0xf6, 0xff, 0xf2, 0xff, 0xf0, 0xff,
  0xf0, 0xff, 0xf0, 0xff, 0xf0, 0xff, 0xf2, 0xff, 0xf0, 0xff, 0xee, 0xff,
  0xee, 0xff, 0xf2, 0xff, 0xf0, 0xff, 0xec, 0xff, 0xf0, 0xff, 0xf2, 0xff,
  0xf2, 0xff, 0xf4, 0xff, 0xf0, 0xff, 0xf0, 0xff, 0xf2, 0xff, 0xf4, 0xff,
  0xf6, 0xff, 0x92, 0xff, 0x92, 0xe6, 0x8a, 0x83, 0x06, 0x72, 0x88, 0x92,
  0x0a, 0xd3, 0x4e, 0xfc, 0x52, 0xfd, 0xd4, 0xfd, 0x94, 0xfd, 0x56, 0xfe,
  0xd8, 0xfe, 0x9c, 0xff, 0xd4, 0xfd, 0x92, 0xfd, 0xd8, 0xfe, 0x92, 0xfd,
  0xd4, 0xfd, 0xd4, 0xfd, 0xd4, 0xfd, 0x52, 0xfd, 0x16, 0xfe, 0x94, 0xfd,
  0xd4, 0xfd, 0xd4, 0xfd, 0x16, 0xfe, 0x14, 0xfe, 0xd8, 0xfe, 0x18, 0xff,
  0x56, 0xfe, 0xd8, 0xfe, 0xd4, 0xfd, 0x16, 0xfe, 0x92, 0xfd, 0x16, 0xfe,
  0x94, 0xfd, 0x92, 0xfd, 0x92, 0xfd, 0x92, 0xfd, 0x92, 0xfd, 0x14, 0xfe,
  0xd4, 0xfd, 0x56, 0xfe, 0x52, 0xfd, 0x4e, 0xfc, 0x52, 0xfd, 0x16, 0xfe,
  0x56, 0xfe, 0x98, 0xfe, 0x52, 0xfd, 0x90, 0xfc, 0x92, 0xfd, 0x52, 0xfd,
  0xd4, 0xfd, 0x92, 0xfd, 0xd8, 0xfe, 0xd8, 0xfe, 0x56, 0xfe, 0x12, 0xfd,
  0x8e, 0xfc, 0x92, 0xfd, 0x94, 0xfd, 0x16, 0xfe, 0x16, 0xfe, 0x92, 0xfd,
  0x56, 0xfe, 0x16, 0xfe, 0x16, 0xfe, 0xd4, 0xfd, 0x98, 0xfe, 0xd8, 0xfe,
  0x96, 0xfe, 0x94, 0xfd, 0x0e, 0xc5, 0xce, 0xa4, 0x88, 0x52, 0x8c, 0x42,
  0x12, 0x74, 0xd6, 0x84, 0x5a, 0x95, 0x1c, 0xb6, 0x5e, 0xb6, 0x9f, 0xc6,
  0x1f, 0xd7, 0xdf, 0xc6, 0x5e, 0xb6, 0x9e, 0xb6, 0xdf, 0xc6, 0xdf, 0xc6,
  0x9f, 0xc6, 0x9f, 0xc6, 0x1f, 0xc7, 0xff, 0xf7, 0xff, 0xff, 0xff, 0xff,
  0xff, 0xf7, 0x9a, 0xa5, 0x1c, 0xa6, 0x5e, 0xb6, 0x1c, 0xa6, 0x1f, 0xd7,
  0x9f, 0xe7, 0xdf, 0xc6, 0xdf, 0xc6, 0x9f, 0xc6, 0x1f, 0xd7, 0xdf, 0xc6,
  0x9e, 0xb6, 0x9f, 0xc6, 0xdf, 0xc6, 0x9e, 0xc6, 0x9f, 0xc6, 0x9e, 0xc6,
  0x5e, 0xb6, 0x5f, 0xd7, 0xff, 0xff, 0xff, 0xff, 0x5e, 0xb6, 0xdf, 0xe7,
  0xff, 0xe7, 0x5f, 0xd7, 0x5e, 0xb6, 0x5e, 0xb6, 0x5f, 0xd7, 0xff, 0xff,
  0xff, 0xff, 0x9f, 0xd7, 0x9f, 0xc6, 0x9e, 0xb6, 0x9f, 0xe7, 0x9f, 0xd7,
  0xff, 0xf7, 0xff, 0xf7, 0x9e, 0xc6, 0x9e, 0xb6, 0x1f, 0xd7, 0x9f, 0xe7,
  0x9e, 0xc6, 0x5e, 0xb6, 0x9e, 0xc6, 0x9f, 0xd7, 0xff, 0xf7, 0x1c, 0xb6,
  0xd2, 0x73, 0x96, 0x84, 0xdf, 0xc6, 0x5c, 0xc6, 0x90, 0xc5, 0xca, 0x83,
  0x06, 0x72, 0xca, 0xb2, 0x4e, 0xfc, 0x56, 0xfe, 0x56, 0xfe, 0x92, 0xfd,
  0x52, 0xfd, 0x12, 0xfd, 0x12, 0xfd, 0x52, 0xfd, 0x52, 0xfd, 0xd0, 0xfc,
  0x52, 0xfd, 0x12, 0xfd, 0x4e, 0xfc, 0xd4, 0xfd, 0x16, 0xfe, 0x52, 0xfd,
  0xd0, 0xfc, 0x92, 0xfd, 0x14, 0xfe, 0x52, 0xfd, 0x12, 0xfd, 0x98, 0xfe,
  0xd8, 0xfe, 0xd8, 0xfe, 0x96, 0xfe, 0x52, 0xfd, 0x94, 0xfd, 0x92, 0xfd,
  0x92, 0xfd, 0x56, 0xfe, 0xd8, 0xfe, 0x1a, 0xff, 0x98, 0xfe, 0x98, 0xfe,
  0x14, 0xfe, 0xd4, 0xfd, 0x94, 0xfd, 0x52, 0xfd, 0x94, 0xfd, 0x52, 0xfd,
  0x12, 0xfd, 0x92, 0xfd, 0x92, 0xfd, 0x52, 0xfd, 0x92, 0xfd, 0x96, 0xfe,
  0x14, 0xfe, 0x52, 0xfd, 0x52, 0xfd, 0x52, 0xfd, 0x94, 0xfd, 0x12, 0xfd,
  0x92, 0xfd, 0xd0, 0xfc, 0xd8, 0xfe, 0x1a, 0xff, 0x98, 0xfe, 0xd8, 0xfe,
  0x16, 0xfe, 0x94, 0xfd, 0x94, 0xfd, 0x92, 0xfd, 0x98, 0xfe, 0x9c, 0xff,
  0x56, 0xfe, 0xd4, 0xfd, 0xd0, 0xfc, 0xcc, 0xe3, 0xcc, 0xc3, 0x8c, 0xa4,
  0x94, 0xe6, 0x0a, 0x94, 0x88, 0xa4, 0x88, 0xd5, 0xec, 0xff, 0xf0, 0xff,
  0xee, 0xff, 0xee, 0xff, 0xf0, 0xff, 0xee, 0xff, 0xee, 0xff, 0xee, 0xff,
  0xf2, 0xff, 0xf2, 0xff, 0xf0, 0xff, 0xee, 0xff, 0xf0, 0xff, 0xf0, 0xff,
  0xee, 0xff, 0xf0, 0xff, 0xee, 0xff, 0xee, 0xff, 0xee, 0xff, 0xf4, 0xff,
  0xee, 0xff, 0xca, 0xf6, 0xec, 0xff, 0xf0, 0xff, 0xf2, 0xff, 0xf4, 0xff,
  0xf2, 0xff, 0xf0, 0xff, 0xf0, 0xff, 0xf4, 0xff, 0xfa, 0xff, 0xd0, 0xff,
  0x12, 0xd6, 0x8e, 0xb4, 0x0a, 0xb3, 0xd0, 0xfc, 0x52, 0xfd, 0x12, 0xfd,
  0x90, 0xfc, 0x94, 0xfd, 0xd4, 0xfd, 0x96, 0xfe, 0x98, 0xfe, 0x96, 0xfe,
  0xd4, 0xfd, 0x56, 0xfe, 0xd4, 0xfd, 0x92, 0xfd, 0x96, 0xfe, 0x16, 0xfe,
  0x94, 0xfd, 0xd4, 0xfd, 0x14, 0xfe, 0x52, 0xfd, 0xd4, 0xfd, 0x56, 0xfe,
  0x14, 0xfe, 0x96, 0xfe, 0x1a, 0xff, 0xd8, 0xfe, 0xd4, 0xfd, 0x16, 0xfe,
  0x56, 0xfe, 0x14, 0xfe, 0x12, 0xfd, 0x52, 0xfd, 0xd4, 0xfd, 0x94, 0xfd,
  0x52, 0xfd, 0x52, 0xfd, 0xd4, 0xfd, 0x56, 0xfe, 0xd4, 0xfd, 0xd8, 0xfe,
  0x18, 0xff, 0x94, 0xfd, 0x92, 0xfd, 0x56, 0xfe, 0x14, 0xfe, 0x14, 0xfe,
  0x14, 0xfe, 0x94, 0xfd, 0x94, 0xfd, 0xd4, 0xfd, 0xd4, 0xfd, 0x12, 0xfd,
  0x5a, 0xff, 0xfe, 0xff, 0x98, 0xfe, 0x52, 0xfd, 0x10, 0xfd, 0x56, 0xfe,
  0x98, 0xfe, 0x92, 0xfd, 0xd4, 0xfd, 0x56, 0xfe, 0xd8, 0xfe, 0xd8, 0xfe,
  0xd4, 0xfd, 0x16, 0xfe, 0x56, 0xfe, 0x14, 0xfe, 0x92, 0xfd, 0xcc, 0xe3,
  0x50, 0xc5, 0x90, 0xc5, 0x88, 0x52, 0x0a, 0x42, 0x54, 0x84, 0xd6, 0x84,
  0x18, 0x95, 0x1e, 0xb6, 0x5e, 0xb6, 0x5e, 0xb6, 0x9e, 0xb6, 0x9f, 0xc6,
  0x9e, 0xc6, 0x1f, 0xd7, 0x1f, 0xd7, 0xdf, 0xc6, 0x1f, 0xc7, 0x5e, 0xb6,
  0x9e, 0xc6, 0xdf, 0xc6, 0x9f, 0xe7, 0xdf, 0xe7, 0x9f, 0xe7, 0x1c, 0xb6,
  0x54, 0x84, 0x9a, 0xa5, 0x5e, 0xb6, 0xdf, 0xc6, 0xdf, 0xc6, 0x5e, 0xb6,
  0x5e, 0xb6, 0xdf, 0xc6, 0x5f, 0xd7, 0x9e, 0xb6, 0x5f, 0xd7, 0x5f, 0xd7,
  0x9f, 0xc6, 0x9f, 0xc6, 0x9f, 0xc6, 0xdf, 0xc6, 0x5e, 0xb6, 0xdf, 0xc6,
  0xff, 0xe7, 0xff, 0xff, 0xdf, 0xc6, 0xdf, 0xc6, 0xdf, 0xc6, 0x5e, 0xb6,
  0x1c, 0xb6, 0x5e, 0xb6, 0x5e, 0xb6, 0x1f, 0xd7, 0x1f, 0xd7, 0xdf, 0xc6,
  0x5c, 0xb6, 0x58, 0x95, 0x1c, 0xb6, 0x1c, 0xb6, 0xdf, 0xc6, 0xdf, 0xc6,
  0x9e, 0xc6, 0x9e, 0xc6, 0x9e, 0xb6, 0x5f, 0xd7, 0x5f, 0xd7, 0x5e, 0xb6,
  0xdf, 0xc6, 0x1f, 0xd7, 0x9f, 0xe7, 0x5f, 0xd7, 0xdc, 0xa5, 0xd2, 0x73,
  0x1c, 0xb6, 0x1a, 0xb6, 0x12, 0xd6, 0x8c, 0xa4, 0x06, 0x62, 0x48, 0x92,
  0x0e, 0xf4, 0x94, 0xfd, 0x12, 0xfd, 0x10, 0xfd, 0x52, 0xfd, 0x94, 0xfd,
  0x52, 0xfd, 0x10, 0xfd, 0x12, 0xfd, 0x0e, 0xfc, 0xd0, 0xfc, 0x92, 0xfd,
  0x10, 0xfd, 0xd4, 0xfd, 0x12, 0xfd, 0x4e, 0xfc, 0x90, 0xfc, 0x94, 0xfd,
  0x56, 0xfe, 0x92, 0xfd, 0x12, 0xfd, 0x92, 0xfd, 0x56, 0xfe, 0xd8, 0xfe,
  0xd4, 0xfd, 0x16, 0xfe, 0x56, 0xfe, 0x14, 0xfe, 0x12, 0xfd, 0x52, 0xfd,
  0x16, 0xfe, 0x98, 0xfe, 0x96, 0xfe, 0x14, 0xfe, 0x12, 0xfd, 0x12, 0xfd,
  0x52, 0xfd, 0x90, 0xfc, 0xd0, 0xfc, 0x92, 0xfd, 0x10, 0xfd, 0x52, 0xfd,
  0x94, 0xfd, 0x12, 0xfd, 0x0e, 0xf4, 0x94, 0xfd, 0x98, 0xfe, 0xd4, 0xfd,
  0xd4, 0xfd, 0x52, 0xfd, 0xd4, 0xfd, 0xd4, 0xfd, 0x94, 0xfd, 0x52, 0xfd,
  0x14, 0xfe, 0x14, 0xfe, 0x94, 0xfd, 0xd4, 0xfd, 0x90, 0xfc, 0x10, 0xfd,
  0x14, 0xfe, 0x92, 0xfd, 0xd4, 0xfd, 0x16, 0xfe, 0x56, 0xfe, 0x56, 0xfe,
  0x14, 0xfe, 0x8e, 0xfc, 0x0a, 0xa3, 0xce, 0xb4, 0x12, 0xd6, 0x46, 0x73,
  0xc8, 0x83, 0xc8, 0xb4, 0xec, 0xff, 0xf2, 0xff, 0xee, 0xff, 0xf0, 0xff,
  0xf0, 0xff, 0xf0, 0xff, 0xf0, 0xff, 0xee, 0xff, 0xee, 0xff, 0xee, 0xff,
  0xf0, 0xff, 0xf2, 0xff, 0xf2, 0xff, 0xf0, 0xff, 0xf8, 0xff, 0xf6, 0xff,
  0xf0, 0xff, 0xec, 0xff, 0xee, 0xff, 0xf2, 0xff, 0xf0, 0xff, 0xec, 0xff,
  0xec, 0xff, 0xee, 0xff, 0xf0, 0xff, 0xf2, 0xff, 0xf0, 0xff, 0xee, 0xff,
  0xee, 0xff, 0xf0, 0xff, 0xf4, 0xff, 0x90, 0xff, 0x4e, 0xb5, 0x8a, 0xa3,
  0x8c, 0xd3, 0x16, 0xfe, 0x5a, 0xff, 0x96, 0xfe, 0x94, 0xfd, 0xd8, 0xfe,
  0x92, 0xfd, 0x52, 0xfd, 0x92, 0xfd, 0x94, 0xfd, 0x94, 0xfd, 0x1a, 0xff,
  0x56, 0xfe, 0x16, 0xfe, 0x56, 0xfe, 0x94, 0xfd, 0x52, 0xfd, 0x16, 0xfe,
  0xd8, 0xfe, 0x56, 0xfe, 0x56, 0xfe, 0x52, 0xfd, 0x52, 0xfd, 0xd4, 0xfd,
  0x98, 0xfe, 0x98, 0xfe, 0x16, 0xfe, 0x12, 0xfd, 0x92, 0xfd, 0xd4, 0xfd,
  0x52, 0xfd, 0x12, 0xfd, 0x14, 0xfe, 0x52, 0xfd, 0x52, 0xfd, 0x94, 0xfd,
  0x92, 0xfd, 0xd4, 0xfd, 0x92, 0xfd, 0x56, 0xfe, 0x1a, 0xff, 0x98, 0xfe,
  0xd8, 0xfe, 0x14, 0xfe, 0x14, 0xfe, 0xd4, 0xfd, 0xd4, 0xfd, 0x94, 0xfd,
  0xd4, 0xfd, 0xd4, 0xfd, 0x52, 0xfd, 0xd4, 0xfd, 0xd4, 0xfd, 0xdc, 0xff,
  0x96, 0xfe, 0x12, 0xfd, 0x10, 0xfd, 0x16, 0xfe, 0x14, 0xfe, 0x52, 0xfd,
  0x94, 0xfd, 0x56, 0xfe, 0xd8, 0xfe, 0x94, 0xfd, 0x94, 0xfd, 0x52, 0xfd,
  0x52, 0xfd, 0xd4, 0xfd, 0x16, 0xfe, 0x0e, 0xe4, 0xce, 0xc4, 0x90, 0xc5,
  0x0e, 0x84, 0xcc, 0x52, 0x0e, 0x53, 0x90, 0x63, 0xd8, 0x94, 0x1c, 0xb6,
  0x1c, 0xb6, 0x1c, 0xb6, 0x1c, 0xb6, 0x5e, 0xb6, 0xdf, 0xc6, 0x9f, 0xe7,
  0x5f, 0xd7, 0x9e, 0xc6, 0x5e, 0xb6, 0xdc, 0xa5, 0x1f, 0xc7, 0x1f, 0xd7,
  0xdf, 0xc6, 0x5f, 0xd7, 0xdf, 0xe7, 0xdf, 0xe7, 0x9e, 0xc6, 0x18, 0x95,
  0x5a, 0xa5, 0xdc, 0xa5, 0xdc, 0xa5, 0xda, 0xa5, 0xda, 0xa5, 0x9f, 0xc6,
  0xdf, 0xc6, 0x1c, 0xb6, 0x1f, 0xd7, 0x1f, 0xd7, 0x1c, 0xb6, 0x9f, 0xc6,
  0xdf, 0xc6, 0x1f, 0xd7, 0x5f, 0xd7, 0xdf, 0xc6, 0x1f, 0xd7, 0x1f, 0xd7,
  0x5e, 0xb6, 0xdc, 0xa5, 0xdc, 0xa5, 0x1c, 0xb6, 0x5e, 0xb6, 0x1f, 0xd7,
  0x9e, 0xc6, 0x5e, 0xb6, 0x1c, 0xb6, 0xdf, 0xe7, 0x5f, 0xd7, 0x1c, 0xb6,
  0x9f, 0xc6, 0x1f, 0xc7, 0xdf, 0xc6, 0x1e, 0xb6, 0x5e, 0xb6, 0x5e, 0xb6,
  0x9a, 0xa5, 0x9e, 0xc6, 0x5f, 0xd7, 0x1f, 0xc7, 0x1f, 0xc7, 0xdf, 0xc6,
  0x1c, 0xb6, 0xff, 0xe7, 0x9f, 0xd7, 0xd6, 0x84, 0x5e, 0xb6, 0xda, 0xb5,
  0x0c, 0x94, 0x0c, 0x94, 0x4a, 0xa3, 0xca, 0xb2, 0xcc, 0xfb, 0x90, 0xfc,
  0x12, 0xfd, 0xd0, 0xfc, 0xd0, 0xfc, 0x52, 0xfd, 0x92, 0xfd, 0x52, 0xfd,
  0x10, 0xfd, 0xcc, 0xe3, 0x90, 0xfc, 0x10, 0xfd, 0x10, 0xfd, 0x12, 0xfd,
  0xd0, 0xfc, 0xd0, 0xfc, 0x52, 0xfd, 0x94, 0xfd, 0xd4, 0xfd, 0x52, 0xfd,
  0x12, 0xfd, 0x92, 0xfd, 0x56, 0xfe, 0x16, 0xfe, 0x12, 0xfd, 0x4e, 0xfc,
  0x90, 0xfc, 0xd0, 0xfc, 0x4e, 0xfc, 0xd0, 0xfc, 0x92, 0xfd, 0x56, 0xfe,
  0x18, 0xff, 0x52, 0xfd, 0x92, 0xfd, 0xd4, 0xfd, 0x52, 0xfd, 0x94, 0xfd,
  0x94, 0xfd, 0x16, 0xfe, 0x92, 0xfd, 0xd4, 0xfd, 0x52, 0xfd, 0xd0, 0xfc,
  0x4e, 0xfc, 0xd0, 0xfc, 0x94, 0xfd, 0x94, 0xfd, 0x12, 0xfd, 0x92, 0xfd,
  0x98, 0xfe, 0x56, 0xfe, 0x14, 0xfe, 0x56, 0xfe, 0x94, 0xfd, 0x94, 0xfd,
  0xd4, 0xfd, 0xd4, 0xfd, 0x94, 0xfd, 0x52, 0xfd, 0x16, 0xfe, 0x92, 0xfd,
  0x92, 0xfd, 0x96, 0xfe, 0x56, 0xfe, 0x16, 0xfe, 0x96, 0xfe, 0x52, 0xfd,
  0x4a, 0xb3, 0x50, 0xc5, 0x90, 0xc5, 0x86, 0x52, 0x0a, 0x84, 0x4c, 0xe6,
  0xca, 0xff, 0xee, 0xff, 0xf0, 0xff, 0xf2, 0xff, 0xee, 0xff, 0xee, 0xff,
  0xee, 0xff, 0xee, 0xff, 0xf0, 0xff, 0xf2, 0xff, 0xf0, 0xff, 0xf0, 0xff,
  0xf2, 0xff, 0xf2, 0xff, 0xf6, 0xff, 0xf2, 0xff, 0xf0, 0xff, 0xec, 0xff,
  0xf0, 0xff, 0xf2, 0xff, 0xf4, 0xff, 0xf0, 0xff, 0xee, 0xff, 0xee, 0xff,
  0xee, 0xff, 0xf0, 0xff, 0xf0, 0xff, 0xee, 0xff, 0xee, 0xff, 0xf0, 0xff,
  0xf8, 0xff, 0x92, 0xff, 0x94, 0xe6, 0x8a, 0x93, 0x88, 0x92, 0x50, 0xf4,
  0x56, 0xfe, 0x94, 0xfd, 0x52, 0xfd, 0xd4, 0xfd, 0x14, 0xfe, 0xd4, 0xfd,
  0x10, 0xfd, 0xd4, 0xfd, 0xd4, 0xfd, 0x16, 0xfe, 0xd4, 0xfd, 0x92, 0xfd,
  0x12, 0xfd, 0xd4, 0xfd, 0x52, 0xfd, 0x14, 0xfe, 0x56, 0xfe, 0x96, 0xfe,
  0x1a, 0xff, 0x94, 0xfd, 0x52, 0xfd, 0x12, 0xfd, 0x4e, 0xfc, 0x92, 0xfd,
  0x1a, 0xff, 0x96, 0xfe, 0x14, 0xfe, 0x94, 0xfd, 0x10, 0xfd, 0x52, 0xfd,
  0x94, 0xfd, 0x12, 0xfd, 0x92, 0xfd, 0xd4, 0xfd, 0x92, 0xfd, 0xd4, 0xfd,
  0x94, 0xfd, 0x98, 0xfe, 0xd8, 0xfe, 0x56, 0xfe, 0x98, 0xfe, 0xd4, 0xfd,
  0x96, 0xfe, 0x52, 0xfd, 0xd4, 0xfd, 0x96, 0xfe, 0xd4, 0xfd, 0x52, 0xfd,
  0x52, 0xfd, 0x56, 0xfe, 0x94, 0xfd, 0x1a, 0xff, 0x96, 0xfe, 0xd4, 0xfd,
  0x52, 0xfd, 0x94, 0xfd, 0x56, 0xfe, 0x98, 0xfe, 0x56, 0xfe, 0xd4, 0xfd,
  0xd4, 0xfd, 0x94, 0xfd, 0x92, 0xfd, 0x52, 0xfd, 0x94, 0xfd, 0x16, 0xfe,
  0x5a, 0xff, 0xce, 0xd3, 0x8e, 0xb4, 0x8c, 0xa4, 0x8e, 0x73, 0xd2, 0x73,
  0xd2, 0x63, 0xd2, 0x73, 0x98, 0x84, 0x18, 0x95, 0x1c, 0xb6, 0xdf, 0xc6,
  0x9e, 0xc6, 0x1e, 0xb6, 0x1c, 0xb6, 0x5c, 0xb6, 0x9f, 0xc6, 0x1f, 0xc7,
  0x1c, 0xb6, 0x5e, 0xb6, 0x5f, 0xd7, 0xdf, 0xe7, 0x9f, 0xe7, 0x9e, 0xb6,
  0xdf, 0xc6, 0x9f, 0xe7, 0xff, 0xf7, 0x1f, 0xd7, 0x18, 0x95, 0xd6, 0x84,
  0x54, 0x84, 0x5a, 0x95, 0xdf, 0xc6, 0xdf, 0xe7, 0xdf, 0xc6, 0xdf, 0xe7,
  0x1f, 0xd7, 0x9e, 0xc6, 0x1c, 0xa6, 0x1c, 0xb6, 0xdf, 0xc6, 0x9f, 0xd7,
  0xdf, 0xc6, 0x5e, 0xb6, 0x5f, 0xd7, 0x9e, 0xc6, 0xdf, 0xc6, 0x9e, 0xb6,
  0x9e, 0xb6, 0x9f, 0xc6, 0x9e, 0xb6, 0x5f, 0xd7, 0xdf, 0xc6, 0x9f, 0xc6,
  0xdf, 0xc6, 0xdf, 0xc6, 0x1c, 0xb6, 0xdc, 0xa5, 0x1c, 0xb6, 0x5e, 0xb6,
  0x5e, 0xb6, 0x5e, 0xb6, 0x5e, 0xb6, 0x1f, 0xc7, 0xdf, 0xc6, 0x9f, 0xc6,
  0x5f, 0xd7, 0xdf, 0xe7, 0x9f, 0xd7, 0xdf, 0xc6, 0x1c, 0xb6, 0x1c, 0xb6,
  0x9a, 0xa5, 0x96, 0x84, 0xda, 0xa5, 0x1c, 0xb6, 0x0c, 0x94, 0x50, 0xc5,
  0xcc, 0xc3, 0xca, 0xb2, 0xcc, 0xfb, 0x8c, 0xd3, 0x12, 0xfd, 0xd4, 0xfd,
  0x10, 0xfd, 0x12, 0xfd, 0x52, 0xfd, 0x12, 0xfd, 0x12, 0xfd, 0x52, 0xfd,
  0x94, 0xfd, 0xd4, 0xfd, 0x14, 0xfe, 0xd0, 0xfc, 0x4e, 0xfc, 0x12, 0xfd,
  0x94, 0xfd, 0x52, 0xfd, 0x92, 0xfd, 0x94, 0xfd, 0x52, 0xfd, 0x52, 0xfd,
  0xd4, 0xfd, 0x12, 0xfd, 0x12, 0xfd, 0x10, 0xfd, 0xd0, 0xfc, 0xd0, 0xfc,
  0xd0, 0xfc, 0x52, 0xfd, 0x96, 0xfe, 0xd8, 0xfe, 0x5a, 0xff, 0x92, 0xfd,
  0xd8, 0xfe, 0x56, 0xfe, 0x12, 0xfd, 0x16, 0xfe, 0xd4, 0xfd, 0xd4, 0xfd,
  0x94, 0xfd, 0x98, 0xfe, 0x12, 0xfd, 0x90, 0xfc, 0x10, 0xfd, 0x52, 0xfd,
  0x52, 0xfd, 0x10, 0xfd, 0x10, 0xfd, 0x16, 0xfe, 0x56, 0xfe, 0x92, 0xfd,
  0x92, 0xfd, 0x16, 0xfe, 0x52, 0xfd, 0xd4, 0xfd, 0x56, 0xfe, 0x56, 0xfe,
  0x94, 0xfd, 0xd0, 0xfc, 0x92, 0xfd, 0xd4, 0xfd, 0x92, 0xfd, 0x94, 0xfd,
  0x12, 0xfd, 0x92, 0xfd, 0x56, 0xfe, 0x92, 0xfd, 0x4a, 0xc3, 0xce, 0xb4,
  0x52, 0xd6, 0x4a, 0x94, 0x8c, 0xc5, 0xcc, 0xf6, 0xec, 0xff, 0xf0, 0xff,
  0xf2, 0xff, 0xf2, 0xff, 0xf0, 0xff, 0xf2, 0xff, 0xf0, 0xff, 0xf0, 0xff,
  0xee, 0xff, 0xf2, 0xff, 0xee, 0xff, 0xee, 0xff, 0xf0, 0xff, 0xf0, 0xff,
  0xf2, 0xff, 0xee, 0xff, 0xf0, 0xff, 0xf0, 0xff, 0xf2, 0xff, 0xf2, 0xff,
  0xf0, 0xff, 0xf0, 0xff, 0xee, 0xff, 0xec, 0xff, 0xec, 0xff, 0xee, 0xff,
  0xee, 0xff, 0xf2, 0xff, 0xf0, 0xff, 0xf2, 0xff, 0xf4, 0xff, 0xd2, 0xff,
  0xd4, 0xf6, 0x8e, 0xa4, 0x48, 0x82, 0x4c, 0xe3, 0x0e, 0xfc, 0x12, 0xfd,
  0x56, 0xfe, 0x94, 0xfd, 0x92, 0xfd, 0xd4, 0xfd, 0x92, 0xfd, 0x14, 0xfe,
  0x18, 0xff, 0x92, 0xfd, 0x92, 0xfd, 0x12, 0xfd, 0x12, 0xfd, 0x94, 0xfd,
  0x52, 0xfd, 0x52, 0xfd, 0x10, 0xfd, 0xd4, 0xfd, 0x56, 0xfe, 0x94, 0xfd,
  0x56, 0xfe, 0x12, 0xfd, 0x12, 0xfd, 0x92, 0xfd, 0x14, 0xfe, 0x16, 0xfe,
  0x94, 0xfd, 0xd4, 0xfd, 0x52, 0xfd, 0x52, 0xfd, 0x52, 0xfd, 0x12, 0xfd,
  0x52, 0xfd, 0x12, 0xfd, 0x52, 0xfd, 0x92, 0xfd, 0x52, 0xfd, 0x92, 0xfd,
  0xd4, 0xfd, 0xd4, 0xfd, 0x56, 0xfe, 0x14, 0xfe, 0x94, 0xfd, 0x52, 0xfd,
  0xd4, 0xfd, 0xd8, 0xfe, 0x56, 0xfe, 0x14, 0xfe, 0x52, 0xfd, 0xd4, 0xfd,
  0x52, 0xfd, 0x94, 0xfd, 0x56, 0xfe, 0x56, 0xfe, 0x92, 0xfd, 0x56, 0xfe,
  0x56, 0xfe, 0x16, 0xfe, 0xd8, 0xfe, 0xd8, 0xfe, 0x14, 0xfe, 0x94, 0xfd,
  0x92, 0xfd, 0x52, 0xfd, 0xd4, 0xfd, 0x56, 0xfe, 0x5a, 0xff, 0x90, 0xf4,
  0xce, 0xc4, 0xce, 0xa4, 0xce, 0x83, 0x94, 0x84, 0x58, 0x95, 0x96, 0x84,
  0x18, 0x95, 0x54, 0x74, 0x56, 0x84, 0x5a, 0x95, 0x1c, 0xb6, 0x5f, 0xd7,
  0xdf, 0xe7, 0x1f, 0xd7, 0x9e, 0xb6, 0x5f, 0xd7, 0xdf, 0xc6, 0x9e, 0xb6,
  0xdf, 0xc6, 0x5f, 0xd7, 0xdf, 0xe7, 0x5f, 0xd7, 0x5f, 0xd7, 0x1f, 0xd7,
  0xdf, 0xe7, 0xff, 0xe7, 0x9f, 0xd7, 0xdf, 0xc6, 0xdc, 0xa5, 0xda, 0xa5,
  0x9f, 0xd7, 0x9f, 0xe7, 0xdf, 0xe7, 0xff, 0xff, 0x9f, 0xd7, 0x1f, 0xd7,
  0x9e, 0xc6, 0x5e, 0xb6, 0x1c, 0xb6, 0x1f, 0xd7, 0xdf, 0xc6, 0x5e, 0xb6,
  0x1f, 0xd7, 0x9f, 0xc6, 0x9e, 0xb6, 0xdf, 0xc6, 0x1f, 0xc7, 0x5f, 0xd7,
  0x1f, 0xc7, 0xdf, 0xc6, 0x1f, 0xc7, 0xdf, 0xc6, 0x1f, 0xd7, 0x1f, 0xc7,
  0x1c, 0xb6, 0x96, 0x84, 0x96, 0x84, 0x9a, 0xa5, 0x9e, 0xb6, 0x5e, 0xb6,
  0x9a, 0xa5, 0x9a, 0xa5, 0x5e, 0xb6, 0x9e, 0xc6, 0x9e, 0xc6, 0xdf, 0xc6,
  0xdf, 0xc6, 0x9e, 0xc6, 0xff, 0xe7, 0x9f, 0xd7, 0x96, 0x84, 0x94, 0x84,
  0xda, 0xa5, 0x98, 0xa5, 0x4e, 0x94, 0x0a, 0x94, 0x4a, 0xa3, 0x88, 0xa2,
  0x4a, 0xd3, 0x4e, 0xfc, 0x10, 0xfd, 0x92, 0xfd, 0xd4, 0xfd, 0xd4, 0xfd,
  0x92, 0xfd, 0xd4, 0xfd, 0x96, 0xfe, 0x94, 0xfd, 0x52, 0xfd, 0x52, 0xfd,
  0x12, 0xfd, 0x52, 0xfd, 0x92, 0xfd, 0x52, 0xfd, 0x8e, 0xfc, 0xd0, 0xfc,
  0x14, 0xfe, 0x94, 0xfd, 0x92, 0xfd, 0x92, 0xfd, 0x92, 0xfd, 0x94, 0xfd,
  0xd4, 0xfd, 0x52, 0xfd, 0x10, 0xfd, 0x92, 0xfd, 0xd4, 0xfd, 0x16, 0xfe,
  0xd8, 0xfe, 0x16, 0xfe, 0x16, 0xfe, 0x92, 0xfd, 0x16, 0xfe, 0xd4, 0xfd,
  0x10, 0xfd, 0x94, 0xfd, 0x98, 0xfe, 0x92, 0xfd, 0x56, 0xfe, 0xdc, 0xff,
  0x52, 0xfd, 0x8c, 0xd3, 0x8e, 0xfc, 0x52, 0xfd, 0x94, 0xfd, 0x92, 0xfd,
  0x92, 0xfd, 0xd4, 0xfd, 0x92, 0xfd, 0xd4, 0xfd, 0x98, 0xfe, 0x56, 0xfe,
  0x16, 0xfe, 0x16, 0xfe, 0x56, 0xfe, 0x94, 0xfd, 0x12, 0xfd, 0x10, 0xfd,
  0x12, 0xfd, 0x14, 0xfe, 0x92, 0xfd, 0x10, 0xfd, 0x8e, 0xfc, 0x12, 0xfd,
  0xd4, 0xfd, 0x94, 0xfd, 0x4a, 0xb3, 0xce, 0xa4, 0xd0, 0xc5, 0x8c, 0xc5,
  0xca, 0xd5, 0x4a, 0xe6, 0xf0, 0xff, 0xf4, 0xff, 0xf4, 0xff, 0xf2, 0xff,
  0xf4, 0xff, 0xf0, 0xff, 0xf0, 0xff, 0xf0, 0xff, 0xf0, 0xff, 0xf0, 0xff,
  0xf0, 0xff, 0xee, 0xff, 0xf0, 0xff, 0xf0, 0xff, 0xf0, 0xff, 0xee, 0xff,
  0xf0, 0xff, 0xf2, 0xff, 0xf4, 0xff, 0xf2, 0xff, 0xf4, 0xff, 0xf2, 0xff,
  0xf0, 0xff, 0xec, 0xff, 0xee, 0xff, 0xec, 0xff, 0xee, 0xff, 0xf2, 0xff,
  0xf0, 0xff, 0xf2, 0xff, 0xf8, 0xff, 0x92, 0xff, 0xd2, 0xd5, 0x4c, 0xa4,
  0xca, 0xa2, 0xcc, 0xf3, 0x50, 0xfc, 0x14, 0xfe, 0x16, 0xfe, 0x12, 0xfd,
  0x94, 0xfd, 0x52, 0xfd, 0x12, 0xfd, 0xd4, 0xfd, 0x98, 0xfe, 0x98, 0xfe,
  0x56, 0xfe, 0x52, 0xfd, 0xd4, 0xfd, 0x56, 0xfe, 0xd4, 0xfd, 0x12, 0xfd,
  0x90, 0xfc, 0x92, 0xfd, 0x10, 0xfd, 0x90, 0xfc, 0x52, 0xfd, 0x52, 0xfd,
  0x14, 0xfe, 0x16, 0xfe, 0xd4, 0xfd, 0xd4, 0xfd, 0x92, 0xfd, 0x52, 0xfd,
  0x52, 0xfd, 0x92, 0xfd, 0x12, 0xfd, 0x14, 0xfe, 0x16, 0xfe, 0xd4, 0xfd,
  0x14, 0xfe, 0x14, 0xfe, 0x94, 0xfd, 0xd0, 0xfc, 0x52, 0xfd, 0xd4, 0xfd,
  0x16, 0xfe, 0xd4, 0xfd, 0x94, 0xfd, 0x52, 0xfd, 0x52, 0xfd, 0x92, 0xfd,
  0xd4, 0xfd, 0xd4, 0xfd, 0x92, 0xfd, 0x12, 0xfd, 0x52, 0xfd, 0x94, 0xfd,
  0x16, 0xfe, 0x56, 0xfe, 0x16, 0xfe, 0x16, 0xfe, 0x14, 0xfe, 0x52, 0xfd,
  0xd4, 0xfd, 0x96, 0xfe, 0x56, 0xfe, 0xd4, 0xfd, 0xd4, 0xfd, 0x12, 0xfd,
  0x52, 0xfd, 0xd0, 0xfc, 0x92, 0xfd, 0x12, 0xfd, 0xca, 0xa3, 0xce, 0xa4,
  0x90, 0x94, 0x0e, 0x53, 0x54, 0x84, 0x54, 0x84, 0x9a, 0xa5, 0x1c, 0xb6,
  0x1c, 0xb6, 0xdc, 0xa5, 0x9f, 0xc6, 0xff, 0xff, 0xff, 0xf7, 0x9f, 0xe7,
  0x5f, 0xd7, 0xdf, 0xe7, 0x5f, 0xd7, 0x5f, 0xd7, 0x1f, 0xd7, 0xdf, 0xc6,
  0xdf, 0xc6, 0x1f, 0xc7, 0x5f, 0xd7, 0xdf, 0xc6, 0x9e, 0xc6, 0x9f, 0xd7,
  0x1f, 0xd7, 0xff, 0xf7, 0x9f, 0xe7, 0x5f, 0xd7, 0x1f, 0xd7, 0x9f, 0xc6,
  0x9f, 0xe7, 0x9f, 0xe7, 0x5f, 0xd7, 0x1f, 0xd7, 0xdf, 0xc6, 0x5e, 0xb6,
  0x5e, 0xb6, 0xdf, 0xc6, 0x5f, 0xd7, 0xdf, 0xc6, 0x9e, 0xb6, 0xdc, 0xa5,
  0x1c, 0xb6, 0xdf, 0xc6, 0xdf, 0xc6, 0xdf, 0xc6, 0xdf, 0xc6, 0x9f, 0xc6,
  0x1f, 0xc7, 0x1f, 0xd7, 0x9f, 0xe7, 0xff, 0xff, 0xdf, 0xe7, 0xd8, 0x84,
  0x96, 0x84, 0x5a, 0x95, 0x5e, 0xb6, 0x9f, 0xc6, 0x18, 0x95, 0x5a, 0x95,
  0x9e, 0xc6, 0xdf, 0xc6, 0x1f, 0xc7, 0xdf, 0xc6, 0x5e, 0xb6, 0x1f, 0xd7,
  0xdf, 0xe7, 0xff, 0xff, 0x9a, 0xa5, 0x14, 0x74, 0x1c, 0xb6, 0x5c, 0xb6,
  0x4c, 0x94, 0x8c, 0xa4, 0x4c, 0xb3, 0x0e, 0xe4, 0xca, 0xb2, 0x0e, 0xf4,
  0x52, 0xfd, 0xd4, 0xfd, 0x56, 0xfe, 0x14, 0xfe, 0xd4, 0xfd, 0x94, 0xfd,
  0xd4, 0xfd, 0x16, 0xfe, 0xd4, 0xfd, 0x92, 0xfd, 0x52, 0xfd, 0x52, 0xfd,
  0x56, 0xfe, 0x56, 0xfe, 0x90, 0xfc, 0x10, 0xfd, 0x14, 0xfe, 0x12, 0xfd,
  0x92, 0xfd, 0x94, 0xfd, 0x94, 0xfd, 0x52, 0xfd, 0x92, 0xfd, 0xd4, 0xfd,
  0x12, 0xfd, 0xd4, 0xfd, 0xd8, 0xfe, 0xd4, 0xfd, 0x16, 0xfe, 0x52, 0xfd,
  0xd4, 0xfd, 0x92, 0xfd, 0x94, 0xfd, 0x52, 0xfd, 0x52, 0xfd, 0x56, 0xfe,
  0x1a, 0xff, 0xd4, 0xfd, 0xd4, 0xfd, 0x56, 0xfe, 0x94, 0xfd, 0x90, 0xfc,
  0xd0, 0xfc, 0x52, 0xfd, 0x56, 0xfe, 0x16, 0xfe, 0x52, 0xfd, 0x5a, 0xff,
  0xd8, 0xfe, 0x16, 0xfe, 0x56, 0xfe, 0x9a, 0xff, 0xfe, 0xff, 0xd4, 0xfd,
  0x56, 0xfe, 0xd4, 0xfd, 0x10, 0xfd, 0x90, 0xfc, 0x12, 0xfd, 0x52, 0xfd,
  0x90, 0xfc, 0x52, 0xfd, 0x12, 0xfd, 0x52, 0xfd, 0xd0, 0xfc, 0x10, 0xfd,
  0x0c, 0xe4, 0x8a, 0x83, 0x50, 0xb5, 0x8a, 0xc5, 0x4a, 0xe6, 0x0a, 0xff,
  0xec, 0xff, 0xf0, 0xff, 0xf0, 0xff, 0xf4, 0xff, 0xf4, 0xff, 0xf0, 0xff,
  0xf4, 0xff, 0xf2, 0xff, 0xf0, 0xff, 0xf0, 0xff, 0xf2, 0xff, 0xf2, 0xff,
  0xf4, 0xff, 0xf4, 0xff, 0xf2, 0xff, 0xf2, 0xff, 0xee, 0xff, 0xf4, 0xff,
  0xf4, 0xff, 0xf2, 0xff, 0xf4, 0xff, 0xf4, 0xff, 0xf0, 0xff, 0xf0, 0xff,
  0xf2, 0xff, 0xf0, 0xff, 0xf4, 0xff, 0xf6, 0xff, 0xf4, 0xff, 0xf0, 0xff,
  0xf6, 0xff, 0xce, 0xf6, 0x50, 0xc5, 0x8a, 0x93, 0x88, 0xa2, 0x4c, 0xd3,
  0xcc, 0xf3, 0x12, 0xfd, 0xd4, 0xfd, 0xd4, 0xfd, 0xd8, 0xfe, 0x56, 0xfe,
  0x14, 0xfe, 0xd4, 0xfd, 0x16, 0xfe, 0xd4, 0xfd, 0x52, 0xfd, 0x52, 0xfd,
  0x52, 0xfd, 0xd4, 0xfd, 0x98, 0xfe, 0x52, 0xfd, 0x52, 0xfd, 0xd4, 0xfd,
  0x12, 0xfd, 0xd0, 0xfc, 0x94, 0xfd, 0x56, 0xfe, 0x56, 0xfe, 0x56, 0xfe,
  0x52, 0xfd, 0x52, 0xfd, 0x94, 0xfd, 0x94, 0xfd, 0x56, 0xfe, 0x94, 0xfd,
  0x12, 0xfd, 0x14, 0xfe, 0x1a, 0xff, 0xd8, 0xfe, 0x56, 0xfe, 0x56, 0xfe,
  0x16, 0xfe, 0x10, 0xfd, 0xd0, 0xfc, 0xd0, 0xfc, 0x10, 0xfd, 0x14, 0xfe,
  0xd8, 0xfe, 0x16, 0xfe, 0x14, 0xfe, 0x94, 0xfd, 0x52, 0xfd, 0x92, 0xfd,
  0x94, 0xfd, 0x92, 0xfd, 0xd4, 0xfd, 0x14, 0xfe, 0x16, 0xfe, 0x5a, 0xff,
  0xdc, 0xff, 0x1a, 0xff, 0x1a, 0xff, 0x98, 0xfe, 0x94, 0xfd, 0xd4, 0xfd,
  0x94, 0xfd, 0x10, 0xfd, 0x12, 0xfd, 0x52, 0xfd, 0x52, 0xfd, 0x14, 0xfe,
  0xd4, 0xfd, 0x56, 0xfe, 0x0c, 0xc4, 0xca, 0x83, 0x10, 0x84, 0x9a, 0xa5,
  0x5e, 0xb6, 0x9a, 0xa5, 0xda, 0xa5, 0x1f, 0xc7, 0xdf, 0xe7, 0x1f, 0xd7,
  0x5e, 0xb6, 0x1c, 0xb6, 0xda, 0xa5, 0x9e, 0xc6, 0xdf, 0xe7, 0xdf, 0xc6,
  0xdf, 0xc6, 0xdf, 0xc6, 0x5e, 0xb6, 0x1f, 0xd7, 0xdf, 0xc6, 0xdf, 0xc6,
  0x5f, 0xd7, 0xdf, 0xc6, 0x5e, 0xb6, 0x1f, 0xd7, 0x9e, 0xc6, 0x1f, 0xd7,
  0x1f, 0xc7, 0x1f, 0xd7, 0xdf, 0xc6, 0x9e, 0xb6, 0xdf, 0xc6, 0x1f, 0xc7,
  0xdf, 0xe7, 0xdf, 0xe7, 0xff, 0xe7, 0x1f, 0xc7, 0x5e, 0xb6, 0x5f, 0xd7,
  0xff, 0xe7, 0x1f, 0xc7, 0x5e, 0xb6, 0x9a, 0xa5, 0x5e, 0xb6, 0xdf, 0xc6,
  0x9e, 0xb6, 0x9e, 0xc6, 0x1f, 0xc7, 0x9f, 0xd7, 0x1f, 0xc7, 0x1f, 0xd7,
  0x1f, 0xc7, 0xdf, 0xe7, 0xff, 0xf7, 0xff, 0xf7, 0xff, 0xff, 0x9e, 0xc6,
  0xdc, 0xa5, 0x5e, 0xb6, 0x9a, 0xa5, 0x58, 0x95, 0xdc, 0xa5, 0x5e, 0xb6,
  0x9f, 0xe7, 0x5f, 0xd7, 0x9a, 0xa5, 0xdf, 0xc6, 0xff, 0xe7, 0xff, 0xff,
  0x9e, 0xc6, 0x1c, 0xb6, 0x1c, 0xb6, 0x98, 0xa5, 0x4a, 0x73, 0x48, 0x83,
  0xcc, 0xc3, 0x4e, 0xf4, 0x0e, 0xf4, 0x90, 0xfc, 0x52, 0xfd, 0xd0, 0xfc,
  0xd4, 0xfd, 0x92, 0xfd, 0x94, 0xfd, 0x56, 0xfe, 0x16, 0xfe, 0x94, 0xfd,
  0x12, 0xfd, 0x52, 0xfd, 0x10, 0xfd, 0x12, 0xfd, 0x52, 0xfd, 0x14, 0xfe,
  0x94, 0xfd, 0x94, 0xfd, 0x14, 0xfe, 0x94, 0xfd, 0x14, 0xfe, 0x16, 0xfe,
  0x16, 0xfe, 0x94, 0xfd, 0xd0, 0xfc, 0x10, 0xfd, 0x92, 0xfd, 0x92, 0xfd,
  0x96, 0xfe, 0x56, 0xfe, 0x98, 0xfe, 0x94, 0xfd, 0x94, 0xfd, 0x92, 0xfd,
  0x94, 0xfd, 0x14, 0xfe, 0x96, 0xfe, 0xd8, 0xfe, 0x12, 0xfd, 0x94, 0xfd,
  0x94, 0xfd, 0xd4, 0xfd, 0xd4, 0xfd, 0xd4, 0xfd, 0x92, 0xfd, 0x94, 0xfd,
  0x96, 0xfe, 0xd8, 0xfe, 0x16, 0xfe, 0x14, 0xfe, 0xd4, 0xfd, 0xd4, 0xfd,
  0x92, 0xfd, 0x14, 0xfe, 0x94, 0xfd, 0x94, 0xfd, 0x56, 0xfe, 0x96, 0xfe,
  0xd4, 0xfd, 0x4e, 0xfc, 0x10, 0xfd, 0x92, 0xfd, 0x56, 0xfe, 0x56, 0xfe,
  0x92, 0xfd, 0xd4, 0xfd, 0x4c, 0xd3, 0x4a, 0xc3, 0x0e, 0xe4, 0x4e, 0xc5,
  0xd2, 0xc5, 0x0c, 0xb5, 0xcc, 0xf6, 0x8c, 0xff, 0xec, 0xff, 0xee, 0xff,
  0xf0, 0xff, 0xf4, 0xff, 0xf2, 0xff, 0xf2, 0xff, 0xf6, 0xff, 0xf2, 0xff,
  0xf0, 0xff, 0xf0, 0xff, 0xf4, 0xff, 0xf6, 0xff, 0xf4, 0xff, 0xf8, 0xff,
  0xf0, 0xff, 0xee, 0xff, 0xf0, 0xff, 0xf8, 0xff, 0xf4, 0xff, 0xf0, 0xff,
  0xf0, 0xff, 0xf4, 0xff, 0xee, 0xff, 0xf2, 0xff, 0xf2, 0xff, 0xf0, 0xff,
  0xf4, 0xff, 0xf4, 0xff, 0xf2, 0xff, 0xf0, 0xff, 0xf0, 0xff, 0x90, 0xff,
  0x52, 0xd6, 0xca, 0x93, 0xc6, 0x61, 0x06, 0x82, 0x4a, 0xe3, 0x4e, 0xfc,
  0x14, 0xfe, 0x56, 0xfe, 0x56, 0xfe, 0x94, 0xfd, 0x92, 0xfd, 0x94, 0xfd,
  0x94, 0xfd, 0x12, 0xfd, 0x10, 0xfd, 0x10, 0xfd, 0xd0, 0xfc, 0x0e, 0xf4,
  0xd4, 0xfd, 0xd4, 0xfd, 0xd4, 0xfd, 0x52, 0xfd, 0xd4, 0xfd, 0x56, 0xfe,
  0x14, 0xfe, 0x94, 0xfd, 0x56, 0xfe, 0xd8, 0xfe, 0x14, 0xfe, 0x16, 0xfe,
  0xd4, 0xfd, 0x52, 0xfd, 0xd4, 0xfd, 0x52, 0xfd, 0x92, 0xfd, 0x94, 0xfd,
  0xd4, 0xfd, 0x56, 0xfe, 0xd4, 0xfd, 0xd4, 0xfd, 0x94, 0xfd, 0x92, 0xfd,
  0x52, 0xfd, 0x52, 0xfd, 0xd0, 0xfc, 0xd4, 0xfd, 0x56, 0xfe, 0xd4, 0xfd,
  0x14, 0xfe, 0xd4, 0xfd, 0x94, 0xfd, 0x14, 0xfe, 0x56, 0xfe, 0x94, 0xfd,
  0xd4, 0xfd, 0x92, 0xfd, 0x92, 0xfd, 0x56, 0xfe, 0x1a, 0xff, 0x98, 0xfe,
  0x9c, 0xff, 0xd8, 0xfe, 0x52, 0xfd, 0x12, 0xfd, 0x10, 0xfd, 0x94, 0xfd,
  0xd4, 0xfd, 0x10, 0xfd, 0x92, 0xfd, 0x16, 0xfe, 0x16, 0xfe, 0x12, 0xfd,
  0x4e, 0xd4, 0x12, 0xd6, 0x10, 0x84, 0x9a, 0xa5, 0x9f, 0xe7, 0xff, 0xf7,
  0xff, 0xff, 0xff, 0xf7, 0xdf, 0xc6, 0x1c, 0xb6, 0x5f, 0xd7, 0x1f, 0xd7,
  0x9a, 0xa5, 0x1c, 0xb6, 0x9f, 0xe7, 0x5f, 0xd7, 0x1f, 0xd7, 0x1c, 0xb6,
  0x5e, 0xb6, 0x9e, 0xc6, 0x1c, 0xb6, 0x9e, 0xb6, 0x9f, 0xc6, 0xdf, 0xc6,
  0x1f, 0xc7, 0x9f, 0xc6, 0x9a, 0xa5, 0x9e, 0xc6, 0x9e, 0xc6, 0x9f, 0xc6,
  0x5e, 0xb6, 0x1e, 0xb6, 0x5e, 0xb6, 0x9e, 0xb6, 0x1f, 0xd7, 0xff, 0xff,
  0xff, 0xff, 0x9f, 0xe7, 0x5e, 0xb6, 0x1f, 0xd7, 0x5f, 0xd7, 0xdf, 0xc6,
  0xdf, 0xc6, 0x9e, 0xc6, 0x9e, 0xb6, 0x5e, 0xb6, 0x1f, 0xd7, 0xdf, 0xc6,
  0xdf, 0xc6, 0x5e, 0xb6, 0x9f, 0xc6, 0x5f, 0xd7, 0x1f, 0xd7, 0x1f, 0xc7,
  0x9f, 0xd7, 0xff, 0xf7, 0xff, 0xff, 0xdf, 0xe7, 0x5f, 0xd7, 0x5e, 0xb6,
  0x9c, 0xa5, 0x9a, 0xa5, 0x9a, 0xa5, 0x5e, 0xb6, 0x1f, 0xd7, 0x1f, 0xd7,
  0x9a, 0xa5, 0x5a, 0x95, 0x9e, 0xc6, 0xff, 0xe7, 0xff, 0xf7, 0x1f, 0xd7,
  0xdc, 0xa5, 0x58, 0xa5, 0x8e, 0xa4, 0x48, 0x73, 0x46, 0x72, 0x0a, 0xb3,
  0x90, 0xfc, 0x12, 0xfd, 0x4e, 0xfc, 0x90, 0xfc, 0x52, 0xfd, 0x92, 0xfd,
  0xd4, 0xfd, 0x94, 0xfd, 0x92, 0xfd, 0x12, 0xfd, 0x52, 0xfd, 0x12, 0xfd,
  0x90, 0xfc, 0x12, 0xfd, 0x52, 0xfd, 0xd4, 0xfd, 0x14, 0xfe, 0xd4, 0xfd,
  0x92, 0xfd, 0x92, 0xfd, 0x52, 0xfd, 0xd4, 0xfd, 0xd4, 0xfd, 0x94, 0xfd,
  0x52, 0xfd, 0x52, 0xfd, 0x92, 0xfd, 0x98, 0xfe, 0x56, 0xfe, 0x52, 0xfd,
  0xd4, 0xfd, 0x96, 0xfe, 0x92, 0xfd, 0x14, 0xfe, 0x14, 0xfe, 0xd4, 0xfd,
  0x56, 0xfe, 0x56, 0xfe, 0xd0, 0xfc, 0x12, 0xfd, 0x94, 0xfd, 0xd4, 0xfd,
  0xd4, 0xfd, 0xd4, 0xfd, 0x92, 0xfd, 0x14, 0xfe, 0x56, 0xfe, 0x96, 0xfe,
  0x56, 0xfe, 0x92, 0xfd, 0x14, 0xfe, 0x98, 0xfe, 0x5a, 0xff, 0xd4, 0xfd,
  0x52, 0xfd, 0x94, 0xfd, 0xd8, 0xfe, 0x52, 0xfd, 0xd0, 0xfc, 0xd4, 0xfd,
  0x92, 0xfd, 0x56, 0xfe, 0xd4, 0xfd, 0x16, 0xfe, 0x96, 0xfe, 0x94, 0xfd,
  0x8c, 0xe3, 0x8c, 0xd3, 0xcc, 0xe3, 0x8c, 0xb4, 0x0e, 0xb5, 0x86, 0x83,
  0x46, 0xa4, 0x0c, 0xe6, 0x8c, 0xff, 0xf2, 0xff, 0xf2, 0xff, 0xf4, 0xff,
  0xf6, 0xff, 0xf2, 0xff, 0xcc, 0xff, 0xee, 0xff, 0xf2, 0xff, 0xf4, 0xff,
  0xf4, 0xff, 0xf2, 0xff, 0xf2, 0xff, 0xf4, 0xff, 0xf0, 0xff, 0xee, 0xff,
  0xf0, 0xff, 0xf8, 0xff, 0xf8, 0xff, 0xf2, 0xff, 0xf0, 0xff, 0xf2, 0xff,
  0xee, 0xff, 0xf0, 0xff, 0xf0, 0xff, 0xee, 0xff, 0xf0, 0xff, 0xf4, 0xff,
  0xf0, 0xff, 0xf0, 0xff, 0xf6, 0xff, 0x92, 0xff, 0xd0, 0xd5, 0x4a, 0x83,
  0x84, 0x51, 0x88, 0x92, 0x8c, 0xf3, 0x4e, 0xfc, 0x94, 0xfd, 0x56, 0xfe,
  0x56, 0xfe, 0x56, 0xfe, 0x94, 0xfd, 0x92, 0xfd, 0xd4, 0xfd, 0x10, 0xfd,
  0xcc, 0xf3, 0x90, 0xfc, 0xd0, 0xfc, 0x4e, 0xfc, 0x52, 0xfd, 0x52, 0xfd,
  0x94, 0xfd, 0xd4, 0xfd, 0x94, 0xfd, 0x16, 0xfe, 0x94, 0xfd, 0x52, 0xfd,
  0x52, 0xfd, 0x16, 0xfe, 0x98, 0xfe, 0x56, 0xfe, 0x94, 0xfd, 0xd0, 0xfc,
  0x94, 0xfd, 0x94, 0xfd, 0xd4, 0xfd, 0x92, 0xfd, 0x94, 0xfd, 0x56, 0xfe,
  0xd4, 0xfd, 0xd4, 0xfd, 0xd4, 0xfd, 0x52, 0xfd, 0x4e, 0xfc, 0x56, 0xfe,
  0xd4, 0xfd, 0x14, 0xfe, 0x52, 0xfd, 0xd4, 0xfd, 0x56, 0xfe, 0x56, 0xfe,
  0xd4, 0xfd, 0xd4, 0xfd, 0x14, 0xfe, 0x94, 0xfd, 0x92, 0xfd, 0x52, 0xfd,
  0x12, 0xfd, 0x52, 0xfd, 0x56, 0xfe, 0xd4, 0xfd, 0x94, 0xfd, 0x92, 0xfd,
  0x52, 0xfd, 0x4e, 0xfc, 0x0e, 0xfc, 0x52, 0xfd, 0x94, 0xfd, 0x12, 0xfd,
  0x92, 0xfd, 0x56, 0xfe, 0xd4, 0xfd, 0x10, 0xfd, 0xce, 0xd4, 0x0e, 0xb5,
  0x8c, 0x73, 0x50, 0x63, 0x9a, 0xa5, 0xdf, 0xe7, 0xff, 0xff, 0xff, 0xe7,
  0x9f, 0xd7, 0xdf, 0xc6, 0xdf, 0xe7, 0xff, 0xff, 0xdf, 0xe7, 0x9f, 0xc6,
  0x9f, 0xe7, 0x5f, 0xd7, 0x1f, 0xd7, 0xdf, 0xc6, 0xdc, 0xa5, 0x5e, 0xb6,
  0xdf, 0xc6, 0x9e, 0xc6, 0x9f, 0xc6, 0x5e, 0xb6, 0xdf, 0xc6, 0x1f, 0xd7,
  0x9e, 0xc6, 0x9f, 0xc6, 0x5e, 0xb6, 0xdf, 0xc6, 0x9e, 0xc6, 0x1c, 0xb6,
  0x9e, 0xc6, 0xdf, 0xc6, 0xdf, 0xc6, 0x1f, 0xd7, 0xdf, 0xe7, 0x9e, 0xc6,
  0xdf, 0xc6, 0x9f, 0xd7, 0x1f, 0xc7, 0x1f, 0xd7, 0x1c, 0xb6, 0x9a, 0xa5,
  0x5a, 0x95, 0x5a, 0x95, 0xdc, 0xa5, 0xdc, 0xa5, 0x1c, 0xb6, 0x5a, 0x95,
  0xdf, 0xc6, 0x1f, 0xc7, 0x9e, 0xc6, 0xdf, 0xc6, 0x1f, 0xc7, 0x1f, 0xc7,
  0x1f, 0xc7, 0x9e, 0xc6, 0x5e, 0xb6, 0xdc, 0xa5, 0x18, 0x95, 0x94, 0x84,
  0x96, 0x84, 0xd8, 0x94, 0x5e, 0xb6, 0x5f, 0xd7, 0x9f, 0xe7, 0x9f, 0xc6,
  0x5e, 0xb6, 0x1f, 0xd7, 0xff, 0xff, 0xff, 0xf7, 0x1f, 0xc7, 0x98, 0xa5,
  0x50, 0xb5, 0x0a, 0x94, 0x84, 0x41, 0x44, 0x51, 0xc8, 0xc2, 0x4e, 0xfc,
  0x52, 0xfd, 0x92, 0xfd, 0x52, 0xfd, 0x52, 0xfd, 0xd0, 0xfc, 0xd0, 0xfc,
  0x10, 0xfd, 0x10, 0xfd, 0x52, 0xfd, 0xd0, 0xfc, 0x90, 0xfc, 0xd0, 0xfc,
  0x52, 0xfd, 0x92, 0xfd, 0x94, 0xfd, 0xd4, 0xfd, 0x56, 0xfe, 0x92, 0xfd,
  0x12, 0xfd, 0x56, 0xfe, 0x98, 0xfe, 0x12, 0xfd, 0x92, 0xfd, 0x16, 0xfe,
  0x92, 0xfd, 0xd4, 0xfd, 0x96, 0xfe, 0x12, 0xfd, 0x92, 0xfd, 0xd4, 0xfd,
  0x52, 0xfd, 0x56, 0xfe, 0xd4, 0xfd, 0x52, 0xfd, 0x52, 0xfd, 0x56, 0xfe,
  0x56, 0xfe, 0xd4, 0xfd, 0xd4, 0xfd, 0xd0, 0xfc, 0x94, 0xfd, 0x16, 0xfe,
  0x52, 0xfd, 0xd4, 0xfd, 0x92, 0xfd, 0x92, 0xfd, 0x52, 0xfd, 0x92, 0xfd,
  0xd4, 0xfd, 0x5a, 0xff, 0xd8, 0xfe, 0x98, 0xfe, 0x56, 0xfe, 0x16, 0xfe,
  0x56, 0xfe, 0x52, 0xfd, 0xd4, 0xfd, 0x16, 0xfe, 0x52, 0xfd, 0x52, 0xfd,
  0x52, 0xfd, 0x14, 0xfe, 0xd8, 0xfe, 0x56, 0xfe, 0x0e, 0xf4, 0x10, 0xfd,
  0xd0, 0xfc, 0xcc, 0xa3, 0xce, 0xa4, 0x04, 0x63, 0x46, 0x94, 0xc6, 0xa4,
  0x08, 0xe6, 0xf0, 0xff, 0xf0, 0xff, 0xf2, 0xff, 0xf6, 0xff, 0xee, 0xff,
  0xc6, 0xb4, 0x08, 0xe6, 0xf0, 0xff, 0xf2, 0xff, 0xf2, 0xff, 0xee, 0xff,
  0xee, 0xff, 0xf2, 0xff, 0xee, 0xff, 0x8a, 0xff, 0xf2, 0xff, 0xf4, 0xff,
  0xf4, 0xff, 0xf2, 0xff, 0xf2, 0xff, 0xf0, 0xff, 0xf0, 0xff, 0xf2, 0xff,
  0xf0, 0xff, 0xf0, 0xff, 0xf0, 0xff, 0xf2, 0xff, 0xee, 0xff, 0xf2, 0xff,
  0xfa, 0xff, 0xf4, 0xff, 0x52, 0xe6, 0xc8, 0x72, 0x48, 0x82, 0x0e, 0xe4,
  0xd2, 0xfc, 0x94, 0xfd, 0xd4, 0xfd, 0xd4, 0xfd, 0x52, 0xfd, 0x52, 0xfd,
  0xd4, 0xfd, 0xd4, 0xfd, 0x16, 0xfe, 0x52, 0xfd, 0x90, 0xfc, 0x4e, 0xfc,
  0x12, 0xfd, 0x52, 0xfd, 0x92, 0xfd, 0x8c, 0xe3, 0xc8, 0xa2, 0x4e, 0xfc,
  0x52, 0xfd, 0x16, 0xfe, 0x14, 0xfe, 0x92, 0xfd, 0x52, 0xfd, 0x14, 0xfe,
  0xd8, 0xfe, 0x56, 0xfe, 0x94, 0xfd, 0x52, 0xfd, 0x52, 0xfd, 0x16, 0xfe,
  0xd4, 0xfd, 0x10, 0xfd, 0x94, 0xfd, 0x52, 0xfd, 0x92, 0xfd, 0x94, 0xfd,
  0xd4, 0xfd, 0x94, 0xfd, 0x8e, 0xfc, 0x52, 0xfd, 0x94, 0xfd, 0x16, 0xfe,
  0x52, 0xfd, 0x14, 0xfe, 0x96, 0xfe, 0xd8, 0xfe, 0x94, 0xfd, 0x52, 0xfd,
  0xd4, 0xfd, 0x92, 0xfd, 0x98, 0xfe, 0x56, 0xfe, 0x52, 0xfd, 0x52, 0xfd,
  0x52, 0xfd, 0x92, 0xfd, 0x92, 0xfd, 0x52, 0xfd, 0xd4, 0xfd, 0xd4, 0xfd,
  0x12, 0xfd, 0x92, 0xfd, 0xd4, 0xfd, 0x12, 0xfd, 0x92, 0xfd, 0xd4, 0xfd,
  0xd4, 0xfd, 0x52, 0xfd, 0x50, 0xe5, 0x90, 0xc5, 0x4a, 0x73, 0x08, 0x32,
  0x50, 0x63, 0x58, 0x95, 0x1f, 0xd7, 0x1f, 0xc7, 0xdf, 0xc6, 0xdf, 0xc6,
  0x9f, 0xc6, 0x5f, 0xd7, 0xdf, 0xc6, 0x5e, 0xb6, 0x5e, 0xb6, 0x9e, 0xb6,
  0x5f, 0xd7, 0x1f, 0xd7, 0xdc, 0xa5, 0x1f, 0xc7, 0xdf, 0xe7, 0x1f, 0xd7,
  0xdf, 0xc6, 0x9f, 0xe7, 0x1f, 0xd7, 0x1f, 0xd7, 0x9f, 0xc6, 0x9e, 0xc6,
  0x1c, 0xb6, 0x1f, 0xd7, 0x9f, 0xc6, 0xdc, 0xa5, 0x1c, 0xb6, 0x9e, 0xc6,
  0xdf, 0xc6, 0x5e, 0xb6, 0xdf, 0xc6, 0x9e, 0xc6, 0x1f, 0xc7, 0x9f, 0xc6,
  0x9e, 0xc6, 0x9f, 0xc6, 0x5e, 0xb6, 0x1c, 0xb6, 0x9e, 0xb6, 0x1c, 0xb6,
  0x5a, 0xa5, 0x5a, 0x95, 0xdc, 0xa5, 0x9a, 0xa5, 0x9e, 0xc6, 0x1f, 0xc7,
  0x9f, 0xc6, 0xdf, 0xc6, 0x9f, 0xc6, 0xdf, 0xc6, 0xdf, 0xc6, 0x5f, 0xd7,
  0xff, 0xf7, 0xdf, 0xe7, 0x5f, 0xd7, 0x1f, 0xd7, 0x9f, 0xc6, 0x18, 0x95,
  0xd6, 0x84, 0x1c, 0xb6, 0xdf, 0xc6, 0xdf, 0xc6, 0x5e, 0xb6, 0x9e, 0xc6,
  0x5f, 0xd7, 0x9f, 0xd7, 0xdf, 0xe7, 0x1a, 0xb6, 0x8e, 0x94, 0x8a, 0x73,
  0x84, 0x41, 0x02, 0x31, 0x46, 0x92, 0x8c, 0xe3, 0x94, 0xfd, 0x92, 0xfd,
  0x12, 0xfd, 0x12, 0xfd, 0x10, 0xfd, 0x10, 0xfd, 0x12, 0xfd, 0x94, 0xfd,
  0x92, 0xfd, 0x12, 0xfd, 0x52, 0xfd, 0x52, 0xfd, 0x56, 0xfe, 0x56, 0xfe,
  0xd4, 0xfd, 0x14, 0xfe, 0x5a, 0xff, 0x56, 0xfe, 0x14, 0xfe, 0xd4, 0xfd,
  0x92, 0xfd, 0x94, 0xfd, 0x12, 0xfd, 0x52, 0xfd, 0x10, 0xfd, 0x92, 0xfd,
  0x56, 0xfe, 0x52, 0xfd, 0x94, 0xfd, 0x12, 0xfd, 0x12, 0xfd, 0x92, 0xfd,
  0x52, 0xfd, 0x52, 0xfd, 0x4e, 0xfc, 0xd4, 0xfd, 0xd4, 0xfd, 0xd4, 0xfd,
  0xd4, 0xfd, 0x12, 0xfd, 0x52, 0xfd, 0xd4, 0xfd, 0xd4, 0xfd, 0x56, 0xfe,
  0x92, 0xfd, 0x52, 0xfd, 0x94, 0xfd, 0x52, 0xfd, 0xd4, 0xfd, 0xd8, 0xfe,
  0x56, 0xfe, 0x94, 0xfd, 0xd4, 0xfd, 0x14, 0xfe, 0xd4, 0xfd, 0x14, 0xfe,
  0xd8, 0xfe, 0x14, 0xfe, 0x56, 0xfe, 0xd4, 0xfd, 0x92, 0xfd, 0x56, 0xfe,
  0x18, 0xff, 0x56, 0xfe, 0x0a, 0xb3, 0x4c, 0xb3, 0x10, 0xfd, 0x54, 0xe6,
  0x4e, 0xb5, 0xc8, 0xa4, 0x8a, 0xff, 0xee, 0xff, 0xee, 0xff, 0xf2, 0xff,
  0xf2, 0xff, 0xf0, 0xff, 0xf4, 0xff, 0xf0, 0xff, 0x8a, 0xe6, 0x0a, 0xe6,
  0x0a, 0xff, 0xf0, 0xff, 0xf0, 0xff, 0xf0, 0xff, 0xf2, 0xff, 0xf6, 0xff,
  0xf0, 0xff, 0xec, 0xff, 0xf4, 0xff, 0xf0, 0xff, 0xee, 0xff, 0xf0, 0xff,
  0xee, 0xff, 0xf2, 0xff, 0xf4, 0xff, 0xfa, 0xff, 0xf6, 0xff, 0xf4, 0xff,
  0xf4, 0xff, 0xee, 0xff, 0xee, 0xff, 0xf0, 0xff, 0xf2, 0xff, 0x50, 0xff,
  0x52, 0xd6, 0x4a, 0x83, 0xc6, 0x61, 0x0a, 0xb3, 0xd0, 0xfc, 0x52, 0xfd,
  0x98, 0xfe, 0xd4, 0xfd, 0xd0, 0xfc, 0x52, 0xfd, 0x90, 0xfc, 0x92, 0xfd,
  0xd4, 0xfd, 0xd4, 0xfd, 0x1a, 0xff, 0x98, 0xfe, 0x14, 0xfe, 0x52, 0xfd,
  0x94, 0xfd, 0x90, 0xfc, 0x0e, 0xfc, 0x90, 0xfc, 0x92, 0xfd, 0x56, 0xfe,
  0x56, 0xfe, 0xd4, 0xfd, 0x94, 0xfd, 0x56, 0xfe, 0xd8, 0xfe, 0x98, 0xfe,
  0x94, 0xfd, 0x94, 0xfd, 0x92, 0xfd, 0xd4, 0xfd, 0x92, 0xfd, 0x94, 0xfd,
  0x94, 0xfd, 0x52, 0xfd, 0xd4, 0xfd, 0x14, 0xfe, 0x52, 0xfd, 0x52, 0xfd,
  0x52, 0xfd, 0x12, 0xfd, 0xd4, 0xfd, 0xd4, 0xfd, 0x10, 0xfd, 0x52, 0xfd,
  0x12, 0xfd, 0x12, 0xfd, 0x52, 0xfd, 0x52, 0xfd, 0xd4, 0xfd, 0x94, 0xfd,
  0xd4, 0xfd, 0x96, 0xfe, 0x10, 0xfd, 0x52, 0xfd, 0x52, 0xfd, 0xd4, 0xfd,
  0x52, 0xfd, 0x12, 0xfd, 0xd4, 0xfd, 0xd8, 0xfe, 0x1a, 0xff, 0x98, 0xfe,
  0xd4, 0xfd, 0x92, 0xfd, 0x56, 0xfe, 0x5a, 0xff, 0xd8, 0xfe, 0x92, 0xfd,
  0x50, 0xd5, 0x90, 0xc5, 0x0a, 0x73, 0xc8, 0x31, 0x0e, 0x53, 0xd6, 0x84,
  0x1c, 0xb6, 0x9a, 0xa5, 0x1c, 0xb6, 0x1f, 0xd7, 0x1e, 0xb6, 0xd8, 0x84,
  0xd8, 0x94, 0xdc, 0xa5, 0xdc, 0xa5, 0x9e, 0xb6, 0x1f, 0xd7, 0x1e, 0xb6,
  0x1c, 0xb6, 0x9e, 0xb6, 0xdf, 0xc6, 0x1c, 0xb6, 0x9e, 0xc6, 0x5f, 0xd7,
  0x1c, 0xb6, 0xdc, 0xa5, 0x1c, 0xb6, 0x5f, 0xd7, 0xdf, 0xc6, 0xdf, 0xc6,
  0x5e, 0xb6, 0x1c, 0xb6, 0xda, 0xa5, 0x18, 0x95, 0x5a, 0x95, 0x9a, 0xa5,
  0x1c, 0xa6, 0x9a, 0xa5, 0x1e, 0xb6, 0x5e, 0xb6, 0x5f, 0xd7, 0x5f, 0xd7,
  0x1f, 0xc7, 0xdf, 0xc6, 0x9f, 0xd7, 0x9f, 0xe7, 0x9f, 0xd7, 0xdf, 0xc6,
  0x9e, 0xb6, 0xdc, 0xa5, 0x5e, 0xb6, 0x9f, 0xc6, 0x5e, 0xb6, 0x9e, 0xc6,
  0x5e, 0xb6, 0x9f, 0xc6, 0x9f, 0xc6, 0xdf, 0xc6, 0xdf, 0xe7, 0xff, 0xf7,
  0xff, 0xf7, 0xff, 0xf7, 0xff, 0xf7, 0xdf, 0xe7, 0x9f, 0xc6, 0x1c, 0xb6,
  0x1c, 0xb6, 0x1c, 0xb6, 0xdc, 0xa5, 0xda, 0xa5, 0x1e, 0xb6, 0xdf, 0xc6,
  0xdf, 0xe7, 0xde, 0xc6, 0x10, 0xa5, 0x8c, 0xa4, 0x88, 0x82, 0x88, 0xa2,
  0x06, 0x72, 0xca, 0xc2, 0x4e, 0xfc, 0xd0, 0xfc, 0x90, 0xfc, 0xd0, 0xfc,
  0xd0, 0xfc, 0xd0, 0xfc, 0x92, 0xfd, 0x92, 0xfd, 0x96, 0xfe, 0x92, 0xfd,
  0x52, 0xfd, 0xd4, 0xfd, 0x96, 0xfe, 0x56, 0xfe, 0x98, 0xfe, 0x14, 0xfe,
  0x18, 0xff, 0x16, 0xfe, 0xd4, 0xfd, 0xd4, 0xfd, 0x52, 0xfd, 0x12, 0xfd,
  0xd0, 0xfc, 0x52, 0xfd, 0xd4, 0xfd, 0x94, 0xfd, 0x52, 0xfd, 0x10, 0xfd,
  0x52, 0xfd, 0x10, 0xfd, 0x52, 0xfd, 0xd4, 0xfd, 0xd4, 0xfd, 0x98, 0xfe,
  0x16, 0xfe, 0xd4, 0xfd, 0x52, 0xfd, 0x92, 0xfd, 0x92, 0xfd, 0xd0, 0xfc,
  0xd0, 0xfc, 0xd4, 0xfd, 0x14, 0xfe, 0x98, 0xfe, 0x16, 0xfe, 0x92, 0xfd,
  0x14, 0xfe, 0xd4, 0xfd, 0x52, 0xfd, 0x96, 0xfe, 0x52, 0xfd, 0x52, 0xfd,
  0x12, 0xfd, 0x94, 0xfd, 0x14, 0xfe, 0x16, 0xfe, 0x98, 0xfe, 0xd4, 0xfd,
  0xd8, 0xfe, 0xd8, 0xfe, 0xd4, 0xfd, 0x52, 0xfd, 0x14, 0xfe, 0xd4, 0xfd,
  0x12, 0xfd, 0x4e, 0xf4, 0x0e, 0xe4, 0x90, 0xd5, 0x0e, 0xb5, 0x8a, 0xc5,
  0x8c, 0xff, 0xf0, 0xff, 0xf0, 0xff, 0xf0, 0xff, 0xf2, 0xff, 0xf2, 0xff,
  0xf4, 0xff, 0xf4, 0xff, 0xf2, 0xff, 0xf0, 0xff, 0x08, 0xe6, 0xee, 0xff,
  0xf2, 0xff, 0xf0, 0xff, 0xf4, 0xff, 0xf4, 0xff, 0xf0, 0xff, 0xf0, 0xff,
  0xf4, 0xff, 0xf0, 0xff, 0xee, 0xff, 0xee, 0xff, 0xee, 0xff, 0xf2, 0xff,
  0xf4, 0xff, 0xfa, 0xff, 0xf6, 0xff, 0xf0, 0xff, 0xf4, 0xff, 0xf0, 0xff,
  0xee, 0xff, 0xf0, 0xff, 0xf2, 0xff, 0xd2, 0xff, 0x90, 0xc5, 0x0c, 0x94,
  0x84, 0x51, 0xc8, 0xa2, 0x8c, 0xf3, 0x4e, 0xfc, 0xd8, 0xfe, 0x56, 0xfe,
  0x52, 0xfd, 0x94, 0xfd, 0x92, 0xfd, 0x94, 0xfd, 0xd4, 0xfd, 0xd4, 0xfd,
  0x5a, 0xff, 0x56, 0xfe, 0xd4, 0xfd, 0x12, 0xfd, 0x52, 0xfd, 0x52, 0xfd,
  0x52, 0xfd, 0x12, 0xfd, 0x52, 0xfd, 0x56, 0xfe, 0xd8, 0xfe, 0x96, 0xfe,
  0xd4, 0xfd, 0xd8, 0xfe, 0xd8, 0xfe, 0x56, 0xfe, 0x94, 0xfd, 0xd4, 0xfd,
  0x16, 0xfe, 0x56, 0xfe, 0xd4, 0xfd, 0x92, 0xfd, 0x92, 0xfd, 0xd4, 0xfd,
  0x56, 0xfe, 0x14, 0xfe, 0x92, 0xfd, 0x52, 0xfd, 0x92, 0xfd, 0x92, 0xfd,
  0x94, 0xfd, 0x94, 0xfd, 0x52, 0xfd, 0x52, 0xfd, 0x12, 0xfd, 0x12, 0xfd,
  0xd4, 0xfd, 0x92, 0xfd, 0x94, 0xfd, 0xd4, 0xfd, 0x92, 0xfd, 0x56, 0xfe,
  0x16, 0xfe, 0xd4, 0xfd, 0x16, 0xfe, 0xd4, 0xfd, 0x12, 0xfd, 0x52, 0xfd,
  0x92, 0xfd, 0x94, 0xfd, 0x94, 0xfd, 0x92, 0xfd, 0xd4, 0xfd, 0x12, 0xfd,
  0x94, 0xfd, 0x9c, 0xff, 0x5a, 0xff, 0xd0, 0xfc, 0x4c, 0xb4, 0x50, 0xc5,
  0xce, 0x73, 0xd2, 0x73, 0x18, 0x95, 0x9e, 0xc6, 0x5c, 0xb6, 0x18, 0x95,
  0x1e, 0xb6, 0xff, 0xff, 0x9f, 0xe7, 0xd6, 0x84, 0x14, 0x74, 0xd8, 0x84,
  0x9a, 0xa5, 0x1c, 0xb6, 0x1f, 0xd7, 0x5a, 0xa5, 0x18, 0x95, 0x5e, 0xb6,
  0x5f, 0xd7, 0xdf, 0xc6, 0x1e, 0xb6, 0x1e, 0xb6, 0x5e, 0xb6, 0x9f, 0xc6,
  0xdf, 0xc6, 0x1f, 0xd7, 0x9f, 0xe7, 0x5e, 0xb6, 0x5e, 0xb6, 0x5f, 0xd7,
  0x5e, 0xb6, 0x54, 0x74, 0x14, 0x74, 0x96, 0x84, 0x9a, 0xa5, 0x9a, 0xa5,
  0x1c, 0xb6, 0x9e, 0xb6, 0x9f, 0xc6, 0x9f, 0xc6, 0xdf, 0xc6, 0x9f, 0xd7,
  0x5f, 0xd7, 0x9f, 0xd7, 0x1f, 0xc7, 0x1f, 0xc7, 0x9f, 0xc6, 0x1f, 0xc7,
  0x1f, 0xc7, 0x5e, 0xb6, 0xdc, 0xa5, 0x5e, 0xb6, 0x1c, 0xb6, 0x5e, 0xb6,
  0xdf, 0xc6, 0x9f, 0xc6, 0x5e, 0xb6, 0xdf, 0xc6, 0x1f, 0xd7, 0xdf, 0xc6,
  0x1f, 0xd7, 0x9f, 0xd7, 0xff, 0xe7, 0xdf, 0xc6, 0xdc, 0xa5, 0x9a, 0xa5,
  0x9a, 0xa5, 0xd6, 0x84, 0xda, 0xa5, 0x1f, 0xd7, 0x9f, 0xd7, 0x5c, 0xb6,
  0x0e, 0xa5, 0x50, 0xb5, 0xca, 0x82, 0x4c, 0xb3, 0x48, 0x82, 0xc6, 0x71,
  0x88, 0xb2, 0x0a, 0xe3, 0xcc, 0xfb, 0x0e, 0xfc, 0x0e, 0xfc, 0xd0, 0xfc,
  0xd0, 0xfc, 0x0e, 0xf4, 0x52, 0xfd, 0x94, 0xfd, 0xd4, 0xfd, 0x56, 0xfe,
  0xd4, 0xfd, 0x52, 0xfd, 0x92, 0xfd, 0xd4, 0xfd, 0x56, 0xfe, 0x52, 0xfd,
  0x90, 0xfc, 0xd4, 0xfd, 0x52, 0xfd, 0x56, 0xfe, 0xd8, 0xfe, 0x94, 0xfd,
  0xd4, 0xfd, 0x92, 0xfd, 0x52, 0xfd, 0xd0, 0xfc, 0x90, 0xfc, 0x52, 0xfd,
  0x52, 0xfd, 0x14, 0xfe, 0x14, 0xfe, 0x56, 0xfe, 0x96, 0xfe, 0x14, 0xfe,
  0x90, 0xfc, 0xd4, 0xfd, 0xd4, 0xfd, 0x52, 0xfd, 0x92, 0xfd, 0x56, 0xfe,
  0x96, 0xfe, 0x98, 0xfe, 0x94, 0xfd, 0x92, 0xfd, 0x94, 0xfd, 0x56, 0xfe,
  0x14, 0xfe, 0xd4, 0xfd, 0x94, 0xfd, 0x52, 0xfd, 0x90, 0xfc, 0x12, 0xfd,
  0x94, 0xfd, 0xd4, 0xfd, 0x92, 0xfd, 0xd4, 0xfd, 0xd4, 0xfd, 0x98, 0xfe,
  0x56, 0xfe, 0x52, 0xfd, 0x12, 0xfd, 0x52, 0xfd, 0x96, 0xfe, 0xd4, 0xfd,
  0x8e, 0xe4, 0x50, 0xc5, 0xce, 0xb4, 0x4a, 0xc5, 0x88, 0xd5, 0x4a, 0xff,
  0xec, 0xff, 0xcc, 0xff, 0xee, 0xff, 0xee, 0xff, 0xf0, 0xff, 0xf2, 0xff,
  0xf0, 0xff, 0x0c, 0xff, 0x86, 0xa4, 0xca, 0xfe, 0xee, 0xff, 0xee, 0xff,
  0xf0, 0xff, 0xf0, 0xff, 0xf0, 0xff, 0xf2, 0xff, 0xf0, 0xff, 0xf0, 0xff,
  0xf2, 0xff, 0xf0, 0xff, 0xee, 0xff, 0xee, 0xff, 0xee, 0xff, 0xf0, 0xff,
  0xf0, 0xff, 0xcc, 0xff, 0x8c, 0xff, 0x0a, 0xff, 0xca, 0xfe, 0xee, 0xff,
  0xf4, 0xff, 0xf2, 0xff, 0xce, 0xa4, 0x48, 0x73, 0x04, 0x41, 0x48, 0x92,
  0x4c, 0xf3, 0x90, 0xfc, 0x96, 0xfe, 0x98, 0xfe, 0xd4, 0xfd, 0xd4, 0xfd,
  0x14, 0xfe, 0x94, 0xfd, 0x52, 0xfd, 0x92, 0xfd, 0x52, 0xfd, 0x52, 0xfd,
  0xd4, 0xfd, 0x52, 0xfd, 0x12, 0xfd, 0x52, 0xfd, 0x12, 0xfd, 0x52, 0xfd,
  0x94, 0xfd, 0x92, 0xfd, 0x52, 0xfd, 0xd0, 0xfc, 0xd0, 0xfc, 0x52, 0xfd,
  0x92, 0xfd, 0x56, 0xfe, 0xd4, 0xfd, 0xd4, 0xfd, 0x56, 0xfe, 0x5a, 0xff,
  0xd8, 0xfe, 0x52, 0xfd, 0x92, 0xfd, 0xd8, 0xfe, 0x9c, 0xff, 0x56, 0xfe,
  0xd8, 0xfe, 0xd0, 0xfc, 0x52, 0xfd, 0xd4, 0xfd, 0xd4, 0xfd, 0x98, 0xfe,
  0xd4, 0xfd, 0x96, 0xfe, 0xd4, 0xfd, 0xd4, 0xfd, 0x56, 0xfe, 0x52, 0xfd,
  0x94, 0xfd, 0x94, 0xfd, 0x56, 0xfe, 0x96, 0xfe, 0x1a, 0xff, 0x98, 0xfe,
  0x16, 0xfe, 0x16, 0xfe, 0x10, 0xfd, 0x52, 0xfd, 0x94, 0xfd, 0x92, 0xfd,
  0x92, 0xfd, 0x52, 0xfd, 0xd4, 0xfd, 0x10, 0xfd, 0x92, 0xfd, 0xd8, 0xfe,
  0x9c, 0xff, 0x8e, 0xf4, 0x8c, 0xb4, 0x12, 0xd6, 0x8e, 0x73, 0xd6, 0x84,
  0x1c, 0xb6, 0xdf, 0xc6, 0x5e, 0xb6, 0x96, 0x84, 0x54, 0x74, 0x1c, 0xb6,
  0x9e, 0xb6, 0x98, 0xa5, 0xd6, 0x84, 0x14, 0x74, 0xd8, 0x84, 0x1c, 0xb6,
  0xff, 0xe7, 0xdf, 0xc6, 0xd6, 0x84, 0x9a, 0xa5, 0x9e, 0xb6, 0x5e, 0xb6,
  0x5e, 0xb6, 0xdc, 0xa5, 0x9a, 0xa5, 0x18, 0x95, 0xd8, 0x84, 0x9c, 0xa5,
  0x18, 0x95, 0x56, 0x84, 0x1c, 0xb6, 0x1f, 0xd7, 0xdc, 0xa5, 0x14, 0x74,
  0x54, 0x74, 0x96, 0x84, 0x96, 0x84, 0xd6, 0x84, 0x9a, 0xa5, 0x5a, 0x95,
  0xd6, 0x84, 0x5a, 0x95, 0xdc, 0xa5, 0x5e, 0xb6, 0x9a, 0xa5, 0x9a, 0xa5,
  0x9f, 0xc6, 0x9f, 0xc6, 0xdc, 0xa5, 0x9f, 0xc6, 0x1c, 0xb6, 0xd8, 0x94,
  0x12, 0x74, 0x12, 0x74, 0x56, 0x84, 0x1a, 0x95, 0x18, 0x95, 0xd8, 0x94,
  0x18, 0x95, 0x18, 0x95, 0x9a, 0xa5, 0x5e, 0xb6, 0x1c, 0xa6, 0x5a, 0x95,
  0x58, 0x95, 0xd6, 0x84, 0x96, 0x84, 0x18, 0x95, 0x5e, 0xb6, 0x5a, 0x95,
  0x18, 0x95, 0xdf, 0xc6, 0x1f, 0xd7, 0x58, 0xa5, 0x90, 0xc5, 0x90, 0xc5,
  0x46, 0x52, 0xca, 0x92, 0x0a, 0x93, 0xc6, 0x61, 0x86, 0x61, 0x88, 0x92,
  0x8c, 0xe3, 0x0a, 0xe3, 0x4a, 0xe3, 0x8c, 0xfb, 0x4c, 0xe3, 0x8c, 0xe3,
  0x52, 0xfd, 0x14, 0xfe, 0xd4, 0xfd, 0xd4, 0xfd, 0x52, 0xfd, 0xd0, 0xfc,
  0x90, 0xfc, 0x12, 0xfd, 0x16, 0xfe, 0x56, 0xfe, 0xd4, 0xfd, 0x94, 0xfd,
  0x12, 0xfd, 0x98, 0xfe, 0x98, 0xfe, 0xd4, 0xfd, 0x12, 0xfd, 0x92, 0xfd,
  0xd4, 0xfd, 0x12, 0xfd, 0x0e, 0xfc, 0xd0, 0xfc, 0x52, 0xfd, 0x52, 0xfd,
  0xd4, 0xfd, 0xd4, 0xfd, 0x16, 0xfe, 0x94, 0xfd, 0x10, 0xfd, 0x98, 0xfe,
  0x1a, 0xff, 0x5a, 0xff, 0x14, 0xfe, 0xd4, 0xfd, 0x56, 0xfe, 0x14, 0xfe,
  0x52, 0xfd, 0x56, 0xfe, 0x94, 0xfd, 0x16, 0xfe, 0x94, 0xfd, 0xd0, 0xfc,
  0xd8, 0xfe, 0x92, 0xfd, 0x0e, 0xfc, 0xd0, 0xfc, 0x92, 0xfd, 0x94, 0xfd,
  0x52, 0xfd, 0x10, 0xfd, 0x52, 0xfd, 0x1a, 0xff, 0x9c, 0xff, 0xd4, 0xfd,
  0x12, 0xfd, 0x10, 0xfd, 0xd0, 0xfc, 0x12, 0xf5, 0xce, 0xb3, 0x8a, 0x83,
  0x4c, 0x94, 0x8a, 0xc5, 0xee, 0xff, 0x0a, 0xff, 0x0a, 0xff, 0xce, 0xff,
  0xce, 0xff, 0xca, 0xfe, 0xca, 0xfe, 0xce, 0xff, 0xcc, 0xf6, 0x46, 0xa4,
  0x44, 0x73, 0x86, 0xb4, 0x08, 0xe6, 0x88, 0xf6, 0xca, 0xf6, 0xca, 0xff,
  0xec, 0xff, 0xee, 0xff, 0xec, 0xff, 0xec, 0xff, 0xf0, 0xff, 0xf0, 0xff,
  0xec, 0xff, 0xca, 0xff, 0xec, 0xff, 0xec, 0xff, 0x8c, 0xff, 0x4a, 0xe6,
  0x88, 0xa4, 0x86, 0x83, 0x46, 0xa4, 0xca, 0xd5, 0xee, 0xff, 0xce, 0xf6,
  0x0e, 0xb5, 0xca, 0x93, 0x88, 0x82, 0x4c, 0xc3, 0x8c, 0xf3, 0x12, 0xfd,
  0xd4, 0xfd, 0xd0, 0xfc, 0x12, 0xfd, 0x92, 0xfd, 0x14, 0xfe, 0x52, 0xfd,
  0x4e, 0xfc, 0x56, 0xfe, 0x18, 0xff, 0xd4, 0xfd, 0x16, 0xfe, 0x52, 0xfd,
  0x92, 0xfd, 0xd4, 0xfd, 0x52, 0xfd, 0xd4, 0xfd, 0x56, 0xfe, 0x14, 0xfe,
  0x52, 0xfd, 0xcc, 0xe3, 0x8e, 0xfc, 0x52, 0xfd, 0x12, 0xfd, 0x14, 0xfe,
  0x12, 0xfd, 0x52, 0xfd, 0x92, 0xfd, 0x96, 0xfe, 0x56, 0xfe, 0x52, 0xfd,
  0xd4, 0xfd, 0x18, 0xff, 0x18, 0xff, 0xd4, 0xfd, 0xd4, 0xfd, 0x12, 0xfd,
  0x52, 0xfd, 0xd4, 0xfd, 0xd4, 0xfd, 0x94, 0xfd, 0x52, 0xfd, 0xd4, 0xfd,
  0xd4, 0xfd, 0xd8, 0xfe, 0x16, 0xfe, 0xd0, 0xfc, 0x92, 0xfd, 0xd4, 0xfd,
  0x56, 0xfe, 0x14, 0xfe, 0x96, 0xfe, 0x96, 0xfe, 0x94, 0xfd, 0x92, 0xfd,
  0x52, 0xfd, 0x52, 0xfd, 0x14, 0xfe, 0x94, 0xfd, 0x94, 0xfd, 0x98, 0xfe,
  0x14, 0xfe, 0x12, 0xfd, 0xd0, 0xfc, 0x14, 0xfe, 0xdc, 0xff, 0x52, 0xfd,
  0xce, 0xc4, 0x12, 0xd6, 0x8a, 0x73, 0x90, 0x63, 0xda, 0xa5, 0x9a, 0xa5,
  0xdc, 0xa5, 0x54, 0x84, 0xce, 0x52, 0x50, 0x63, 0x54, 0x74, 0xdc, 0xb5,
  0xd6, 0x94, 0xd2, 0x63, 0x56, 0x84, 0x14, 0x74, 0x5e, 0xb6, 0xff, 0xe7,
  0x5e, 0xb6, 0x5a, 0x95, 0x9a, 0xa5, 0x9a, 0xa5, 0x5a, 0x95, 0x54, 0x84,
  0x96, 0x84, 0xd8, 0x94, 0x54, 0x74, 0x14, 0x74, 0x50, 0x63, 0x90, 0x63,
  0x54, 0x74, 0x18, 0x95, 0x18, 0x95, 0x5c, 0xb6, 0xdf, 0xe7, 0xde, 0xd6,
  0x14, 0x74, 0x92, 0x63, 0x54, 0x84, 0x54, 0x84, 0xd2, 0x73, 0x90, 0x63,
  0xd2, 0x73, 0x14, 0x74, 0x54, 0x74, 0x56, 0x84, 0x96, 0x84, 0x14, 0x74,
  0x18, 0x95, 0xd8, 0x84, 0x14, 0x74, 0xd2, 0x73, 0xd2, 0x73, 0x4e, 0x63,
  0x12, 0x74, 0x14, 0x74, 0x14, 0x74, 0x18, 0x95, 0x9a, 0xa5, 0x9a, 0xa5,
  0xdc, 0xa5, 0x5f, 0xd7, 0x5f, 0xd7, 0x9e, 0xc6, 0x5c, 0xb6, 0x18, 0x95,
  0xd2, 0x73, 0x92, 0x63, 0x18, 0x95, 0x1c, 0xb6, 0x96, 0x84, 0x1c, 0xb6,
  0x5f, 0xd7, 0xd6, 0x94, 0x8c, 0x94, 0x4c, 0x94, 0xc6, 0x51, 0xca, 0x92,
  0x4e, 0xd4, 0xce, 0xd3, 0x8c, 0xc3, 0xcc, 0xd3, 0xd0, 0xfc, 0x90, 0xfc,
  0x0a, 0xc3, 0x88, 0xb2, 0x0a, 0xe3, 0xce, 0xfb, 0x90, 0xfc, 0x90, 0xfc,
  0x12, 0xfd, 0x4e, 0xfc, 0x4e, 0xfc, 0xce, 0xfb, 0xcc, 0xfb, 0x90, 0xfc,
  0x12, 0xfd, 0x52, 0xfd, 0x12, 0xfd, 0x52, 0xfd, 0x90, 0xfc, 0x90, 0xfc,
  0xce, 0xfb, 0xcc, 0xfb, 0x0e, 0xfc, 0x94, 0xfd, 0xd8, 0xfe, 0xd0, 0xfc,
  0x8c, 0xfb, 0x4c, 0xf3, 0x8c, 0xf3, 0x0e, 0xfc, 0x16, 0xfe, 0x56, 0xfe,
  0x92, 0xfd, 0x52, 0xfd, 0xd4, 0xfd, 0xd4, 0xfd, 0x12, 0xfd, 0x16, 0xfe,
  0x96, 0xfe, 0xd4, 0xfd, 0x92, 0xfd, 0xd4, 0xfd, 0x16, 0xfe, 0x56, 0xfe,
  0x52, 0xfd, 0xd4, 0xfd, 0xd4, 0xfd, 0x12, 0xfd, 0x94, 0xfd, 0xd0, 0xfc,
  0xcc, 0xf3, 0x12, 0xfd, 0x16, 0xfe, 0xd4, 0xfd, 0x10, 0xfd, 0x12, 0xfd,
  0xd4, 0xfd, 0xd4, 0xfd, 0x92, 0xfd, 0xd0, 0xfc, 0xd0, 0xfc, 0x90, 0xfc,
  0x8c, 0xc3, 0x48, 0x82, 0x88, 0x72, 0x8c, 0xa4, 0x0e, 0xb5, 0x06, 0x94,
  0xce, 0xff, 0xee, 0xff, 0xee, 0xff, 0xee, 0xff, 0xee, 0xff, 0x0c, 0xff,
  0x48, 0xc5, 0x8a, 0xc5, 0x48, 0x94, 0x02, 0x42, 0x02, 0x42, 0xc6, 0x83,
  0xc8, 0xb4, 0x84, 0x83, 0x04, 0x94, 0x88, 0xf6, 0x08, 0xe6, 0x48, 0xf6,
  0x08, 0xe6, 0x48, 0xf6, 0x88, 0xf6, 0xcc, 0xff, 0xcc, 0xf6, 0x08, 0xe6,
  0xf0, 0xff, 0xf6, 0xff, 0x8e, 0xff, 0xca, 0xd5, 0xc6, 0x83, 0xc6, 0x83,
  0xc8, 0xa4, 0xca, 0xa4, 0xcc, 0xf6, 0x52, 0xff, 0x94, 0xe6, 0xce, 0xc4,
  0x0a, 0xc3, 0x4e, 0xfc, 0x0e, 0xfc, 0x10, 0xfd, 0x52, 0xfd, 0x52, 0xfd,
  0x94, 0xfd, 0xd4, 0xfd, 0x56, 0xfe, 0x16, 0xfe, 0x14, 0xfe, 0x18, 0xff,
  0x16, 0xfe, 0x14, 0xfe, 0x56, 0xfe, 0x4e, 0xfc, 0x12, 0xfd, 0x92, 0xfd,
  0x52, 0xfd, 0x92, 0xfd, 0x92, 0xfd, 0x16, 0xfe, 0xd8, 0xfe, 0x94, 0xfd,
  0xd4, 0xfd, 0x94, 0xfd, 0x92, 0xfd, 0x52, 0xfd, 0x52, 0xfd, 0x14, 0xfe,
  0x94, 0xfd, 0x92, 0xfd, 0x92, 0xfd, 0x52, 0xfd, 0x94, 0xfd, 0x94, 0xfd,
  0x14, 0xfe, 0x92, 0xfd, 0x52, 0xfd, 0x92, 0xfd, 0x94, 0xfd, 0x16, 0xfe,
  0xd4, 0xfd, 0x52, 0xfd, 0x12, 0xfd, 0x10, 0xfd, 0xd0, 0xfc, 0x12, 0xfd,
  0x94, 0xfd, 0x92, 0xfd, 0x92, 0xfd, 0x92, 0xfd, 0xd4, 0xfd, 0xd4, 0xfd,
  0x94, 0xfd, 0xd4, 0xfd, 0xd4, 0xfd, 0xd4, 0xfd, 0x94, 0xfd, 0x94, 0xfd,
  0x14, 0xfe, 0xd4, 0xfd, 0x94, 0xfd, 0xd4, 0xfd, 0x94, 0xfd, 0x52, 0xfd,
  0x90, 0xfc, 0x92, 0xfd, 0x16, 0xfe, 0x12, 0xfd, 0xce, 0xc4, 0x12, 0xd6,
  0xcc, 0x83, 0x0e, 0x53, 0x54, 0x84, 0xd6, 0x94, 0x5e, 0xb6, 0x1f, 0xc7,
  0x12, 0x74, 0x4e, 0x63, 0x96, 0x84, 0x9a, 0xa5, 0x9e, 0xc6, 0xd6, 0x84,
  0x96, 0x84, 0x9a, 0xa5, 0x96, 0x84, 0xdc, 0xa5, 0x5e, 0xb6, 0x5a, 0x95,
  0x18, 0x95, 0x56, 0x74, 0x9a, 0xa5, 0x5a, 0xa5, 0x18, 0x95, 0x90, 0x63,
  0x12, 0x74, 0x96, 0x84, 0x90, 0x63, 0x0e, 0x53, 0xd2, 0x73, 0x12, 0x74,
  0x9a, 0xa5, 0x1f, 0xd7, 0xff, 0xff, 0x9f, 0xd7, 0x5e, 0xb6, 0x5a, 0x95,
  0x18, 0x95, 0xd6, 0x84, 0x54, 0x74, 0x90, 0x63, 0xce, 0x52, 0xd2, 0x73,
  0x1c, 0xb6, 0x1c, 0xb6, 0x18, 0x95, 0x12, 0x74, 0xdc, 0xa5, 0xdc, 0xa5,
  0x9a, 0xa5, 0x18, 0x95, 0x5e, 0xc6, 0x14, 0x74, 0x50, 0x63, 0xcc, 0x52,
  0x90, 0x63, 0x5a, 0x95, 0xdf, 0xc6, 0x9f, 0xe7, 0xff, 0xff, 0xdf, 0xe7,
  0xff, 0xff, 0xff, 0xff, 0xff, 0xf7, 0xff, 0xe7, 0x1f, 0xc7, 0x18, 0x95,
  0x14, 0x74, 0x1c, 0xb6, 0x5e, 0xb6, 0xda, 0xa5, 0xda, 0xa5, 0x12, 0x74,
  0x0e, 0xb5, 0xce, 0xa4, 0x0a, 0xa3, 0x0a, 0xb3, 0x0a, 0xa3, 0x8c, 0xd3,
  0x0e, 0xfc, 0x4e, 0xfc, 0x90, 0xfc, 0x52, 0xfd, 0x10, 0xfd, 0x0a, 0xa3,
  0x48, 0x92, 0xca, 0xd2, 0x8c, 0xf3, 0x8c, 0xf3, 0x0a, 0xc3, 0x0a, 0xc3,
  0xcc, 0xe3, 0x8c, 0xe3, 0x0a, 0xe3, 0x0e, 0xfc, 0x8c, 0xf3, 0x0e, 0xfc,
  0x12, 0xfd, 0xd4, 0xfd, 0x52, 0xfd, 0xd0, 0xfc, 0x8c, 0xd3, 0xca, 0xc2,
  0x0a, 0xe3, 0xd0, 0xfc, 0xd8, 0xfe, 0xd4, 0xfd, 0x10, 0xfd, 0x90, 0xfc,
  0x90, 0xfc, 0x90, 0xfc, 0x16, 0xfe, 0x56, 0xfe, 0x12, 0xfd, 0xd0, 0xfc,
  0x52, 0xfd, 0x52, 0xfd, 0x10, 0xfd, 0x56, 0xfe, 0x9c, 0xff, 0x16, 0xfe,
  0x52, 0xfd, 0x52, 0xfd, 0xd4, 0xfd, 0x52, 0xfd, 0x10, 0xfd, 0x98, 0xfe,
  0x98, 0xfe, 0xd4, 0xfd, 0x52, 0xfd, 0x52, 0xfd, 0x12, 0xfd, 0x56, 0xfe,
  0x94, 0xfd, 0x16, 0xfe, 0x56, 0xfe, 0x52, 0xfd, 0x52, 0xfd, 0x92, 0xfd,
  0x10, 0xfd, 0xd0, 0xfc, 0x0e, 0xfc, 0x4c, 0xc3, 0x0a, 0xa3, 0x88, 0x92,
  0xc8, 0x92, 0x4e, 0xc5, 0xd0, 0xc5, 0x46, 0x73, 0xca, 0xd5, 0xcc, 0xff,
  0xf2, 0xff, 0xf2, 0xff, 0x0a, 0xf7, 0xec, 0xff, 0x4a, 0xe6, 0x88, 0xa4,
  0x46, 0x73, 0xc2, 0x41, 0x86, 0x73, 0x0a, 0xd6, 0x4c, 0xff, 0x08, 0xd6,
  0x4a, 0xff, 0xee, 0xff, 0x0a, 0xf7, 0xc8, 0xd5, 0x88, 0xc5, 0xca, 0xf6,
  0x0a, 0xe6, 0xf2, 0xff, 0xf4, 0xff, 0xf0, 0xff, 0xf4, 0xff, 0xf8, 0xff,
  0xf2, 0xff, 0x8a, 0xf6, 0x4a, 0xd6, 0x88, 0xa4, 0x8e, 0xe6, 0x0e, 0xd6,
  0xf2, 0xff, 0x10, 0xf7, 0x12, 0xd6, 0x4c, 0xa4, 0x88, 0xa2, 0x0a, 0xc3,
  0xcc, 0xfb, 0xd0, 0xfc, 0xd4, 0xfd, 0x96, 0xfe, 0x96, 0xfe, 0xd0, 0xfc,
  0x12, 0xfd, 0x56, 0xfe, 0xd8, 0xfe, 0x14, 0xfe, 0xd0, 0xfc, 0x52, 0xfd,
  0x92, 0xfd, 0x12, 0xfd, 0x92, 0xfd, 0x52, 0xfd, 0x92, 0xfd, 0x94, 0xfd,
  0x92, 0xfd, 0x52, 0xfd, 0xd4, 0xfd, 0xd4, 0xfd, 0x96, 0xfe, 0xd8, 0xfe,
  0x5a, 0xff, 0x14, 0xfe, 0xd4, 0xfd, 0xd4, 0xfd, 0x52, 0xfd, 0x4e, 0xfc,
  0x90, 0xfc, 0x12, 0xfd, 0x52, 0xfd, 0x92, 0xfd, 0x16, 0xfe, 0x52, 0xfd,
  0x52, 0xfd, 0x94, 0xfd, 0xd4, 0xfd, 0xd4, 0xfd, 0x94, 0xfd, 0x94, 0xfd,
  0xd4, 0xfd, 0x92, 0xfd, 0x52, 0xfd, 0xd0, 0xfc, 0xd0, 0xfc, 0x52, 0xfd,
  0xd4, 0xfd, 0x12, 0xfd, 0xd4, 0xfd, 0x16, 0xfe, 0x94, 0xfd, 0xd4, 0xfd,
  0xd4, 0xfd, 0x16, 0xfe, 0xd4, 0xfd, 0xd4, 0xfd, 0x14, 0xfe, 0x14, 0xfe,
  0x56, 0xfe, 0x56, 0xfe, 0x14, 0xfe, 0x94, 0xfd, 0xd4, 0xfd, 0xd8, 0xfe,
  0x14, 0xfe, 0x90, 0xfc, 0x90, 0xe5, 0x90, 0xc5, 0xce, 0x83, 0xcc, 0x52,
  0x0e, 0x53, 0x54, 0x84, 0x58, 0x95, 0x1f, 0xc7, 0xda, 0xa5, 0x0e, 0x53,
  0x94, 0x84, 0x96, 0x84, 0x9a, 0xa5, 0xdf, 0xc6, 0x5f, 0xd7, 0xdf, 0xe7,
  0xda, 0xa5, 0xd2, 0x73, 0x9a, 0xa5, 0x18, 0x95, 0x1c, 0xb6, 0x54, 0x84,
  0x12, 0x74, 0x58, 0x95, 0x1c, 0xb6, 0xda, 0xa5, 0x9e, 0xc6, 0xdf, 0xe7,
  0x9e, 0xc6, 0x54, 0x74, 0x12, 0x74, 0xd6, 0x84, 0x9a, 0xa5, 0x96, 0x84,
  0x54, 0x74, 0xd8, 0x94, 0x9e, 0xb6, 0x5f, 0xd7, 0x9f, 0xe7, 0xda, 0xa5,
  0x58, 0x95, 0x18, 0x95, 0x0e, 0x53, 0x50, 0x63, 0x5e, 0xb6, 0xff, 0xf7,
  0xff, 0xe7, 0x9e, 0xc6, 0x9a, 0xa5, 0xdf, 0xc6, 0xff, 0xf7, 0xff, 0xf7,
  0xdf, 0xc6, 0xdf, 0xc6, 0xde, 0xc6, 0xd6, 0x94, 0xd2, 0x63, 0xd2, 0x73,
  0x54, 0x74, 0xd6, 0x94, 0xde, 0xd6, 0x5e, 0xb6, 0x9e, 0xc6, 0xdf, 0xe7,
  0x5c, 0xb6, 0xde, 0xc6, 0xff, 0xe7, 0xdf, 0xc6, 0x18, 0x95, 0x54, 0x84,
  0x16, 0x95, 0x58, 0x95, 0xd2, 0x73, 0x8a, 0x52, 0x0a, 0x84, 0xce, 0xb4,
  0x8c, 0xb3, 0x0e, 0xf4, 0x12, 0xfd, 0xd0, 0xfc, 0x90, 0xfc, 0x90, 0xfc,
  0x90, 0xfc, 0x98, 0xfe, 0x98, 0xfe, 0x4e, 0xf4, 0xc8, 0xa2, 0x48, 0x82,
  0xcc, 0xd3, 0x0a, 0xb3, 0xc6, 0x71, 0xc6, 0x61, 0x88, 0x92, 0x0a, 0xc3,
  0x8c, 0xe3, 0x8c, 0xd3, 0x4c, 0xd3, 0x4a, 0xd3, 0x90, 0xfc, 0xd4, 0xfd,
  0xd0, 0xfc, 0x52, 0xfd, 0x52, 0xfd, 0x12, 0xfd, 0x94, 0xfd, 0x90, 0xfc,
  0x4e, 0xfc, 0x92, 0xfd, 0x56, 0xfe, 0x18, 0xff, 0x98, 0xfe, 0x94, 0xfd,
  0x12, 0xfd, 0xd0, 0xfc, 0x4e, 0xfc, 0xd0, 0xfc, 0x92, 0xfd, 0x52, 0xfd,
  0x52, 0xfd, 0x94, 0xfd, 0xd8, 0xfe, 0x94, 0xfd, 0x10, 0xfd, 0x94, 0xfd,
  0x16, 0xfe, 0x52, 0xfd, 0x12, 0xfd, 0x12, 0xfd, 0x92, 0xfd, 0xd4, 0xfd,
  0x94, 0xfd, 0x94, 0xfd, 0x52, 0xfd, 0x16, 0xfe, 0xd0, 0xfc, 0x52, 0xfd,
  0x96, 0xfe, 0x52, 0xfd, 0x90, 0xfc, 0x12, 0xfd, 0x12, 0xfd, 0xd0, 0xfc,
  0xc8, 0xa2, 0x88, 0x92, 0x4e, 0xe4, 0x0e, 0xe4, 0x8c, 0xc3, 0x50, 0xc5,
  0x54, 0xe6, 0x48, 0x73, 0x06, 0x94, 0x48, 0xc5, 0xc8, 0xb4, 0x4a, 0xc5,
  0x86, 0xa4, 0x4a, 0xd6, 0x4a, 0xe6, 0x06, 0x94, 0xc4, 0x62, 0x04, 0x73,
  0xc8, 0xa4, 0x4a, 0xb5, 0xc8, 0xa4, 0x86, 0xa4, 0x88, 0xc5, 0x8c, 0xff,
  0xcc, 0xff, 0x8a, 0xe6, 0x06, 0x94, 0x88, 0xc5, 0xc6, 0xa4, 0x88, 0xa4,
  0x8c, 0xe6, 0x0e, 0xff, 0x4e, 0xff, 0xce, 0xff, 0x0a, 0xf7, 0x48, 0xb5,
  0x48, 0x94, 0x84, 0x62, 0x48, 0x94, 0x48, 0x94, 0x0a, 0xd6, 0x8c, 0xc5,
  0x12, 0xd6, 0x8e, 0xb4, 0x88, 0x92, 0xca, 0xb2, 0xcc, 0xfb, 0x92, 0xfd,
  0xd4, 0xfd, 0x14, 0xfe, 0x98, 0xfe, 0x52, 0xfd, 0x10, 0xfd, 0x92, 0xfd,
  0x16, 0xfe, 0x52, 0xfd, 0x52, 0xfd, 0x94, 0xfd, 0x14, 0xfe, 0x12, 0xfd,
  0x94, 0xfd, 0x92, 0xfd, 0x94, 0xfd, 0x96, 0xfe, 0x16, 0xfe, 0x52, 0xfd,
  0x52, 0xfd, 0x92, 0xfd, 0x1a, 0xff, 0x5a, 0xff, 0xd8, 0xfe, 0x98, 0xfe,
  0x98, 0xfe, 0x14, 0xfe, 0xd4, 0xfd, 0x90, 0xfc, 0x10, 0xfd, 0x52, 0xfd,
  0x10, 0xfd, 0x10, 0xfd, 0x14, 0xfe, 0x14, 0xfe, 0x52, 0xfd, 0xd4, 0xfd,
  0xd4, 0xfd, 0x14, 0xfe, 0xd4, 0xfd, 0x52, 0xfd, 0x92, 0xfd, 0x92, 0xfd,
  0x92, 0xfd, 0x14, 0xfe, 0x16, 0xfe, 0xd4, 0xfd, 0xd4, 0xfd, 0xd4, 0xfd,
  0x98, 0xfe, 0x56, 0xfe, 0xd4, 0xfd, 0x16, 0xfe, 0xd4, 0xfd, 0x92, 0xfd,
  0x52, 0xfd, 0x94, 0xfd, 0x56, 0xfe, 0xd4, 0xfd, 0x56, 0xfe, 0x56, 0xfe,
  0x56, 0xfe, 0x52, 0xfd, 0x52, 0xfd, 0x96, 0xfe, 0x16, 0xfe, 0xd0, 0xfc,
  0x10, 0xd5, 0x90, 0xc5, 0xca, 0x62, 0x08, 0x32, 0x0a, 0x42, 0xcc, 0x52,
  0xcc, 0x52, 0x90, 0x63, 0x18, 0x95, 0x90, 0x63, 0x8c, 0x42, 0x90, 0x63,
  0xd2, 0x73, 0x12, 0x74, 0x58, 0x95, 0x5a, 0x95, 0x12, 0x74, 0x0e, 0x53,
  0x4e, 0x63, 0x50, 0x63, 0x54, 0x74, 0xd6, 0x94, 0x4e, 0x63, 0x50, 0x63,
  0x0e, 0x53, 0x12, 0x74, 0x54, 0x84, 0x58, 0x95, 0xda, 0xa5, 0x9a, 0xa5,
  0xdc, 0xa5, 0x1c, 0xb6, 0x5e, 0xb6, 0xda, 0xa5, 0x0e, 0x53, 0x8c, 0x42,
  0x90, 0x63, 0x18, 0x95, 0x9a, 0xa5, 0x1c, 0xb6, 0x5e, 0xb6, 0x1f, 0xd7,
  0x58, 0x95, 0x0e, 0x53, 0x50, 0x63, 0x94, 0x84, 0xd6, 0x84, 0x9a, 0xa5,
  0x18, 0x95, 0x54, 0x84, 0xda, 0xa5, 0xde, 0xc6, 0x1c, 0xb6, 0xda, 0xa5,
  0xda, 0xa5, 0x58, 0x95, 0x54, 0x74, 0xd2, 0x73, 0x54, 0x84, 0x4e, 0x63,
  0x90, 0x63, 0xd2, 0x73, 0x54, 0x74, 0x54, 0x84, 0x12, 0x74, 0x90, 0x63,
  0x94, 0x84, 0x9a, 0xa5, 0x94, 0x84, 0x0e, 0x53, 0x0e, 0x53, 0x50, 0x63,
  0x4a, 0x42, 0x48, 0x42, 0xc8, 0x62, 0x4c, 0xa4, 0x0a, 0x93, 0x0a, 0xb3,
  0x0e, 0xf4, 0x0e, 0xf4, 0x0e, 0xe4, 0x4e, 0xf4, 0x0e, 0xe4, 0xd2, 0xf4,
  0x12, 0xfd, 0x12, 0xfd, 0xcc, 0xe3, 0x48, 0x92, 0x06, 0x72, 0x48, 0x82,
  0x48, 0x82, 0x84, 0x51, 0x84, 0x51, 0x06, 0x72, 0x0a, 0xb3, 0x8c, 0xd3,
  0x0e, 0xe4, 0x0a, 0xa3, 0x0a, 0xc3, 0xcc, 0xe3, 0xca, 0xa2, 0x0a, 0xb3,
  0x4e, 0xf4, 0xd0, 0xfc, 0x94, 0xfd, 0x4e, 0xe4, 0x0a, 0xb3, 0xca, 0xb2,
  0x4c, 0xc3, 0x4e, 0xe4, 0x4e, 0xf4, 0x8c, 0xe3, 0xcc, 0xe3, 0x0e, 0xf4,
  0x4a, 0xc3, 0x88, 0xa2, 0x4a, 0xd3, 0x8c, 0xe3, 0xcc, 0xf3, 0x0e, 0xfc,
  0x0e, 0xf4, 0x4a, 0xc3, 0x4c, 0xd3, 0xcc, 0xf3, 0xcc, 0xe3, 0x8c, 0xe3,
  0x0a, 0xc3, 0x88, 0xa2, 0x8c, 0xd3, 0x90, 0xfc, 0x0e, 0xfc, 0x0e, 0xf4,
  0xce, 0xe3, 0x0e, 0xf4, 0x8c, 0xe3, 0x0e, 0xf4, 0x0e, 0xe4, 0x0e, 0xf4,
  0x4e, 0xfc, 0x0e, 0xf4, 0xce, 0xe3, 0x4a, 0xb3, 0x84, 0x51, 0x04, 0x41,
  0xc6, 0x71, 0x88, 0x92, 0x0a, 0xa3, 0x90, 0xc5, 0x0e, 0xb5, 0x88, 0x73,
  0x88, 0x83, 0x46, 0x73, 0x48, 0x73, 0x88, 0x83, 0x46, 0x73, 0x88, 0x83,
  0x4a, 0x94, 0x88, 0x83, 0x88, 0x73, 0x86, 0x83, 0x48, 0x94, 0x88, 0x83,
  0x06, 0x63, 0x06, 0x73, 0xc8, 0x83, 0x08, 0x94, 0xc8, 0xb4, 0x88, 0xa4,
  0x06, 0x63, 0x06, 0x63, 0x04, 0x63, 0xc8, 0x83, 0xc8, 0x83, 0x8a, 0xa4,
  0x48, 0xa4, 0x46, 0x94, 0x86, 0x83, 0x04, 0x63, 0xc6, 0x62, 0x86, 0x62,
  0xc6, 0x62, 0x46, 0x73, 0x06, 0x94, 0x0a, 0x94, 0x90, 0xc5, 0xcc, 0x93,
  0x4c, 0xc3, 0x4e, 0xfc, 0x12, 0xfd, 0x98, 0xfe, 0x94, 0xfd, 0x16, 0xfe,
  0x14, 0xfe, 0x94, 0xfd, 0x92, 0xfd, 0xd4, 0xfd, 0xd4, 0xfd, 0x92, 0xfd,
  0x14, 0xfe, 0xd8, 0xfe, 0x16, 0xfe, 0x12, 0xfd, 0x94, 0xfd, 0xd4, 0xfd,
  0xd4, 0xfd, 0x98, 0xfe, 0x56, 0xfe, 0x52, 0xfd, 0x52, 0xfd, 0x52, 0xfd,
  0x56, 0xfe, 0x14, 0xfe, 0x52, 0xfd, 0x16, 0xfe, 0x56, 0xfe, 0x56, 0xfe,
  0x14, 0xfe, 0x56, 0xfe, 0xd4, 0xfd, 0x16, 0xfe, 0x94, 0xfd, 0x52, 0xfd,
  0x92, 0xfd, 0x16, 0xfe, 0x14, 0xfe, 0xd4, 0xfd, 0xd4, 0xfd, 0xd4, 0xfd,
  0x52, 0xfd, 0x10, 0xfd, 0x52, 0xfd, 0x56, 0xfe, 0x56, 0xfe, 0xd8, 0xfe,
  0x98, 0xfe, 0x56, 0xfe, 0x94, 0xfd, 0xd8, 0xfe, 0x16, 0xfe, 0x14, 0xfe,
  0xd4, 0xfd, 0x56, 0xfe, 0x56, 0xfe, 0x94, 0xfd, 0xd0, 0xfc, 0xd4, 0xfd,
  0xd8, 0xfe, 0xd4, 0xfd, 0x56, 0xfe, 0x98, 0xfe, 0x14, 0xfe, 0x52, 0xfd,
  0xd4, 0xfd, 0x14, 0xfe, 0x94, 0xfd, 0x8c, 0xd3, 0x10, 0xc5, 0xd0, 0xc5,
  0x8a, 0x73, 0xca, 0x52, 0xca, 0x62, 0x8c, 0x73, 0xcc, 0x83, 0x8e, 0x73,
  0x4e, 0x63, 0xcc, 0x52, 0x48, 0x52, 0x8a, 0x52, 0x8a, 0x52, 0xca, 0x52,
  0x8a, 0x52, 0xcc, 0x52, 0x0c, 0x53, 0x4c, 0x63, 0x0c, 0x63, 0x0c, 0x63,
  0xcc, 0x52, 0x4c, 0x63, 0xca, 0x52, 0x0c, 0x63, 0xc8, 0x52, 0x8a, 0x52,
  0x0a, 0x63, 0xca, 0x62, 0xcc, 0x52, 0x0c, 0x53, 0xcc, 0x52, 0x4e, 0x63,
  0x10, 0x84, 0x50, 0x84, 0x0c, 0x63, 0x8a, 0x52, 0xca, 0x52, 0xca, 0x52,
  0x0c, 0x63, 0x8e, 0x73, 0xd0, 0x73, 0x94, 0x94, 0x52, 0x84, 0x90, 0x73,
  0x88, 0x52, 0x08, 0x42, 0xc8, 0x52, 0x0c, 0x63, 0x4e, 0x63, 0x8e, 0x73,
  0x8e, 0x73, 0x8e, 0x73, 0x4e, 0x63, 0x8e, 0x73, 0x8e, 0x73, 0x52, 0x84,
  0xce, 0x73, 0xca, 0x52, 0x4c, 0x63, 0xcc, 0x52, 0x4c, 0x63, 0x4c, 0x63,
  0xca, 0x62, 0x8a, 0x52, 0x8a, 0x52, 0x4c, 0x73, 0x4e, 0x63, 0x8e, 0x73,
  0xce, 0x73, 0xca, 0x62, 0xca, 0x52, 0x8a, 0x52, 0x48, 0x52, 0x4a, 0x73,
  0x8c, 0xa4, 0xce, 0xa4, 0xc8, 0x72, 0x88, 0x72, 0x08, 0x83, 0x4a, 0x83,
  0x8a, 0x93, 0x4a, 0x93, 0xc8, 0x82, 0x88, 0x82, 0xc8, 0x92, 0xcc, 0xb3,
  0x88, 0x82, 0xc8, 0x72, 0xc8, 0x62, 0xc8, 0x72, 0xc8, 0x82, 0x0a, 0x83,
  0x06, 0x52, 0x06, 0x52, 0x08, 0x83, 0x4a, 0x83, 0x4a, 0x93, 0x0a, 0x83,
  0x88, 0x72, 0x88, 0x82, 0x4a, 0x93, 0x4a, 0x93, 0x0a, 0x93, 0xc8, 0x82,
  0x8c, 0xa3, 0x4a, 0x93, 0xc8, 0x72, 0x86, 0x62, 0x46, 0x62, 0x88, 0x72,
  0x8a, 0xa3, 0x8a, 0xa3, 0x0a, 0xa3, 0x4a, 0xa3, 0x0a, 0x83, 0x46, 0x72,
  0xc8, 0x92, 0x0a, 0x93, 0x8c, 0xa3, 0x4a, 0xa3, 0x4a, 0xa3, 0x8c, 0xa3,
  0x4a, 0xa3, 0x0a, 0xa3, 0x88, 0x82, 0xc8, 0x92, 0x8a, 0xa3, 0xc8, 0x82,
  0xc8, 0x82, 0x4a, 0xa3, 0x4a, 0xa3, 0x8c, 0xa3, 0x0a, 0xa3, 0x8c, 0xb3,
  0x0a, 0x93, 0x88, 0x92, 0x88, 0x82, 0x4a, 0xa3, 0x4a, 0xa3, 0x8c, 0xa3,
  0x4a, 0xa3, 0x46, 0x62, 0x84, 0x41, 0x84, 0x41, 0x84, 0x41, 0xc6, 0x51,
  0x08, 0x83, 0x4c, 0xa4, 0x12, 0xd6, 0x48, 0x73, 0x0a, 0x94, 0x0a, 0x94,
  0x4c, 0x94, 0x4e, 0xb5, 0xce, 0xb4, 0xce, 0xa4, 0x4e, 0xb5, 0x4e, 0xb5,
  0x8c, 0xa4, 0x0c, 0x94, 0x4c, 0x94, 0x8c, 0xa4, 0xca, 0x83, 0x48, 0x73,
  0x4c, 0x94, 0x12, 0xd6, 0x12, 0xd6, 0x4c, 0x94, 0x0e, 0xb5, 0x12, 0xd6,
  0x0a, 0x94, 0xca, 0x83, 0xce, 0xa4, 0x50, 0xc5, 0xca, 0x83, 0xca, 0x83,
  0xca, 0x83, 0x8a, 0x83, 0x50, 0xc5, 0x8c, 0xa4, 0x4c, 0x94, 0x88, 0x83,
  0x0e, 0xb5, 0x8c, 0x94, 0xce, 0xa4, 0x4a, 0x93, 0x0e, 0xf4, 0x52, 0xfd,
  0xd4, 0xfd, 0x52, 0xfd, 0xd0, 0xfc, 0xd4, 0xfd, 0xd4, 0xfd, 0x92, 0xfd,
  0xd4, 0xfd, 0x96, 0xfe, 0xd4, 0xfd, 0x92, 0xfd, 0x92, 0xfd, 0xd4, 0xfd,
  0x52, 0xfd, 0x94, 0xfd, 0x16, 0xfe, 0x1a, 0xff, 0xd4, 0xfd, 0x56, 0xfe,
  0x92, 0xfd, 0x10, 0xfd, 0xd0, 0xfc, 0x94, 0xfd, 0x16, 0xfe, 0x14, 0xfe,
  0x94, 0xfd, 0xd4, 0xfd, 0x16, 0xfe, 0xd4, 0xfd, 0x14, 0xfe, 0x96, 0xfe,
  0x94, 0xfd, 0xd4, 0xfd, 0x16, 0xfe, 0x98, 0xfe, 0x94, 0xfd, 0x1a, 0xff,
  0x5a, 0xff, 0xd8, 0xfe, 0xd8, 0xfe, 0x96, 0xfe, 0xd8, 0xfe, 0xd4, 0xfd,
  0x52, 0xfd, 0xd4, 0xfd, 0x98, 0xfe, 0x16, 0xfe, 0x94, 0xfd, 0xd4, 0xfd,
  0x94, 0xfd, 0x14, 0xfe, 0xd4, 0xfd, 0xd4, 0xfd, 0x56, 0xfe, 0xd8, 0xfe,
  0x96, 0xfe, 0x16, 0xfe, 0x52, 0xfd, 0x16, 0xfe, 0xd8, 0xfe, 0x52, 0xfd,
  0x92, 0xfd, 0x10, 0xfd, 0x52, 0xfd, 0x16, 0xfe, 0x96, 0xfe, 0x56, 0xfe,
  0x96, 0xfe, 0x0e, 0xe4, 0x90, 0xc5, 0x52, 0xd6, 0x0a, 0x94, 0xca, 0x83,
  0x4c, 0x94, 0xd0, 0xc5, 0xd6, 0xf6, 0x12, 0xd6, 0x50, 0xb5, 0xce, 0xa4,
  0xce, 0xa4, 0x50, 0xb5, 0xd2, 0xc5, 0x90, 0xc5, 0x0e, 0xb5, 0x8a, 0x83,
  0x8a, 0x73, 0x8e, 0xa4, 0x90, 0xc5, 0xce, 0xa4, 0xca, 0x83, 0x8c, 0xa4,
  0x8c, 0xa4, 0x4c, 0x94, 0x4c, 0x94, 0x4c, 0x94, 0x12, 0xd6, 0x50, 0xb5,
  0x4c, 0x94, 0x4c, 0x94, 0x48, 0x73, 0xca, 0x83, 0x4c, 0x94, 0x8e, 0xa4,
  0x90, 0xc5, 0xca, 0x83, 0x48, 0x73, 0x0e, 0xb5, 0xce, 0xa4, 0x8e, 0xa4,
  0x0e, 0xb5, 0x0e, 0xb5, 0x0e, 0xb5, 0x90, 0xc5, 0x50, 0xb5, 0xce, 0xa4,
  0xce, 0xa4, 0x8e, 0xa4, 0xca, 0x83, 0x12, 0xd6, 0xd0, 0xc5, 0x50, 0xb5,
  0x0c, 0x84, 0x50, 0xb5, 0x50, 0xb5, 0x50, 0xc5, 0xd2, 0xd5, 0x90, 0xc5,
  0x90, 0xc5, 0x0e, 0xb5, 0x90, 0xc5, 0xd0, 0xc5, 0xd0, 0xc5, 0xce, 0xa4,
  0x48, 0x73, 0xce, 0xa4, 0xce, 0xa4, 0xd2, 0xd5, 0x94, 0xe6, 0xd0, 0xc5,
  0x52, 0xd6, 0xd0, 0xc5, 0x90, 0xc5, 0x50, 0xb5, 0x4e, 0xb5, 0xce, 0xb4,
  0x8a, 0x83, 0x0c, 0x94, 0x12, 0xd6, 0x52, 0xd6, 0x90, 0xc5, 0x94, 0xe6,
  0xd0, 0xd5, 0xce, 0xa4, 0xca, 0x83, 0xce, 0xa4, 0x12, 0xd6, 0x50, 0xb5,
  0x90, 0xc5, 0x52, 0xe6, 0xce, 0xa4, 0x0e, 0xb5, 0x8c, 0xa4, 0xca, 0x83,
  0x12, 0xd6, 0x12, 0xd6, 0x4e, 0xb5, 0x8a, 0x83, 0x0c, 0x94, 0xca, 0x83,
  0x90, 0xc5, 0x0e, 0xb5, 0xce, 0xa4, 0x0e, 0xb5, 0x90, 0xc5, 0xd0, 0xc5,
  0x50, 0xb5, 0x12, 0xd6, 0x0e, 0xb5, 0x8c, 0xa4, 0x4e, 0xc5, 0xce, 0xa4,
  0x90, 0xc5, 0xd0, 0xc5, 0x12, 0xd6, 0x4c, 0x94, 0x0e, 0xb5, 0x0c, 0x94,
  0x0e, 0xb5, 0x90, 0xc5, 0x0a, 0x94, 0x90, 0xc5, 0xd2, 0xd5, 0x12, 0xd6,
  0xce, 0xa4, 0x0e, 0xb5, 0xce, 0xa4, 0x94, 0xe6, 0x90, 0xc5, 0xd2, 0xd5,
  0x50, 0xc5, 0x94, 0xe6, 0x90, 0xc5, 0xce, 0xa4, 0x52, 0xe6, 0xca, 0x83,
  0x08, 0x73, 0x8a, 0x83, 0x8a, 0x83, 0x8c, 0xa4, 0x4c, 0x94, 0x0e, 0xb5,
  0x4c, 0x94, 0x8c, 0xa4, 0x90, 0xc5, 0x50, 0xc5, 0xce, 0xb4, 0x0e, 0xb5,
  0x92, 0xb5, 0x0e, 0x84, 0xcc, 0x83, 0x50, 0xb5, 0x92, 0xb5, 0x54, 0xd6,
  0x52, 0xb5, 0x56, 0xd6, 0x52, 0xb5, 0x92, 0xb5, 0x10, 0xa5, 0x92, 0xb5,
  0xce, 0xa4, 0x4c, 0x94, 0x4c, 0x94, 0xce, 0xa4, 0x90, 0x94, 0xd4, 0xc5,
  0x14, 0xd6, 0x52, 0xb5, 0xce, 0xa4, 0xd2, 0xc5, 0x52, 0xb5, 0x10, 0xb5,
  0x10, 0xa5, 0x92, 0xc5, 0x4e, 0x94, 0x8e, 0xa4, 0xce, 0xa4, 0x10, 0xb5,
  0x10, 0xa5, 0xd4, 0xc5, 0x56, 0xd6, 0x8e, 0x94, 0xce, 0xa4, 0xcc, 0x83,
  0x90, 0xc5, 0x4a, 0x83, 0x88, 0xa2, 0x4e, 0xfc, 0xd0, 0xfc, 0x90, 0xfc,
  0x52, 0xfd, 0xd4, 0xfd, 0x92, 0xfd, 0x52, 0xfd, 0x52, 0xfd, 0x52, 0xfd,
  0x92, 0xfd, 0xd4, 0xfd, 0xd4, 0xfd, 0x98, 0xfe, 0xd8, 0xfe, 0x96, 0xfe,
  0x98, 0xfe, 0x56, 0xfe, 0x92, 0xfd, 0x92, 0xfd, 0xd4, 0xfd, 0x52, 0xfd,
  0x52, 0xfd, 0x12, 0xfd, 0xd4, 0xfd, 0x92, 0xfd, 0x14, 0xfe, 0x56, 0xfe,
  0x98, 0xfe, 0xd4, 0xfd, 0x16, 0xfe, 0x16, 0xfe, 0x52, 0xfd, 0xcc, 0xe3,
  0x90, 0xfc, 0x52, 0xfd, 0x92, 0xfd, 0x98, 0xfe, 0xd8, 0xfe, 0x96, 0xfe,
  0x56, 0xfe, 0x96, 0xfe, 0xd8, 0xfe, 0x96, 0xfe, 0xd4, 0xfd, 0xd4, 0xfd,
  0x94, 0xfd, 0x16, 0xfe, 0x16, 0xfe, 0x98, 0xfe, 0xd4, 0xfd, 0x52, 0xfd,
  0xd4, 0xfd, 0xd4, 0xfd, 0x56, 0xfe, 0x16, 0xfe, 0x94, 0xfd, 0x14, 0xfe,
  0x52, 0xfd, 0x52, 0xfd, 0xd4, 0xfd, 0x10, 0xfd, 0x52, 0xfd, 0x12, 0xfd,
  0x12, 0xfd, 0x94, 0xfd, 0xd4, 0xfd, 0x14, 0xfe, 0x9a, 0xff, 0x12, 0xfd,
  0x54, 0xe6, 0x12, 0xd6, 0x4c, 0x94, 0x4a, 0x94, 0x8e, 0xc5, 0x52, 0xd6,
  0x14, 0xf7, 0x52, 0xe6, 0xd0, 0xc5, 0x90, 0xc5, 0x52, 0xd6, 0x8e, 0xc5,
  0x54, 0xff, 0x90, 0xc5, 0x0e, 0xb5, 0xcc, 0xa4, 0x8c, 0xa4, 0x8a, 0xa4,
  0x4c, 0xb5, 0x10, 0xd6, 0x8e, 0xc5, 0xd0, 0xc5, 0xcc, 0xa4, 0x90, 0xc5,
  0xd0, 0xd5, 0xcc, 0xa4, 0x4e, 0xc5, 0x0e, 0xd6, 0x50, 0xe6, 0xd0, 0xd5,
  0x8e, 0xc5, 0x4a, 0x94, 0x0a, 0x94, 0xca, 0xa4, 0xd0, 0xc5, 0x0e, 0xb5,
  0x4a, 0x94, 0x8c, 0xa4, 0x90, 0xc5, 0x0c, 0x94, 0x0a, 0xa4, 0x4c, 0xb4,
  0x0e, 0xc5, 0xce, 0xb4, 0x12, 0xe6, 0x12, 0xe6, 0x4c, 0xb4, 0x52, 0xf6,
  0x8c, 0xb4, 0xce, 0xc4, 0x52, 0xf6, 0x0e, 0xd5, 0x92, 0xe5, 0x0e, 0xc5,
  0x0e, 0xc5, 0xce, 0xb4, 0x90, 0xd5, 0x54, 0xf6, 0xd2, 0xe5, 0xd4, 0xfe,
  0x90, 0xd5, 0x90, 0xd5, 0xd0, 0xe5, 0x10, 0xd5, 0x4c, 0xb4, 0x10, 0xd5,
  0x90, 0xd5, 0x52, 0xf6, 0x94, 0xfe, 0xd2, 0xe5, 0x94, 0xf6, 0x0e, 0xc5,
  0x0e, 0xc5, 0xd0, 0xe5, 0x90, 0xd5, 0xce, 0xc4, 0xce, 0xc4, 0x50, 0xd5,
  0xd0, 0xd5, 0xce, 0xc4, 0xce, 0xc4, 0xd2, 0xe5, 0x12, 0xe6, 0xd2, 0xd5,
  0x8e, 0xb4, 0x0c, 0xa4, 0xd0, 0xd5, 0x54, 0xe6, 0x10, 0xc5, 0x4c, 0xa4,
  0xca, 0x93, 0x8e, 0xb4, 0xd2, 0xd5, 0x4c, 0xa4, 0x50, 0xd5, 0x10, 0xd5,
  0x0e, 0xd5, 0x8e, 0xc4, 0xce, 0xc4, 0x4c, 0xb4, 0x90, 0xd5, 0x54, 0xf6,
  0x8e, 0xb4, 0xce, 0xc4, 0x0e, 0xc5, 0x12, 0xe6, 0xce, 0xb4, 0xd2, 0xe5,
  0xd0, 0xe5, 0x0e, 0xc5, 0x4e, 0xc5, 0x90, 0xc5, 0x90, 0xc5, 0x10, 0xa5,
  0x56, 0xd6, 0x54, 0xd6, 0x96, 0xe6, 0x14, 0xc6, 0xce, 0xa4, 0xd2, 0xc5,
  0x50, 0x94, 0x12, 0xa5, 0x52, 0xb5, 0x52, 0xb5, 0xd0, 0xa4, 0x54, 0xd6,
  0xd4, 0xc5, 0x96, 0xd6, 0xd4, 0xc5, 0x92, 0xc5, 0x10, 0xa5, 0x12, 0xa5,
  0x96, 0xd6, 0xd2, 0xc5, 0x54, 0xd6, 0x10, 0xa5, 0x50, 0xb5, 0x0c, 0x94,
  0x4c, 0x94, 0x0e, 0xb5, 0x8e, 0xa4, 0x50, 0xb5, 0x14, 0xd6, 0x92, 0xb5,
  0x50, 0xb5, 0x92, 0xc5, 0x92, 0xb5, 0x10, 0xb5, 0x9e, 0xc6, 0x9e, 0xc6,
  0x1c, 0xb6, 0x1c, 0xb6, 0xde, 0xc6, 0x9f, 0xe7, 0x5f, 0xd7, 0xff, 0xff,
  0xff, 0xff, 0xff, 0xf7, 0xdf, 0xe7, 0x1f, 0xd7, 0x9e, 0xc6, 0x9e, 0xc6,
  0xda, 0xb5, 0x9c, 0xc6, 0xdf, 0xe7, 0xdf, 0xe7, 0xff, 0xff, 0xdf, 0xf7,
  0x5c, 0xb6, 0x1c, 0xb6, 0x5c, 0xb6, 0x9e, 0xc6, 0x1c, 0xb6, 0xda, 0xb5,
  0x18, 0x95, 0xd6, 0x94, 0x58, 0xa5, 0xda, 0xa5, 0x5f, 0xe7, 0xff, 0xff,
  0xff, 0xff, 0x9e, 0xc6, 0xda, 0xb5, 0x12, 0xa5, 0xd0, 0xc5, 0x4a, 0x83,
  0x06, 0x72, 0x88, 0xb2, 0x8c, 0xfb, 0xd0, 0xfc, 0x16, 0xfe, 0x92, 0xfd,
  0x52, 0xfd, 0x10, 0xfd, 0x52, 0xfd, 0x16, 0xfe, 0xd4, 0xfd, 0x94, 0xfd,
  0xd4, 0xfd, 0xd8, 0xfe, 0xd8, 0xfe, 0x56, 0xfe, 0x5a, 0xff, 0xd4, 0xfd,
  0xd0, 0xfc, 0xd0, 0xfc, 0xd0, 0xfc, 0x12, 0xfd, 0x18, 0xff, 0xd4, 0xfd,
  0x14, 0xfe, 0x92, 0xfd, 0xd4, 0xfd, 0x56, 0xfe, 0xd4, 0xfd, 0x52, 0xfd,
  0x52, 0xfd, 0x12, 0xfd, 0x90, 0xfc, 0xcc, 0xe3, 0x90, 0xfc, 0xd4, 0xfd,
  0xd4, 0xfd, 0x56, 0xfe, 0xdc, 0xff, 0x98, 0xfe, 0x92, 0xfd, 0x52, 0xfd,
  0xd4, 0xfd, 0x56, 0xfe, 0x16, 0xfe, 0x14, 0xfe, 0xd4, 0xfd, 0x94, 0xfd,
  0x56, 0xfe, 0x56, 0xfe, 0x96, 0xfe, 0xd8, 0xfe, 0xd8, 0xfe, 0xd4, 0xfd,
  0x16, 0xfe, 0xd4, 0xfd, 0x12, 0xfd, 0xd4, 0xfd, 0xd4, 0xfd, 0x92, 0xfd,
  0xd0, 0xfc, 0x94, 0xfd, 0x94, 0xfd, 0xd4, 0xfd, 0xd4, 0xfd, 0xd4, 0xfd,
  0x98, 0xfe, 0x56, 0xfe, 0x94, 0xfd, 0x12, 0xfd, 0x10, 0xd5, 0x90, 0xc5,
  0x0a, 0x94, 0x8a, 0xc5, 0x4a, 0xe6, 0x48, 0x94, 0x4a, 0x94, 0x8a, 0xc5,
  0xcc, 0xe6, 0x0c, 0xf7, 0xcc, 0xf6, 0xf0, 0xff, 0xf2, 0xff, 0xf0, 0xff,
  0x0c, 0xf7, 0xcc, 0xf6, 0x8c, 0xe6, 0x4c, 0xff, 0xf0, 0xff, 0xf0, 0xff,
  0xf0, 0xff, 0xce, 0xff, 0xf0, 0xff, 0x90, 0xff, 0xcc, 0xf6, 0xcc, 0xf6,
  0xee, 0xff, 0xf2, 0xff, 0xf4, 0xff, 0xec, 0xff, 0x8a, 0xe6, 0x4a, 0xd6,
  0xcc, 0xff, 0xee, 0xff, 0xcc, 0xf6, 0xca, 0xd5, 0xca, 0xd5, 0x4a, 0x94,
  0xcc, 0xa4, 0x08, 0x83, 0x4a, 0xb3, 0x90, 0xf4, 0x90, 0xfc, 0x90, 0xfc,
  0x14, 0xfe, 0x56, 0xfe, 0x92, 0xfd, 0x96, 0xfe, 0x14, 0xfe, 0x10, 0xfd,
  0x14, 0xfe, 0xd4, 0xfd, 0xd8, 0xfe, 0x14, 0xfe, 0xd4, 0xfd, 0x52, 0xfd,
  0x14, 0xfe, 0xd0, 0xfc, 0x4e, 0xf4, 0x14, 0xfe, 0x14, 0xfe, 0x92, 0xfd,
  0x14, 0xfe, 0x14, 0xfe, 0x16, 0xfe, 0xd8, 0xfe, 0x56, 0xfe, 0x14, 0xfe,
  0x14, 0xfe, 0x92, 0xfd, 0x8e, 0xfc, 0x90, 0xfc, 0x14, 0xfe, 0x14, 0xfe,
  0xd4, 0xfd, 0x14, 0xfe, 0x92, 0xfd, 0x52, 0xfd, 0x92, 0xfd, 0x56, 0xfe,
  0x9a, 0xff, 0xfc, 0xff, 0x14, 0xfe, 0x96, 0xfe, 0xd4, 0xfd, 0x0e, 0xd4,
  0x4a, 0xa3, 0x0e, 0xb4, 0x16, 0xfe, 0x16, 0xfe, 0x50, 0xe4, 0x0e, 0xe4,
  0x12, 0xf5, 0xd0, 0xfc, 0x92, 0xfd, 0x96, 0xfe, 0xd8, 0xfe, 0x96, 0xfe,
  0x14, 0xfe, 0x92, 0xfd, 0x96, 0xfe, 0x56, 0xfe, 0xd4, 0xfd, 0x92, 0xfd,
  0x92, 0xfd, 0x92, 0xfd, 0xd0, 0xfc, 0x94, 0xfd, 0x56, 0xfe, 0x10, 0xfd,
  0x90, 0xd5, 0x0e, 0xb5, 0x92, 0x94, 0x98, 0xa5, 0xdf, 0xe7, 0x9f, 0xe7,
  0xdf, 0xe7, 0xdf, 0xe7, 0xde, 0xc6, 0x5c, 0xc6, 0x5f, 0xd7, 0x1f, 0xd7,
  0x9f, 0xe7, 0x5f, 0xe7, 0x5f, 0xd7, 0x9f, 0xe7, 0xff, 0xf7, 0xff, 0xff,
  0xff, 0xf7, 0x9f, 0xe7, 0xdf, 0xf7, 0x5f, 0xd7, 0x5c, 0xb6, 0x16, 0x95,
  0x58, 0xa5, 0x16, 0x95, 0xd4, 0x94, 0x12, 0x74, 0x54, 0x84, 0x58, 0xa5,
  0x5c, 0xb6, 0x5f, 0xd7, 0xdf, 0xe7, 0x1f, 0xd7, 0x5c, 0xb6, 0xff, 0xff,
  0xff, 0xff, 0x1f, 0xd7, 0xff, 0xe7, 0xdf, 0xe7, 0xff, 0xf7, 0xff, 0xf7,
  0xff, 0xff, 0xff, 0xff, 0xff, 0xff, 0xff, 0xf7, 0xff, 0xff, 0xff, 0xff,
  0xff, 0xff, 0xff, 0xf7, 0xff, 0xf7, 0xff, 0xff, 0xff, 0xff, 0xff, 0xff,
  0xff, 0xff, 0xff, 0xf7, 0xff, 0xff, 0xff, 0xff, 0x9f, 0xe7, 0xdf, 0xe7,
  0xff, 0xe7, 0x5f, 0xd7, 0x9f, 0xd7, 0x1f, 0xd7, 0x1f, 0xc7, 0xff, 0xf7,
  0xff, 0xff, 0xdf, 0xe7, 0x5f, 0xd7, 0xdf, 0xe7, 0x9f, 0xd7, 0x5f, 0xd7,
  0x9e, 0xc6, 0xd4, 0xc5, 0x94, 0xe6, 0xce, 0xc4, 0x0e, 0xf4, 0x0e, 0xf4,
  0x8c, 0xf3, 0x52, 0xfd, 0x14, 0xfe, 0xd0, 0xfc, 0x12, 0xfd, 0x94, 0xfd,
  0x92, 0xfd, 0xd4, 0xfd, 0x96, 0xfe, 0x16, 0xfe, 0x98, 0xfe, 0xd8, 0xfe,
  0xd4, 0xfd, 0xd4, 0xfd, 0x18, 0xff, 0xd8, 0xfe, 0x14, 0xfe, 0x52, 0xfd,
  0x52, 0xfd, 0x14, 0xfe, 0x18, 0xff, 0xd4, 0xfd, 0x92, 0xfd, 0xd0, 0xfc,
  0x12, 0xfd, 0x94, 0xfd, 0x94, 0xfd, 0x52, 0xfd, 0x52, 0xfd, 0x52, 0xfd,
  0xd0, 0xfc, 0x12, 0xfd, 0xd4, 0xfd, 0x52, 0xfd, 0xd4, 0xfd, 0x98, 0xfe,
  0x9c, 0xff, 0x16, 0xfe, 0xd0, 0xfc, 0x90, 0xfc, 0x90, 0xfc, 0xd4, 0xfd,
  0x98, 0xfe, 0x5a, 0xff, 0x56, 0xfe, 0x92, 0xfd, 0xd8, 0xfe, 0x56, 0xfe,
  0xd8, 0xfe, 0x1a, 0xff, 0x5a, 0xff, 0x5a, 0xff, 0xd8, 0xfe, 0x16, 0xfe,
  0xd0, 0xfc, 0xd0, 0xfc, 0x1a, 0xff, 0x16, 0xfe, 0x16, 0xfe, 0x98, 0xfe,
  0x92, 0xfd, 0x92, 0xfd, 0x56, 0xfe, 0xd4, 0xfd, 0x1a, 0xff, 0x16, 0xfe,
  0x52, 0xfd, 0x12, 0xfd, 0xce, 0xc4, 0x4e, 0xc5, 0x4a, 0x94, 0xc8, 0xa4,
  0x0a, 0xf7, 0x8a, 0xe6, 0x4e, 0xff, 0xee, 0xff, 0xf4, 0xff, 0xf2, 0xff,
  0xf0, 0xff, 0xf6, 0xff, 0xf6, 0xff, 0xf6, 0xff, 0xf4, 0xff, 0xf2, 0xff,
  0xf2, 0xff, 0xf4, 0xff, 0xf2, 0xff, 0xf2, 0xff, 0xf2, 0xff, 0xec, 0xff,
  0xf4, 0xff, 0xf4, 0xff, 0xf0, 0xff, 0xf2, 0xff, 0xf2, 0xff, 0xf2, 0xff,
  0xf4, 0xff, 0xf6, 0xff, 0xf4, 0xff, 0xf0, 0xff, 0xf0, 0xff, 0xf2, 0xff,
  0xee, 0xff, 0xce, 0xff, 0x8c, 0xe6, 0x4a, 0x94, 0xca, 0x83, 0x06, 0x52,
  0x84, 0x51, 0x48, 0x82, 0xcc, 0xe3, 0x92, 0xfd, 0xd8, 0xfe, 0x14, 0xfe,
  0x56, 0xfe, 0xd8, 0xfe, 0x98, 0xfe, 0x14, 0xfe, 0x56, 0xfe, 0xd4, 0xfd,
  0x56, 0xfe, 0x14, 0xfe, 0x56, 0xfe, 0x98, 0xfe, 0x5a, 0xff, 0xd4, 0xfd,
  0x4e, 0xfc, 0xd0, 0xfc, 0xd4, 0xfd, 0x56, 0xfe, 0x56, 0xfe, 0xd4, 0xfd,
  0x52, 0xfd, 0x96, 0xfe, 0xd8, 0xfe, 0x96, 0xfe, 0x16, 0xfe, 0x94, 0xfd,
  0x8e, 0xfc, 0x52, 0xfd, 0x98, 0xfe, 0x14, 0xfe, 0xd4, 0xfd, 0x96, 0xfe,
  0x14, 0xfe, 0x14, 0xfe, 0xd8, 0xfe, 0x18, 0xff, 0xfe, 0xff, 0xff, 0xff,
  0x5a, 0xff, 0xd8, 0xfe, 0x94, 0xfd, 0x90, 0xf4, 0xd2, 0xfc, 0x12, 0xfd,
  0x96, 0xfe, 0xdc, 0xff, 0x14, 0xfe, 0x52, 0xfd, 0xd8, 0xfe, 0x96, 0xfe,
  0x14, 0xfe, 0xd8, 0xfe, 0x9a, 0xff, 0x56, 0xfe, 0x94, 0xfd, 0x14, 0xfe,
  0x5a, 0xff, 0x5a, 0xff, 0xfc, 0xff, 0x56, 0xfe, 0x14, 0xfe, 0x14, 0xfe,
  0x14, 0xfe, 0x56, 0xfe, 0x14, 0xfe, 0x10, 0xfd, 0x4c, 0xb4, 0x4c, 0x94,
  0x94, 0x84, 0x1c, 0xb6, 0xff, 0xf7, 0xff, 0xf7, 0xdf, 0xe7, 0xff, 0xf7,
  0xdf, 0xe7, 0x1f, 0xc7, 0xdf, 0xc6, 0x9f, 0xe7, 0x9f, 0xe7, 0x9f, 0xe7,
  0x1f, 0xd7, 0x9f, 0xd7, 0xff, 0xf7, 0xff, 0xff, 0xff, 0xff, 0xff, 0xff,
  0xff, 0xff, 0x1f, 0xd7, 0x5e, 0xb6, 0x9a, 0xa5, 0x9a, 0xa5, 0x1c, 0xb6,
  0xde, 0xc6, 0x1f, 0xc7, 0xff, 0xf7, 0xff, 0xf7, 0xff, 0xff, 0xff, 0xff,
  0xff, 0xff, 0xff, 0xff, 0xff, 0xf7, 0xff, 0xff, 0xff, 0xff, 0xff, 0xf7,
  0xff, 0xff, 0xff, 0xf7, 0xff, 0xe7, 0xff, 0xf7, 0xff, 0xf7, 0xff, 0xf7,
  0xff, 0xf7, 0x5f, 0xd7, 0x9f, 0xd7, 0x9e, 0xc6, 0x5f, 0xd7, 0xff, 0xe7,
  0xff, 0xf7, 0xdf, 0xe7, 0xff, 0xf7, 0x5f, 0xd7, 0xdf, 0xc6, 0x1f, 0xc7,
  0x9f, 0xe7, 0x9f, 0xe7, 0xdf, 0xc6, 0xdf, 0xc6, 0xff, 0xe7, 0xff, 0xe7,
  0xff, 0xe7, 0xdf, 0xe7, 0xff, 0xf7, 0xff, 0xff, 0xff, 0xf7, 0xff, 0xe7,
  0x5f, 0xd7, 0x1f, 0xd7, 0x9f, 0xe7, 0xdf, 0xe7, 0x9f, 0xe7, 0x96, 0xb5,
  0x8c, 0xa4, 0x8a, 0xa3, 0x0e, 0xf4, 0xd0, 0xfc, 0x4e, 0xfc, 0xd0, 0xfc,
  0x52, 0xfd, 0xd0, 0xfc, 0xd0, 0xfc, 0x12, 0xfd, 0x12, 0xfd, 0x12, 0xfd,
  0x16, 0xfe, 0x16, 0xfe, 0x14, 0xfe, 0x16, 0xfe, 0x10, 0xfd, 0x52, 0xfd,
  0x14, 0xfe, 0x5a, 0xff, 0x56, 0xfe, 0x52, 0xfd, 0xd4, 0xfd, 0x1a, 0xff,
  0xfe, 0xff, 0xd8, 0xfe, 0x94, 0xfd, 0xd4, 0xfd, 0x56, 0xfe, 0xd4, 0xfd,
  0x90, 0xfc, 0x4e, 0xfc, 0x10, 0xfd, 0x12, 0xfd, 0x52, 0xfd, 0xd4, 0xfd,
  0x56, 0xfe, 0x52, 0xfd, 0xd4, 0xfd, 0xd8, 0xfe, 0x1a, 0xff, 0x92, 0xfd,
  0x56, 0xfe, 0x56, 0xfe, 0x52, 0xfd, 0x16, 0xfe, 0xd4, 0xfd, 0x16, 0xfe,
  0x12, 0xfd, 0x90, 0xfc, 0x94, 0xfd, 0x56, 0xfe, 0xdc, 0xff, 0xd8, 0xfe,
  0x1a, 0xff, 0x14, 0xfe, 0x56, 0xfe, 0x14, 0xfe, 0x12, 0xfd, 0x16, 0xfe,
  0xfe, 0xff, 0xd8, 0xfe, 0x52, 0xfd, 0x92, 0xfd, 0x1a, 0xff, 0x56, 0xfe,
  0xd4, 0xfd, 0x10, 0xfd, 0x52, 0xfd, 0xd4, 0xfd, 0xd0, 0xfc, 0x8c, 0xd3,
  0x4c, 0xa4, 0x0e, 0xb5, 0xca, 0x83, 0x86, 0x83, 0x8c, 0xff, 0xf0, 0xff,
  0xf2, 0xff, 0xf2, 0xff, 0xf4, 0xff, 0xf0, 0xff, 0xf4, 0xff, 0xf8, 0xff,
  0xf4, 0xff, 0xf6, 0xff, 0xf2, 0xff, 0xf0, 0xff, 0xf4, 0xff, 0xfa, 0xff,
  0xf2, 0xff, 0xf0, 0xff, 0xf0, 0xff, 0xec, 0xff, 0xf6, 0xff, 0xfa, 0xff,
  0xf4, 0xff, 0xf8, 0xff, 0xf6, 0xff, 0xf2, 0xff, 0xf8, 0xff, 0xff, 0xff,
  0xfa, 0xff, 0xf6, 0xff, 0xf8, 0xff, 0xf2, 0xff, 0xf0, 0xff, 0xf2, 0xff,
  0xf0, 0xff, 0x8c, 0xc5, 0x90, 0xc5, 0x8a, 0x83, 0x06, 0x72, 0xca, 0xa2,
  0x4a, 0xd3, 0x4e, 0xfc, 0xd4, 0xfd, 0x92, 0xfd, 0xd4, 0xfd, 0x12, 0xfd,
  0x12, 0xfd, 0x98, 0xfe, 0x94, 0xfd, 0xd0, 0xfc, 0x56, 0xfe, 0x52, 0xfd,
  0x94, 0xfd, 0xd4, 0xfd, 0x14, 0xfe, 0xd4, 0xfd, 0xd4, 0xfd, 0x92, 0xfd,
  0x52, 0xfd, 0x56, 0xfe, 0xd4, 0xfd, 0x52, 0xfd, 0xd4, 0xfd, 0x5a, 0xff,
  0x56, 0xfe, 0x52, 0xfd, 0x94, 0xfd, 0xd4, 0xfd, 0x10, 0xfd, 0x10, 0xfd,
  0xd4, 0xfd, 0x56, 0xfe, 0xd4, 0xfd, 0x52, 0xfd, 0x52, 0xfd, 0x12, 0xfd,
  0x94, 0xfd, 0x94, 0xfd, 0xd4, 0xfd, 0x14, 0xfe, 0xd8, 0xfe, 0xfc, 0xff,
  0xd8, 0xfe, 0x14, 0xfe, 0x9a, 0xff, 0x18, 0xff, 0xd4, 0xfd, 0x56, 0xfe,
  0x96, 0xfe, 0x56, 0xfe, 0x56, 0xfe, 0x56, 0xfe, 0x52, 0xfd, 0x12, 0xfd,
  0x56, 0xfe, 0x92, 0xfd, 0x90, 0xfc, 0x12, 0xfd, 0xd4, 0xfd, 0x14, 0xfe,
  0x56, 0xfe, 0xd4, 0xfd, 0x12, 0xfd, 0x90, 0xfc, 0x52, 0xfd, 0xd4, 0xfd,
  0xd4, 0xfd, 0xd4, 0xfd, 0x4c, 0xb4, 0x8a, 0x83, 0x4e, 0x63, 0x18, 0x95,
  0xdf, 0xc6, 0xdf, 0xc6, 0x9e, 0xb6, 0x5e, 0xb6, 0x1f, 0xd7, 0x1f, 0xc7,
  0x9e, 0xc6, 0xdf, 0xc6, 0xdc, 0xa5, 0x9a, 0xa5, 0x18, 0x95, 0x9a, 0xa5,
  0xde, 0xc6, 0x1f, 0xd7, 0x9f, 0xe7, 0x5f, 0xd7, 0xdf, 0xc6, 0xd6, 0x84,
  0x9a, 0xa5, 0x9f, 0xe7, 0xff, 0xff, 0xff, 0xff, 0xff, 0xff, 0xdf, 0xe7,
  0xdf, 0xe7, 0x5f, 0xd7, 0x1f, 0xd7, 0x9f, 0xe7, 0xff, 0xf7, 0xdf, 0xe7,
  0x1f, 0xc7, 0xdf, 0xc6, 0xdf, 0xc6, 0xff, 0xf7, 0x1f, 0xd7, 0xdf, 0xc6,
  0xdf, 0xc6, 0x1c, 0xb6, 0x1f, 0xc7, 0x1f, 0xd7, 0xdf, 0xc6, 0x1f, 0xd7,
  0x5f, 0xd7, 0x1c, 0xb6, 0x9e, 0xb6, 0xdf, 0xc6, 0x1f, 0xd7, 0x9e, 0xc6,
  0x5f, 0xd7, 0x9f, 0xe7, 0x1c, 0xb6, 0x5e, 0xb6, 0x5f, 0xd7, 0x5f, 0xd7,
  0x9e, 0xc6, 0x9e, 0xc6, 0xdf, 0xc6, 0xdf, 0xc6, 0x5f, 0xd7, 0xdf, 0xe7,
  0xff, 0xe7, 0x9f, 0xe7, 0xff, 0xf7, 0x5f, 0xd7, 0x9f, 0xd7, 0xdf, 0xe7,
  0xdf, 0xe7, 0xff, 0xf7, 0xff, 0xff, 0x98, 0xd6, 0x94, 0xe6, 0xca, 0x93,
  0x88, 0x92, 0x0a, 0xc3, 0x0e, 0xfc, 0x16, 0xfe, 0x14, 0xfe, 0x94, 0xfd,
  0x10, 0xfd, 0xd4, 0xfd, 0x56, 0xfe, 0x56, 0xfe, 0x56, 0xfe, 0xd8, 0xfe,
  0x16, 0xfe, 0x52, 0xfd, 0x0e, 0xfc, 0xd0, 0xfc, 0x52, 0xfd, 0x16, 0xfe,
  0x12, 0xfd, 0xd4, 0xfd, 0x98, 0xfe, 0xd8, 0xfe, 0x5a, 0xff, 0x16, 0xfe,
  0x12, 0xfd, 0x92, 0xfd, 0x14, 0xfe, 0x16, 0xfe, 0x52, 0xfd, 0x90, 0xfc,
  0x90, 0xfc, 0x12, 0xfd, 0x14, 0xfe, 0x16, 0xfe, 0x16, 0xfe, 0x92, 0xfd,
  0x16, 0xfe, 0x1a, 0xff, 0x56, 0xfe, 0x12, 0xfd, 0x56, 0xfe, 0x1a, 0xff,
  0x56, 0xfe, 0x16, 0xfe, 0xd4, 0xfd, 0x12, 0xfd, 0x10, 0xfd, 0x16, 0xfe,
  0x94, 0xfd, 0xd4, 0xfd, 0xd8, 0xfe, 0xd8, 0xfe, 0x16, 0xfe, 0x4e, 0xfc,
  0x52, 0xfd, 0x52, 0xfd, 0xd4, 0xfd, 0x98, 0xfe, 0xd8, 0xfe, 0x56, 0xfe,
  0x52, 0xfd, 0x14, 0xfe, 0x5a, 0xff, 0x98, 0xfe, 0x12, 0xfd, 0x90, 0xfc,
  0xd0, 0xfc, 0xd4, 0xfd, 0x0e, 0xf4, 0x8c, 0xd3, 0x4c, 0xb4, 0xce, 0xa4,
  0x48, 0x73, 0xc6, 0x83, 0x4c, 0xff, 0xf2, 0xff, 0xf2, 0xff, 0xf6, 0xff,
  0xf4, 0xff, 0xee, 0xff, 0xf0, 0xff, 0xf8, 0xff, 0xf4, 0xff, 0xf2, 0xff,
  0xf4, 0xff, 0xf0, 0xff, 0xf0, 0xff, 0xf6, 0xff, 0xf4, 0xff, 0xf0, 0xff,
  0xf0, 0xff, 0xf4, 0xff, 0xf0, 0xff, 0xf4, 0xff, 0xf4, 0xff, 0xf2, 0xff,
  0xf0, 0xff, 0xf2, 0xff, 0xfa, 0xff, 0xfa, 0xff, 0xf4, 0xff, 0xf4, 0xff,
  0xf4, 0xff, 0xf2, 0xff, 0xf2, 0xff, 0xf2, 0xff, 0xf0, 0xff, 0xce, 0xd5,
  0x90, 0xc5, 0x0c, 0xb4, 0xcc, 0xd3, 0xd0, 0xfc, 0x4e, 0xfc, 0x90, 0xfc,
  0x52, 0xfd, 0x12, 0xfd, 0x94, 0xfd, 0x94, 0xfd, 0x52, 0xfd, 0xd4, 0xfd,
  0x16, 0xfe, 0x14, 0xfe, 0x14, 0xfe, 0x10, 0xfd, 0x12, 0xfd, 0x92, 0xfd,
  0x16, 0xfe, 0x98, 0xfe, 0x98, 0xfe, 0x12, 0xfd, 0x52, 0xfd, 0x14, 0xfe,
  0x52, 0xfd, 0x52, 0xfd, 0x16, 0xfe, 0x5a, 0xff, 0x56, 0xfe, 0xd0, 0xfc,
  0x52, 0xfd, 0x52, 0xfd, 0x10, 0xfd, 0x52, 0xfd, 0x98, 0xfe, 0x5a, 0xff,
  0x52, 0xfd, 0xd0, 0xfc, 0x12, 0xfd, 0x52, 0xfd, 0x92, 0xfd, 0x98, 0xfe,
  0x14, 0xfe, 0x52, 0xfd, 0xd4, 0xfd, 0xd8, 0xfe, 0x5a, 0xff, 0x18, 0xff,
  0x96, 0xfe, 0x14, 0xfe, 0x14, 0xfe, 0x98, 0xfe, 0x9a, 0xff, 0x96, 0xfe,
  0xd8, 0xfe, 0x96, 0xfe, 0x52, 0xfd, 0x10, 0xfd, 0xd4, 0xfd, 0x16, 0xfe,
  0x92, 0xfd, 0x12, 0xfd, 0x52, 0xfd, 0x12, 0xfd, 0x90, 0xfc, 0x92, 0xfd,
  0x52, 0xfd, 0x10, 0xfd, 0xd4, 0xfd, 0x56, 0xfe, 0x56, 0xfe, 0x52, 0xfd,
  0x8a, 0x93, 0xca, 0x83, 0x8e, 0x63, 0x18, 0x95, 0x9e, 0xc6, 0x9e, 0xb6,
  0x9e, 0xb6, 0x9e, 0xc6, 0x1f, 0xc7, 0xdf, 0xc6, 0x5f, 0xd7, 0x1f, 0xd7,
  0x9e, 0xb6, 0xdf, 0xe7, 0xff, 0xf7, 0xdc, 0xa5, 0xda, 0xa5, 0x9e, 0xc6,
  0xde, 0xc6, 0x1f, 0xd7, 0xda, 0xa5, 0x58, 0x95, 0x1f, 0xd7, 0xff, 0xe7,
  0xdf, 0xe7, 0x5f, 0xd7, 0x9f, 0xe7, 0x9f, 0xc6, 0xdf, 0xc6, 0x1f, 0xd7,
  0x9e, 0xc6, 0xdf, 0xc6, 0xff, 0xf7, 0x1f, 0xd7, 0xdf, 0xc6, 0x1f, 0xc7,
  0x5e, 0xb6, 0x1c, 0xb6, 0xdc, 0xa5, 0x5e, 0xb6, 0x9f, 0xc6, 0x9e, 0xc6,
  0xdf, 0xc6, 0x9e, 0xc6, 0x5e, 0xb6, 0x9e, 0xb6, 0xdf, 0xc6, 0x5e, 0xb6,
  0x9e, 0xb6, 0x1f, 0xc7, 0x1f, 0xd7, 0x5f, 0xd7, 0x5f, 0xd7, 0x9f, 0xc6,
  0x5e, 0xb6, 0x5e, 0xb6, 0x9e, 0xc6, 0xdf, 0xc6, 0x1f, 0xd7, 0x1f, 0xd7,
  0x5e, 0xb6, 0x5e, 0xb6, 0x9e, 0xb6, 0xdf, 0xe7, 0x5f, 0xd7, 0x9f, 0xd7,
  0xdf, 0xe7, 0x5f, 0xd7, 0x9f, 0xd7, 0x1f, 0xd7, 0x9e, 0xc6, 0xdf, 0xc6,
  0x5f, 0xd7, 0x96, 0xb5, 0xd0, 0xc5, 0x0c, 0x94, 0x06, 0x72, 0xca, 0xa2,
  0x8c, 0xf3, 0xd4, 0xfd, 0xd4, 0xfd, 0x92, 0xfd, 0x92, 0xfd, 0xd4, 0xfd,
  0x94, 0xfd, 0x98, 0xfe, 0xd4, 0xfd, 0xd4, 0xfd, 0x14, 0xfe, 0x12, 0xfd,
  0x8e, 0xfc, 0x92, 0xfd, 0x94, 0xfd, 0x52, 0xfd, 0x52, 0xfd, 0xd4, 0xfd,
  0xd4, 0xfd, 0x94, 0xfd, 0x16, 0xfe, 0xd4, 0xfd, 0x92, 0xfd, 0x52, 0xfd,
  0x52, 0xfd, 0x94, 0xfd, 0xd0, 0xfc, 0xd0, 0xfc, 0x92, 0xfd, 0x92, 0xfd,
  0x16, 0xfe, 0x16, 0xfe, 0x56, 0xfe, 0x56, 0xfe, 0xd8, 0xfe, 0x56, 0xfe,
  0xd4, 0xfd, 0x90, 0xfc, 0xd0, 0xfc, 0x14, 0xfe, 0x16, 0xfe, 0x52, 0xfd,
  0x94, 0xfd, 0x92, 0xfd, 0x14, 0xfe, 0x98, 0xfe, 0x92, 0xfd, 0x94, 0xfd,
  0x14, 0xfe, 0xd4, 0xfd, 0x52, 0xfd, 0xd0, 0xfc, 0x14, 0xfe, 0x56, 0xfe,
  0xd4, 0xfd, 0x56, 0xfe, 0x92, 0xfd, 0x56, 0xfe, 0x52, 0xfd, 0xd0, 0xfc,
  0x56, 0xfe, 0xd4, 0xfd, 0xd0, 0xfc, 0x92, 0xfd, 0xd8, 0xfe, 0xff, 0xff,
  0x94, 0xfd, 0x88, 0x82, 0x08, 0x73, 0x0a, 0x94, 0x48, 0x73, 0x86, 0x83,
  0xc8, 0xe5, 0xf0, 0xff, 0xf0, 0xff, 0xf2, 0xff, 0xf0, 0xff, 0xec, 0xff,
  0xee, 0xff, 0xf2, 0xff, 0xf0, 0xff, 0xee, 0xff, 0xf4, 0xff, 0xf0, 0xff,
  0xee, 0xff, 0xf0, 0xff, 0xf0, 0xff, 0xf0, 0xff, 0xf2, 0xff, 0xf6, 0xff,
  0xf2, 0xff, 0xf2, 0xff, 0xf4, 0xff, 0xf0, 0xff, 0xf0, 0xff, 0xf0, 0xff,
  0xf4, 0xff, 0xf2, 0xff, 0xf0, 0xff, 0xee, 0xff, 0xf0, 0xff, 0xf4, 0xff,
  0xf4, 0xff, 0xf8, 0xff, 0x0e, 0xf7, 0xd0, 0xc5, 0xce, 0xa4, 0xc8, 0x72,
  0x88, 0x92, 0x50, 0xfc, 0x0e, 0xfc, 0x8e, 0xfc, 0x12, 0xfd, 0x16, 0xfe,
  0x56, 0xfe, 0x14, 0xfe, 0x12, 0xfd, 0xd0, 0xfc, 0x92, 0xfd, 0xd4, 0xfd,
  0x12, 0xfd, 0x8c, 0xe3, 0xd0, 0xfc, 0x14, 0xfe, 0xd0, 0xfc, 0x52, 0xfd,
  0x92, 0xfd, 0x52, 0xfd, 0x98, 0xfe, 0x14, 0xfe, 0x16, 0xfe, 0xd4, 0xfd,
  0xd4, 0xfd, 0x56, 0xfe, 0x98, 0xfe, 0xd4, 0xfd, 0x16, 0xfe, 0xd4, 0xfd,
  0x92, 0xfd, 0x94, 0xfd, 0x16, 0xfe, 0xd4, 0xfd, 0x90, 0xfc, 0x12, 0xfd,
  0xd4, 0xfd, 0xd4, 0xfd, 0x52, 0xfd, 0x56, 0xfe, 0xd4, 0xfd, 0x12, 0xfd,
  0xd4, 0xfd, 0x98, 0xfe, 0x9c, 0xff, 0x56, 0xfe, 0x94, 0xfd, 0x94, 0xfd,
  0x56, 0xfe, 0x56, 0xfe, 0xd4, 0xfd, 0x52, 0xfd, 0x56, 0xfe, 0x96, 0xfe,
  0x14, 0xfe, 0x16, 0xfe, 0x94, 0xfd, 0x94, 0xfd, 0x12, 0xfd, 0x52, 0xfd,
  0x92, 0xfd, 0x52, 0xfd, 0xd4, 0xfd, 0x1a, 0xff, 0x14, 0xfe, 0x10, 0xfd,
  0xd4, 0xfd, 0x1a, 0xff, 0x9a, 0xff, 0xd4, 0xfd, 0x0c, 0xa4, 0x0c, 0x94,
  0xd0, 0x73, 0x9a, 0xa5, 0x1f, 0xd7, 0x9f, 0xc6, 0xdf, 0xc6, 0x5e, 0xb6,
  0x9e, 0xc6, 0x5e, 0xb6, 0x1f, 0xd7, 0xff, 0xf7, 0xff, 0xf7, 0xff, 0xff,
  0xff, 0xf7, 0x9f, 0xc6, 0x5f, 0xd7, 0xff, 0xf7, 0x9f, 0xe7, 0x1f, 0xc7,
  0xff, 0xe7, 0xdf, 0xe7, 0x9f, 0xd7, 0x1f, 0xd7, 0x5e, 0xb6, 0xda, 0xa5,
  0xdc, 0xa5, 0x5e, 0xb6, 0x9e, 0xb6, 0xdf, 0xc6, 0x9e, 0xc6, 0x5e, 0xb6,
  0x9f, 0xc6, 0x1f, 0xc7, 0x9f, 0xe7, 0xff, 0xff, 0xff, 0xf7, 0xda, 0xa5,
  0x9e, 0xc6, 0x1f, 0xd7, 0xdf, 0xc6, 0xdf, 0xc6, 0xdf, 0xc6, 0x9f, 0xc6,
  0xdf, 0xc6, 0x1c, 0xb6, 0x9e, 0xc6, 0xda, 0xa5, 0xdf, 0xc6, 0x5f, 0xd7,
  0x1f, 0xc7, 0x9f, 0xd7, 0xdf, 0xe7, 0x5f, 0xd7, 0x9f, 0xc6, 0x9e, 0xc6,
  0x9f, 0xc6, 0xdf, 0xc6, 0x5f, 0xd7, 0x9e, 0xc6, 0x9f, 0xe7, 0xff, 0xf7,
  0x9e, 0xc6, 0x9e, 0xc6, 0xdf, 0xc6, 0x5f, 0xd7, 0xdf, 0xc6, 0x1f, 0xc7,
  0x9f, 0xc6, 0x5e, 0xb6, 0xdf, 0xc6, 0xdf, 0xc6, 0x9f, 0xd7, 0x58, 0xd6,
  0x94, 0xe6, 0x8e, 0xa4, 0x48, 0x72, 0xca, 0x92, 0x4a, 0xe3, 0x90, 0xfc,
  0x10, 0xfd, 0x52, 0xfd, 0x16, 0xfe, 0x52, 0xfd, 0x52, 0xfd, 0x94, 0xfd,
  0x92, 0xfd, 0x52, 0xfd, 0xd0, 0xfc, 0xd0, 0xfc, 0x8e, 0xfc, 0xd4, 0xfd,
  0xd4, 0xfd, 0x12, 0xfd, 0x94, 0xfd, 0x14, 0xfe, 0x56, 0xfe, 0x5a, 0xff,
  0xd8, 0xfe, 0xd4, 0xfd, 0x52, 0xfd, 0x92, 0xfd, 0x56, 0xfe, 0x56, 0xfe,
  0xd0, 0xfc, 0x90, 0xfc, 0x52, 0xfd, 0xd4, 0xfd, 0xd4, 0xfd, 0x56, 0xfe,
  0x14, 0xfe, 0x14, 0xfe, 0x98, 0xfe, 0x56, 0xfe, 0x16, 0xfe, 0x90, 0xfc,
  0xd0, 0xfc, 0x56, 0xfe, 0xd4, 0xfd, 0x52, 0xfd, 0xd4, 0xfd, 0x94, 0xfd,
  0x56, 0xfe, 0x14, 0xfe, 0x52, 0xfd, 0x52, 0xfd, 0x96, 0xfe, 0x56, 0xfe,
  0x92, 0xfd, 0x52, 0xfd, 0x5a, 0xff, 0x9c, 0xff, 0x92, 0xfd, 0x12, 0xfd,
  0xd4, 0xfd, 0xd4, 0xfd, 0x52, 0xfd, 0xd0, 0xfc, 0x56, 0xfe, 0x98, 0xfe,
  0x52, 0xfd, 0x56, 0xfe, 0x5a, 0xff, 0xdc, 0xff, 0x96, 0xfe, 0x52, 0xfd,
  0x4c, 0xb4, 0x4a, 0x94, 0xca, 0xb4, 0xca, 0xc5, 0x08, 0xf6, 0xcc, 0xff,
  0xee, 0xff, 0xf2, 0xff, 0xf2, 0xff, 0xf0, 0xff, 0xee, 0xff, 0xf0, 0xff,
  0xf0, 0xff, 0xf2, 0xff, 0xf2, 0xff, 0xf0, 0xff, 0xf0, 0xff, 0xee, 0xff,
  0xee, 0xff, 0xf0, 0xff, 0xf2, 0xff, 0xf6, 0xff, 0xf2, 0xff, 0xf2, 0xff,
  0xf0, 0xff, 0xf2, 0xff, 0xf4, 0xff, 0xf2, 0xff, 0xf2, 0xff, 0xf2, 0xff,
  0xee, 0xff, 0xec, 0xff, 0xee, 0xff, 0xee, 0xff, 0xf2, 0xff, 0xf6, 0xff,
  0xca, 0xc5, 0x4e, 0xb5, 0x4c, 0x94, 0x4a, 0x93, 0xca, 0x92, 0x88, 0xa2,
  0xca, 0xd2, 0x8c, 0xfb, 0x12, 0xfd, 0x5a, 0xff, 0x9c, 0xff, 0x92, 0xfd,
  0x52, 0xfd, 0x52, 0xfd, 0xd4, 0xfd, 0x52, 0xfd, 0x12, 0xfd, 0x4e, 0xfc,
  0x52, 0xfd, 0x18, 0xff, 0x52, 0xfd, 0xd4, 0xfd, 0xd8, 0xfe, 0x94, 0xfd,
  0xd4, 0xfd, 0x52, 0xfd, 0xd4, 0xfd, 0x56, 0xfe, 0x14, 0xfe, 0xd4, 0xfd,
  0xd8, 0xfe, 0xd8, 0xfe, 0x98, 0xfe, 0x90, 0xfc, 0x94, 0xfd, 0x56, 0xfe,
  0xd4, 0xfd, 0x14, 0xfe, 0xd4, 0xfd, 0xd4, 0xfd, 0xd4, 0xfd, 0xd0, 0xfc,
  0x52, 0xfd, 0x94, 0xfd, 0x92, 0xfd, 0x52, 0xfd, 0x16, 0xfe, 0x9c, 0xff,
  0x5a, 0xff, 0x52, 0xfd, 0x92, 0xfd, 0x52, 0xfd, 0x16, 0xfe, 0x56, 0xfe,
  0x52, 0xfd, 0x12, 0xfd, 0x94, 0xfd, 0x16, 0xfe, 0x56, 0xfe, 0xd4, 0xfd,
  0x14, 0xfe, 0x52, 0xfd, 0x8c, 0xd3, 0x4e, 0xfc, 0x94, 0xfd, 0x92, 0xfd,
  0xd4, 0xfd, 0x96, 0xfe, 0xd0, 0xfc, 0x90, 0xfc, 0x52, 0xfd, 0x56, 0xfe,
  0xdc, 0xff, 0xd8, 0xfe, 0xce, 0xc4, 0x12, 0xd6, 0xce, 0x73, 0x96, 0x84,
  0x1c, 0xb6, 0x9f, 0xc6, 0x1f, 0xc7, 0x9e, 0xc6, 0xdf, 0xe7, 0x9f, 0xe7,
  0x1f, 0xd7, 0xff, 0xff, 0xff, 0xff, 0x5f, 0xd7, 0x9e, 0xc6, 0x5e, 0xb6,
  0xdf, 0xc6, 0x9e, 0xc6, 0x9a, 0xa5, 0x5e, 0xb6, 0xdf, 0xe7, 0x1f, 0xd7,
  0x1c, 0xb6, 0xdc, 0xa5, 0x1f, 0xd7, 0x5f, 0xd7, 0x1c, 0xb6, 0x9f, 0xc6,
  0x1f, 0xd7, 0x5f, 0xd7, 0x9f, 0xe7, 0xdf, 0xc6, 0x9e, 0xc6, 0x1f, 0xd7,
  0x5f, 0xd7, 0x1f, 0xd7, 0x5c, 0xb6, 0xdc, 0xa5, 0xdf, 0xe7, 0xdf, 0xc6,
  0x5e, 0xb6, 0x1f, 0xc7, 0xdf, 0xc6, 0x9f, 0xc6, 0x5e, 0xb6, 0xdc, 0xa5,
  0xdf, 0xc6, 0x5e, 0xb6, 0x9e, 0xc6, 0xff, 0xf7, 0x9f, 0xe7, 0x1f, 0xd7,
  0x9e, 0xc6, 0x1f, 0xc7, 0xdf, 0xc6, 0x9f, 0xc6, 0xdf, 0xc6, 0x1f, 0xc7,
  0x1f, 0xc7, 0xdf, 0xc6, 0xff, 0xf7, 0xff, 0xf7, 0x1f, 0xd7, 0xdf, 0xc6,
  0xdf, 0xc6, 0x9f, 0xe7, 0x1f, 0xd7, 0x1f, 0xd7, 0x1f, 0xd7, 0x1f, 0xd7,
  0x5e, 0xb6, 0x1f, 0xd7, 0x9f, 0xe7, 0xd8, 0xe6, 0xfa, 0xff, 0x10, 0xb5,
  0xc6, 0x71, 0x8c, 0xd3, 0x8c, 0xf3, 0x10, 0xfd, 0xd4, 0xfd, 0xd4, 0xfd,
  0x92, 0xfd, 0x52, 0xfd, 0xd4, 0xfd, 0x94, 0xfd, 0x12, 0xfd, 0x92, 0xfd,
  0x94, 0xfd, 0x12, 0xfd, 0x4e, 0xfc, 0xd4, 0xfd, 0x94, 0xfd, 0x12, 0xfd,
  0xd0, 0xfc, 0x16, 0xfe, 0x56, 0xfe, 0xd8, 0xfe, 0x14, 0xfe, 0x92, 0xfd,
  0x94, 0xfd, 0x98, 0xfe, 0xd8, 0xfe, 0x18, 0xff, 0x14, 0xfe, 0xd4, 0xfd,
  0x12, 0xfd, 0x10, 0xfd, 0x52, 0xfd, 0xd4, 0xfd, 0x92, 0xfd, 0x52, 0xfd,
  0x12, 0xfd, 0xd4, 0xfd, 0x94, 0xfd, 0x52, 0xfd, 0x52, 0xfd, 0x52, 0xfd,
  0xd0, 0xfc, 0x56, 0xfe, 0x1a, 0xff, 0x56, 0xfe, 0x18, 0xff, 0x16, 0xfe,
  0x94, 0xfd, 0x52, 0xfd, 0x56, 0xfe, 0x94, 0xfd, 0x16, 0xfe, 0x96, 0xfe,
  0x18, 0xff, 0x96, 0xfe, 0x52, 0xfd, 0x92, 0xfd, 0xd4, 0xfd, 0x56, 0xfe,
  0x12, 0xfd, 0x12, 0xfd, 0xd0, 0xfc, 0xd4, 0xfd, 0x52, 0xfd, 0x94, 0xfd,
  0x16, 0xfe, 0x56, 0xfe, 0x9c, 0xff, 0x94, 0xfd, 0x50, 0xe5, 0x4e, 0xb5,
  0x0c, 0xd6, 0x8c, 0xff, 0xca, 0xd5, 0x48, 0xf6, 0xee, 0xff, 0xf0, 0xff,
  0xf0, 0xff, 0xf8, 0xff, 0xf4, 0xff, 0xf6, 0xff, 0xf2, 0xff, 0xf0, 0xff,
  0xf8, 0xff, 0xf4, 0xff, 0xf0, 0xff, 0xec, 0xff, 0xf0, 0xff, 0xf2, 0xff,
  0xf2, 0xff, 0xf6, 0xff, 0xf4, 0xff, 0xf2, 0xff, 0xf0, 0xff, 0xf2, 0xff,
  0xf6, 0xff, 0xf0, 0xff, 0xf0, 0xff, 0xf2, 0xff, 0xee, 0xff, 0xf2, 0xff,
  0xf0, 0xff, 0xee, 0xff, 0xf0, 0xff, 0xf6, 0xff, 0xf4, 0xff, 0x96, 0xff,
  0x50, 0xb5, 0x0a, 0x93, 0xce, 0xe3, 0x0e, 0xf4, 0x8c, 0xe3, 0x8c, 0xf3,
  0xcc, 0xfb, 0x94, 0xfd, 0x96, 0xfe, 0x56, 0xfe, 0xd4, 0xfd, 0x94, 0xfd,
  0xd4, 0xfd, 0xd4, 0xfd, 0x52, 0xfd, 0x90, 0xfc, 0x52, 0xfd, 0x52, 0xfd,
  0xd4, 0xfd, 0x94, 0xfd, 0xd4, 0xfd, 0x94, 0xfd, 0x92, 0xfd, 0xd4, 0xfd,
  0x18, 0xff, 0x96, 0xfe, 0x56, 0xfe, 0x52, 0xfd, 0xd0, 0xfc, 0x94, 0xfd,
  0x94, 0xfd, 0xd0, 0xfc, 0x14, 0xfe, 0x98, 0xfe, 0x96, 0xfe, 0xd4, 0xfd,
  0xd4, 0xfd, 0x52, 0xfd, 0x52, 0xfd, 0xd0, 0xfc, 0xd0, 0xfc, 0x52, 0xfd,
  0x92, 0xfd, 0x14, 0xfe, 0x92, 0xfd, 0xd4, 0xfd, 0x94, 0xfd, 0x12, 0xfd,
  0x16, 0xfe, 0xd0, 0xfc, 0x12, 0xfd, 0x16, 0xfe, 0x14, 0xfe, 0x14, 0xfe,
  0x94, 0xfd, 0xd4, 0xfd, 0x16, 0xfe, 0x92, 0xfd, 0x52, 0xfd, 0x94, 0xfd,
  0xd0, 0xfc, 0x52, 0xfd, 0x12, 0xfd, 0x10, 0xfd, 0x52, 0xfd, 0x52, 0xfd,
  0x10, 0xfd, 0x52, 0xfd, 0x12, 0xfd, 0xd0, 0xfc, 0x18, 0xff, 0x56, 0xfe,
  0x4c, 0xb4, 0x0e, 0xb5, 0xd0, 0x73, 0xd2, 0x63, 0xd6, 0x84, 0xdf, 0xc6,
  0xdf, 0xe7, 0x5f, 0xd7, 0x5f, 0xd7, 0xdf, 0xc6, 0x1f, 0xd7, 0xff, 0xe7,
  0x9f, 0xd7, 0x1f, 0xd7, 0xdf, 0xc6, 0x1e, 0xb6, 0x9e, 0xb6, 0x5e, 0xb6,
  0x1c, 0xb6, 0x1c, 0xa6, 0x1c, 0xb6, 0x1f, 0xd7, 0x1f, 0xd7, 0x9e, 0xc6,
  0xdf, 0xc6, 0x1f, 0xc7, 0x5e, 0xb6, 0x1f, 0xc7, 0x9f, 0xd7, 0xff, 0xff,
  0xff, 0xff, 0xff, 0xf7, 0x5a, 0x95, 0x1c, 0xb6, 0xff, 0xf7, 0x5e, 0xb6,
  0xdc, 0xa5, 0x1f, 0xc7, 0x9f, 0xe7, 0x5e, 0xb6, 0xdc, 0xa5, 0x1f, 0xd7,
  0x5e, 0xb6, 0x5a, 0x95, 0xdc, 0xa5, 0x5e, 0xb6, 0x5f, 0xd7, 0xdf, 0xe7,
  0x9f, 0xe7, 0xdf, 0xe7, 0xdf, 0xe7, 0xdf, 0xe7, 0x5f, 0xd7, 0x9f, 0xe7,
  0x9e, 0xc6, 0x1f, 0xc7, 0x1f, 0xd7, 0xdf, 0xc6, 0xdf, 0xc6, 0xdf, 0xc6,
  0x5f, 0xd7, 0x1f, 0xd7, 0x9f, 0xe7, 0xff, 0xff, 0xdf, 0xe7, 0x1f, 0xd7,
  0x5e, 0xb6, 0xdf, 0xc6, 0x1f, 0xd7, 0x9f, 0xe7, 0x1f, 0xd7, 0x9f, 0xe7,
  0x9f, 0xe7, 0xd4, 0x94, 0x54, 0xd6, 0x10, 0xb5, 0x4a, 0xb3, 0x4e, 0xfc,
  0xd0, 0xfc, 0x94, 0xfd, 0xd8, 0xfe, 0x5a, 0xff, 0x12, 0xfd, 0x10, 0xfd,
  0x92, 0xfd, 0x52, 0xfd, 0x10, 0xfd, 0x12, 0xfd, 0x14, 0xfe, 0x52, 0xfd,
  0x10, 0xfd, 0x92, 0xfd, 0x16, 0xfe, 0x56, 0xfe, 0xd0, 0xfc, 0xd8, 0xfe,
  0x56, 0xfe, 0x14, 0xfe, 0x52, 0xfd, 0x12, 0xfd, 0x52, 0xfd, 0xd4, 0xfd,
  0x14, 0xfe, 0xd8, 0xfe, 0xd4, 0xfd, 0xd4, 0xfd, 0x52, 0xfd, 0x10, 0xfd,
  0x52, 0xfd, 0x94, 0xfd, 0x14, 0xfe, 0xd4, 0xfd, 0x14, 0xfe, 0x16, 0xfe,
  0x90, 0xfc, 0x8e, 0xfc, 0x10, 0xfd, 0xd0, 0xfc, 0x92, 0xfd, 0x98, 0xfe,
  0x18, 0xff, 0xd4, 0xfd, 0x56, 0xfe, 0x14, 0xfe, 0x5a, 0xff, 0x9c, 0xff,
  0x94, 0xfd, 0x52, 0xfd, 0x56, 0xfe, 0xfe, 0xff, 0x5a, 0xff, 0x92, 0xfd,
  0xd4, 0xfd, 0x94, 0xfd, 0x52, 0xfd, 0x98, 0xfe, 0x98, 0xfe, 0x16, 0xfe,
  0xd4, 0xfd, 0x14, 0xfe, 0x14, 0xfe, 0x12, 0xfd, 0x56, 0xfe, 0x16, 0xfe,
  0x5a, 0xff, 0x14, 0xfe, 0x10, 0xe5, 0x90, 0xc5, 0x4c, 0xb5, 0x8c, 0xff,
  0x8c, 0xf6, 0x48, 0xf6, 0x0a, 0xff, 0xf0, 0xff, 0xf2, 0xff, 0xf4, 0xff,
  0xf2, 0xff, 0xf0, 0xff, 0xee, 0xff, 0xf2, 0xff, 0xf4, 0xff, 0xf2, 0xff,
  0xf0, 0xff, 0xf0, 0xff, 0xf2, 0xff, 0xf2, 0xff, 0xf0, 0xff, 0xf0, 0xff,
  0xee, 0xff, 0xf4, 0xff, 0xf2, 0xff, 0xf0, 0xff, 0xf2, 0xff, 0xf4, 0xff,
  0xee, 0xff, 0xee, 0xff, 0xee, 0xff, 0xf0, 0xff, 0xf0, 0xff, 0xf6, 0xff,
  0xf2, 0xff, 0xfa, 0xff, 0xf6, 0xff, 0x14, 0xf7, 0x0e, 0xb5, 0x88, 0x72,
  0x4e, 0xf4, 0x52, 0xfd, 0x0e, 0xf4, 0xd0, 0xfc, 0xd0, 0xfc, 0xd4, 0xfd,
  0x98, 0xfe, 0xd8, 0xfe, 0xd4, 0xfd, 0x1a, 0xff, 0x56, 0xfe, 0x16, 0xfe,
  0x14, 0xfe, 0x52, 0xfd, 0x52, 0xfd, 0x94, 0xfd, 0xd8, 0xfe, 0x94, 0xfd,
  0x94, 0xfd, 0x16, 0xfe, 0x94, 0xfd, 0xd4, 0xfd, 0x56, 0xfe, 0xd4, 0xfd,
  0x14, 0xfe, 0x12, 0xfd, 0x12, 0xfd, 0x92, 0xfd, 0x92, 0xfd, 0x94, 0xfd,
  0x94, 0xfd, 0x52, 0xfd, 0xd4, 0xfd, 0xd4, 0xfd, 0x94, 0xfd, 0x52, 0xfd,
  0x10, 0xfd, 0x92, 0xfd, 0x12, 0xfd, 0x92, 0xfd, 0x94, 0xfd, 0x92, 0xfd,
  0x52, 0xfd, 0xd0, 0xfc, 0x94, 0xfd, 0x92, 0xfd, 0xd4, 0xfd, 0x56, 0xfe,
  0x96, 0xfe, 0x5a, 0xff, 0xd4, 0xfd, 0x56, 0xfe, 0x98, 0xfe, 0xd8, 0xfe,
  0xd4, 0xfd, 0x52, 0xfd, 0x94, 0xfd, 0x56, 0xfe, 0xd4, 0xfd, 0x52, 0xfd,
  0xd0, 0xfc, 0x10, 0xfd, 0x10, 0xfd, 0xd0, 0xfc, 0x52, 0xfd, 0xd4, 0xfd,
  0x12, 0xfd, 0x90, 0xfc, 0xd0, 0xfc, 0x8e, 0xf4, 0x90, 0xd5, 0xce, 0xa4,
  0xd0, 0x73, 0x54, 0x84, 0x58, 0x95, 0x5a, 0xa5, 0xdf, 0xc6, 0xdf, 0xc6,
  0x1f, 0xd7, 0xdf, 0xc6, 0xdf, 0xc6, 0x9f, 0xe7, 0xdf, 0xe7, 0x9e, 0xc6,
  0x5e, 0xb6, 0x5e, 0xb6, 0x9e, 0xc6, 0x1f, 0xc7, 0x9f, 0xc6, 0x9e, 0xb6,
  0xdf, 0xc6, 0x1f, 0xc7, 0x5e, 0xb6, 0x9e, 0xb6, 0x9f, 0xe7, 0x9f, 0xd7,
  0x1f, 0xd7, 0x1f, 0xc7, 0x5f, 0xd7, 0xdf, 0xe7, 0xff, 0xf7, 0xdf, 0xe7,
  0x1c, 0xb6, 0x9e, 0xc6, 0x1f, 0xc7, 0x9e, 0xc6, 0x9e, 0xc6, 0x5e, 0xb6,
  0x5f, 0xd7, 0x1f, 0xc7, 0x1f, 0xd7, 0x5f, 0xd7, 0x5e, 0xb6, 0xda, 0xa5,
  0x9f, 0xc6, 0xdf, 0xc6, 0x9f, 0xe7, 0xff, 0xf7, 0xdf, 0xe7, 0x9f, 0xe7,
  0xff, 0xff, 0xff, 0xf7, 0x1f, 0xc7, 0x5e, 0xb6, 0x5e, 0xb6, 0xdf, 0xc6,
  0x5f, 0xd7, 0x1f, 0xc7, 0x9f, 0xc6, 0x5e, 0xb6, 0x5f, 0xd7, 0x9f, 0xe7,
  0xff, 0xf7, 0xff, 0xf7, 0x5f, 0xd7, 0xdf, 0xe7, 0x9f, 0xe7, 0x1f, 0xd7,
  0xff, 0xff, 0xff, 0xff, 0x9f, 0xd7, 0x9f, 0xd7, 0xdf, 0xe7, 0x92, 0x84,
  0x12, 0xd6, 0xd2, 0xe5, 0x0e, 0xe4, 0x8c, 0xe3, 0xcc, 0xfb, 0xd4, 0xfd,
  0x5a, 0xff, 0x5a, 0xff, 0x12, 0xfd, 0x94, 0xfd, 0x52, 0xfd, 0x12, 0xfd,
  0xd4, 0xfd, 0x52, 0xfd, 0x94, 0xfd, 0x52, 0xfd, 0xd4, 0xfd, 0xd8, 0xfe,
  0x98, 0xfe, 0x1a, 0xff, 0xd4, 0xfd, 0x96, 0xfe, 0xd4, 0xfd, 0x94, 0xfd,
  0x52, 0xfd, 0x12, 0xfd, 0x12, 0xfd, 0x52, 0xfd, 0x14, 0xfe, 0x94, 0xfd,
  0xd4, 0xfd, 0xd4, 0xfd, 0x94, 0xfd, 0x92, 0xfd, 0x92, 0xfd, 0x94, 0xfd,
  0xd4, 0xfd, 0x16, 0xfe, 0x98, 0xfe, 0xd4, 0xfd, 0x4e, 0xfc, 0xcc, 0xf3,
  0xd0, 0xfc, 0x12, 0xfd, 0x92, 0xfd, 0x52, 0xfd, 0x12, 0xfd, 0xd4, 0xfd,
  0xd4, 0xfd, 0x94, 0xfd, 0x96, 0xfe, 0x96, 0xfe, 0x52, 0xfd, 0x94, 0xfd,
  0x94, 0xfd, 0x18, 0xff, 0x56, 0xfe, 0x52, 0xfd, 0x94, 0xfd, 0x52, 0xfd,
  0x52, 0xfd, 0xd0, 0xfc, 0x92, 0xfd, 0xd4, 0xfd, 0x5a, 0xff, 0x96, 0xfe,
  0xd4, 0xfd, 0x96, 0xfe, 0xd8, 0xfe, 0x92, 0xfd, 0x56, 0xfe, 0x56, 0xfe,
  0xd2, 0xf5, 0xd0, 0xc5, 0x08, 0x94, 0x8c, 0xf6, 0xf4, 0xff, 0xf4, 0xff,
  0xee, 0xff, 0xf0, 0xff, 0xf2, 0xff, 0xf0, 0xff, 0xee, 0xff, 0xee, 0xff,
  0xee, 0xff, 0xf2, 0xff, 0xf0, 0xff, 0xf0, 0xff, 0xee, 0xff, 0xee, 0xff,
  0xf4, 0xff, 0xf2, 0xff, 0xf0, 0xff, 0xf2, 0xff, 0xee, 0xff, 0xf8, 0xff,
  0xf6, 0xff, 0xf0, 0xff, 0xf0, 0xff, 0xf0, 0xff, 0xf0, 0xff, 0xf0, 0xff,
  0xf6, 0xff, 0xf2, 0xff, 0xec, 0xff, 0xf4, 0xff, 0xf2, 0xff, 0xf2, 0xff,
  0x0e, 0xf7, 0x4e, 0xb5, 0x90, 0xc5, 0xc8, 0x72, 0xc8, 0xa2, 0xcc, 0xf3,
  0x90, 0xfc, 0x94, 0xfd, 0xd4, 0xfd, 0x92, 0xfd, 0x52, 0xfd, 0xd4, 0xfd,
  0xd4, 0xfd, 0x56, 0xfe, 0xd4, 0xfd, 0xd4, 0xfd, 0x16, 0xfe, 0x16, 0xfe,
  0x16, 0xfe, 0x56, 0xfe, 0xd8, 0xfe, 0x14, 0xfe, 0x52, 0xfd, 0x12, 0xfd,
  0x52, 0xfd, 0x52, 0xfd, 0x56, 0xfe, 0x52, 0xfd, 0xd4, 0xfd, 0x92, 0xfd,
  0xd0, 0xfc, 0xd4, 0xfd, 0xd4, 0xfd, 0x56, 0xfe, 0x16, 0xfe, 0x90, 0xfc,
  0x12, 0xfd, 0x92, 0xfd, 0x94, 0xfd, 0x12, 0xfd, 0x52, 0xfd, 0x92, 0xfd,
  0x12, 0xfd, 0x96, 0xfe, 0x52, 0xfd, 0x12, 0xfd, 0x94, 0xfd, 0x52, 0xfd,
  0x52, 0xfd, 0x16, 0xfe, 0x14, 0xfe, 0x52, 0xfd, 0x14, 0xfe, 0xd8, 0xfe,
  0x14, 0xfe, 0xd4, 0xfd, 0xd4, 0xfd, 0x94, 0xfd, 0x12, 0xfd, 0x10, 0xfd,
  0xd0, 0xfc, 0x52, 0xfd, 0x52, 0xfd, 0xd0, 0xfc, 0xd0, 0xfc, 0x10, 0xfd,
  0x52, 0xfd, 0x52, 0xfd, 0x94, 0xfd, 0x14, 0xfe, 0x52, 0xfd, 0x52, 0xfd,
  0x0e, 0xf4, 0xcc, 0xe3, 0x50, 0xc5, 0x8e, 0xa4, 0x4e, 0x63, 0x54, 0x74,
  0x5a, 0x95, 0x5a, 0x95, 0x9a, 0xa5, 0x1c, 0xb6, 0x9f, 0xc6, 0xdf, 0xc6,
  0x5e, 0xb6, 0x9f, 0xc6, 0xdf, 0xe7, 0x1f, 0xd7, 0x9e, 0xc6, 0x9e, 0xc6,
  0xdf, 0xc6, 0xdf, 0xc6, 0xdf, 0xc6, 0x9e, 0xb6, 0x9f, 0xc6, 0x1c, 0xb6,
  0x1c, 0xa6, 0x1f, 0xc7, 0x5f, 0xd7, 0xdf, 0xc6, 0x5e, 0xb6, 0xdf, 0xc6,
  0xff, 0xff, 0xff, 0xff, 0xdf, 0xe7, 0x1f, 0xd7, 0x1f, 0xc7, 0x1f, 0xd7,
  0x1f, 0xd7, 0x9f, 0xc6, 0xdf, 0xe7, 0x5f, 0xd7, 0x1f, 0xc7, 0x1f, 0xd7,
  0x1f, 0xd7, 0x5f, 0xd7, 0x1c, 0xb6, 0xdc, 0xa5, 0x9a, 0xa5, 0x5e, 0xb6,
  0xdf, 0xc6, 0x5f, 0xd7, 0xdf, 0xc6, 0x9e, 0xc6, 0x9e, 0xc6, 0x5f, 0xd7,
  0x1c, 0xb6, 0x9e, 0xc6, 0xdf, 0xc6, 0x9e, 0xc6, 0x5f, 0xd7, 0x1f, 0xc7,
  0x9f, 0xc6, 0x1c, 0xb6, 0x5f, 0xd7, 0xdf, 0xe7, 0xff, 0xf7, 0x5f, 0xd7,
  0x5e, 0xb6, 0xdf, 0xe7, 0x9f, 0xe7, 0xdf, 0xc6, 0xff, 0xe7, 0xff, 0xf7,
  0x1f, 0xd7, 0x9f, 0xd7, 0xff, 0xe7, 0x14, 0x95, 0x4c, 0x94, 0x8e, 0xc4,
  0x4a, 0xc3, 0x8c, 0xd3, 0x0a, 0xe3, 0x12, 0xfd, 0xd4, 0xfd, 0x52, 0xfd,
  0x12, 0xfd, 0x52, 0xfd, 0x56, 0xfe, 0x14, 0xfe, 0x16, 0xfe, 0x94, 0xfd,
  0x92, 0xfd, 0x94, 0xfd, 0x16, 0xfe, 0x98, 0xfe, 0x56, 0xfe, 0x9c, 0xff,
  0xd8, 0xfe, 0x98, 0xfe, 0x14, 0xfe, 0x92, 0xfd, 0x94, 0xfd, 0xd4, 0xfd,
  0x16, 0xfe, 0x94, 0xfd, 0x52, 0xfd, 0x92, 0xfd, 0x56, 0xfe, 0xd4, 0xfd,
  0xd4, 0xfd, 0x94, 0xfd, 0xd4, 0xfd, 0xd8, 0xfe, 0x96, 0xfe, 0xd4, 0xfd,
  0xd4, 0xfd, 0xd4, 0xfd, 0x10, 0xfd, 0xd0, 0xfc, 0x10, 0xfd, 0x12, 0xfd,
  0x52, 0xfd, 0xd0, 0xfc, 0x92, 0xfd, 0xd4, 0xfd, 0xd4, 0xfd, 0xd4, 0xfd,
  0xd4, 0xfd, 0xd4, 0xfd, 0xd0, 0xfc, 0x52, 0xfd, 0x10, 0xfd, 0x16, 0xfe,
  0x94, 0xfd, 0x94, 0xfd, 0x12, 0xfd, 0x52, 0xfd, 0x4e, 0xfc, 0xcc, 0xe3,
  0x12, 0xfd, 0xd4, 0xfd, 0x96, 0xfe, 0x16, 0xfe, 0x52, 0xfd, 0xd4, 0xfd,
  0xd4, 0xfd, 0x10, 0xfd, 0x92, 0xfd, 0x14, 0xfe, 0xd2, 0xf5, 0x50, 0xc5,
  0xc8, 0x83, 0x08, 0xb5, 0x4e, 0xff, 0xf4, 0xff, 0xee, 0xff, 0xee, 0xff,
  0xf4, 0xff, 0xf6, 0xff, 0xf4, 0xff, 0xf2, 0xff, 0xf2, 0xff, 0xf4, 0xff,
  0xee, 0xff, 0x0a, 0xff, 0x4a, 0xff, 0xec, 0xff, 0xf0, 0xff, 0xf0, 0xff,
  0xf0, 0xff, 0xf8, 0xff, 0xf0, 0xff, 0xec, 0xff, 0xee, 0xff, 0xf0, 0xff,
  0xf0, 0xff, 0xf2, 0xff, 0xf4, 0xff, 0xf0, 0xff, 0xf6, 0xff, 0xf4, 0xff,
  0xf2, 0xff, 0xf4, 0xff, 0xf4, 0xff, 0xf4, 0xff, 0xce, 0xff, 0xce, 0xc5,
  0x8c, 0xa4, 0xc8, 0x82, 0x48, 0x92, 0x88, 0x92, 0x8c, 0xe3, 0xd0, 0xfc,
  0x94, 0xfd, 0x52, 0xfd, 0xd4, 0xfd, 0x52, 0xfd, 0x14, 0xfe, 0x94, 0xfd,
  0xd0, 0xfc, 0x56, 0xfe, 0x14, 0xfe, 0x14, 0xfe, 0x96, 0xfe, 0x5a, 0xff,
  0x5a, 0xff, 0x16, 0xfe, 0x92, 0xfd, 0xd4, 0xfd, 0xd4, 0xfd, 0xd4, 0xfd,
  0xd4, 0xfd, 0x52, 0xfd, 0xd4, 0xfd, 0x94, 0xfd, 0x12, 0xfd, 0x14, 0xfe,
  0x92, 0xfd, 0xd4, 0xfd, 0x56, 0xfe, 0xd4, 0xfd, 0x92, 0xfd, 0x14, 0xfe,
  0x96, 0xfe, 0x52, 0xfd, 0x14, 0xfe, 0x94, 0xfd, 0x12, 0xfd, 0x98, 0xfe,
  0x16, 0xfe, 0x94, 0xfd, 0x14, 0xfe, 0x52, 0xfd, 0x12, 0xfd, 0x56, 0xfe,
  0x16, 0xfe, 0x10, 0xfd, 0x52, 0xfd, 0xd4, 0xfd, 0xd4, 0xfd, 0x94, 0xfd,
  0x92, 0xfd, 0x92, 0xfd, 0xd0, 0xfc, 0x90, 0xfc, 0x12, 0xfd, 0x52, 0xfd,
  0xd0, 0xfc, 0x12, 0xfd, 0xd0, 0xfc, 0x52, 0xfd, 0x52, 0xfd, 0x52, 0xfd,
  0x52, 0xfd, 0x12, 0xfd, 0x92, 0xfd, 0x94, 0xfd, 0x14, 0xfe, 0x52, 0xfd,
  0x90, 0xd5, 0x4c, 0x94, 0x0c, 0x53, 0x54, 0x84, 0x54, 0x74, 0x18, 0x95,
  0x9a, 0xa5, 0xdc, 0xa5, 0x5e, 0xb6, 0x1f, 0xd7, 0xdf, 0xc6, 0x9e, 0xc6,
  0xff, 0xf7, 0xdf, 0xe7, 0x5e, 0xb6, 0x9e, 0xb6, 0x5e, 0xb6, 0xdc, 0xa5,
  0x5f, 0xd7, 0x5f, 0xd7, 0xdf, 0xc6, 0x1f, 0xd7, 0xdf, 0xc6, 0x5f, 0xd7,
  0xdf, 0xc6, 0xdf, 0xc6, 0x5e, 0xb6, 0x1c, 0xb6, 0x9f, 0xe7, 0xff, 0xf7,
  0x5f, 0xd7, 0xdf, 0xc6, 0xdf, 0xc6, 0x5f, 0xd7, 0xdf, 0xe7, 0x1f, 0xc7,
  0xdf, 0xe7, 0x9f, 0xd7, 0xdf, 0xc6, 0xdf, 0xc6, 0x9e, 0xc6, 0xdc, 0xa5,
  0x1c, 0xb6, 0x5e, 0xb6, 0x5e, 0xb6, 0x9a, 0xa5, 0xda, 0xa5, 0xdf, 0xc6,
  0x5f, 0xd7, 0x5f, 0xd7, 0x9f, 0xd7, 0x5f, 0xd7, 0x5c, 0xb6, 0x1c, 0xb6,
  0x9a, 0xa5, 0xdc, 0xa5, 0x1f, 0xd7, 0xdf, 0xc6, 0x5e, 0xb6, 0x9f, 0xc6,
  0x1f, 0xc7, 0x9f, 0xd7, 0x5f, 0xd7, 0x1f, 0xc7, 0xdf, 0xc6, 0xdf, 0xe7,
  0xff, 0xf7, 0x1f, 0xd7, 0x1f, 0xd7, 0xdf, 0xe7, 0x5f, 0xd7, 0xdf, 0xe7,
  0xff, 0xf7, 0xda, 0xe6, 0x10, 0xb5, 0xc8, 0x82, 0xca, 0xa2, 0x90, 0xfc,
  0xcc, 0xfb, 0x4e, 0xfc, 0x92, 0xfd, 0x94, 0xfd, 0x14, 0xfe, 0xd4, 0xfd,
  0x56, 0xfe, 0x14, 0xfe, 0x14, 0xfe, 0xd4, 0xfd, 0xd4, 0xfd, 0x52, 0xfd,
  0x94, 0xfd, 0x92, 0xfd, 0x56, 0xfe, 0xd8, 0xfe, 0xd4, 0xfd, 0x14, 0xfe,
  0x56, 0xfe, 0x96, 0xfe, 0x52, 0xfd, 0x14, 0xfe, 0x5a, 0xff, 0xd4, 0xfd,
  0x92, 0xfd, 0x56, 0xfe, 0xd8, 0xfe, 0xd4, 0xfd, 0x56, 0xfe, 0x16, 0xfe,
  0xd4, 0xfd, 0xd8, 0xfe, 0x56, 0xfe, 0x12, 0xfd, 0x94, 0xfd, 0x5a, 0xff,
  0x94, 0xfd, 0xd4, 0xfd, 0x16, 0xfe, 0x52, 0xfd, 0xd4, 0xfd, 0x14, 0xfe,
  0x94, 0xfd, 0x52, 0xfd, 0xd4, 0xfd, 0x52, 0xfd, 0xd4, 0xfd, 0x56, 0xfe,
  0x14, 0xfe, 0x10, 0xfd, 0xd4, 0xfd, 0x16, 0xfe, 0xd4, 0xfd, 0xd8, 0xfe,
  0x94, 0xfd, 0x4e, 0xfc, 0xcc, 0xe3, 0xcc, 0xe3, 0x10, 0xfd, 0x92, 0xfd,
  0x92, 0xfd, 0xd4, 0xfd, 0x92, 0xfd, 0x52, 0xfd, 0x52, 0xfd, 0x92, 0xfd,
  0xd4, 0xfd, 0x52, 0xfd, 0xce, 0xc4, 0x12, 0xd6, 0x88, 0x83, 0x84, 0x83,
  0x46, 0xa4, 0x88, 0xfe, 0xec, 0xff, 0xf0, 0xff, 0xfa, 0xff, 0xfa, 0xff,
  0xf2, 0xff, 0xf2, 0xff, 0xf2, 0xff, 0xee, 0xff, 0xee, 0xff, 0xec, 0xff,
  0x4a, 0xff, 0xee, 0xff, 0xec, 0xff, 0xec, 0xff, 0xee, 0xff, 0xf4, 0xff,
  0xf2, 0xff, 0xec, 0xff, 0xf0, 0xff, 0xf2, 0xff, 0xf0, 0xff, 0xf2, 0xff,
  0xf2, 0xff, 0xee, 0xff, 0xf2, 0xff, 0xf2, 0xff, 0xf6, 0xff, 0xf6, 0xff,
  0xfc, 0xff, 0xfa, 0xff, 0x4e, 0xff, 0x8e, 0xc5, 0x0e, 0xb5, 0xc8, 0x92,
  0xca, 0xb2, 0x0a, 0xa3, 0x4a, 0xd3, 0xcc, 0xfb, 0xd4, 0xfd, 0x14, 0xfe,
  0x14, 0xfe, 0x52, 0xfd, 0x12, 0xfd, 0x52, 0xfd, 0xd4, 0xfd, 0xd8, 0xfe,
  0x92, 0xfd, 0x90, 0xfc, 0x92, 0xfd, 0x56, 0xfe, 0x16, 0xfe, 0x14, 0xfe,
  0x92, 0xfd, 0x56, 0xfe, 0xd8, 0xfe, 0x56, 0xfe, 0x14, 0xfe, 0x94, 0xfd,
  0xd4, 0xfd, 0x16, 0xfe, 0xd4, 0xfd, 0x94, 0xfd, 0x12, 0xfd, 0x4e, 0xfc,
  0x56, 0xfe, 0x98, 0xfe, 0x14, 0xfe, 0xd4, 0xfd, 0xd4, 0xfd, 0x92, 0xfd,
  0x16, 0xfe, 0x56, 0xfe, 0xd4, 0xfd, 0x16, 0xfe, 0xd4, 0xfd, 0x92, 0xfd,
  0x12, 0xfd, 0x12, 0xfd, 0x14, 0xfe, 0x14, 0xfe, 0xd4, 0xfd, 0xd4, 0xfd,
  0x94, 0xfd, 0x52, 0xfd, 0xd4, 0xfd, 0x16, 0xfe, 0x14, 0xfe, 0x10, 0xfd,
  0x12, 0xfd, 0xd0, 0xfc, 0x12, 0xfd, 0xd0, 0xfc, 0x52, 0xfd, 0xd4, 0xfd,
  0x14, 0xfe, 0xd4, 0xfd, 0x92, 0xfd, 0x12, 0xfd, 0x0e, 0xf4, 0x90, 0xfc,
  0x52, 0xfd, 0x94, 0xfd, 0x56, 0xfe, 0x94, 0xfd, 0x50, 0xc5, 0x8e, 0x94,
  0x4e, 0x63, 0x54, 0x84, 0x58, 0x95, 0x5a, 0x95, 0x58, 0x95, 0x18, 0x95,
  0x5c, 0xb6, 0x9e, 0xb6, 0xdf, 0xc6, 0xdf, 0xc6, 0xdf, 0xc6, 0x1c, 0xb6,
  0x9e, 0xc6, 0x9f, 0xc6, 0x1c, 0xb6, 0xdc, 0xa5, 0xff, 0xe7, 0xff, 0xff,
  0x9f, 0xe7, 0x5f, 0xd7, 0x9e, 0xb6, 0x9e, 0xc6, 0xdf, 0xc6, 0x5f, 0xd7,
  0x1f, 0xd7, 0x1f, 0xd7, 0x9e, 0xc6, 0x9f, 0xc6, 0xff, 0xff, 0xff, 0xff,
  0x9f, 0xe7, 0x1f, 0xd7, 0x5f, 0xd7, 0x9f, 0xc6, 0x9f, 0xc6, 0x1f, 0xd7,
  0x9e, 0xb6, 0x1f, 0xd7, 0x9e, 0xc6, 0x5e, 0xb6, 0xdf, 0xc6, 0x5f, 0xd7,
  0x9f, 0xd7, 0x1c, 0xb6, 0x1f, 0xd7, 0xdf, 0xe7, 0x5f, 0xd7, 0xdf, 0xc6,
  0x5f, 0xd7, 0xff, 0xf7, 0x9f, 0xe7, 0x5e, 0xb6, 0xdc, 0xa5, 0xdf, 0xc6,
  0xdf, 0xc6, 0x9e, 0xc6, 0x1c, 0xb6, 0x1c, 0xb6, 0x1c, 0xb6, 0x1f, 0xd7,
  0x9f, 0xe7, 0x9f, 0xd7, 0x5e, 0xb6, 0x1c, 0xb6, 0x5e, 0xb6, 0x5e, 0xb6,
  0x9f, 0xc6, 0x9e, 0xb6, 0x9e, 0xc6, 0x1f, 0xd7, 0x5f, 0xd7, 0x98, 0xd6,
  0x54, 0xd6, 0xcc, 0x83, 0x86, 0x61, 0xc8, 0xa2, 0x0a, 0xd3, 0x0e, 0xfc,
  0xd4, 0xfd, 0xd0, 0xfc, 0x52, 0xfd, 0x56, 0xfe, 0x12, 0xfd, 0x12, 0xfd,
  0xd4, 0xfd, 0xd4, 0xfd, 0x52, 0xfd, 0x52, 0xfd, 0x52, 0xfd, 0x12, 0xfd,
  0x52, 0xfd, 0x16, 0xfe, 0xd4, 0xfd, 0x94, 0xfd, 0x18, 0xff, 0xfe, 0xff,
  0x56, 0xfe, 0x12, 0xfd, 0xd4, 0xfd, 0xd4, 0xfd, 0x16, 0xfe, 0x52, 0xfd,
  0x52, 0xfd, 0x52, 0xfd, 0x52, 0xfd, 0x14, 0xfe, 0x52, 0xfd, 0x92, 0xfd,
  0x52, 0xfd, 0x10, 0xfd, 0x52, 0xfd, 0x5a, 0xff, 0x16, 0xfe, 0x14, 0xfe,
  0x16, 0xfe, 0x52, 0xfd, 0xd4, 0xfd, 0x56, 0xfe, 0x16, 0xfe, 0x98, 0xfe,
  0x5a, 0xff, 0x14, 0xfe, 0x94, 0xfd, 0x16, 0xfe, 0x16, 0xfe, 0x94, 0xfd,
  0x16, 0xfe, 0xd4, 0xfd, 0x96, 0xfe, 0x16, 0xfe, 0x12, 0xfd, 0x90, 0xfc,
  0x4e, 0xfc, 0x4e, 0xfc, 0xd0, 0xfc, 0x92, 0xfd, 0x12, 0xfd, 0x12, 0xfd,
  0x52, 0xfd, 0x94, 0xfd, 0x56, 0xfe, 0x9c, 0xff, 0x56, 0xfe, 0x8e, 0xfc,
  0xce, 0xc4, 0x0e, 0xb5, 0x48, 0x73, 0x06, 0x94, 0xee, 0xff, 0x8e, 0xff,
  0xca, 0xfe, 0xca, 0xfe, 0xce, 0xff, 0xf2, 0xff, 0xf4, 0xff, 0xf0, 0xff,
  0xf0, 0xff, 0xf2, 0xff, 0xf0, 0xff, 0xee, 0xff, 0xec, 0xff, 0xf0, 0xff,
  0xf2, 0xff, 0xee, 0xff, 0xec, 0xff, 0xf4, 0xff, 0xf6, 0xff, 0xf2, 0xff,
  0xf2, 0xff, 0xf2, 0xff, 0xf2, 0xff, 0xf4, 0xff, 0xf2, 0xff, 0xf0, 0xff,
  0xee, 0xff, 0xee, 0xff, 0xf4, 0xff, 0xf2, 0xff, 0xfa, 0xff, 0xfc, 0xff,
  0x8e, 0xff, 0x52, 0xe6, 0xce, 0xb4, 0x88, 0x72, 0x4a, 0xc3, 0x14, 0xfe,
  0x94, 0xfd, 0xcc, 0xfb, 0x52, 0xfd, 0x52, 0xfd, 0x12, 0xfd, 0x12, 0xfd,
  0x0e, 0xf4, 0x52, 0xfd, 0x56, 0xfe, 0x16, 0xfe, 0xd4, 0xfd, 0x1a, 0xff,
  0x1a, 0xff, 0x94, 0xfd, 0x94, 0xfd, 0x56, 0xfe, 0xd8, 0xfe, 0x94, 0xfd,
  0x16, 0xfe, 0x56, 0xfe, 0x92, 0xfd, 0x12, 0xfd, 0x52, 0xfd, 0x94, 0xfd,
  0xd4, 0xfd, 0x92, 0xfd, 0xd4, 0xfd, 0x56, 0xfe, 0x18, 0xff, 0x16, 0xfe,
  0x92, 0xfd, 0x92, 0xfd, 0x92, 0xfd, 0xd4, 0xfd, 0x92, 0xfd, 0x96, 0xfe,
  0x56, 0xfe, 0xd8, 0xfe, 0x94, 0xfd, 0x52, 0xfd, 0x52, 0xfd, 0xd0, 0xfc,
  0x52, 0xfd, 0xd4, 0xfd, 0xd4, 0xfd, 0xd4, 0xfd, 0x94, 0xfd, 0x56, 0xfe,
  0x52, 0xfd, 0x10, 0xfd, 0x16, 0xfe, 0x14, 0xfe, 0x52, 0xfd, 0x52, 0xfd,
  0x92, 0xfd, 0x94, 0xfd, 0x16, 0xfe, 0x14, 0xfe, 0x14, 0xfe, 0x94, 0xfd,
  0xd4, 0xfd, 0x56, 0xfe, 0x94, 0xfd, 0x52, 0xfd, 0x0e, 0xf4, 0x0e, 0xf4,
  0x56, 0xfe, 0x14, 0xfe, 0x90, 0xd5, 0xd2, 0xc5, 0xce, 0x73, 0x12, 0x74,
  0x54, 0x74, 0x5a, 0x95, 0x9a, 0xa5, 0xdc, 0xa5, 0x1f, 0xc7, 0xda, 0xa5,
  0xdc, 0xa5, 0x5e, 0xb6, 0xdf, 0xc6, 0x9e, 0xb6, 0xdf, 0xe7, 0xff, 0xff,
  0x1f, 0xd7, 0x1f, 0xd7, 0x1f, 0xc7, 0x9e, 0xc6, 0x5e, 0xb6, 0x9f, 0xc6,
  0x5e, 0xb6, 0xdc, 0xa5, 0x9f, 0xc6, 0x9f, 0xd7, 0xdf, 0xe7, 0x5f, 0xd7,
  0x1f, 0xc7, 0x5e, 0xb6, 0xff, 0xff, 0xff, 0xff, 0xff, 0xf7, 0x1f, 0xd7,
  0x9f, 0xd7, 0x5f, 0xd7, 0xdf, 0xc6, 0x5f, 0xd7, 0x5e, 0xb6, 0xdc, 0xa5,
  0x1c, 0xb6, 0x5e, 0xb6, 0xdf, 0xc6, 0x9f, 0xd7, 0x9f, 0xd7, 0x1f, 0xc7,
  0x1f, 0xd7, 0xdf, 0xc6, 0xdf, 0xc6, 0x9e, 0xc6, 0x9e, 0xb6, 0x1c, 0xb6,
  0xda, 0xa5, 0x5e, 0xb6, 0x1c, 0xb6, 0x5e, 0xb6, 0x9f, 0xc6, 0x9f, 0xc6,
  0x1f, 0xd7, 0x1f, 0xd7, 0x1c, 0xb6, 0x1f, 0xd7, 0x5f, 0xd7, 0x1f, 0xd7,
  0xdf, 0xc6, 0x5e, 0xb6, 0x1c, 0xa6, 0xdf, 0xc6, 0x9f, 0xe7, 0x5f, 0xd7,
  0x9e, 0xc6, 0x9e, 0xb6, 0x5f, 0xd7, 0x54, 0xa5, 0xd2, 0xc5, 0x8e, 0xa4,
  0x44, 0x41, 0x84, 0x51, 0x48, 0xa2, 0xcc, 0xfb, 0xd4, 0xfd, 0xd4, 0xfd,
  0x52, 0xfd, 0x56, 0xfe, 0xd4, 0xfd, 0x52, 0xfd, 0x94, 0xfd, 0x52, 0xfd,
  0x52, 0xfd, 0xd4, 0xfd, 0x52, 0xfd, 0x92, 0xfd, 0x52, 0xfd, 0xd4, 0xfd,
  0xd4, 0xfd, 0x92, 0xfd, 0x1a, 0xff, 0xdc, 0xff, 0x18, 0xff, 0xd4, 0xfd,
  0x96, 0xfe, 0x96, 0xfe, 0xd4, 0xfd, 0xd4, 0xfd, 0x94, 0xfd, 0x94, 0xfd,
  0x94, 0xfd, 0x56, 0xfe, 0x98, 0xfe, 0xd4, 0xfd, 0x14, 0xfe, 0xd4, 0xfd,
  0x10, 0xfd, 0x14, 0xfe, 0x98, 0xfe, 0xd4, 0xfd, 0x14, 0xfe, 0xd4, 0xfd,
  0x10, 0xfd, 0x52, 0xfd, 0x52, 0xfd, 0x16, 0xfe, 0xd8, 0xfe, 0x56, 0xfe,
  0x52, 0xfd, 0x16, 0xfe, 0x98, 0xfe, 0x92, 0xfd, 0xd4, 0xfd, 0x12, 0xfd,
  0xd8, 0xfe, 0x56, 0xfe, 0x52, 0xfd, 0x10, 0xfd, 0x10, 0xfd, 0x52, 0xfd,
  0x16, 0xfe, 0x56, 0xfe, 0x52, 0xfd, 0xd0, 0xfc, 0x52, 0xfd, 0x94, 0xfd,
  0x98, 0xfe, 0x98, 0xfe, 0x14, 0xfe, 0x0e, 0xe4, 0x50, 0xd5, 0x4e, 0xb5,
  0x4a, 0x94, 0x8a, 0xc5, 0xf2, 0xff, 0xf8, 0xff, 0xf2, 0xff, 0xee, 0xff,
  0xec, 0xff, 0xf0, 0xff, 0xee, 0xff, 0xee, 0xff, 0xee, 0xff, 0xf0, 0xff,
  0xf0, 0xff, 0xee, 0xff, 0xf2, 0xff, 0xf0, 0xff, 0xf4, 0xff, 0xf2, 0xff,
  0xf0, 0xff, 0xf2, 0xff, 0xf2, 0xff, 0xf6, 0xff, 0xf2, 0xff, 0xf0, 0xff,
  0xf2, 0xff, 0xf6, 0xff, 0xf4, 0xff, 0xf2, 0xff, 0xf2, 0xff, 0xf2, 0xff,
  0xee, 0xff, 0xec, 0xff, 0xee, 0xff, 0xf0, 0xff, 0xee, 0xff, 0x0e, 0xd6,
  0x8a, 0x83, 0x06, 0x62, 0x06, 0x82, 0x4e, 0xe4, 0x0e, 0xe4, 0x4a, 0xe3,
  0x4e, 0xfc, 0x10, 0xfd, 0x94, 0xfd, 0x12, 0xfd, 0x12, 0xfd, 0x10, 0xfd,
  0x52, 0xfd, 0x56, 0xfe, 0xd4, 0xfd, 0x9a, 0xff, 0x1a, 0xff, 0xd8, 0xfe,
  0x56, 0xfe, 0x56, 0xfe, 0x96, 0xfe, 0x92, 0xfd, 0xd4, 0xfd, 0x56, 0xfe,
  0x52, 0xfd, 0xd0, 0xfc, 0xcc, 0xf3, 0x52, 0xfd, 0x9a, 0xff, 0x56, 0xfe,
  0x94, 0xfd, 0x5a, 0xff, 0xd4, 0xfd, 0x10, 0xfd, 0x94, 0xfd, 0xd4, 0xfd,
  0x52, 0xfd, 0x94, 0xfd, 0xd4, 0xfd, 0x56, 0xfe, 0xd4, 0xfd, 0x56, 0xfe,
  0xd4, 0xfd, 0xd0, 0xfc, 0xd4, 0xfd, 0x14, 0xfe, 0x92, 0xfd, 0x92, 0xfd,
  0xd4, 0xfd, 0x52, 0xfd, 0x52, 0xfd, 0x94, 0xfd, 0xd0, 0xfc, 0x90, 0xfc,
  0x14, 0xfe, 0x16, 0xfe, 0x52, 0xfd, 0x12, 0xfd, 0x52, 0xfd, 0x92, 0xfd,
  0x16, 0xfe, 0x96, 0xfe, 0xd4, 0xfd, 0xd4, 0xfd, 0x16, 0xfe, 0x14, 0xfe,
  0x92, 0xfd, 0x12, 0xfd, 0x8e, 0xfc, 0x0e, 0xfc, 0x14, 0xfe, 0xd4, 0xfd,
  0x8c, 0xb4, 0x0e, 0xb5, 0xce, 0x73, 0x90, 0x63, 0xd2, 0x73, 0x12, 0x74,
  0x58, 0x95, 0x9a, 0xa5, 0x5e, 0xb6, 0x1c, 0xb6, 0xdc, 0xa5, 0x5a, 0x95,
  0x9e, 0xb6, 0xdf, 0xc6, 0x1f, 0xd7, 0x5f, 0xd7, 0x1c, 0xb6, 0xdc, 0xa5,
  0x1c, 0xa6, 0x5e, 0xb6, 0x9f, 0xc6, 0x1f, 0xd7, 0x9e, 0xc6, 0x9a, 0xa5,
  0x1c, 0xb6, 0x9e, 0xc6, 0x1f, 0xd7, 0x9e, 0xc6, 0x1f, 0xc7, 0x9f, 0xc6,
  0xdf, 0xe7, 0xff, 0xff, 0x9f, 0xe7, 0x9f, 0xe7, 0x5f, 0xd7, 0xdf, 0xc6,
  0x9e, 0xb6, 0xff, 0xf7, 0xdf, 0xc6, 0x9f, 0xc6, 0xdf, 0xc6, 0x1f, 0xc7,
  0xdf, 0xc6, 0x9f, 0xd7, 0x9f, 0xe7, 0xdf, 0xc6, 0x1c, 0xb6, 0xda, 0xa5,
  0x9f, 0xc6, 0x1c, 0xb6, 0xdc, 0xa5, 0x1c, 0xb6, 0x9e, 0xb6, 0x9f, 0xc6,
  0x9e, 0xc6, 0x1c, 0xb6, 0x5a, 0x95, 0xd6, 0x94, 0x9e, 0xc6, 0xff, 0xf7,
  0x9f, 0xe7, 0x9e, 0xb6, 0xdf, 0xc6, 0x1f, 0xd7, 0x9e, 0xc6, 0x9a, 0xa5,
  0x58, 0x95, 0x1c, 0xb6, 0x9f, 0xe7, 0xdf, 0xe7, 0xdf, 0xc6, 0xdf, 0xc6,
  0x9f, 0xd7, 0x18, 0xc6, 0xd4, 0xe6, 0xce, 0xb4, 0x88, 0x82, 0xca, 0xa2,
  0x0a, 0xc3, 0x0e, 0xfc, 0x94, 0xfd, 0x56, 0xfe, 0x56, 0xfe, 0x5a, 0xff,
  0x96, 0xfe, 0xd4, 0xfd, 0x94, 0xfd, 0x56, 0xfe, 0xd4, 0xfd, 0xd4, 0xfd,
  0x94, 0xfd, 0x56, 0xfe, 0x14, 0xfe, 0x56, 0xfe, 0xd8, 0xfe, 0x94, 0xfd,
  0x12, 0xfd, 0x94, 0xfd, 0xd4, 0xfd, 0xd4, 0xfd, 0xd4, 0xfd, 0x52, 0xfd,
  0x12, 0xfd, 0xd4, 0xfd, 0x56, 0xfe, 0x92, 0xfd, 0x12, 0xfd, 0x52, 0xfd,
  0x52, 0xfd, 0xd4, 0xfd, 0x56, 0xfe, 0xd4, 0xfd, 0xd0, 0xfc, 0x12, 0xfd,
  0x96, 0xfe, 0x94, 0xfd, 0xd4, 0xfd, 0xd8, 0xfe, 0x94, 0xfd, 0x52, 0xfd,
  0x16, 0xfe, 0x50, 0xfc, 0x90, 0xfc, 0x52, 0xfd, 0x52, 0xfd, 0x9a, 0xff,
  0x1a, 0xff, 0x94, 0xfd, 0x10, 0xfd, 0x90, 0xfc, 0x98, 0xfe, 0x14, 0xfe,
  0x56, 0xfe, 0x92, 0xfd, 0x12, 0xfd, 0x92, 0xfd, 0x96, 0xfe, 0x14, 0xfe,
  0x14, 0xfe, 0x92, 0xfd, 0x52, 0xfd, 0x12, 0xfd, 0xd4, 0xfd, 0x52, 0xfd,
  0x10, 0xfd, 0x0a, 0xb3, 0x10, 0xc5, 0xd0, 0xd5, 0xcc, 0xd5, 0x0a, 0xff,
  0xf0, 0xff, 0xfa, 0xff, 0xf8, 0xff, 0xf6, 0xff, 0xf4, 0xff, 0xf6, 0xff,
  0xf0, 0xff, 0xf0, 0xff, 0xf0, 0xff, 0xee, 0xff, 0xee, 0xff, 0xec, 0xff,
  0xf2, 0xff, 0xfa, 0xff, 0xf6, 0xff, 0xf0, 0xff, 0xee, 0xff, 0xf0, 0xff,
  0xf0, 0xff, 0xf2, 0xff, 0xf4, 0xff, 0xf2, 0xff, 0xf0, 0xff, 0xf0, 0xff,
  0xf2, 0xff, 0xf4, 0xff, 0xfa, 0xff, 0xf2, 0xff, 0xee, 0xff, 0xee, 0xff,
  0xec, 0xff, 0xf2, 0xff, 0xf2, 0xff, 0x90, 0xe6, 0x90, 0xc5, 0x8a, 0xa3,
  0xcc, 0xe3, 0xd0, 0xfc, 0x4c, 0xd3, 0x0a, 0xd3, 0x90, 0xfc, 0x52, 0xfd,
  0xd4, 0xfd, 0x52, 0xfd, 0x90, 0xfc, 0x52, 0xfd, 0xd4, 0xfd, 0x98, 0xfe,
  0x16, 0xfe, 0x92, 0xfd, 0xd4, 0xfd, 0x14, 0xfe, 0x52, 0xfd, 0x94, 0xfd,
  0x16, 0xfe, 0x52, 0xfd, 0x12, 0xfd, 0x52, 0xfd, 0x12, 0xfd, 0x90, 0xfc,
  0x0e, 0xf4, 0xd0, 0xfc, 0x5a, 0xff, 0xd4, 0xfd, 0x92, 0xfd, 0xd4, 0xfd,
  0xd4, 0xfd, 0x12, 0xfd, 0xd4, 0xfd, 0xd8, 0xfe, 0x94, 0xfd, 0x98, 0xfe,
  0x98, 0xfe, 0xd8, 0xfe, 0x56, 0xfe, 0x92, 0xfd, 0x12, 0xfd, 0xd0, 0xfc,
  0x10, 0xfd, 0x52, 0xfd, 0x52, 0xfd, 0x94, 0xfd, 0x52, 0xfd, 0x92, 0xfd,
  0xd4, 0xfd, 0x14, 0xfe, 0x12, 0xfd, 0xd0, 0xfc, 0xd0, 0xfc, 0x90, 0xfc,
  0x12, 0xfd, 0xd4, 0xfd, 0xd4, 0xfd, 0x94, 0xfd, 0x52, 0xfd, 0x94, 0xfd,
  0x52, 0xfd, 0x52, 0xfd, 0x92, 0xfd, 0x52, 0xfd, 0xd4, 0xfd, 0xd0, 0xfc,
  0x0e, 0xfc, 0xd0, 0xfc, 0x96, 0xfe, 0x56, 0xfe, 0x50, 0xc5, 0x8a, 0x83,
  0x0e, 0x63, 0x12, 0x74, 0x54, 0x84, 0x14, 0x74, 0x58, 0x95, 0x9a, 0xa5,
  0x1c, 0xb6, 0x9e, 0xb6, 0x5e, 0xb6, 0x9e, 0xc6, 0x1e, 0xb6, 0x9f, 0xc6,
  0x9e, 0xc6, 0x5e, 0xb6, 0xdf, 0xc6, 0xff, 0xf7, 0x5f, 0xd7, 0xdf, 0xc6,
  0xdf, 0xc6, 0x9f, 0xc6, 0x9e, 0xc6, 0x5e, 0xb6, 0x5e, 0xb6, 0xdf, 0xc6,
  0xff, 0xf7, 0xff, 0xe7, 0x9e, 0xb6, 0x5e, 0xb6, 0x1f, 0xd7, 0xdf, 0xc6,
  0x9e, 0xc6, 0x1f, 0xd7, 0x1f, 0xd7, 0x1c, 0xb6, 0x5e, 0xb6, 0x5f, 0xd7,
  0x5f, 0xd7, 0x1f, 0xd7, 0x1f, 0xd7, 0x9f, 0xe7, 0x5f, 0xd7, 0xdf, 0xc6,
  0x1f, 0xd7, 0x9a, 0xa5, 0xd6, 0x84, 0x9a, 0xa5, 0x1f, 0xc7, 0x9a, 0xa5,
  0xda, 0xa5, 0x5e, 0xb6, 0xdf, 0xc6, 0xdf, 0xc6, 0x1f, 0xd7, 0xdf, 0xc6,
  0x9a, 0xa5, 0x18, 0x95, 0xdc, 0xa5, 0xff, 0xf7, 0x9f, 0xe7, 0xdf, 0xc6,
  0x5f, 0xd7, 0x9f, 0xe7, 0x1f, 0xd7, 0x9f, 0xc6, 0xdf, 0xc6, 0xdf, 0xc6,
  0x5f, 0xd7, 0x5f, 0xd7, 0xdf, 0xc6, 0x5e, 0xb6, 0x5f, 0xd7, 0x98, 0xd6,
  0xd8, 0xff, 0x4e, 0xb4, 0x0e, 0xf4, 0xd0, 0xfc, 0xce, 0xf3, 0x4e, 0xfc,
  0xd0, 0xfc, 0x92, 0xfd, 0x16, 0xfe, 0xd4, 0xfd, 0x14, 0xfe, 0x94, 0xfd,
  0xd4, 0xfd, 0x52, 0xfd, 0xd0, 0xfc, 0x12, 0xfd, 0x92, 0xfd, 0x92, 0xfd,
  0x94, 0xfd, 0x52, 0xfd, 0xd8, 0xfe, 0xd8, 0xfe, 0x12, 0xfd, 0xd0, 0xfc,
  0x90, 0xfc, 0x90, 0xfc, 0x90, 0xfc, 0x52, 0xfd, 0x52, 0xfd, 0xd4, 0xfd,
  0x14, 0xfe, 0xd0, 0xfc, 0x52, 0xfd, 0x52, 0xfd, 0x12, 0xfd, 0xd4, 0xfd,
  0x94, 0xfd, 0xd4, 0xfd, 0xd4, 0xfd, 0x98, 0xfe, 0x56, 0xfe, 0xd4, 0xfd,
  0x92, 0xfd, 0x56, 0xfe, 0x92, 0xfd, 0x94, 0xfd, 0xd8, 0xfe, 0xd4, 0xfd,
  0xd0, 0xfc, 0x52, 0xfd, 0x92, 0xfd, 0x9c, 0xff, 0xd8, 0xfe, 0x52, 0xfd,
  0x52, 0xfd, 0x92, 0xfd, 0xd4, 0xfd, 0xd4, 0xfd, 0x16, 0xfe, 0x56, 0xfe,
  0xd4, 0xfd, 0x94, 0xfd, 0x52, 0xfd, 0x94, 0xfd, 0x14, 0xfe, 0x14, 0xfe,
  0x92, 0xfd, 0xd4, 0xfd, 0x94, 0xfd, 0x14, 0xfe, 0x92, 0xfd, 0x4a, 0xb3,
  0x12, 0xe6, 0xd4, 0xe6, 0x0c, 0xb5, 0x4a, 0xe6, 0x8c, 0xff, 0xee, 0xff,
  0xf2, 0xff, 0xf4, 0xff, 0xf8, 0xff, 0xf2, 0xff, 0xee, 0xff, 0xee, 0xff,
  0xf2, 0xff, 0xfa, 0xff, 0xf8, 0xff, 0xf0, 0xff, 0xee, 0xff, 0xf4, 0xff,
  0xf2, 0xff, 0xf0, 0xff, 0xf2, 0xff, 0xf4, 0xff, 0xf2, 0xff, 0xf2, 0xff,
  0xf8, 0xff, 0xf2, 0xff, 0xee, 0xff, 0xee, 0xff, 0xf2, 0xff, 0xf2, 0xff,
  0xf4, 0xff, 0xf2, 0xff, 0xf4, 0xff, 0xf6, 0xff, 0xf0, 0xff, 0xf6, 0xff,
  0xd0, 0xff, 0x8c, 0xa4, 0x90, 0xc5, 0x0c, 0xa4, 0x4e, 0xfc, 0xd4, 0xfd,
  0xd0, 0xfc, 0x0e, 0xfc, 0x94, 0xfd, 0x94, 0xfd, 0xd4, 0xfd, 0x14, 0xfe,
  0x52, 0xfd, 0x94, 0xfd, 0x14, 0xfe, 0x56, 0xfe, 0x92, 0xfd, 0x52, 0xfd,
  0x96, 0xfe, 0xd4, 0xfd, 0xd4, 0xfd, 0xd8, 0xfe, 0x14, 0xfe, 0xd0, 0xfc,
  0x52, 0xfd, 0x92, 0xfd, 0x12, 0xfd, 0xd0, 0xfc, 0xd0, 0xfc, 0x52, 0xfd,
  0x56, 0xfe, 0x94, 0xfd, 0x16, 0xfe, 0x16, 0xfe, 0x56, 0xfe, 0x52, 0xfd,
  0x56, 0xfe, 0x56, 0xfe, 0x52, 0xfd, 0x5a, 0xff, 0x98, 0xfe, 0xd4, 0xfd,
  0xd0, 0xfc, 0x4e, 0xfc, 0x8e, 0xfc, 0x8e, 0xfc, 0x90, 0xfc, 0x12, 0xfd,
  0x92, 0xfd, 0x14, 0xfe, 0x94, 0xfd, 0x52, 0xfd, 0x52, 0xfd, 0x92, 0xfd,
  0x92, 0xfd, 0xd4, 0xfd, 0x12, 0xfd, 0x90, 0xfc, 0xd0, 0xfc, 0x94, 0xfd,
  0x52, 0xfd, 0x12, 0xfd, 0x90, 0xfc, 0x12, 0xfd, 0x52, 0xfd, 0x92, 0xfd,
  0x52, 0xfd, 0xd0, 0xfc, 0x92, 0xfd, 0x52, 0xfd, 0x4e, 0xfc, 0x52, 0xfd,
  0x96, 0xfe, 0x14, 0xfe, 0x0c, 0xa4, 0xc8, 0x62, 0x4e, 0x63, 0x18, 0x95,
  0xda, 0xa5, 0x5a, 0xa5, 0x5a, 0xa5, 0x9e, 0xb6, 0x5e, 0xb6, 0x9f, 0xc6,
  0x5e, 0xb6, 0x1f, 0xd7, 0x1f, 0xd7, 0xdf, 0xc6, 0x1f, 0xc7, 0x1f, 0xd7,
  0x1f, 0xd7, 0x1f, 0xd7, 0x9e, 0xc6, 0x1f, 0xd7, 0x9e, 0xc6, 0x5e, 0xb6,
  0x1f, 0xd7, 0x5f, 0xd7, 0xdf, 0xc6, 0x9e, 0xb6, 0xdf, 0xe7, 0xdf, 0xe7,
  0x5e, 0xb6, 0x9e, 0xb6, 0x5e, 0xb6, 0x1c, 0xb6, 0x5e, 0xb6, 0x1c, 0xb6,
  0x5f, 0xd7, 0x1f, 0xd7, 0x5e, 0xb6, 0x5e, 0xb6, 0x1f, 0xd7, 0x1f, 0xc7,
  0x1f, 0xc7, 0x5f, 0xd7, 0xff, 0xf7, 0xdf, 0xc6, 0x5e, 0xb6, 0x1c, 0xb6,
  0x5a, 0x95, 0x5e, 0xb6, 0x5e, 0xb6, 0x1e, 0xb6, 0x9e, 0xc6, 0x5f, 0xd7,
  0x9f, 0xe7, 0x5f, 0xd7, 0xdf, 0xc6, 0x9f, 0xc6, 0x1f, 0xc7, 0xdf, 0xc6,
  0x1c, 0xb6, 0xff, 0xf7, 0xff, 0xe7, 0x9f, 0xd7, 0x9f, 0xe7, 0xff, 0xe7,
  0x5f, 0xd7, 0x9e, 0xc6, 0xdf, 0xc6, 0x1f, 0xd7, 0xdf, 0xc6, 0x9f, 0xc6,
  0xdc, 0xa5, 0xdf, 0xc6, 0x9f, 0xd7, 0xd6, 0xb5, 0x8e, 0xa4, 0x46, 0x62,
  0x0a, 0xc3, 0x90, 0xfc, 0x8c, 0xe3, 0x0e, 0xfc, 0xd0, 0xfc, 0x12, 0xfd,
  0x56, 0xfe, 0x16, 0xfe, 0xd4, 0xfd, 0xd4, 0xfd, 0x16, 0xfe, 0xd0, 0xfc,
  0x8e, 0xfc, 0x12, 0xfd, 0x94, 0xfd, 0x90, 0xfc, 0xd0, 0xfc, 0x10, 0xfd,
  0xd4, 0xfd, 0x92, 0xfd, 0xd4, 0xfd, 0xd4, 0xfd, 0x52, 0xfd, 0xd0, 0xfc,
  0x4e, 0xfc, 0x52, 0xfd, 0x52, 0xfd, 0xd4, 0xfd, 0x98, 0xfe, 0x52, 0xfd,
  0x52, 0xfd, 0x52, 0xfd, 0x94, 0xfd, 0x56, 0xfe, 0xd4, 0xfd, 0xd4, 0xfd,
  0x12, 0xfd, 0x56, 0xfe, 0x52, 0xfd, 0x12, 0xfd, 0xd4, 0xfd, 0x52, 0xfd,
  0x52, 0xfd, 0x14, 0xfe, 0x98, 0xfe, 0x94, 0xfd, 0xd0, 0xfc, 0xd4, 0xfd,
  0x1a, 0xff, 0x56, 0xfe, 0x56, 0xfe, 0xd0, 0xfc, 0x92, 0xfd, 0x14, 0xfe,
  0x12, 0xfd, 0x16, 0xfe, 0x16, 0xfe, 0x94, 0xfd, 0x52, 0xfd, 0x92, 0xfd,
  0x92, 0xfd, 0xd4, 0xfd, 0x94, 0xfd, 0x96, 0xfe, 0xd4, 0xfd, 0x14, 0xfe,
  0xd4, 0xfd, 0xd4, 0xfd, 0x52, 0xfd, 0xcc, 0xd3, 0x90, 0xe5, 0x0e, 0xb5,
  0x06, 0x73, 0x88, 0xa4, 0x88, 0xd5, 0x4a, 0xff, 0xf0, 0xff, 0xf4, 0xff,
  0xfa, 0xff, 0xf6, 0xff, 0xf4, 0xff, 0xf2, 0xff, 0xf6, 0xff, 0xfa, 0xff,
  0xf6, 0xff, 0xf2, 0xff, 0xf2, 0xff, 0xf2, 0xff, 0xf0, 0xff, 0xee, 0xff,
  0xf0, 0xff, 0xf0, 0xff, 0xf2, 0xff, 0xf2, 0xff, 0xf4, 0xff, 0xf0, 0xff,
  0xf0, 0xff, 0xf0, 0xff, 0xf4, 0xff, 0xf0, 0xff, 0xf4, 0xff, 0xf2, 0xff,
  0xf2, 0xff, 0xf2, 0xff, 0xf2, 0xff, 0xf6, 0xff, 0x4c, 0xf7, 0x88, 0x83,
  0x0c, 0x94, 0xcc, 0xa3, 0x4a, 0xc3, 0x0e, 0xf4, 0x0e, 0xf4, 0x4e, 0xfc,
  0x52, 0xfd, 0x92, 0xfd, 0x52, 0xfd, 0x14, 0xfe, 0x52, 0xfd, 0x10, 0xfd,
  0x94, 0xfd, 0xd4, 0xfd, 0x92, 0xfd, 0xd4, 0xfd, 0x92, 0xfd, 0xd4, 0xfd,
  0x16, 0xfe, 0x56, 0xfe, 0x92, 0xfd, 0x94, 0xfd, 0xd4, 0xfd, 0x16, 0xfe,
  0x12, 0xfd, 0xcc, 0xe3, 0x90, 0xfc, 0x52, 0xfd, 0x52, 0xfd, 0x52, 0xfd,
  0xd4, 0xfd, 0xd0, 0xfc, 0xd0, 0xfc, 0x12, 0xfd, 0x52, 0xfd, 0x12, 0xfd,
  0x94, 0xfd, 0xd8, 0xfe, 0x16, 0xfe, 0x94, 0xfd, 0x12, 0xfd, 0xd0, 0xfc,
  0x52, 0xfd, 0x94, 0xfd, 0x52, 0xfd, 0x92, 0xfd, 0xd8, 0xfe, 0x98, 0xfe,
  0x52, 0xfd, 0x12, 0xfd, 0x94, 0xfd, 0x56, 0xfe, 0x52, 0xfd, 0x90, 0xfc,
  0x0e, 0xfc, 0xd0, 0xfc, 0x92, 0xfd, 0xd0, 0xfc, 0x12, 0xfd, 0x90, 0xfc,
  0xcc, 0xe3, 0x10, 0xfd, 0x12, 0xfd, 0x52, 0xfd, 0x52, 0xfd, 0x12, 0xfd,
  0x90, 0xfc, 0xd0, 0xfc, 0x52, 0xfd, 0x12, 0xfd, 0xd4, 0xfd, 0xd4, 0xfd,
  0x94, 0xf6, 0x50, 0xb5, 0x12, 0x74, 0x5e, 0xb6, 0x9e, 0xb6, 0x5e, 0xb6,
  0x5e, 0xb6, 0x9e, 0xb6, 0xdf, 0xc6, 0xdf, 0xc6, 0xdf, 0xc6, 0x9f, 0xe7,
  0xff, 0xe7, 0x1f, 0xd7, 0x1f, 0xd7, 0xdf, 0xe7, 0x9f, 0xe7, 0x9e, 0xc6,
  0x5e, 0xb6, 0xdf, 0xc6, 0xdf, 0xc6, 0x1c, 0xb6, 0x5e, 0xb6, 0xdf, 0xc6,
  0x9f, 0xe7, 0x1f, 0xd7, 0x5f, 0xd7, 0x9e, 0xc6, 0xdf, 0xc6, 0x1f, 0xd7,
  0x9f, 0xc6, 0x9f, 0xc6, 0x5e, 0xb6, 0x9a, 0xa5, 0x5f, 0xd7, 0xff, 0xff,
  0x9f, 0xe7, 0x5e, 0xb6, 0x1c, 0xb6, 0x1c, 0xa6, 0x5e, 0xb6, 0x5e, 0xb6,
  0xdf, 0xc6, 0x5e, 0xb6, 0xdf, 0xc6, 0x9e, 0xc6, 0xdf, 0xc6, 0x1f, 0xd7,
  0xdf, 0xc6, 0xdf, 0xc6, 0x1f, 0xc7, 0x9f, 0xc6, 0xdf, 0xe7, 0x5f, 0xd7,
  0x5e, 0xb6, 0xda, 0xa5, 0x9e, 0xc6, 0x9e, 0xc6, 0x1c, 0xb6, 0x5f, 0xd7,
  0xff, 0xf7, 0xff, 0xf7, 0xdf, 0xe7, 0x5f, 0xd7, 0xdf, 0xc6, 0x9e, 0xc6,
  0xdf, 0xc6, 0xdf, 0xc6, 0xdf, 0xc6, 0x1f, 0xc7, 0x9f, 0xc6, 0x9e, 0xc6,
  0xdf, 0xc6, 0x16, 0xc6, 0x0c, 0x94, 0xc8, 0x82, 0x4c, 0xc3, 0x90, 0xfc,
  0x90, 0xfc, 0xd0, 0xfc, 0xd4, 0xfd, 0x52, 0xfd, 0xd4, 0xfd, 0x98, 0xfe,
  0x94, 0xfd, 0x94, 0xfd, 0xd4, 0xfd, 0x16, 0xfe, 0xd4, 0xfd, 0xd0, 0xfc,
  0x10, 0xfd, 0x0e, 0xfc, 0x12, 0xfd, 0x10, 0xfd, 0xd0, 0xfc, 0x10, 0xfd,
  0x92, 0xfd, 0x52, 0xfd, 0xd0, 0xfc, 0xd0, 0xfc, 0xd0, 0xfc, 0x52, 0xfd,
  0x94, 0xfd, 0x92, 0xfd, 0xd0, 0xfc, 0xd0, 0xfc, 0xd4, 0xfd, 0x92, 0xfd,
  0xd4, 0xfd, 0x56, 0xfe, 0x56, 0xfe, 0x52, 0xfd, 0x10, 0xfd, 0x16, 0xfe,
  0xd4, 0xfd, 0xd0, 0xfc, 0x12, 0xfd, 0x4e, 0xfc, 0x52, 0xfd, 0x52, 0xfd,
  0xd4, 0xfd, 0x96, 0xfe, 0xd4, 0xfd, 0xd4, 0xfd, 0x96, 0xfe, 0x56, 0xfe,
  0x16, 0xfe, 0x52, 0xfd, 0x94, 0xfd, 0x98, 0xfe, 0xd4, 0xfd, 0x56, 0xfe,
  0x14, 0xfe, 0x16, 0xfe, 0x94, 0xfd, 0x1a, 0xff, 0x98, 0xfe, 0xd4, 0xfd,
  0x56, 0xfe, 0xd8, 0xfe, 0x1a, 0xff, 0xd8, 0xfe, 0x98, 0xfe, 0x52, 0xfd,
  0x4e, 0xfc, 0xcc, 0xe3, 0x90, 0xd5, 0x52, 0xe6, 0x06, 0x73, 0x86, 0x83,
  0x4a, 0xc5, 0xca, 0xfe, 0xec, 0xff, 0xf6, 0xff, 0xf8, 0xff, 0xf8, 0xff,
  0xf6, 0xff, 0xf6, 0xff, 0xf4, 0xff, 0xf0, 0xff, 0xf0, 0xff, 0xf0, 0xff,
  0xee, 0xff, 0xf2, 0xff, 0xf0, 0xff, 0xf0, 0xff, 0xee, 0xff, 0xee, 0xff,
  0xf0, 0xff, 0xf2, 0xff, 0xf2, 0xff, 0xf2, 0xff, 0xf4, 0xff, 0xf2, 0xff,
  0xf2, 0xff, 0xf0, 0xff, 0xf0, 0xff, 0xf4, 0xff, 0xf4, 0xff, 0xf0, 0xff,
  0xee, 0xff, 0xf4, 0xff, 0xee, 0xff, 0x4c, 0xb5, 0x8c, 0xa4, 0xcc, 0xa3,
  0x8c, 0xd3, 0x0a, 0xb3, 0x8c, 0xd3, 0x4e, 0xfc, 0xd4, 0xfd, 0x56, 0xfe,
  0x52, 0xfd, 0xd4, 0xfd, 0x94, 0xfd, 0x52, 0xfd, 0x96, 0xfe, 0x56, 0xfe,
  0x98, 0xfe, 0xd8, 0xfe, 0x12, 0xfd, 0x94, 0xfd, 0x92, 0xfd, 0x94, 0xfd,
  0x52, 0xfd, 0x52, 0xfd, 0x52, 0xfd, 0x56, 0xfe, 0x96, 0xfe, 0x52, 0xfd,
  0x52, 0xfd, 0x94, 0xfd, 0x94, 0xfd, 0x10, 0xfd, 0x52, 0xfd, 0x52, 0xfd,
  0x10, 0xfd, 0x92, 0xfd, 0x92, 0xfd, 0x94, 0xfd, 0xd4, 0xfd, 0x98, 0xfe,
  0x5a, 0xff, 0x98, 0xfe, 0xd4, 0xfd, 0x52, 0xfd, 0xd4, 0xfd, 0x16, 0xfe,
  0xd4, 0xfd, 0x56, 0xfe, 0x56, 0xfe, 0x16, 0xfe, 0x14, 0xfe, 0x12, 0xfd,
  0x52, 0xfd, 0x16, 0xfe, 0x94, 0xfd, 0xd0, 0xfc, 0xd0, 0xfc, 0xd4, 0xfd,
  0x16, 0xfe, 0xd0, 0xfc, 0x94, 0xfd, 0x10, 0xfd, 0x90, 0xfc, 0x94, 0xfd,
  0x52, 0xfd, 0x12, 0xfd, 0x92, 0xfd, 0x52, 0xfd, 0x52, 0xfd, 0xd4, 0xfd,
  0x16, 0xfe, 0xd0, 0xfc, 0xd4, 0xfd, 0x92, 0xfd, 0x50, 0xd5, 0x0e, 0xb5,
  0x4e, 0x63, 0x9a, 0xa5, 0x5f, 0xd7, 0xdf, 0xe7, 0xdf, 0xc6, 0x5e, 0xb6,
  0x1c, 0xb6, 0x5e, 0xb6, 0xdf, 0xe7, 0x5f, 0xd7, 0x1f, 0xc7, 0xdf, 0xc6,
  0x1f, 0xc7, 0x5f, 0xd7, 0xdf, 0xc6, 0xdc, 0xa5, 0x5e, 0xb6, 0x5e, 0xb6,
  0xdc, 0xa5, 0x9a, 0xa5, 0x9a, 0xa5, 0x1f, 0xd7, 0xff, 0xff, 0x9f, 0xe7,
  0xdf, 0xc6, 0x1c, 0xb6, 0x5e, 0xb6, 0xdf, 0xc6, 0x1f, 0xd7, 0xdf, 0xc6,
  0x9f, 0xc6, 0x5e, 0xb6, 0x5f, 0xd7, 0xff, 0xff, 0x9f, 0xe7, 0x1c, 0xb6,
  0x18, 0x95, 0x1c, 0xb6, 0x9e, 0xc6, 0x5e, 0xb6, 0x1f, 0xc7, 0x9e, 0xc6,
  0xdf, 0xe7, 0x5f, 0xd7, 0x5e, 0xb6, 0x1f, 0xd7, 0x1f, 0xd7, 0xdf, 0xc6,
  0x1e, 0xb6, 0x5e, 0xb6, 0x1f, 0xd7, 0x1f, 0xd7, 0xdf, 0xc6, 0x1f, 0xd7,
  0xdf, 0xc6, 0xdc, 0xa5, 0x9e, 0xb6, 0x1f, 0xd7, 0x5f, 0xd7, 0x5f, 0xd7,
  0x1f, 0xc7, 0x9f, 0xc6, 0x9f, 0xc6, 0x5e, 0xb6, 0xdf, 0xc6, 0x1f, 0xd7,
  0x9f, 0xc6, 0x5f, 0xd7, 0x1f, 0xd7, 0x9f, 0xc6, 0x5f, 0xd7, 0x14, 0xa5,
  0x10, 0xb5, 0x0c, 0xa4, 0x0e, 0xe4, 0xd4, 0xfd, 0x14, 0xfe, 0x94, 0xfd,
  0x14, 0xfe, 0x14, 0xfe, 0x16, 0xfe, 0xd8, 0xfe, 0x52, 0xfd, 0x94, 0xfd,
  0x10, 0xfd, 0x16, 0xfe, 0x14, 0xfe, 0x4e, 0xfc, 0xd0, 0xfc, 0x10, 0xfd,
  0x16, 0xfe, 0x52, 0xfd, 0x52, 0xfd, 0x52, 0xfd, 0x94, 0xfd, 0x10, 0xfd,
  0xd0, 0xfc, 0x90, 0xfc, 0x52, 0xfd, 0xd4, 0xfd, 0x52, 0xfd, 0xd0, 0xfc,
  0x12, 0xfd, 0x92, 0xfd, 0x92, 0xfd, 0x92, 0xfd, 0x52, 0xfd, 0xd4, 0xfd,
  0x56, 0xfe, 0xd8, 0xfe, 0x14, 0xfe, 0x56, 0xfe, 0x98, 0xfe, 0xd4, 0xfd,
  0x16, 0xfe, 0x52, 0xfd, 0xd0, 0xfc, 0x10, 0xfd, 0xd4, 0xfd, 0x56, 0xfe,
  0x92, 0xfd, 0x92, 0xfd, 0xd4, 0xfd, 0x18, 0xff, 0xd4, 0xfd, 0x94, 0xfd,
  0xd4, 0xfd, 0x16, 0xfe, 0xd4, 0xfd, 0xd4, 0xfd, 0x14, 0xfe, 0xd4, 0xfd,
  0x92, 0xfd, 0x16, 0xfe, 0x56, 0xfe, 0x52, 0xfd, 0xd4, 0xfd, 0x16, 0xfe,
  0xd4, 0xfd, 0x16, 0xfe, 0x92, 0xfd, 0x14, 0xfe, 0x16, 0xfe, 0x52, 0xfd,
  0xce, 0xc4, 0x50, 0xb5, 0xca, 0x83, 0x46, 0x73, 0x4a, 0xe6, 0xcc, 0xff,
  0xee, 0xff, 0xf4, 0xff, 0xf6, 0xff, 0xf8, 0xff, 0xf2, 0xff, 0xf4, 0xff,
  0xf4, 0xff, 0xf2, 0xff, 0xf0, 0xff, 0xee, 0xff, 0xf2, 0xff, 0xf4, 0xff,
  0xf6, 0xff, 0xfa, 0xff, 0xf4, 0xff, 0xf4, 0xff, 0xee, 0xff, 0xf0, 0xff,
  0xf0, 0xff, 0xf0, 0xff, 0xf0, 0xff, 0xf2, 0xff, 0xf6, 0xff, 0xf2, 0xff,
  0xee, 0xff, 0xee, 0xff, 0xee, 0xff, 0xee, 0xff, 0xf0, 0xff, 0xf2, 0xff,
  0xee, 0xff, 0x0e, 0xd6, 0xd4, 0xf6, 0xcc, 0x93, 0xc6, 0x71, 0xca, 0xa2,
  0xd2, 0xfc, 0x52, 0xfd, 0x1a, 0xff, 0x96, 0xfe, 0xd4, 0xfd, 0x94, 0xfd,
  0x92, 0xfd, 0x14, 0xfe, 0x98, 0xfe, 0xd4, 0xfd, 0x98, 0xfe, 0x96, 0xfe,
  0x90, 0xfc, 0xd0, 0xfc, 0x52, 0xfd, 0xd4, 0xfd, 0x14, 0xfe, 0x92, 0xfd,
  0x10, 0xfd, 0x52, 0xfd, 0xd4, 0xfd, 0x94, 0xfd, 0xd0, 0xfc, 0x0e, 0xfc,
  0x12, 0xfd, 0x52, 0xfd, 0x92, 0xfd, 0x14, 0xfe, 0x52, 0xfd, 0x52, 0xfd,
  0x92, 0xfd, 0x56, 0xfe, 0x1a, 0xff, 0x56, 0xfe, 0x14, 0xfe, 0x1a, 0xff,
  0x18, 0xff, 0xd4, 0xfd, 0x52, 0xfd, 0x52, 0xfd, 0x52, 0xfd, 0x98, 0xfe,
  0x1a, 0xff, 0x9c, 0xff, 0xd8, 0xfe, 0xd4, 0xfd, 0xd4, 0xfd, 0x16, 0xfe,
  0x52, 0xfd, 0x10, 0xfd, 0x10, 0xfd, 0x92, 0xfd, 0x94, 0xfd, 0xd0, 0xfc,
  0x12, 0xfd, 0x52, 0xfd, 0x10, 0xfd, 0x12, 0xfd, 0x10, 0xfd, 0x52, 0xfd,
  0x10, 0xfd, 0x94, 0xfd, 0x92, 0xfd, 0x96, 0xfe, 0x56, 0xfe, 0x92, 0xfd,
  0x16, 0xfe, 0xd2, 0xfd, 0xd0, 0xd5, 0xce, 0xa4, 0xcc, 0x52, 0x14, 0x74,
  0x1c, 0xb6, 0xdf, 0xc6, 0x1f, 0xc7, 0xdf, 0xc6, 0x5e, 0xb6, 0x5f, 0xd7,
  0x5f, 0xd7, 0xdf, 0xc6, 0x5e, 0xb6, 0xdf, 0xc6, 0x5e, 0xb6, 0xda, 0xa5,
  0x9e, 0xc6, 0xdc, 0xa5, 0x5e, 0xb6, 0x5e, 0xb6, 0xda, 0xa5, 0xdc, 0xa5,
  0xda, 0xa5, 0x5e, 0xb6, 0x5f, 0xd7, 0xdf, 0xc6, 0x5e, 0xb6, 0x5e, 0xb6,
  0x1c, 0xb6, 0x1c, 0xb6, 0x1e, 0xb6, 0x5e, 0xb6, 0xdc, 0xa5, 0xdc, 0xa5,
  0x5f, 0xd7, 0x5f, 0xd7, 0x1f, 0xd7, 0x5e, 0xb6, 0x9a, 0xa5, 0x5e, 0xb6,
  0x1f, 0xc7, 0x9f, 0xc6, 0x9f, 0xc6, 0x1c, 0xb6, 0x9f, 0xe7, 0x5f, 0xd7,
  0x1c, 0xb6, 0x9e, 0xc6, 0x1f, 0xd7, 0x1e, 0xb6, 0x9a, 0xa5, 0x1c, 0xa6,
  0x9f, 0xc6, 0xdf, 0xc6, 0x1f, 0xc7, 0xdf, 0xc6, 0x9e, 0xc6, 0x9f, 0xc6,
  0xdf, 0xc6, 0x5f, 0xd7, 0xdf, 0xc6, 0x1f, 0xc7, 0xdf, 0xc6, 0x1f, 0xd7,
  0x1f, 0xc7, 0x1c, 0xb6, 0x1c, 0xb6, 0x9e, 0xc6, 0x9e, 0xc6, 0x1f, 0xd7,
  0x9f, 0xd7, 0x5f, 0xd7, 0x1f, 0xd7, 0x14, 0xa5, 0xce, 0xa4, 0x08, 0x73,
  0xc8, 0xa2, 0xd0, 0xfc, 0xd4, 0xfd, 0x52, 0xfd, 0x14, 0xfe, 0x56, 0xfe,
  0x14, 0xfe, 0xd4, 0xfd, 0x10, 0xfd, 0x10, 0xfd, 0x10, 0xfd, 0x52, 0xfd,
  0x52, 0xfd, 0x10, 0xfd, 0xd0, 0xfc, 0x94, 0xfd, 0x14, 0xfe, 0xd4, 0xfd,
  0xd8, 0xfe, 0x94, 0xfd, 0x98, 0xfe, 0x16, 0xfe, 0x52, 0xfd, 0x94, 0xfd,
  0x14, 0xfe, 0x14, 0xfe, 0xd4, 0xfd, 0x94, 0xfd, 0x12, 0xfd, 0x94, 0xfd,
  0x52, 0xfd, 0x92, 0xfd, 0x96, 0xfe, 0x14, 0xfe, 0x56, 0xfe, 0x98, 0xfe,
  0x96, 0xfe, 0x96, 0xfe, 0x96, 0xfe, 0x16, 0xfe, 0x52, 0xfd, 0x52, 0xfd,
  0x12, 0xfd, 0x10, 0xfd, 0xd4, 0xfd, 0x94, 0xfd, 0x92, 0xfd, 0x56, 0xfe,
  0xd4, 0xfd, 0xd4, 0xfd, 0x14, 0xfe, 0xd4, 0xfd, 0xd4, 0xfd, 0x16, 0xfe,
  0xd4, 0xfd, 0x98, 0xfe, 0x16, 0xfe, 0x14, 0xfe, 0x92, 0xfd, 0x92, 0xfd,
  0x1a, 0xff, 0x9c, 0xff, 0x94, 0xfd, 0x56, 0xfe, 0xd4, 0xfd, 0xd4, 0xfd,
  0x94, 0xfd, 0x56, 0xfe, 0xd0, 0xfc, 0xd0, 0xfc, 0x90, 0xd5, 0xd0, 0xc5,
  0x4a, 0x94, 0xca, 0xc5, 0xf2, 0xff, 0xf0, 0xff, 0xf2, 0xff, 0xf4, 0xff,
  0xf4, 0xff, 0xf2, 0xff, 0xf0, 0xff, 0xee, 0xff, 0xee, 0xff, 0xfa, 0xff,
  0xf6, 0xff, 0xf2, 0xff, 0xf2, 0xff, 0xf0, 0xff, 0xf2, 0xff, 0xf8, 0xff,
  0xf8, 0xff, 0xf6, 0xff, 0xf2, 0xff, 0xec, 0xff, 0xee, 0xff, 0xee, 0xff,
  0xf0, 0xff, 0xf0, 0xff, 0xf2, 0xff, 0xf0, 0xff, 0xf2, 0xff, 0xee, 0xff,
  0xee, 0xff, 0xee, 0xff, 0xec, 0xff, 0xee, 0xff, 0x8a, 0xe6, 0x8a, 0xa4,
  0x4c, 0x94, 0xc8, 0x72, 0x48, 0x72, 0xcc, 0xd3, 0x52, 0xfd, 0x94, 0xfd,
  0x18, 0xff, 0xd4, 0xfd, 0xd8, 0xfe, 0x96, 0xfe, 0x94, 0xfd, 0xd4, 0xfd,
  0xd4, 0xfd, 0x4e, 0xfc, 0x52, 0xfd, 0x52, 0xfd, 0x16, 0xfe, 0x56, 0xfe,
  0x16, 0xfe, 0x56, 0xfe, 0x18, 0xff, 0xd4, 0xfd, 0xd0, 0xfc, 0xd0, 0xfc,
  0x52, 0xfd, 0x16, 0xfe, 0x90, 0xfc, 0x88, 0xa2, 0xd0, 0xfc, 0x52, 0xfd,
  0x10, 0xfd, 0x52, 0xfd, 0x52, 0xfd, 0x94, 0xfd, 0x52, 0xfd, 0x14, 0xfe,
  0xd4, 0xfd, 0x52, 0xfd, 0xd0, 0xfc, 0x98, 0xfe, 0x56, 0xfe, 0x52, 0xfd,
  0x92, 0xfd, 0x92, 0xfd, 0xd0, 0xfc, 0xd0, 0xfc, 0x14, 0xfe, 0xd8, 0xfe,
  0xd4, 0xfd, 0x14, 0xfe, 0x14, 0xfe, 0xd8, 0xfe, 0x98, 0xfe, 0x94, 0xfd,
  0xd0, 0xfc, 0x52, 0xfd, 0xd8, 0xfe, 0x56, 0xfe, 0x14, 0xfe, 0x94, 0xfd,
  0x16, 0xfe, 0x94, 0xfd, 0x92, 0xfd, 0x94, 0xfd, 0xd0, 0xfc, 0x10, 0xfd,
  0x52, 0xfd, 0x12, 0xfd, 0xd4, 0xfd, 0x16, 0xfe, 0x96, 0xfe, 0x92, 0xfd,
  0x4c, 0xb4, 0xce, 0xa4, 0x4e, 0x63, 0x94, 0x84, 0x58, 0x95, 0x5e, 0xb6,
  0x1f, 0xc7, 0xdf, 0xc6, 0x1f, 0xd7, 0x5f, 0xd7, 0x1f, 0xd7, 0x9a, 0xa5,
  0x58, 0x95, 0xde, 0xc6, 0x1f, 0xd7, 0x5e, 0xb6, 0x1f, 0xc7, 0xdf, 0xc6,
  0x9f, 0xc6, 0x5e, 0xb6, 0x1c, 0xb6, 0xdf, 0xc6, 0x5f, 0xd7, 0x9e, 0xc6,
  0xdc, 0xa5, 0x5e, 0xb6, 0x5e, 0xb6, 0x1f, 0xd7, 0x9e, 0xc6, 0x1c, 0xb6,
  0xdc, 0xa5, 0xdc, 0xa5, 0x9a, 0xa5, 0xdc, 0xa5, 0x9f, 0xc6, 0x1f, 0xd7,
  0x5f, 0xd7, 0x9e, 0xc6, 0x1c, 0xb6, 0xdc, 0xa5, 0x1e, 0xb6, 0x5e, 0xb6,
  0xda, 0xa5, 0x1c, 0xb6, 0xdf, 0xc6, 0xdf, 0xc6, 0x5f, 0xd7, 0x5e, 0xb6,
  0x1f, 0xd7, 0x9f, 0xe7, 0x5e, 0xb6, 0xdc, 0xa5, 0x1c, 0xb6, 0x1f, 0xd7,
  0x9f, 0xc6, 0xdc, 0xa5, 0x5f, 0xd7, 0x1f, 0xd7, 0x9e, 0xc6, 0x9e, 0xc6,
  0x9f, 0xc6, 0x5e, 0xb6, 0x5f, 0xd7, 0xdf, 0xe7, 0x9f, 0xe7, 0x9e, 0xc6,
  0x9a, 0xa5, 0x1c, 0xb6, 0x1f, 0xc7, 0x1f, 0xc7, 0xde, 0xc6, 0x5c, 0xb6,
  0xdf, 0xc6, 0x56, 0xd6, 0x52, 0xd6, 0x4a, 0x83, 0x88, 0xa2, 0x4e, 0xfc,
  0xd0, 0xfc, 0x92, 0xfd, 0x16, 0xfe, 0xd4, 0xfd, 0x52, 0xfd, 0x52, 0xfd,
  0xd0, 0xfc, 0x90, 0xfc, 0xd0, 0xfc, 0x52, 0xfd, 0x10, 0xfd, 0x14, 0xfe,
  0x52, 0xfd, 0xd0, 0xfc, 0xd0, 0xfc, 0x12, 0xfd, 0x56, 0xfe, 0x56, 0xfe,
  0xdc, 0xff, 0x56, 0xfe, 0x92, 0xfd, 0x56, 0xfe, 0xd4, 0xfd, 0x14, 0xfe,
  0x56, 0xfe, 0x1a, 0xff, 0x16, 0xfe, 0x16, 0xfe, 0x94, 0xfd, 0x10, 0xfd,
  0xd4, 0xfd, 0x16, 0xfe, 0x56, 0xfe, 0x12, 0xfd, 0x52, 0xfd, 0xd4, 0xfd,
  0x92, 0xfd, 0x52, 0xfd, 0x52, 0xfd, 0x52, 0xfd, 0x12, 0xfd, 0x52, 0xfd,
  0x92, 0xfd, 0x52, 0xfd, 0x16, 0xfe, 0x94, 0xfd, 0xd4, 0xfd, 0x94, 0xfd,
  0x94, 0xfd, 0x14, 0xfe, 0x14, 0xfe, 0xd8, 0xfe, 0x56, 0xfe, 0x56, 0xfe,
  0x16, 0xfe, 0x56, 0xfe, 0xd4, 0xfd, 0x92, 0xfd, 0xd8, 0xfe, 0xdc, 0xff,
  0x52, 0xfd, 0xd4, 0xfd, 0x94, 0xfd, 0x98, 0xfe, 0xd8, 0xfe, 0x12, 0xfd,
  0x8c, 0xd3, 0x0e, 0xe4, 0x50, 0xd5, 0x90, 0xc5, 0xca, 0xa4, 0x8e, 0xff,
  0xf4, 0xff, 0xee, 0xff, 0xf2, 0xff, 0xf2, 0xff, 0xf2, 0xff, 0xf0, 0xff,
  0xf4, 0xff, 0xf2, 0xff, 0xf0, 0xff, 0xf4, 0xff, 0xf2, 0xff, 0xf0, 0xff,
  0xf0, 0xff, 0xf0, 0xff, 0xf0, 0xff, 0xf0, 0xff, 0xf4, 0xff, 0xf4, 0xff,
  0xf2, 0xff, 0xf2, 0xff, 0xee, 0xff, 0xee, 0xff, 0xf0, 0xff, 0xf2, 0xff,
  0xf2, 0xff, 0xf0, 0xff, 0xf2, 0xff, 0xf0, 0xff, 0xf2, 0xff, 0xf4, 0xff,
  0xf0, 0xff, 0xf0, 0xff, 0xc8, 0xc5, 0xcc, 0xa4, 0x0a, 0x94, 0x0a, 0x93,
  0x0e, 0xe4, 0x16, 0xfe, 0x94, 0xfd, 0x52, 0xfd, 0x56, 0xfe, 0x14, 0xfe,
  0x98, 0xfe, 0x1a, 0xff, 0x98, 0xfe, 0x52, 0xfd, 0x94, 0xfd, 0x10, 0xfd,
  0x98, 0xfe, 0xd8, 0xfe, 0x98, 0xfe, 0xd4, 0xfd, 0x92, 0xfd, 0x94, 0xfd,
  0x98, 0xfe, 0x14, 0xfe, 0x92, 0xfd, 0x92, 0xfd, 0xd4, 0xfd, 0x94, 0xfd,
  0x52, 0xfd, 0x0e, 0xfc, 0xd0, 0xfc, 0x52, 0xfd, 0x52, 0xfd, 0xd4, 0xfd,
  0x12, 0xfd, 0x14, 0xfe, 0x56, 0xfe, 0x56, 0xfe, 0x14, 0xfe, 0x52, 0xfd,
  0xd0, 0xfc, 0x52, 0xfd, 0x52, 0xfd, 0xd4, 0xfd, 0x94, 0xfd, 0xd4, 0xfd,
  0x14, 0xfe, 0xd8, 0xfe, 0x96, 0xfe, 0x98, 0xfe, 0xd4, 0xfd, 0x92, 0xfd,
  0x92, 0xfd, 0xd4, 0xfd, 0x18, 0xff, 0x92, 0xfd, 0xd0, 0xfc, 0x52, 0xfd,
  0xd4, 0xfd, 0x56, 0xfe, 0x16, 0xfe, 0x52, 0xfd, 0x52, 0xfd, 0xd4, 0xfd,
  0x56, 0xfe, 0xd4, 0xfd, 0xd0, 0xfc, 0x12, 0xfd, 0x52, 0xfd, 0x12, 0xfd,
  0x92, 0xfd, 0x16, 0xfe, 0x56, 0xfe, 0x14, 0xfe, 0x50, 0xd5, 0x50, 0xb5,
  0x4e, 0x63, 0x54, 0x74, 0x18, 0x95, 0xdc, 0xa5, 0x5f, 0xd7, 0x5f, 0xd7,
  0xdf, 0xe7, 0x5f, 0xd7, 0xdf, 0xc6, 0x9f, 0xc6, 0x1f, 0xd7, 0xff, 0xff,
  0xff, 0xff, 0xdf, 0xc6, 0x9e, 0xc6, 0x9e, 0xb6, 0xdf, 0xc6, 0x5e, 0xb6,
  0x1e, 0xb6, 0x1c, 0xb6, 0x5f, 0xd7, 0x1f, 0xd7, 0xdc, 0xa5, 0xdf, 0xc6,
  0x9f, 0xc6, 0x9f, 0xd7, 0x9e, 0xc6, 0x5e, 0xb6, 0x9e, 0xc6, 0x5e, 0xb6,
  0x1c, 0xb6, 0x9e, 0xb6, 0x5e, 0xb6, 0xdf, 0xc6, 0x5f, 0xd7, 0x1f, 0xd7,
  0x5e, 0xb6, 0x1c, 0xb6, 0xdc, 0xa5, 0x5e, 0xb6, 0x5e, 0xb6, 0xdf, 0xc6,
  0xdf, 0xc6, 0x9f, 0xd7, 0xff, 0xff, 0xdf, 0xe7, 0x9f, 0xe7, 0xff, 0xf7,
  0x1f, 0xd7, 0x9e, 0xc6, 0xdf, 0xc6, 0x9e, 0xb6, 0x5e, 0xb6, 0x5e, 0xb6,
  0x1f, 0xd7, 0x1f, 0xc7, 0x9e, 0xc6, 0xdf, 0xc6, 0x5f, 0xd7, 0xdf, 0xc6,
  0xff, 0xff, 0x9f, 0xd7, 0xdf, 0xc6, 0xdf, 0xc6, 0x9e, 0xb6, 0x1f, 0xd7,
  0x5f, 0xd7, 0xdc, 0xa5, 0x5e, 0xb6, 0xdf, 0xc6, 0xdf, 0xe7, 0x94, 0xb5,
  0xce, 0xb4, 0xc8, 0x72, 0x06, 0x82, 0x4c, 0xd3, 0xd0, 0xfc, 0x92, 0xfd,
  0xd4, 0xfd, 0xd4, 0xfd, 0x92, 0xfd, 0x92, 0xfd, 0xd0, 0xfc, 0x12, 0xfd,
  0x12, 0xfd, 0x94, 0xfd, 0x52, 0xfd, 0xd4, 0xfd, 0x52, 0xfd, 0x52, 0xfd,
  0x92, 0xfd, 0x52, 0xfd, 0x16, 0xfe, 0x16, 0xfe, 0x5a, 0xff, 0x16, 0xfe,
  0x52, 0xfd, 0x92, 0xfd, 0x16, 0xfe, 0x12, 0xfd, 0x94, 0xfd, 0x98, 0xfe,
  0x16, 0xfe, 0x92, 0xfd, 0x52, 0xfd, 0x52, 0xfd, 0x92, 0xfd, 0x52, 0xfd,
  0x94, 0xfd, 0x12, 0xfd, 0x52, 0xfd, 0x12, 0xfd, 0x94, 0xfd, 0x10, 0xfd,
  0x52, 0xfd, 0x52, 0xfd, 0x52, 0xfd, 0x52, 0xfd, 0x56, 0xfe, 0xd8, 0xfe,
  0x14, 0xfe, 0x52, 0xfd, 0x52, 0xfd, 0x92, 0xfd, 0x52, 0xfd, 0x52, 0xfd,
  0x52, 0xfd, 0x16, 0xfe, 0x14, 0xfe, 0x92, 0xfd, 0x94, 0xfd, 0xd4, 0xfd,
  0x56, 0xfe, 0x92, 0xfd, 0x92, 0xfd, 0x14, 0xfe, 0xd0, 0xfc, 0x14, 0xfe,
  0xd4, 0xfd, 0x56, 0xfe, 0x14, 0xfe, 0x16, 0xfe, 0x92, 0xfd, 0x90, 0xf4,
  0x50, 0xd5, 0x4c, 0x94, 0x08, 0xb5, 0xcc, 0xff, 0xf0, 0xff, 0xee, 0xff,
  0xee, 0xff, 0xf0, 0xff, 0xf0, 0xff, 0xec, 0xff, 0xf2, 0xff, 0xf4, 0xff,
  0xf4, 0xff, 0xf4, 0xff, 0xf0, 0xff, 0xf0, 0xff, 0xf0, 0xff, 0xf6, 0xff,
  0xf2, 0xff, 0xf0, 0xff, 0xee, 0xff, 0xf0, 0xff, 0xf0, 0xff, 0xf2, 0xff,
  0xf0, 0xff, 0xf0, 0xff, 0xf2, 0xff, 0xf6, 0xff, 0xf4, 0xff, 0xee, 0xff,
  0xf0, 0xff, 0xee, 0xff, 0xf2, 0xff, 0xf6, 0xff, 0xf8, 0xff, 0xf0, 0xff,
  0x08, 0xd6, 0x4e, 0xb5, 0xd0, 0xc5, 0x0c, 0xc4, 0x94, 0xfd, 0x98, 0xfe,
  0xd4, 0xfd, 0xd4, 0xfd, 0xd8, 0xfe, 0x96, 0xfe, 0xd4, 0xfd, 0x98, 0xfe,
  0x56, 0xfe, 0x14, 0xfe, 0xd4, 0xfd, 0x14, 0xfe, 0x16, 0xfe, 0x16, 0xfe,
  0x56, 0xfe, 0x16, 0xfe, 0xd4, 0xfd, 0x14, 0xfe, 0xd8, 0xfe, 0x1a, 0xff,
  0xd4, 0xfd, 0xd0, 0xfc, 0x92, 0xfd, 0xd4, 0xfd, 0x52, 0xfd, 0x52, 0xfd,
  0x52, 0xfd, 0xd0, 0xfc, 0xd4, 0xfd, 0x56, 0xfe, 0x52, 0xfd, 0xd4, 0xfd,
  0x56, 0xfe, 0x56, 0xfe, 0x92, 0xfd, 0x94, 0xfd, 0xd0, 0xfc, 0x52, 0xfd,
  0x14, 0xfe, 0x98, 0xfe, 0xd4, 0xfd, 0x56, 0xfe, 0x56, 0xfe, 0x98, 0xfe,
  0xd4, 0xfd, 0x16, 0xfe, 0x56, 0xfe, 0xd8, 0xfe, 0xd8, 0xfe, 0x10, 0xfd,
  0x52, 0xfd, 0xd4, 0xfd, 0x92, 0xfd, 0x94, 0xfd, 0x96, 0xfe, 0xdc, 0xff,
  0x5a, 0xff, 0x12, 0xfd, 0x90, 0xfc, 0x92, 0xfd, 0x94, 0xfd, 0x52, 0xfd,
  0x10, 0xfd, 0x52, 0xfd, 0x52, 0xfd, 0x94, 0xfd, 0xd4, 0xfd, 0x94, 0xfd,
  0x12, 0xfd, 0xd0, 0xfc, 0x8c, 0xb4, 0xce, 0xa4, 0x8e, 0x73, 0x96, 0x84,
  0x1c, 0xb6, 0x5e, 0xb6, 0xdf, 0xc6, 0x5f, 0xd7, 0x9f, 0xd7, 0x1f, 0xd7,
  0x9e, 0xb6, 0x9f, 0xc6, 0x5e, 0xb6, 0x9e, 0xc6, 0x1f, 0xc7, 0x9e, 0xc6,
  0xdc, 0xa5, 0x1c, 0xa6, 0x1c, 0xb6, 0x5e, 0xb6, 0xdf, 0xc6, 0x5e, 0xb6,
  0x9e, 0xb6, 0x9f, 0xc6, 0x9f, 0xc6, 0xdf, 0xc6, 0xdf, 0xc6, 0xdf, 0xc6,
  0xdf, 0xc6, 0x1f, 0xd7, 0x5f, 0xd7, 0xdf, 0xc6, 0xdf, 0xc6, 0xdf, 0xc6,
  0xdf, 0xc6, 0x9f, 0xe7, 0x1f, 0xd7, 0xdf, 0xc6, 0xdf, 0xc6, 0x9e, 0xc6,
  0x1c, 0xb6, 0x9e, 0xc6, 0x9e, 0xb6, 0x1f, 0xc7, 0x5f, 0xd7, 0x1f, 0xd7,
  0xff, 0xf7, 0xff, 0xf7, 0x1f, 0xd7, 0x5f, 0xd7, 0x9f, 0xe7, 0xdf, 0xc6,
  0xdf, 0xc6, 0x9e, 0xc6, 0x9f, 0xc6, 0x5e, 0xb6, 0x1f, 0xd7, 0xdf, 0xc6,
  0x1f, 0xc7, 0x5f, 0xd7, 0x9f, 0xe7, 0x1f, 0xc7, 0x1f, 0xc7, 0x1f, 0xd7,
  0xdf, 0xc6, 0x1f, 0xd7, 0xdf, 0xc6, 0x1f, 0xd7, 0x9f, 0xe7, 0x1f, 0xd7,
  0x9f, 0xe7, 0xff, 0xff, 0xff, 0xff, 0x18, 0xc6, 0x0e, 0xb5, 0x8a, 0x83,
  0xc6, 0x71, 0x48, 0x92, 0xce, 0xfb, 0x92, 0xfd, 0x92, 0xfd, 0x10, 0xfd,
  0xd4, 0xfd, 0xd4, 0xfd, 0x52, 0xfd, 0x52, 0xfd, 0x10, 0xfd, 0xd4, 0xfd,
  0x92, 0xfd, 0xd4, 0xfd, 0xd0, 0xfc, 0x90, 0xfc, 0x10, 0xfd, 0x52, 0xfd,
  0xd4, 0xfd, 0x52, 0xfd, 0x12, 0xfd, 0x52, 0xfd, 0x12, 0xfd, 0x92, 0xfd,
  0x94, 0xfd, 0x92, 0xfd, 0x14, 0xfe, 0x94, 0xfd, 0x52, 0xfd, 0x94, 0xfd,
  0xd0, 0xfc, 0x92, 0xfd, 0xd4, 0xfd, 0xd0, 0xfc, 0x52, 0xfd, 0x52, 0xfd,
  0x56, 0xfe, 0x94, 0xfd, 0xd8, 0xfe, 0x96, 0xfe, 0x94, 0xfd, 0xd4, 0xfd,
  0x52, 0xfd, 0xd4, 0xfd, 0x16, 0xfe, 0xd4, 0xfd, 0xd4, 0xfd, 0x94, 0xfd,
  0x92, 0xfd, 0x94, 0xfd, 0xd4, 0xfd, 0x56, 0xfe, 0x52, 0xfd, 0x52, 0xfd,
  0x52, 0xfd, 0x52, 0xfd, 0x92, 0xfd, 0x92, 0xfd, 0x52, 0xfd, 0x92, 0xfd,
  0x52, 0xfd, 0xd4, 0xfd, 0xd4, 0xfd, 0xd8, 0xfe, 0x56, 0xfe, 0x56, 0xfe,
  0x14, 0xfe, 0x18, 0xff, 0x52, 0xfd, 0x4e, 0xf4, 0x50, 0xd5, 0xd0, 0xd5,
  0x0a, 0xb5, 0xcc, 0xff, 0xf4, 0xff, 0xf2, 0xff, 0xee, 0xff, 0xf4, 0xff,
  0xf6, 0xff, 0xf0, 0xff, 0xee, 0xff, 0xf0, 0xff, 0xf4, 0xff, 0xf2, 0xff,
  0xf2, 0xff, 0xf0, 0xff, 0xee, 0xff, 0xf6, 0xff, 0xf2, 0xff, 0xf2, 0xff,
  0xf0, 0xff, 0xf2, 0xff, 0xf2, 0xff, 0xec, 0xff, 0xf0, 0xff, 0xf4, 0xff,
  0xf2, 0xff, 0xf6, 0xff, 0xf2, 0xff, 0xcc, 0xff, 0x88, 0xd5, 0x8a, 0xff,
  0xee, 0xff, 0xee, 0xff, 0xf0, 0xff, 0xee, 0xff, 0x8a, 0xe6, 0xce, 0xc5,
  0x52, 0xd6, 0xcc, 0xb3, 0x90, 0xfc, 0x4e, 0xf4, 0x0e, 0xfc, 0xd0, 0xfc,
  0x14, 0xfe, 0x96, 0xfe, 0x14, 0xfe, 0x14, 0xfe, 0xd4, 0xfd, 0x56, 0xfe,
  0x94, 0xfd, 0xd4, 0xfd, 0x52, 0xfd, 0x12, 0xfd, 0x94, 0xfd, 0x92, 0xfd,
  0x14, 0xfe, 0x14, 0xfe, 0x94, 0xfd, 0x94, 0xfd, 0x52, 0xfd, 0x4e, 0xfc,
  0x94, 0xfd, 0x56, 0xfe, 0xd4, 0xfd, 0x16, 0xfe, 0x16, 0xfe, 0x14, 0xfe,
  0x94, 0xfd, 0x16, 0xfe, 0xd4, 0xfd, 0x52, 0xfd, 0x52, 0xfd, 0x52, 0xfd,
  0x10, 0xfd, 0x52, 0xfd, 0x12, 0xfd, 0x16, 0xfe, 0x1a, 0xff, 0x98, 0xfe,
  0xd4, 0xfd, 0x5a, 0xff, 0xd8, 0xfe, 0xd4, 0xfd, 0xd4, 0xfd, 0x94, 0xfd,
  0x98, 0xfe, 0xfe, 0xff, 0xdc, 0xff, 0x52, 0xfd, 0xd0, 0xfc, 0xd4, 0xfd,
  0x52, 0xfd, 0x10, 0xfd, 0x16, 0xfe, 0x98, 0xfe, 0x56, 0xfe, 0x92, 0xfd,
  0x10, 0xfd, 0xd4, 0xfd, 0x16, 0xfe, 0x56, 0xfe, 0xd4, 0xfd, 0x14, 0xfe,
  0x94, 0xfd, 0xd4, 0xfd, 0x52, 0xfd, 0x92, 0xfd, 0x96, 0xfe, 0x52, 0xfd,
  0x4c, 0xa4, 0x50, 0xc5, 0xce, 0x73, 0xd6, 0x84, 0x5e, 0xb6, 0x9e, 0xb6,
  0xdf, 0xc6, 0xdf, 0xc6, 0xdf, 0xc6, 0x9f, 0xc6, 0x9e, 0xc6, 0x9f, 0xc6,
  0x5e, 0xb6, 0x18, 0x95, 0x5a, 0x95, 0xdf, 0xc6, 0x1f, 0xd7, 0x5f, 0xd7,
  0xdf, 0xc6, 0x1f, 0xd7, 0x1f, 0xc7, 0x5f, 0xd7, 0xdf, 0xc6, 0x1f, 0xc7,
  0x1f, 0xd7, 0xdf, 0xc6, 0x5f, 0xd7, 0xdf, 0xc6, 0x9e, 0xc6, 0x5f, 0xd7,
  0x1f, 0xc7, 0x1f, 0xd7, 0x9f, 0xc6, 0x5e, 0xb6, 0x1c, 0xb6, 0xdf, 0xc6,
  0xdf, 0xc6, 0xdf, 0xc6, 0xff, 0xff, 0xdf, 0xe7, 0x1c, 0xb6, 0x1c, 0xb6,
  0x5e, 0xb6, 0x9f, 0xe7, 0x1f, 0xd7, 0x5f, 0xd7, 0x9f, 0xe7, 0xdf, 0xe7,
  0xdf, 0xc6, 0x9e, 0xc6, 0x1f, 0xd7, 0x5f, 0xd7, 0x1f, 0xd7, 0xdf, 0xc6,
  0xdf, 0xc6, 0x5e, 0xb6, 0x5f, 0xd7, 0x1c, 0xb6, 0x9f, 0xc6, 0x5f, 0xd7,
  0x1f, 0xd7, 0xdf, 0xc6, 0xdf, 0xc6, 0xdf, 0xc6, 0xdf, 0xc6, 0x5f, 0xd7,
  0x9f, 0xd7, 0x1f, 0xc7, 0x9f, 0xd7, 0x5f, 0xd7, 0x9f, 0xe7, 0xff, 0xf7,
  0xff, 0xff, 0x18, 0xc6, 0x50, 0xb5, 0x8e, 0xb4, 0x0a, 0xb3, 0xca, 0xb2,
  0x8c, 0xf3, 0x52, 0xfd, 0x90, 0xfc, 0x8c, 0xd3, 0x12, 0xfd, 0xd4, 0xfd,
  0x12, 0xfd, 0x10, 0xfd, 0x52, 0xfd, 0x16, 0xfe, 0x16, 0xfe, 0x52, 0xfd,
  0x4e, 0xfc, 0xcc, 0xf3, 0xd0, 0xfc, 0x12, 0xfd, 0x16, 0xfe, 0x52, 0xfd,
  0x90, 0xfc, 0x10, 0xfd, 0x12, 0xfd, 0x16, 0xfe, 0x52, 0xfd, 0x52, 0xfd,
  0x94, 0xfd, 0x12, 0xfd, 0x96, 0xfe, 0xd8, 0xfe, 0x12, 0xfd, 0x52, 0xfd,
  0xd0, 0xfc, 0x4e, 0xfc, 0x12, 0xfd, 0x12, 0xfd, 0xd8, 0xfe, 0x56, 0xfe,
  0x56, 0xfe, 0x16, 0xfe, 0x56, 0xfe, 0x52, 0xfd, 0x94, 0xfd, 0x5a, 0xff,
  0x56, 0xfe, 0x56, 0xfe, 0xd8, 0xfe, 0xd4, 0xfd, 0xd4, 0xfd, 0xd4, 0xfd,
  0xd4, 0xfd, 0x56, 0xfe, 0xd4, 0xfd, 0x52, 0xfd, 0x52, 0xfd, 0xd4, 0xfd,
  0xd8, 0xfe, 0x56, 0xfe, 0xd4, 0xfd, 0xd4, 0xfd, 0x92, 0xfd, 0x56, 0xfe,
  0x16, 0xfe, 0x14, 0xfe, 0x56, 0xfe, 0x56, 0xfe, 0x96, 0xfe, 0x96, 0xfe,
  0x14, 0xfe, 0x10, 0xfd, 0x10, 0xd5, 0x52, 0xd6, 0x8a, 0xa4, 0x08, 0xe6,
  0xf0, 0xff, 0xf0, 0xff, 0xf0, 0xff, 0xf4, 0xff, 0xf4, 0xff, 0xf0, 0xff,
  0xf0, 0xff, 0xf0, 0xff, 0xf6, 0xff, 0xf8, 0xff, 0xf0, 0xff, 0xf2, 0xff,
  0xf0, 0xff, 0xf0, 0xff, 0xf4, 0xff, 0xf6, 0xff, 0xf4, 0xff, 0xf2, 0xff,
  0xf4, 0xff, 0xee, 0xff, 0xee, 0xff, 0xf2, 0xff, 0xf4, 0xff, 0xf2, 0xff,
  0xee, 0xff, 0xee, 0xff, 0xec, 0xff, 0xec, 0xff, 0xec, 0xff, 0xee, 0xff,
  0xf0, 0xff, 0xf2, 0xff, 0xf0, 0xff, 0x4e, 0xe6, 0xce, 0xa4, 0x08, 0x93,
  0xcc, 0xe3, 0x52, 0xfd, 0x12, 0xfd, 0x52, 0xfd, 0x16, 0xfe, 0xd4, 0xfd,
  0x94, 0xfd, 0xd4, 0xfd, 0xd0, 0xfc, 0x12, 0xfd, 0x52, 0xfd, 0x52, 0xfd,
  0x52, 0xfd, 0x56, 0xfe, 0x56, 0xfe, 0x16, 0xfe, 0x16, 0xfe, 0xd4, 0xfd,
  0x52, 0xfd, 0xd4, 0xfd, 0x16, 0xfe, 0x12, 0xfd, 0x14, 0xfe, 0xd4, 0xfd,
  0xd4, 0xfd, 0x16, 0xfe, 0x98, 0xfe, 0x96, 0xfe, 0x10, 0xfd, 0xd4, 0xfd,
  0xd8, 0xfe, 0x92, 0xfd, 0x52, 0xfd, 0x52, 0xfd, 0xd0, 0xfc, 0xd4, 0xfd,
  0xd8, 0xfe, 0x5a, 0xff, 0xfe, 0xff, 0x1a, 0xff, 0x56, 0xfe, 0xd8, 0xfe,
  0xd4, 0xfd, 0x52, 0xfd, 0x52, 0xfd, 0x92, 0xfd, 0x94, 0xfd, 0x96, 0xfe,
  0x1a, 0xff, 0x94, 0xfd, 0xd0, 0xfc, 0x52, 0xfd, 0xd0, 0xfc, 0xd0, 0xfc,
  0x52, 0xfd, 0x92, 0xfd, 0x52, 0xfd, 0x10, 0xfd, 0x12, 0xfd, 0xd4, 0xfd,
  0x56, 0xfe, 0x14, 0xfe, 0x94, 0xfd, 0x4e, 0xfc, 0xd0, 0xfc, 0x56, 0xfe,
  0x14, 0xfe, 0x16, 0xfe, 0x5a, 0xff, 0x14, 0xfe, 0xd2, 0xd5, 0x54, 0xd6,
  0x8e, 0x73, 0xd6, 0x94, 0x9e, 0xc6, 0x1f, 0xd7, 0x9f, 0xe7, 0x1f, 0xd7,
  0x9f, 0xe7, 0x9f, 0xe7, 0xdf, 0xc6, 0x9e, 0xb6, 0x1c, 0xb6, 0x96, 0x84,
  0x5a, 0x95, 0x1f, 0xc7, 0x5e, 0xb6, 0xdf, 0xc6, 0x1f, 0xd7, 0xdf, 0xc6,
  0x5e, 0xb6, 0x1f, 0xc7, 0x9f, 0xe7, 0x1f, 0xd7, 0x5f, 0xd7, 0x1f, 0xc7,
  0xdf, 0xc6, 0x1f, 0xc7, 0x1f, 0xd7, 0xdf, 0xc6, 0x9e, 0xc6, 0x5e, 0xb6,
  0xdf, 0xc6, 0x1c, 0xb6, 0x5a, 0x95, 0x1c, 0xa6, 0x9e, 0xb6, 0x9f, 0xd7,
  0xff, 0xf7, 0x5f, 0xd7, 0x9e, 0xc6, 0xdf, 0xc6, 0xdf, 0xe7, 0xff, 0xff,
  0xdf, 0xe7, 0xdf, 0xe7, 0xdf, 0xc6, 0x9e, 0xc6, 0x5e, 0xb6, 0x5e, 0xb6,
  0xdf, 0xc6, 0x1f, 0xc7, 0xdf, 0xc6, 0xdf, 0xc6, 0x9e, 0xb6, 0x9e, 0xc6,
  0x1f, 0xd7, 0x5e, 0xb6, 0x9e, 0xc6, 0x9f, 0xd7, 0x1f, 0xd7, 0xdf, 0xc6,
  0x9e, 0xc6, 0x5f, 0xd7, 0x5e, 0xb6, 0x5e, 0xb6, 0xdf, 0xc6, 0xdf, 0xc6,
  0x1f, 0xc7, 0xff, 0xf7, 0x1f, 0xd7, 0x9e, 0xc6, 0x9f, 0xd7, 0xd2, 0x94,
  0x16, 0xf7, 0xd2, 0xd5, 0x4e, 0xfc, 0x12, 0xfd, 0x4e, 0xfc, 0x10, 0xfd,
  0x52, 0xfd, 0x90, 0xfc, 0x92, 0xfd, 0x52, 0xfd, 0xd0, 0xfc, 0x52, 0xfd,
  0x16, 0xfe, 0xd4, 0xfd, 0x98, 0xfe, 0x52, 0xfd, 0x12, 0xfd, 0x12, 0xfd,
  0x94, 0xfd, 0x12, 0xfd, 0x94, 0xfd, 0xd4, 0xfd, 0x94, 0xfd, 0xd4, 0xfd,
  0x14, 0xfe, 0x1a, 0xff, 0xd4, 0xfd, 0xd4, 0xfd, 0x92, 0xfd, 0x94, 0xfd,
  0x1a, 0xff, 0x94, 0xfd, 0x90, 0xfc, 0xd0, 0xfc, 0xd4, 0xfd, 0x12, 0xfd,
  0x94, 0xfd, 0x14, 0xfe, 0x56, 0xfe, 0x94, 0xfd, 0x52, 0xfd, 0x52, 0xfd,
  0x56, 0xfe, 0x52, 0xfd, 0x52, 0xfd, 0x98, 0xfe, 0xd4, 0xfd, 0xd8, 0xfe,
  0x1a, 0xff, 0x98, 0xfe, 0x16, 0xfe, 0x14, 0xfe, 0x16, 0xfe, 0xd4, 0xfd,
  0xd4, 0xfd, 0x92, 0xfd, 0x92, 0xfd, 0x98, 0xfe, 0x96, 0xfe, 0x94, 0xfd,
  0x14, 0xfe, 0x56, 0xfe, 0x52, 0xfd, 0xd4, 0xfd, 0x94, 0xfd, 0xd0, 0xfc,
  0xd4, 0xfd, 0x14, 0xfe, 0x98, 0xfe, 0x56, 0xfe, 0x96, 0xfe, 0x56, 0xfe,
  0xd2, 0xf5, 0xd0, 0xc5, 0x48, 0x94, 0x48, 0xc5, 0x8a, 0xf6, 0xee, 0xff,
  0xf4, 0xff, 0xf2, 0xff, 0xf0, 0xff, 0xf4, 0xff, 0xf0, 0xff, 0xee, 0xff,
  0xf0, 0xff, 0xf4, 0xff, 0xf0, 0xff, 0xf2, 0xff, 0xf6, 0xff, 0xf6, 0xff,
  0xf0, 0xff, 0xec, 0xff, 0xee, 0xff, 0xee, 0xff, 0xee, 0xff, 0xee, 0xff,
  0xee, 0xff, 0xee, 0xff, 0xf4, 0xff, 0xf6, 0xff, 0xf2, 0xff, 0xf2, 0xff,
  0xf4, 0xff, 0xf4, 0xff, 0xee, 0xff, 0xf0, 0xff, 0xf4, 0xff, 0xf0, 0xff,
  0xf2, 0xff, 0x0e, 0xd6, 0xd0, 0xc5, 0x08, 0x83, 0x88, 0xa2, 0xd0, 0xfc,
  0xd4, 0xfd, 0x52, 0xfd, 0xd4, 0xfd, 0x94, 0xfd, 0x94, 0xfd, 0x94, 0xfd,
  0x12, 0xfd, 0x12, 0xfd, 0x92, 0xfd, 0xd0, 0xfc, 0x10, 0xfd, 0x96, 0xfe,
  0x14, 0xfe, 0x94, 0xfd, 0x16, 0xfe, 0x56, 0xfe, 0x92, 0xfd, 0x10, 0xfd,
  0x52, 0xfd, 0xd4, 0xfd, 0x14, 0xfe, 0x52, 0xfd, 0x92, 0xfd, 0x92, 0xfd,
  0x56, 0xfe, 0x56, 0xfe, 0x4e, 0xfc, 0x4e, 0xfc, 0xd4, 0xfd, 0x94, 0xfd,
  0x52, 0xfd, 0x52, 0xfd, 0x52, 0xfd, 0x12, 0xfd, 0x14, 0xfe, 0x16, 0xfe,
  0xd8, 0xfe, 0x16, 0xfe, 0x14, 0xfe, 0xd4, 0xfd, 0x52, 0xfd, 0x10, 0xfd,
  0x12, 0xfd, 0xd4, 0xfd, 0xd4, 0xfd, 0x12, 0xfd, 0xd4, 0xfd, 0xd4, 0xfd,
  0x90, 0xfc, 0xd0, 0xfc, 0xd0, 0xfc, 0x90, 0xfc, 0x94, 0xfd, 0x56, 0xfe,
  0x92, 0xfd, 0x52, 0xfd, 0x14, 0xfe, 0x1a, 0xff, 0xd4, 0xfd, 0x52, 0xfd,
  0x52, 0xfd, 0x12, 0xfd, 0x12, 0xfd, 0x56, 0xfe, 0x98, 0xfe, 0x16, 0xfe,
  0x14, 0xfe, 0x52, 0xfd, 0x90, 0xd5, 0x54, 0xd6, 0x4e, 0x63, 0x96, 0x84,
  0x9e, 0xc6, 0x1f, 0xd7, 0x5f, 0xd7, 0x1f, 0xd7, 0x9f, 0xe7, 0x9f, 0xe7,
  0x5e, 0xb6, 0x1c, 0xb6, 0x9a, 0xa5, 0x5a, 0x95, 0x1c, 0xb6, 0x9f, 0xc6,
  0x5e, 0xb6, 0x5e, 0xb6, 0xff, 0xf7, 0xff, 0xff, 0xdf, 0xc6, 0x9f, 0xc6,
  0x9e, 0xc6, 0x9e, 0xc6, 0x1f, 0xc7, 0x1f, 0xd7, 0x1f, 0xd7, 0x9f, 0xd7,
  0x1f, 0xd7, 0xdf, 0xc6, 0x9f, 0xc6, 0x9e, 0xc6, 0x1f, 0xd7, 0x9e, 0xb6,
  0x1c, 0xb6, 0x5e, 0xb6, 0x9f, 0xc6, 0x5f, 0xd7, 0x5f, 0xd7, 0x1f, 0xd7,
  0x5e, 0xb6, 0x9e, 0xc6, 0xff, 0xff, 0xff, 0xff, 0xff, 0xf7, 0x1f, 0xc7,
  0x5e, 0xb6, 0x1c, 0xb6, 0x9e, 0xb6, 0x1c, 0xb6, 0x5e, 0xb6, 0x9f, 0xc6,
  0x9e, 0xb6, 0xdf, 0xc6, 0x9a, 0xa5, 0xda, 0xa5, 0xdf, 0xc6, 0x1f, 0xd7,
  0x9f, 0xc6, 0x9e, 0xb6, 0x9f, 0xc6, 0x1c, 0xb6, 0x1c, 0xb6, 0x9e, 0xc6,
  0x5e, 0xb6, 0x1c, 0xb6, 0x9e, 0xb6, 0x9f, 0xe7, 0x9f, 0xe7, 0xff, 0xf7,
  0x9f, 0xe7, 0x1f, 0xc7, 0xff, 0xf7, 0x96, 0xb5, 0x0e, 0xb5, 0x4c, 0xa4,
  0x4e, 0xf4, 0x16, 0xfe, 0xd4, 0xfd, 0x12, 0xfd, 0xd4, 0xfd, 0x92, 0xfd,
  0x12, 0xfd, 0xd0, 0xfc, 0xd0, 0xfc, 0x12, 0xfd, 0x56, 0xfe, 0xd4, 0xfd,
  0x94, 0xfd, 0x12, 0xfd, 0x52, 0xfd, 0x10, 0xfd, 0x52, 0xfd, 0x12, 0xfd,
  0x94, 0xfd, 0x56, 0xfe, 0x94, 0xfd, 0x16, 0xfe, 0x16, 0xfe, 0xd4, 0xfd,
  0x56, 0xfe, 0xd4, 0xfd, 0x92, 0xfd, 0x56, 0xfe, 0x56, 0xfe, 0x12, 0xfd,
  0x0e, 0xf4, 0x90, 0xfc, 0x16, 0xfe, 0x16, 0xfe, 0x52, 0xfd, 0x92, 0xfd,
  0x52, 0xfd, 0xd0, 0xfc, 0xd0, 0xfc, 0x10, 0xfd, 0x52, 0xfd, 0x12, 0xfd,
  0x12, 0xfd, 0x52, 0xfd, 0x90, 0xfc, 0x52, 0xfd, 0xd4, 0xfd, 0x94, 0xfd,
  0x92, 0xfd, 0x16, 0xfe, 0xd8, 0xfe, 0x56, 0xfe, 0xd4, 0xfd, 0xd4, 0xfd,
  0xd4, 0xfd, 0x14, 0xfe, 0x98, 0xfe, 0x94, 0xfd, 0xd4, 0xfd, 0x56, 0xfe,
  0x94, 0xfd, 0xd0, 0xfc, 0x52, 0xfd, 0x14, 0xfe, 0x14, 0xfe, 0xd8, 0xfe,
  0xd8, 0xfe, 0xd0, 0xfc, 0x52, 0xfd, 0x94, 0xfd, 0x8e, 0xd4, 0x8c, 0xa4,
  0xca, 0xa4, 0x4a, 0xe6, 0xee, 0xff, 0xf0, 0xff, 0xf0, 0xff, 0xee, 0xff,
  0xec, 0xff, 0xf4, 0xff, 0xf4, 0xff, 0xf4, 0xff, 0x0a, 0xff, 0xec, 0xff,
  0xf0, 0xff, 0xf2, 0xff, 0xf4, 0xff, 0xf6, 0xff, 0xf4, 0xff, 0xee, 0xff,
  0xca, 0xff, 0xec, 0xff, 0xee, 0xff, 0xf0, 0xff, 0xee, 0xff, 0xee, 0xff,
  0xee, 0xff, 0xf0, 0xff, 0xee, 0xff, 0xf0, 0xff, 0xf2, 0xff, 0xf0, 0xff,
  0xf0, 0xff, 0xf2, 0xff, 0xf4, 0xff, 0xf0, 0xff, 0x4c, 0xff, 0x12, 0xd6,
  0x12, 0xd6, 0x8c, 0xa3, 0xce, 0xc3, 0xce, 0xe3, 0x0e, 0xfc, 0x12, 0xfd,
  0xd4, 0xfd, 0x96, 0xfe, 0x56, 0xfe, 0xd0, 0xfc, 0x52, 0xfd, 0xd4, 0xfd,
  0x92, 0xfd, 0x52, 0xfd, 0xd4, 0xfd, 0xd8, 0xfe, 0x16, 0xfe, 0x96, 0xfe,
  0xd8, 0xfe, 0x1a, 0xff, 0xd4, 0xfd, 0x0e, 0xf4, 0x94, 0xfd, 0x14, 0xfe,
  0x56, 0xfe, 0x16, 0xfe, 0x52, 0xfd, 0x52, 0xfd, 0xd4, 0xfd, 0x94, 0xfd,
  0x90, 0xfc, 0x90, 0xfc, 0x16, 0xfe, 0x98, 0xfe, 0x18, 0xff, 0x56, 0xfe,
  0x16, 0xfe, 0xd4, 0xfd, 0xd4, 0xfd, 0x94, 0xfd, 0x92, 0xfd, 0x12, 0xfd,
  0x92, 0xfd, 0x52, 0xfd, 0xd4, 0xfd, 0x52, 0xfd, 0x12, 0xfd, 0x56, 0xfe,
  0x5a, 0xff, 0xd4, 0xfd, 0x56, 0xfe, 0xd4, 0xfd, 0x90, 0xfc, 0x4e, 0xfc,
  0xd0, 0xfc, 0x52, 0xfd, 0x14, 0xfe, 0xd4, 0xfd, 0x16, 0xfe, 0x94, 0xfd,
  0x92, 0xfd, 0xd4, 0xfd, 0x56, 0xfe, 0x94, 0xfd, 0x12, 0xfd, 0x56, 0xfe,
  0x14, 0xfe, 0x92, 0xfd, 0x92, 0xfd, 0xd4, 0xfd, 0x94, 0xfd, 0x10, 0xfd,
  0x0e, 0xc5, 0x12, 0xd6, 0xce, 0x73, 0x54, 0x84, 0xdc, 0xa5, 0x5e, 0xb6,
  0x1c, 0xb6, 0x1c, 0xb6, 0x1c, 0xb6, 0xdf, 0xc6, 0xdf, 0xc6, 0x9e, 0xc6,
  0x5e, 0xb6, 0x5e, 0xb6, 0x9e, 0xc6, 0xdf, 0xc6, 0x9f, 0xd7, 0x5f, 0xd7,
  0x9f, 0xe7, 0xdf, 0xe7, 0xdf, 0xc6, 0xdf, 0xc6, 0xdf, 0xc6, 0x1f, 0xd7,
  0x1f, 0xd7, 0x5f, 0xd7, 0x9e, 0xb6, 0x1c, 0xb6, 0xdf, 0xc6, 0xdf, 0xc6,
  0x5f, 0xd7, 0x5f, 0xd7, 0x9e, 0xc6, 0xdf, 0xc6, 0x5f, 0xd7, 0x1f, 0xc7,
  0x1f, 0xc7, 0x5f, 0xd7, 0xdf, 0xc6, 0x9f, 0xe7, 0x1f, 0xd7, 0x1c, 0xb6,
  0x9f, 0xe7, 0xdf, 0xe7, 0x1f, 0xc7, 0xdf, 0xc6, 0xdf, 0xc6, 0xdf, 0xc6,
  0x5e, 0xb6, 0x1c, 0xb6, 0x9f, 0xc6, 0xdf, 0xc6, 0x5e, 0xb6, 0xdf, 0xc6,
  0x5e, 0xb6, 0x1f, 0xc7, 0x1f, 0xd7, 0xdf, 0xc6, 0x1c, 0xb6, 0x9e, 0xb6,
  0xdf, 0xc6, 0x5e, 0xb6, 0xdf, 0xc6, 0x5e, 0xb6, 0xda, 0xa5, 0x9e, 0xc6,
  0xdf, 0xc6, 0x5f, 0xd7, 0x9f, 0xe7, 0xff, 0xf7, 0x9f, 0xc6, 0x1f, 0xd7,
  0xff, 0xf7, 0x16, 0xa5, 0x4a, 0x73, 0x4a, 0x93, 0x8c, 0xd3, 0xd4, 0xfd,
  0x92, 0xfd, 0x12, 0xfd, 0x92, 0xfd, 0x52, 0xfd, 0x10, 0xfd, 0x10, 0xfd,
  0x10, 0xfd, 0x92, 0xfd, 0x94, 0xfd, 0xd4, 0xfd, 0xd4, 0xfd, 0x52, 0xfd,
  0x92, 0xfd, 0x52, 0xfd, 0x12, 0xfd, 0x52, 0xfd, 0x94, 0xfd, 0x94, 0xfd,
  0x52, 0xfd, 0x56, 0xfe, 0xd4, 0xfd, 0x52, 0xfd, 0x92, 0xfd, 0xd4, 0xfd,
  0x96, 0xfe, 0x56, 0xfe, 0x56, 0xfe, 0xd4, 0xfd, 0x0e, 0xf4, 0xd0, 0xfc,
  0x98, 0xfe, 0x92, 0xfd, 0x10, 0xfd, 0x10, 0xfd, 0x10, 0xfd, 0xd0, 0xfc,
  0xd0, 0xfc, 0x10, 0xfd, 0x10, 0xfd, 0x12, 0xfd, 0x52, 0xfd, 0x52, 0xfd,
  0x4e, 0xfc, 0x0e, 0xf4, 0x10, 0xfd, 0xd4, 0xfd, 0x16, 0xfe, 0x94, 0xfd,
  0x92, 0xfd, 0xd4, 0xfd, 0x94, 0xfd, 0x52, 0xfd, 0x56, 0xfe, 0x16, 0xfe,
  0x16, 0xfe, 0x92, 0xfd, 0x52, 0xfd, 0x12, 0xfd, 0xd4, 0xfd, 0x12, 0xfd,
  0x94, 0xfd, 0xd4, 0xfd, 0xd4, 0xfd, 0x18, 0xff, 0xdc, 0xff, 0x12, 0xfd,
  0x4e, 0xf4, 0xd0, 0xfc, 0x8e, 0xd4, 0x12, 0xd6, 0xca, 0xa4, 0x0a, 0xe6,
  0xf0, 0xff, 0xf4, 0xff, 0xf2, 0xff, 0xee, 0xff, 0xf0, 0xff, 0xf8, 0xff,
  0xf4, 0xff, 0xf2, 0xff, 0xee, 0xff, 0x0a, 0xff, 0xca, 0xff, 0xee, 0xff,
  0xf0, 0xff, 0xf4, 0xff, 0xf8, 0xff, 0xf4, 0xff, 0xec, 0xff, 0x8c, 0xff,
  0xf0, 0xff, 0xee, 0xff, 0xee, 0xff, 0xf0, 0xff, 0xf0, 0xff, 0xf2, 0xff,
  0xf0, 0xff, 0xee, 0xff, 0xf0, 0xff, 0xee, 0xff, 0xf2, 0xff, 0xf4, 0xff,
  0xf4, 0xff, 0xee, 0xff, 0x48, 0xc5, 0x4e, 0xc5, 0x0e, 0xb5, 0x0a, 0x83,
  0xce, 0xc3, 0x90, 0xfc, 0xd0, 0xfc, 0x12, 0xfd, 0x94, 0xfd, 0x16, 0xfe,
  0x52, 0xfd, 0x52, 0xfd, 0xd4, 0xfd, 0xd4, 0xfd, 0x56, 0xfe, 0x5a, 0xff,
  0x14, 0xfe, 0xd8, 0xfe, 0x14, 0xfe, 0xd8, 0xfe, 0x1a, 0xff, 0xd8, 0xfe,
  0x16, 0xfe, 0x52, 0xfd, 0xd4, 0xfd, 0x56, 0xfe, 0x56, 0xfe, 0x98, 0xfe,
  0x14, 0xfe, 0xd4, 0xfd, 0x98, 0xfe, 0x56, 0xfe, 0x52, 0xfd, 0x52, 0xfd,
  0xd4, 0xfd, 0x5a, 0xff, 0xd8, 0xfe, 0x14, 0xfe, 0xd4, 0xfd, 0x94, 0xfd,
  0x52, 0xfd, 0x10, 0xfd, 0xd4, 0xfd, 0x52, 0xfd, 0x52, 0xfd, 0x94, 0xfd,
  0x98, 0xfe, 0x94, 0xfd, 0x52, 0xfd, 0x94, 0xfd, 0xd4, 0xfd, 0xd4, 0xfd,
  0x96, 0xfe, 0x52, 0xfd, 0x12, 0xfd, 0x52, 0xfd, 0x52, 0xfd, 0xd4, 0xfd,
  0x16, 0xfe, 0x14, 0xfe, 0x52, 0xfd, 0x92, 0xfd, 0x52, 0xfd, 0x94, 0xfd,
  0xd4, 0xfd, 0xd4, 0xfd, 0x16, 0xfe, 0x56, 0xfe, 0xd4, 0xfd, 0x12, 0xfd,
  0x10, 0xfd, 0x52, 0xfd, 0x92, 0xfd, 0x10, 0xfd, 0xce, 0xb4, 0xce, 0xa4,
  0xd0, 0x73, 0x54, 0x74, 0x1c, 0xa6, 0x5e, 0xb6, 0xdf, 0xc6, 0xdf, 0xc6,
  0x9e, 0xc6, 0xdf, 0xe7, 0x1f, 0xd7, 0xdf, 0xc6, 0x9e, 0xc6, 0x1e, 0xb6,
  0x9e, 0xc6, 0x9f, 0xc6, 0x5e, 0xb6, 0x1c, 0xb6, 0x9f, 0xc6, 0xdf, 0xc6,
  0xdf, 0xc6, 0x1f, 0xc7, 0x1f, 0xc7, 0x9f, 0xc6, 0x9f, 0xc6, 0x1f, 0xd7,
  0xdf, 0xc6, 0x58, 0x95, 0x1c, 0xb6, 0x5e, 0xb6, 0x9e, 0xc6, 0xdf, 0xc6,
  0xdf, 0xc6, 0x9f, 0xc6, 0x5e, 0xb6, 0x1c, 0xb6, 0x9e, 0xc6, 0x5f, 0xd7,
  0x9f, 0xc6, 0xdf, 0xc6, 0x5f, 0xd7, 0x9f, 0xc6, 0xdf, 0xc6, 0xdf, 0xc6,
  0x5e, 0xb6, 0xdf, 0xc6, 0xdf, 0xc6, 0x9e, 0xc6, 0x1c, 0xb6, 0xdc, 0xa5,
  0x1f, 0xc7, 0x1f, 0xd7, 0x1c, 0xb6, 0x1c, 0xb6, 0x9e, 0xc6, 0x1f, 0xd7,
  0x9f, 0xd7, 0x1f, 0xd7, 0x9f, 0xd7, 0xdf, 0xc6, 0xdf, 0xc6, 0x9f, 0xe7,
  0xdf, 0xe7, 0xdf, 0xc6, 0x9a, 0xa5, 0xdf, 0xc6, 0xdf, 0xe7, 0x1f, 0xd7,
  0x9e, 0xc6, 0x9e, 0xc6, 0x5e, 0xb6, 0x1f, 0xd7, 0xff, 0xf7, 0xd6, 0x94,
  0x0e, 0xa5, 0x0c, 0x94, 0x0a, 0xb3, 0x16, 0xfe, 0x52, 0xfd, 0x10, 0xfd,
  0x16, 0xfe, 0xd4, 0xfd, 0x12, 0xfd, 0x10, 0xfd, 0x52, 0xfd, 0x92, 0xfd,
  0x92, 0xfd, 0xd4, 0xfd, 0x14, 0xfe, 0x52, 0xfd, 0x52, 0xfd, 0x92, 0xfd,
  0x52, 0xfd, 0x10, 0xfd, 0xd0, 0xfc, 0xd0, 0xfc, 0x12, 0xfd, 0xd4, 0xfd,
  0x52, 0xfd, 0x52, 0xfd, 0x52, 0xfd, 0x56, 0xfe, 0x98, 0xfe, 0xd4, 0xfd,
  0x56, 0xfe, 0x56, 0xfe, 0x52, 0xfd, 0x92, 0xfd, 0x98, 0xfe, 0xd4, 0xfd,
  0x92, 0xfd, 0x12, 0xfd, 0x10, 0xfd, 0xd0, 0xfc, 0xd0, 0xfc, 0xd0, 0xfc,
  0x52, 0xfd, 0x14, 0xfe, 0x52, 0xfd, 0x92, 0xfd, 0x90, 0xfc, 0xcc, 0xf3,
  0x52, 0xfd, 0x16, 0xfe, 0x56, 0xfe, 0x14, 0xfe, 0x52, 0xfd, 0x14, 0xfe,
  0x98, 0xfe, 0x56, 0xfe, 0x9c, 0xff, 0xd8, 0xfe, 0x94, 0xfd, 0x52, 0xfd,
  0xd4, 0xfd, 0xd8, 0xfe, 0x5a, 0xff, 0x94, 0xfd, 0xd0, 0xfc, 0x12, 0xfd,
  0x52, 0xfd, 0x14, 0xfe, 0x9a, 0xff, 0x92, 0xfd, 0xcc, 0xd3, 0x4e, 0xfc,
  0x4c, 0xc4, 0x12, 0xd6, 0xce, 0xc5, 0xce, 0xff, 0xf0, 0xff, 0xf6, 0xff,
  0xf2, 0xff, 0xf2, 0xff, 0xf0, 0xff, 0xee, 0xff, 0xec, 0xff, 0xec, 0xff,
  0xf2, 0xff, 0xee, 0xff, 0x48, 0xe6, 0xee, 0xff, 0xf4, 0xff, 0xf2, 0xff,
  0xf2, 0xff, 0xf2, 0xff, 0xee, 0xff, 0xee, 0xff, 0xf0, 0xff, 0xf2, 0xff,
  0xee, 0xff, 0xee, 0xff, 0xf4, 0xff, 0xf2, 0xff, 0xee, 0xff, 0xee, 0xff,
  0xee, 0xff, 0xee, 0xff, 0xee, 0xff, 0xf0, 0xff, 0xf0, 0xff, 0xec, 0xff,
  0x88, 0xa4, 0x4e, 0xc5, 0x8e, 0xa4, 0xc8, 0x62, 0xc6, 0x61, 0x8c, 0xe3,
  0x12, 0xfd, 0x12, 0xfd, 0x52, 0xfd, 0x52, 0xfd, 0xd0, 0xfc, 0x56, 0xfe,
  0xdc, 0xff, 0x5a, 0xff, 0xd4, 0xfd, 0xd8, 0xfe, 0x92, 0xfd, 0x94, 0xfd,
  0xd4, 0xfd, 0x16, 0xfe, 0x14, 0xfe, 0xd4, 0xfd, 0x98, 0xfe, 0x98, 0xfe,
  0x14, 0xfe, 0xd4, 0xfd, 0x94, 0xfd, 0x16, 0xfe, 0xd8, 0xfe, 0x98, 0xfe,
  0x1a, 0xff, 0x56, 0xfe, 0x92, 0xfd, 0x10, 0xfd, 0xd4, 0xfd, 0x5a, 0xff,
  0x56, 0xfe, 0x92, 0xfd, 0x94, 0xfd, 0x56, 0xfe, 0x94, 0xfd, 0x12, 0xfd,
  0x56, 0xfe, 0xd4, 0xfd, 0x52, 0xfd, 0x96, 0xfe, 0xd8, 0xfe, 0xd4, 0xfd,
  0x14, 0xfe, 0x52, 0xfd, 0x94, 0xfd, 0x16, 0xfe, 0xd4, 0xfd, 0x12, 0xfd,
  0x52, 0xfd, 0x52, 0xfd, 0x94, 0xfd, 0x52, 0xfd, 0x94, 0xfd, 0x56, 0xfe,
  0x92, 0xfd, 0x14, 0xfe, 0x94, 0xfd, 0x92, 0xfd, 0x52, 0xfd, 0x56, 0xfe,
  0xd8, 0xfe, 0x52, 0xfd, 0x4e, 0xfc, 0xd0, 0xfc, 0x94, 0xfd, 0x14, 0xfe,
  0x92, 0xfd, 0x10, 0xfd, 0xce, 0xb4, 0x4c, 0x94, 0x4e, 0x63, 0x94, 0x84,
  0x1c, 0xb6, 0xdf, 0xc6, 0xdf, 0xc6, 0xdf, 0xc6, 0x1f, 0xd7, 0x9f, 0xe7,
  0x1f, 0xd7, 0xdf, 0xc6, 0x9e, 0xc6, 0x9e, 0xb6, 0x9e, 0xb6, 0x5e, 0xb6,
  0xde, 0xc6, 0x5f, 0xd7, 0x9e, 0xc6, 0x5f, 0xd7, 0xdf, 0xc6, 0xdf, 0xc6,
  0xdf, 0xc6, 0x9f, 0xc6, 0xdf, 0xc6, 0x5f, 0xd7, 0x9e, 0xb6, 0xdc, 0xa5,
  0x5e, 0xb6, 0x5e, 0xb6, 0xdf, 0xc6, 0x1f, 0xd7, 0xdf, 0xc6, 0x5e, 0xb6,
  0x5a, 0xa5, 0x58, 0x95, 0x1e, 0xb6, 0x5e, 0xb6, 0x5e, 0xb6, 0x1c, 0xa6,
  0x5e, 0xb6, 0xdc, 0xa5, 0xdc, 0xa5, 0x5e, 0xb6, 0xdc, 0xa5, 0xdc, 0xa5,
  0x9a, 0xa5, 0x5a, 0x95, 0xdc, 0xa5, 0xdc, 0xa5, 0x9e, 0xb6, 0x9e, 0xc6,
  0x9a, 0xa5, 0x9f, 0xc6, 0x1c, 0xb6, 0x9a, 0xa5, 0xda, 0xa5, 0x1c, 0xb6,
  0xdf, 0xe7, 0x1f, 0xd7, 0x9a, 0xa5, 0x9e, 0xc6, 0xdf, 0xc6, 0x9e, 0xc6,
  0x1c, 0xa6, 0x1e, 0xb6, 0x1f, 0xd7, 0xdf, 0xc6, 0x5e, 0xb6, 0xdc, 0xa5,
  0x9e, 0xc6, 0x9f, 0xd7, 0xdf, 0xe7, 0x54, 0xa5, 0x12, 0xd6, 0x10, 0xb5,
  0x06, 0x72, 0xcc, 0xe3, 0x90, 0xfc, 0xd0, 0xfc, 0x56, 0xfe, 0xd4, 0xfd,
  0x12, 0xfd, 0xd0, 0xfc, 0x52, 0xfd, 0x52, 0xfd, 0x52, 0xfd, 0x96, 0xfe,
  0xd4, 0xfd, 0x52, 0xfd, 0xd0, 0xfc, 0x12, 0xfd, 0x52, 0xfd, 0x94, 0xfd,
  0x12, 0xfd, 0x52, 0xfd, 0x92, 0xfd, 0xd4, 0xfd, 0x0e, 0xf4, 0x12, 0xfd,
  0x56, 0xfe, 0x56, 0xfe, 0x10, 0xfd, 0x12, 0xfd, 0x94, 0xfd, 0x56, 0xfe,
  0x94, 0xfd, 0x12, 0xfd, 0xd4, 0xfd, 0x56, 0xfe, 0x16, 0xfe, 0xd4, 0xfd,
  0x12, 0xfd, 0x52, 0xfd, 0xd0, 0xfc, 0x4e, 0xfc, 0x52, 0xfd, 0x52, 0xfd,
  0x52, 0xfd, 0x14, 0xfe, 0xd4, 0xfd, 0x10, 0xfd, 0x52, 0xfd, 0x92, 0xfd,
  0x92, 0xfd, 0x52, 0xfd, 0x52, 0xfd, 0x56, 0xfe, 0x14, 0xfe, 0xd4, 0xfd,
  0x16, 0xfe, 0x56, 0xfe, 0x94, 0xfd, 0x12, 0xfd, 0xd4, 0xfd, 0x16, 0xfe,
  0xd4, 0xfd, 0x12, 0xfd, 0x52, 0xfd, 0x50, 0xfc, 0x0e, 0xf4, 0x92, 0xfd,
  0x5a, 0xff, 0xd0, 0xfc, 0x48, 0x82, 0x88, 0x92, 0x8a, 0x93, 0x8c, 0xa4,
  0x08, 0x94, 0xc6, 0xb4, 0xec, 0xff, 0xf2, 0xff, 0xf0, 0xff, 0xf6, 0xff,
  0xf4, 0xff, 0xf0, 0xff, 0xea, 0xff, 0xec, 0xff, 0xee, 0xff, 0xec, 0xff,
  0x48, 0xf6, 0xee, 0xff, 0xf0, 0xff, 0xf2, 0xff, 0xf6, 0xff, 0xf8, 0xff,
  0xf0, 0xff, 0xee, 0xff, 0xf2, 0xff, 0xf2, 0xff, 0xee, 0xff, 0xf2, 0xff,
  0xf6, 0xff, 0xf2, 0xff, 0xec, 0xff, 0xec, 0xff, 0xec, 0xff, 0xec, 0xff,
  0xec, 0xff, 0xf0, 0xff, 0xf0, 0xff, 0xee, 0xff, 0x88, 0xc5, 0x4c, 0x94,
  0x0e, 0xb5, 0xc8, 0x62, 0xc6, 0x71, 0xcc, 0xe3, 0x54, 0xfd, 0x52, 0xfd,
  0x12, 0xfd, 0x10, 0xfd, 0x90, 0xfc, 0x92, 0xfd, 0x56, 0xfe, 0x94, 0xfd,
  0x4e, 0xfc, 0x94, 0xfd, 0x94, 0xfd, 0x92, 0xfd, 0x94, 0xfd, 0x56, 0xfe,
  0x98, 0xfe, 0x94, 0xfd, 0x94, 0xfd, 0x98, 0xfe, 0x14, 0xfe, 0x94, 0xfd,
  0x94, 0xfd, 0x56, 0xfe, 0x16, 0xfe, 0x56, 0xfe, 0xd8, 0xfe, 0x56, 0xfe,
  0x16, 0xfe, 0xd4, 0xfd, 0x52, 0xfd, 0x56, 0xfe, 0x98, 0xfe, 0x14, 0xfe,
  0x14, 0xfe, 0x56, 0xfe, 0xd4, 0xfd, 0xd4, 0xfd, 0xd4, 0xfd, 0x16, 0xfe,
  0x94, 0xfd, 0x56, 0xfe, 0x18, 0xff, 0xd8, 0xfe, 0x94, 0xfd, 0x94, 0xfd,
  0x56, 0xfe, 0x52, 0xfd, 0xd4, 0xfd, 0xd4, 0xfd, 0xd4, 0xfd, 0xd4, 0xfd,
  0x92, 0xfd, 0xd0, 0xfc, 0x94, 0xfd, 0x1a, 0xff, 0x98, 0xfe, 0x94, 0xfd,
  0x12, 0xfd, 0x94, 0xfd, 0x56, 0xfe, 0x56, 0xfe, 0xd4, 0xfd, 0x12, 0xfd,
  0x52, 0xfd, 0x52, 0xfd, 0xd8, 0xfe, 0x1a, 0xff, 0x52, 0xfd, 0x52, 0xfd,
  0x90, 0xd5, 0x8e, 0xa4, 0x0c, 0x63, 0x12, 0x74, 0x9a, 0xa5, 0x9e, 0xb6,
  0x5e, 0xb6, 0x5f, 0xd7, 0xdf, 0xe7, 0x1f, 0xd7, 0xdf, 0xc6, 0x9e, 0xc6,
  0x9e, 0xc6, 0x9e, 0xb6, 0xdf, 0xc6, 0x1f, 0xd7, 0xff, 0xf7, 0x1f, 0xd7,
  0xdc, 0xa5, 0x5e, 0xb6, 0x5e, 0xb6, 0x1c, 0xb6, 0x5e, 0xb6, 0x9e, 0xb6,
  0xdf, 0xc6, 0xdf, 0xc6, 0x9e, 0xb6, 0x1c, 0xb6, 0x9e, 0xc6, 0xdf, 0xc6,
  0x1f, 0xc7, 0x9e, 0xc6, 0x5e, 0xb6, 0x5e, 0xb6, 0x1c, 0xb6, 0x5e, 0xb6,
  0x5e, 0xb6, 0x5f, 0xd7, 0x9a, 0xa5, 0x5a, 0x95, 0xd6, 0x84, 0xd2, 0x73,
  0x14, 0x74, 0x12, 0x74, 0x90, 0x63, 0xd2, 0x63, 0xd2, 0x73, 0x54, 0x74,
  0x96, 0x84, 0x96, 0x84, 0x96, 0x84, 0x1a, 0x95, 0x1e, 0xb6, 0x9f, 0xc6,
  0x9a, 0xa5, 0x18, 0x95, 0xd8, 0x84, 0x96, 0x84, 0xd6, 0x84, 0xd6, 0x94,
  0xd8, 0x84, 0x5a, 0x95, 0x9a, 0xa5, 0x18, 0x95, 0xd6, 0x84, 0x5a, 0x95,
  0x9f, 0xc6, 0x5e, 0xb6, 0x18, 0x95, 0xd6, 0x84, 0x18, 0x95, 0x9f, 0xc6,
  0x9e, 0xc6, 0x10, 0x84, 0x4c, 0x94, 0xce, 0xb4, 0xc6, 0x71, 0x48, 0xa2,
  0x0a, 0xd3, 0x4a, 0xf3, 0x8c, 0xf3, 0xcc, 0xf3, 0xd0, 0xfc, 0x92, 0xfd,
  0x92, 0xfd, 0xd0, 0xfc, 0x0e, 0xf4, 0x94, 0xfd, 0x52, 0xfd, 0x14, 0xfe,
  0x52, 0xfd, 0x90, 0xfc, 0x52, 0xfd, 0x52, 0xfd, 0x12, 0xfd, 0x52, 0xfd,
  0x12, 0xfd, 0x92, 0xfd, 0x90, 0xfc, 0x12, 0xfd, 0xd4, 0xfd, 0x94, 0xfd,
  0x4e, 0xfc, 0x52, 0xfd, 0x94, 0xfd, 0xd4, 0xfd, 0xd4, 0xfd, 0x92, 0xfd,
  0x52, 0xfd, 0x12, 0xfd, 0x92, 0xfd, 0xd4, 0xfd, 0xd0, 0xfc, 0x10, 0xfd,
  0x10, 0xfd, 0xd0, 0xfc, 0xd4, 0xfd, 0x94, 0xfd, 0x52, 0xfd, 0x12, 0xfd,
  0x52, 0xfd, 0x92, 0xfd, 0x94, 0xfd, 0x14, 0xfe, 0xd4, 0xfd, 0x10, 0xfd,
  0x52, 0xfd, 0x56, 0xfe, 0x14, 0xfe, 0x16, 0xfe, 0x92, 0xfd, 0x4e, 0xfc,
  0x90, 0xfc, 0x12, 0xfd, 0x16, 0xfe, 0x52, 0xfd, 0x8c, 0xe3, 0x8c, 0xf3,
  0x8c, 0xf3, 0x4c, 0xf3, 0x8c, 0xf3, 0x52, 0xfd, 0xd4, 0xfd, 0x52, 0xfd,
  0x48, 0x82, 0xc6, 0x61, 0x4a, 0x83, 0xcc, 0xa4, 0x8a, 0xa4, 0x08, 0xb5,
  0x4a, 0xe6, 0xee, 0xff, 0xcc, 0xff, 0xee, 0xff, 0xf0, 0xff, 0xf0, 0xff,
  0xee, 0xff, 0xf0, 0xff, 0xec, 0xff, 0xca, 0xff, 0xca, 0xfe, 0xee, 0xff,
  0xf4, 0xff, 0xf2, 0xff, 0xf0, 0xff, 0xf6, 0xff, 0xf6, 0xff, 0xf0, 0xff,
  0xf0, 0xff, 0xf2, 0xff, 0xee, 0xff, 0xee, 0xff, 0xf0, 0xff, 0xf0, 0xff,
  0xcc, 0xff, 0x88, 0xf6, 0x0a, 0xff, 0xec, 0xff, 0xca, 0xff, 0xf2, 0xff,
  0xf2, 0xff, 0xf4, 0xff, 0x8a, 0xe6, 0x90, 0xc5, 0x94, 0xe6, 0x08, 0x83,
  0xc8, 0x92, 0x8c, 0xe3, 0x52, 0xfd, 0x52, 0xfd, 0x10, 0xfd, 0x4e, 0xfc,
  0x8c, 0xf3, 0x90, 0xfc, 0x52, 0xfd, 0x52, 0xfd, 0x90, 0xfc, 0xd4, 0xfd,
  0xd8, 0xfe, 0x98, 0xfe, 0xd4, 0xfd, 0xd4, 0xfd, 0x56, 0xfe, 0x14, 0xfe,
  0x94, 0xfd, 0x14, 0xfe, 0x92, 0xfd, 0x92, 0xfd, 0x94, 0xfd, 0x14, 0xfe,
  0x92, 0xfd, 0xd4, 0xfd, 0xd4, 0xfd, 0x94, 0xfd, 0xd4, 0xfd, 0x10, 0xfd,
  0x52, 0xfd, 0x16, 0xfe, 0x96, 0xfe, 0x56, 0xfe, 0x56, 0xfe, 0x96, 0xfe,
  0xd4, 0xfd, 0x94, 0xfd, 0x90, 0xfc, 0x94, 0xfd, 0x90, 0xfc, 0xd0, 0xfc,
  0x14, 0xfe, 0xd4, 0xfd, 0xd4, 0xfd, 0x96, 0xfe, 0xd8, 0xfe, 0x52, 0xfd,
  0x94, 0xfd, 0x56, 0xfe, 0x14, 0xfe, 0x96, 0xfe, 0xd0, 0xfc, 0x12, 0xfd,
  0x12, 0xfd, 0x16, 0xfe, 0x56, 0xfe, 0x52, 0xfd, 0x56, 0xfe, 0x1a, 0xff,
  0x56, 0xfe, 0x56, 0xfe, 0x56, 0xfe, 0xd4, 0xfd, 0x94, 0xfd, 0x92, 0xfd,
  0x98, 0xfe, 0x56, 0xfe, 0x90, 0xfc, 0xd4, 0xfd, 0x50, 0xd5, 0xce, 0xa4,
  0x4c, 0x63, 0x90, 0x63, 0x18, 0x95, 0x9a, 0xa5, 0x5a, 0x95, 0x9e, 0xc6,
  0x9f, 0xd7, 0x5f, 0xd7, 0x9f, 0xc6, 0x5e, 0xb6, 0x9e, 0xc6, 0x5e, 0xb6,
  0x5f, 0xd7, 0x1f, 0xd7, 0xdf, 0xc6, 0x5f, 0xd7, 0xff, 0xf7, 0x5f, 0xd7,
  0x9e, 0xc6, 0x9e, 0xc6, 0x5f, 0xd7, 0x9e, 0xb6, 0x9e, 0xc6, 0xdf, 0xc6,
  0x9e, 0xc6, 0xdc, 0xa5, 0x5e, 0xb6, 0xdf, 0xc6, 0x9e, 0xc6, 0x5e, 0xb6,
  0x9f, 0xc6, 0x5e, 0xb6, 0xdc, 0xa5, 0x5e, 0xb6, 0x1e, 0xb6, 0x5e, 0xb6,
  0x54, 0x74, 0x14, 0x74, 0x54, 0x74, 0x90, 0x63, 0x50, 0x63, 0x14, 0x74,
  0xd2, 0x73, 0x92, 0x63, 0x90, 0x63, 0xd2, 0x73, 0x14, 0x74, 0x96, 0x84,
  0xd2, 0x73, 0xd4, 0x73, 0x5a, 0x95, 0x18, 0x95, 0x56, 0x84, 0xd2, 0x73,
  0x92, 0x63, 0xd2, 0x63, 0x92, 0x63, 0xd2, 0x73, 0x92, 0x63, 0x14, 0x74,
  0xd8, 0x94, 0x54, 0x84, 0x14, 0x74, 0x96, 0x84, 0x9c, 0xa5, 0x5e, 0xb6,
  0x1c, 0xb6, 0x54, 0x74, 0x14, 0x74, 0x1c, 0xb6, 0x5c, 0xb6, 0x90, 0x94,
  0x8c, 0xa4, 0x8a, 0x83, 0x84, 0x51, 0xc6, 0x61, 0x06, 0x82, 0x46, 0x82,
  0x06, 0x82, 0x88, 0xb2, 0x4e, 0xfc, 0x12, 0xfd, 0xd0, 0xfc, 0xcc, 0xf3,
  0x0e, 0xfc, 0x10, 0xfd, 0xd0, 0xfc, 0x0e, 0xf4, 0x4e, 0xfc, 0x0e, 0xfc,
  0x12, 0xfd, 0x12, 0xfd, 0x0e, 0xfc, 0x0e, 0xfc, 0x4e, 0xfc, 0x90, 0xfc,
  0x94, 0xfd, 0x12, 0xfd, 0x0e, 0xfc, 0xcc, 0xf3, 0x4e, 0xfc, 0xd0, 0xfc,
  0x52, 0xfd, 0x52, 0xfd, 0xd0, 0xfc, 0x12, 0xfd, 0x4e, 0xfc, 0x4a, 0xd3,
  0x90, 0xfc, 0x90, 0xfc, 0xce, 0xfb, 0x90, 0xfc, 0x90, 0xfc, 0xd0, 0xfc,
  0x16, 0xfe, 0x16, 0xfe, 0x94, 0xfd, 0x90, 0xfc, 0x90, 0xfc, 0x90, 0xfc,
  0x94, 0xfd, 0x16, 0xfe, 0x52, 0xfd, 0xd0, 0xfc, 0x52, 0xfd, 0x92, 0xfd,
  0x52, 0xfd, 0x56, 0xfe, 0x94, 0xfd, 0xca, 0xc2, 0x4a, 0xe3, 0xce, 0xfb,
  0x4e, 0xfc, 0x0e, 0xf4, 0xd0, 0xfc, 0x98, 0xfe, 0x94, 0xfd, 0x4c, 0xd3,
  0x4a, 0xe3, 0x90, 0xfc, 0x4e, 0xfc, 0x0a, 0xa3, 0x48, 0x82, 0x06, 0x72,
  0x0c, 0x94, 0xce, 0xa4, 0xca, 0xa4, 0xca, 0xd5, 0x08, 0xc5, 0x4c, 0xff,
  0xf0, 0xff, 0xf0, 0xff, 0xcc, 0xff, 0xee, 0xff, 0xee, 0xff, 0xf4, 0xff,
  0xf2, 0xff, 0xee, 0xff, 0xcc, 0xff, 0xec, 0xff, 0xec, 0xff, 0xec, 0xff,
  0xcc, 0xff, 0xee, 0xff, 0xce, 0xff, 0x88, 0xf6, 0xec, 0xff, 0xee, 0xff,
  0x8a, 0xff, 0xca, 0xff, 0xec, 0xff, 0xee, 0xff, 0xec, 0xff, 0x88, 0xf6,
  0x48, 0xf6, 0x8a, 0xf6, 0xc8, 0xe5, 0x88, 0xd5, 0x8a, 0xf6, 0xee, 0xff,
  0xc8, 0xd5, 0x4e, 0xc5, 0x52, 0xd6, 0x4a, 0x93, 0x4c, 0xc3, 0x8c, 0xe3,
  0x12, 0xfd, 0x14, 0xfe, 0x14, 0xfe, 0x94, 0xfd, 0x8c, 0xf3, 0xcc, 0xfb,
  0x52, 0xfd, 0x5a, 0xff, 0x1a, 0xff, 0xd4, 0xfd, 0x56, 0xfe, 0x56, 0xfe,
  0x98, 0xfe, 0x56, 0xfe, 0x16, 0xfe, 0x16, 0xfe, 0xd4, 0xfd, 0x92, 0xfd,
  0x94, 0xfd, 0x52, 0xfd, 0x94, 0xfd, 0x10, 0xfd, 0x10, 0xfd, 0x94, 0xfd,
  0xd4, 0xfd, 0xd4, 0xfd, 0x92, 0xfd, 0x52, 0xfd, 0x16, 0xfe, 0xd4, 0xfd,
  0x56, 0xfe, 0x56, 0xfe, 0xd4, 0xfd, 0xd4, 0xfd, 0x52, 0xfd, 0x52, 0xfd,
  0x4e, 0xfc, 0x90, 0xfc, 0xd0, 0xfc, 0x90, 0xfc, 0x16, 0xfe, 0xd4, 0xfd,
  0x14, 0xfe, 0xd4, 0xfd, 0xd4, 0xfd, 0x52, 0xfd, 0x94, 0xfd, 0x92, 0xfd,
  0xd0, 0xfc, 0x92, 0xfd, 0xd0, 0xfc, 0x92, 0xfd, 0x94, 0xfd, 0x16, 0xfe,
  0x92, 0xfd, 0x92, 0xfd, 0xd8, 0xfe, 0x94, 0xfd, 0x12, 0xfd, 0xd4, 0xfd,
  0x56, 0xfe, 0x56, 0xfe, 0x16, 0xfe, 0x94, 0xfd, 0xd0, 0xfc, 0x52, 0xfd,
  0x98, 0xfe, 0x56, 0xfe, 0x0e, 0xc5, 0x4c, 0x94, 0x0c, 0x63, 0x14, 0x74,
  0xda, 0xa5, 0xdc, 0xa5, 0xdc, 0xa5, 0x1c, 0xa6, 0x1f, 0xc7, 0x5c, 0xb6,
  0x9a, 0xa5, 0xdc, 0xa5, 0x5e, 0xb6, 0xda, 0xa5, 0xdc, 0xa5, 0x58, 0x95,
  0xdc, 0xa5, 0xdf, 0xe7, 0xff, 0xff, 0xff, 0xf7, 0x5e, 0xb6, 0x5a, 0x95,
  0x5a, 0xa5, 0x18, 0x95, 0x18, 0x95, 0x9a, 0xa5, 0x9e, 0xb6, 0x9e, 0xc6,
  0x5a, 0x95, 0xdc, 0xa5, 0xdc, 0xa5, 0x5a, 0x95, 0x5a, 0x95, 0x18, 0x95,
  0xdf, 0xc6, 0x9f, 0xc6, 0x18, 0x95, 0x56, 0x84, 0x1c, 0xb6, 0xdc, 0xa5,
  0x9e, 0xc6, 0xda, 0xa5, 0x12, 0x74, 0x18, 0x95, 0x94, 0x84, 0xcc, 0x52,
  0x0a, 0x32, 0x8a, 0x42, 0x0e, 0x63, 0x0e, 0x63, 0xcc, 0x52, 0x8c, 0x42,
  0x8c, 0x42, 0x50, 0x63, 0x90, 0x63, 0x0e, 0x53, 0x0e, 0x53, 0xcc, 0x52,
  0xcc, 0x52, 0xcc, 0x52, 0xcc, 0x52, 0xce, 0x52, 0x54, 0x84, 0x96, 0x84,
  0x9e, 0xc6, 0xff, 0xf7, 0x9a, 0xa5, 0x9a, 0xa5, 0x1f, 0xd7, 0x5e, 0xb6,
  0x54, 0x84, 0x58, 0x95, 0xff, 0xf7, 0x16, 0xc6, 0xd0, 0xc5, 0xca, 0x93,
  0x48, 0x82, 0x88, 0x92, 0x0a, 0xa3, 0x8c, 0xb3, 0x8c, 0xb3, 0x88, 0xa2,
  0xca, 0xc2, 0x0e, 0xf4, 0xcc, 0xf3, 0x0a, 0xd3, 0xca, 0xc2, 0x88, 0xa2,
  0xca, 0xc2, 0x48, 0xa2, 0x88, 0xb2, 0x4a, 0xe3, 0xcc, 0xfb, 0xcc, 0xfb,
  0x4c, 0xf3, 0x4c, 0xe3, 0x8c, 0xe3, 0x8c, 0xe3, 0x12, 0xfd, 0x16, 0xfe,
  0x4e, 0xfc, 0xca, 0xc2, 0x4c, 0xfb, 0x90, 0xfc, 0x90, 0xfc, 0x8c, 0xe3,
  0x0a, 0xd3, 0x4a, 0xe3, 0x0a, 0xd3, 0xc8, 0xc2, 0x8c, 0xf3, 0x0a, 0xc3,
  0xca, 0xc2, 0xcc, 0xfb, 0xcc, 0xfb, 0x90, 0xfc, 0xd4, 0xfd, 0x14, 0xfe,
  0x92, 0xfd, 0x4e, 0xfc, 0x8c, 0xfb, 0x0a, 0xe3, 0x50, 0xfc, 0x0e, 0xfc,
  0xcc, 0xfb, 0x4e, 0xfc, 0xd0, 0xfc, 0x4e, 0xfc, 0x0e, 0xfc, 0x90, 0xfc,
  0xd0, 0xfc, 0x8c, 0xd3, 0x4e, 0xf4, 0x98, 0xfe, 0x94, 0xfd, 0x52, 0xfd,
  0x98, 0xfe, 0x5a, 0xff, 0x56, 0xfe, 0x10, 0xfd, 0xcc, 0xf3, 0x4c, 0xd3,
  0x4a, 0xc3, 0x06, 0x82, 0xc6, 0x61, 0x06, 0x62, 0x90, 0xc5, 0x12, 0xd6,
  0xc8, 0x83, 0x06, 0xb5, 0xc6, 0x83, 0x08, 0xc5, 0x8c, 0xff, 0xf0, 0xff,
  0xf0, 0xff, 0xee, 0xff, 0xf0, 0xff, 0xee, 0xff, 0xee, 0xff, 0xee, 0xff,
  0x4c, 0xff, 0xcc, 0xff, 0x8a, 0xff, 0xee, 0xff, 0xf4, 0xff, 0xf2, 0xff,
  0xec, 0xff, 0x88, 0xd5, 0x8a, 0xf6, 0x0c, 0xff, 0x88, 0xc5, 0x48, 0xc5,
  0x48, 0xc5, 0x88, 0xc5, 0x4a, 0xff, 0xec, 0xff, 0xee, 0xff, 0xee, 0xff,
  0xf0, 0xff, 0x8c, 0xe6, 0x06, 0x94, 0x08, 0xb5, 0xc6, 0x83, 0x8c, 0xa4,
  0x54, 0xe6, 0xcc, 0xb3, 0x8c, 0xd3, 0xcc, 0xf3, 0x52, 0xfd, 0x94, 0xfd,
  0xd8, 0xfe, 0x14, 0xfe, 0x10, 0xfd, 0xce, 0xfb, 0xd0, 0xfc, 0xd8, 0xfe,
  0xdc, 0xff, 0xd4, 0xfd, 0x52, 0xfd, 0x12, 0xfd, 0x52, 0xfd, 0xd4, 0xfd,
  0x52, 0xfd, 0x52, 0xfd, 0x12, 0xfd, 0x12, 0xfd, 0x52, 0xfd, 0x52, 0xfd,
  0x98, 0xfe, 0x92, 0xfd, 0x94, 0xfd, 0x52, 0xfd, 0x94, 0xfd, 0x56, 0xfe,
  0x14, 0xfe, 0x52, 0xfd, 0x92, 0xfd, 0x52, 0xfd, 0xd4, 0xfd, 0x14, 0xfe,
  0x14, 0xfe, 0x14, 0xfe, 0x12, 0xfd, 0x52, 0xfd, 0xd0, 0xfc, 0x90, 0xfc,
  0x94, 0xfd, 0x12, 0xfd, 0x12, 0xfd, 0x52, 0xfd, 0x94, 0xfd, 0xd4, 0xfd,
  0x56, 0xfe, 0x52, 0xfd, 0x92, 0xfd, 0x12, 0xfd, 0x12, 0xfd, 0x52, 0xfd,
  0x94, 0xfd, 0x92, 0xfd, 0x52, 0xfd, 0x94, 0xfd, 0x52, 0xfd, 0x10, 0xfd,
  0x12, 0xfd, 0xd0, 0xfc, 0x0e, 0xfc, 0xce, 0xf3, 0x52, 0xfd, 0x94, 0xfd,
  0xd4, 0xfd, 0x94, 0xfd, 0x4e, 0xfc, 0x12, 0xfd, 0x9c, 0xff, 0xd8, 0xfe,
  0xce, 0xb4, 0x50, 0xb5, 0x0c, 0x63, 0x90, 0x63, 0x18, 0x95, 0x18, 0x95,
  0xd8, 0x84, 0x54, 0x74, 0x96, 0x84, 0xd8, 0x94, 0x9a, 0xa5, 0x1c, 0xb6,
  0x5a, 0x95, 0x58, 0x95, 0x96, 0x84, 0xd2, 0x73, 0x96, 0x84, 0x5e, 0xb6,
  0x9f, 0xe7, 0x9f, 0xe7, 0xff, 0xff, 0x1c, 0xb6, 0x90, 0x63, 0x90, 0x63,
  0x90, 0x63, 0x14, 0x74, 0x54, 0x74, 0xd8, 0x94, 0x54, 0x74, 0xd8, 0x84,
  0x1c, 0xb6, 0x58, 0x95, 0x14, 0x74, 0x92, 0x63, 0x9a, 0xa5, 0x5f, 0xd7,
  0xdf, 0xc6, 0x9a, 0xa5, 0x1f, 0xc7, 0x5f, 0xd7, 0x5f, 0xd7, 0x9e, 0xb6,
  0x5e, 0xb6, 0x5a, 0x95, 0x52, 0x84, 0x0c, 0x53, 0x88, 0x31, 0xcc, 0x52,
  0xd6, 0x94, 0xd6, 0x84, 0x1c, 0xb6, 0x98, 0xa5, 0x94, 0x84, 0x96, 0x84,
  0xd0, 0x73, 0x8c, 0x42, 0x0a, 0x32, 0x08, 0x32, 0x50, 0x63, 0x0e, 0x63,
  0x4a, 0x42, 0x0e, 0x53, 0xd6, 0x94, 0x58, 0x95, 0x18, 0x95, 0x1a, 0xb6,
  0x1c, 0xb6, 0xd8, 0x94, 0x18, 0x95, 0x9a, 0xa5, 0xd6, 0x84, 0x90, 0x63,
  0x54, 0x84, 0x4e, 0x84, 0xca, 0x83, 0x88, 0x62, 0x0a, 0xa3, 0x4e, 0xf4,
  0x90, 0xfc, 0x94, 0xfd, 0xd4, 0xfd, 0x4c, 0xb3, 0x48, 0x92, 0x0e, 0xf4,
  0x4e, 0xfc, 0x0a, 0xb3, 0x48, 0x82, 0x84, 0x51, 0xc6, 0x71, 0xc6, 0x71,
  0x84, 0x61, 0x86, 0x61, 0x46, 0x82, 0x8c, 0xd3, 0x0e, 0xe4, 0x8c, 0xc3,
  0x88, 0x92, 0x4c, 0xd3, 0x12, 0xfd, 0x14, 0xfe, 0x94, 0xfd, 0x0e, 0xf4,
  0x0a, 0xb3, 0x4c, 0xc3, 0x0a, 0xc3, 0x0a, 0xc3, 0x0a, 0xa3, 0x88, 0x92,
  0x06, 0x72, 0xc6, 0x71, 0xca, 0xb2, 0xcc, 0xe3, 0xcc, 0xd3, 0x4c, 0xb3,
  0x48, 0x92, 0xca, 0xc2, 0xcc, 0xf3, 0x0e, 0xfc, 0x52, 0xfd, 0x4e, 0xf4,
  0x0a, 0xc3, 0x48, 0x92, 0x88, 0xa2, 0x88, 0xa2, 0xc8, 0xa2, 0xca, 0xb2,
  0xd0, 0xfc, 0x90, 0xfc, 0xd0, 0xfc, 0x0e, 0xe4, 0x0e, 0xe4, 0x4e, 0xfc,
  0xd0, 0xfc, 0x5a, 0xff, 0x5a, 0xff, 0x4e, 0xfc, 0x12, 0xfd, 0x90, 0xfc,
  0xcc, 0xd3, 0x8c, 0xd3, 0x4e, 0xe4, 0xce, 0xc3, 0x4c, 0xb3, 0x0a, 0xa3,
  0x48, 0x72, 0x84, 0x51, 0x50, 0xc5, 0xd4, 0xe6, 0x0a, 0x94, 0x48, 0xb5,
  0x48, 0xb5, 0x48, 0xa4, 0x44, 0x83, 0x48, 0xc5, 0xf2, 0xff, 0xd0, 0xff,
  0xce, 0xff, 0xee, 0xff, 0xca, 0xf6, 0xee, 0xff, 0xf0, 0xff, 0xf4, 0xff,
  0xca, 0xfe, 0x8a, 0xf6, 0xf4, 0xff, 0xf6, 0xff, 0xf0, 0xff, 0x8c, 0xe6,
  0x06, 0x94, 0xc8, 0xb4, 0x08, 0xb5, 0xc8, 0xd5, 0x08, 0xd6, 0x88, 0xc5,
  0x08, 0xb5, 0xc6, 0xa4, 0x88, 0xc5, 0x88, 0xc5, 0xca, 0xe6, 0xca, 0xc5,
  0x06, 0x94, 0x04, 0x73, 0x84, 0x52, 0xca, 0x83, 0x12, 0xd6, 0xcc, 0x93,
  0x4a, 0xc3, 0xcc, 0xf3, 0xd0, 0xfc, 0x10, 0xfd, 0x56, 0xfe, 0x56, 0xfe,
  0x94, 0xfd, 0x12, 0xfd, 0x94, 0xfd, 0x9c, 0xff, 0xfe, 0xff, 0x94, 0xfd,
  0x14, 0xfe, 0xd4, 0xfd, 0x94, 0xfd, 0x14, 0xfe, 0xd4, 0xfd, 0x10, 0xfd,
  0x52, 0xfd, 0x52, 0xfd, 0x52, 0xfd, 0x94, 0xfd, 0x94, 0xfd, 0x52, 0xfd,
  0xd4, 0xfd, 0x56, 0xfe, 0x92, 0xfd, 0xd8, 0xfe, 0x1a, 0xff, 0x56, 0xfe,
  0x52, 0xfd, 0x0e, 0xfc, 0xd0, 0xfc, 0x96, 0xfe, 0x56, 0xfe, 0x94, 0xfd,
  0x12, 0xfd, 0x52, 0xfd, 0x12, 0xfd, 0x12, 0xfd, 0xd4, 0xfd, 0x94, 0xfd,
  0x10, 0xfd, 0x12, 0xfd, 0x92, 0xfd, 0x94, 0xfd, 0x16, 0xfe, 0x16, 0xfe,
  0x56, 0xfe, 0x52, 0xfd, 0x52, 0xfd, 0x52, 0xfd, 0x92, 0xfd, 0x92, 0xfd,
  0x92, 0xfd, 0x10, 0xfd, 0x52, 0xfd, 0x92, 0xfd, 0x52, 0xfd, 0xd0, 0xfc,
  0x90, 0xfc, 0x90, 0xfc, 0x92, 0xfd, 0x52, 0xfd, 0x92, 0xfd, 0x16, 0xfe,
  0x12, 0xfd, 0x0e, 0xfc, 0x12, 0xfd, 0x4e, 0xe4, 0x90, 0xc5, 0x8e, 0xa4,
  0x0c, 0x63, 0x50, 0x63, 0x96, 0x84, 0xd6, 0x84, 0x54, 0x74, 0x12, 0x74,
  0xd2, 0x73, 0x18, 0x95, 0x5a, 0x95, 0xd6, 0x84, 0x54, 0x74, 0x96, 0x84,
  0xd2, 0x73, 0x50, 0x63, 0x54, 0x74, 0x9a, 0xa5, 0x5e, 0xb6, 0x9a, 0xa5,
  0x9e, 0xc6, 0x1c, 0xb6, 0x12, 0x74, 0x4e, 0x53, 0xd2, 0x73, 0xd2, 0x73,
  0x54, 0x84, 0x12, 0x74, 0x90, 0x63, 0x0e, 0x53, 0xd6, 0x84, 0x5c, 0xb6,
  0xd2, 0x73, 0x50, 0x63, 0x96, 0x84, 0xdf, 0xc6, 0x1f, 0xd7, 0xdf, 0xc6,
  0x18, 0x95, 0xdc, 0xa5, 0xd6, 0x94, 0xd2, 0x73, 0x18, 0x95, 0x14, 0x74,
  0x4e, 0x63, 0x0e, 0x53, 0xc8, 0x31, 0x46, 0x21, 0x8c, 0x42, 0x50, 0x63,
  0x54, 0x84, 0x12, 0x74, 0x14, 0x74, 0x1c, 0xb6, 0x5c, 0xc6, 0x12, 0x74,
  0x8c, 0x42, 0x88, 0x31, 0x4e, 0x63, 0x12, 0x74, 0x4e, 0x63, 0x0e, 0x53,
  0x50, 0x63, 0xd2, 0x63, 0x50, 0x63, 0x4e, 0x53, 0x54, 0x84, 0x92, 0x63,
  0x50, 0x63, 0xcc, 0x52, 0x4a, 0x42, 0xc8, 0x31, 0xc8, 0x31, 0x0c, 0x94,
  0x0e, 0xb5, 0x4a, 0x83, 0x06, 0x72, 0xc8, 0xa2, 0x8c, 0xd3, 0x0e, 0xd4,
  0x90, 0xf4, 0x4c, 0xb3, 0x48, 0x82, 0x46, 0x82, 0x48, 0x92, 0x06, 0x72,
  0x84, 0x51, 0x44, 0x41, 0xc2, 0x30, 0x04, 0x31, 0x44, 0x41, 0x44, 0x41,
  0x84, 0x61, 0x88, 0x92, 0x8c, 0xc3, 0x4c, 0xc3, 0x48, 0x92, 0xca, 0xa2,
  0xcc, 0xd3, 0x4a, 0xc3, 0x8c, 0xd3, 0xcc, 0xe3, 0x4a, 0xc3, 0xc6, 0x71,
  0x84, 0x61, 0x48, 0x72, 0xca, 0x82, 0xc6, 0x61, 0x04, 0x41, 0x44, 0x41,
  0x06, 0x72, 0x4a, 0xc3, 0xcc, 0xd3, 0x4a, 0xb3, 0xc6, 0x71, 0x84, 0x61,
  0x06, 0x82, 0x48, 0x92, 0x48, 0x92, 0x88, 0x92, 0x48, 0x82, 0x84, 0x51,
  0x84, 0x61, 0x48, 0x92, 0x48, 0x92, 0xc6, 0x71, 0x4a, 0xb3, 0xce, 0xe3,
  0x90, 0xfc, 0x12, 0xfd, 0x90, 0xf4, 0x0a, 0xb3, 0xca, 0xa2, 0x4e, 0xd4,
  0x90, 0xe4, 0x0a, 0xc3, 0x4c, 0xc3, 0x0e, 0xd4, 0x50, 0xd4, 0xca, 0xa2,
  0x8c, 0xc3, 0x12, 0xf5, 0x0e, 0xd4, 0xce, 0xd3, 0x0e, 0xd4, 0x88, 0x82,
  0x4c, 0xa4, 0xce, 0xa4, 0x48, 0x73, 0xc4, 0x62, 0x48, 0xb5, 0x08, 0xb5,
  0x46, 0x94, 0x84, 0x83, 0x86, 0x83, 0xc8, 0xa4, 0x08, 0xb5, 0x4a, 0xc5,
  0xc6, 0x93, 0x46, 0x94, 0x48, 0xc5, 0x4c, 0xd6, 0x88, 0xc5, 0x48, 0xc5,
  0x8a, 0xc5, 0x8a, 0xe6, 0xcc, 0xff, 0x0a, 0xd6, 0x04, 0x73, 0x84, 0x52,
  0x44, 0x73, 0xc6, 0xa4, 0x48, 0xc5, 0x86, 0x83, 0xc4, 0x62, 0x84, 0x52,
  0x84, 0x62, 0xc4, 0x62, 0x84, 0x52, 0xc4, 0x62, 0x44, 0x73, 0x04, 0x63,
  0x84, 0x52, 0x0c, 0x94, 0xce, 0xa4, 0xc8, 0x82, 0xcc, 0xe3, 0x0e, 0xfc,
  0x10, 0xfd, 0x52, 0xfd, 0xd4, 0xfd, 0xd4, 0xfd, 0x96, 0xfe, 0x16, 0xfe,
  0x98, 0xfe, 0x5a, 0xff, 0x5a, 0xff, 0xd4, 0xfd, 0x96, 0xfe, 0x56, 0xfe,
  0x90, 0xfc, 0x52, 0xfd, 0x94, 0xfd, 0xd4, 0xfd, 0x14, 0xfe, 0x52, 0xfd,
  0x52, 0xfd, 0x10, 0xfd, 0x52, 0xfd, 0x94, 0xfd, 0xd4, 0xfd, 0x14, 0xfe,
  0x52, 0xfd, 0x56, 0xfe, 0xd8, 0xfe, 0x16, 0xfe, 0x52, 0xfd, 0x8e, 0xfc,
  0x12, 0xfd, 0xd4, 0xfd, 0x52, 0xfd, 0x12, 0xfd, 0x90, 0xfc, 0xd0, 0xfc,
  0x92, 0xfd, 0x16, 0xfe, 0x16, 0xfe, 0xd4, 0xfd, 0x52, 0xfd, 0x52, 0xfd,
  0x92, 0xfd, 0xd4, 0xfd, 0x94, 0xfd, 0x92, 0xfd, 0x98, 0xfe, 0x52, 0xfd,
  0x12, 0xfd, 0x94, 0xfd, 0xd4, 0xfd, 0x52, 0xfd, 0x96, 0xfe, 0xd4, 0xfd,
  0x92, 0xfd, 0xd4, 0xfd, 0xd0, 0xfc, 0xd4, 0xfd, 0x16, 0xfe, 0x96, 0xfe,
  0x98, 0xfe, 0xd4, 0xfd, 0x52, 0xfd, 0x52, 0xfd, 0x92, 0xfd, 0x90, 0xfc,
  0x10, 0xfd, 0xcc, 0xd3, 0x50, 0xc5, 0x0e, 0xb5, 0xcc, 0x52, 0xce, 0x52,
  0xd2, 0x63, 0x50, 0x63, 0x0e, 0x53, 0xd2, 0x63, 0xd2, 0x63, 0x96, 0x84,
  0x18, 0x95, 0x12, 0x74, 0x90, 0x63, 0x12, 0x74, 0x4e, 0x63, 0x8c, 0x42,
  0xd2, 0x63, 0x96, 0x84, 0x54, 0x74, 0x90, 0x63, 0x90, 0x63, 0x12, 0x74,
  0xd2, 0x63, 0xce, 0x52, 0xd2, 0x73, 0x50, 0x63, 0xd6, 0x84, 0x16, 0x95,
  0x4e, 0x63, 0x4a, 0x42, 0xce, 0x52, 0x12, 0x74, 0x0e, 0x53, 0xce, 0x52,
  0x50, 0x63, 0xd6, 0x84, 0x1c, 0xb6, 0x1c, 0xb6, 0x8e, 0x73, 0x0c, 0x63,
  0x8c, 0x73, 0xce, 0x83, 0x4e, 0x84, 0x4c, 0x73, 0x48, 0x52, 0x0a, 0x63,
  0xc8, 0x52, 0x46, 0x52, 0x0a, 0x63, 0x48, 0x52, 0xc8, 0x62, 0x46, 0x52,
  0xc8, 0x62, 0x4c, 0x63, 0xce, 0x73, 0x0c, 0x63, 0xca, 0x52, 0x46, 0x42,
  0x4a, 0x73, 0xca, 0x52, 0x0a, 0x63, 0x4a, 0x73, 0x0a, 0x63, 0x48, 0x42,
  0x48, 0x52, 0x90, 0x94, 0x4e, 0x84, 0x8a, 0x52, 0x48, 0x42, 0x46, 0x52,
  0x88, 0x52, 0xc8, 0x62, 0xc8, 0x62, 0xce, 0xa4, 0x50, 0xb5, 0x0c, 0x94,
  0x46, 0x62, 0x4a, 0x83, 0x8a, 0x93, 0xc8, 0x72, 0xc8, 0x82, 0x46, 0x62,
  0x46, 0x62, 0x86, 0x62, 0x86, 0x62, 0x88, 0x62, 0xcc, 0x83, 0x08, 0x73,
  0x86, 0x62, 0x88, 0x62, 0x06, 0x52, 0xc8, 0x72, 0xc8, 0x72, 0xc8, 0x72,
  0x86, 0x72, 0x88, 0x72, 0x8a, 0x93, 0xcc, 0xa3, 0x0a, 0x93, 0x8a, 0x93,
  0x8a, 0x93, 0xc8, 0x82, 0x88, 0x72, 0x46, 0x62, 0x0a, 0x83, 0x4a, 0x93,
  0x8a, 0x93, 0x08, 0x73, 0x06, 0x52, 0x88, 0x62, 0x08, 0x73, 0x08, 0x83,
  0xc8, 0x72, 0xc8, 0x72, 0xc8, 0x72, 0xc8, 0x62, 0xcc, 0x93, 0x4a, 0x83,
  0x86, 0x72, 0x88, 0x62, 0x46, 0x62, 0xc8, 0x62, 0xc8, 0x72, 0x8a, 0x83,
  0x86, 0x72, 0xcc, 0x93, 0x0a, 0x83, 0x8a, 0x93, 0x0a, 0x93, 0x8a, 0xa3,
  0x8c, 0xa3, 0xcc, 0xa3, 0x88, 0x72, 0x88, 0x82, 0x8a, 0xa3, 0x88, 0x72,
  0xc8, 0x82, 0x0a, 0x83, 0x0a, 0x83, 0xc8, 0x82, 0x08, 0x83, 0x4a, 0x93,
  0x0a, 0x93, 0x8a, 0x93, 0x08, 0x83, 0x4a, 0x83, 0x8c, 0xa4, 0x0e, 0xb5,
  0x8e, 0xa4, 0x08, 0x73, 0xca, 0x83, 0x88, 0x83, 0x46, 0x73, 0x06, 0x73,
  0x88, 0x83, 0xc8, 0x83, 0xc8, 0x83, 0x08, 0x94, 0xc8, 0x83, 0x46, 0x73,
  0x88, 0x83, 0x48, 0x73, 0x4a, 0x94, 0x08, 0x94, 0x48, 0x94, 0x8a, 0xa4,
  0x4c, 0xb5, 0x46, 0x73, 0x86, 0x52, 0x86, 0x62, 0x06, 0x63, 0xc8, 0x83,
  0x4a, 0x94, 0x0a, 0x84, 0x0c, 0x84, 0x8a, 0x83, 0x46, 0x52, 0x46, 0x52,
  0x8a, 0x73, 0xc8, 0x62, 0x46, 0x52, 0x88, 0x83, 0xc6, 0x62, 0xca, 0x83,
  0x94, 0xe6, 0x8c, 0xa3, 0x4e, 0xf4, 0xd0, 0xfc, 0xd4, 0xfd, 0x16, 0xfe,
  0x56, 0xfe, 0x96, 0xfe, 0x56, 0xfe, 0x94, 0xfd, 0x14, 0xfe, 0x16, 0xfe,
  0xd4, 0xfd, 0xd4, 0xfd, 0x52, 0xfd, 0x92, 0xfd, 0x12, 0xfd, 0x12, 0xfd,
  0x94, 0xfd, 0x92, 0xfd, 0x52, 0xfd, 0x12, 0xfd, 0x52, 0xfd, 0x56, 0xfe,
  0x94, 0xfd, 0x94, 0xfd, 0x52, 0xfd, 0x52, 0xfd, 0xd4, 0xfd, 0x52, 0xfd,
  0x52, 0xfd, 0x52, 0xfd, 0x52, 0xfd, 0x12, 0xfd, 0x52, 0xfd, 0x56, 0xfe,
  0x92, 0xfd, 0x8c, 0xe3, 0xce, 0xf3, 0x52, 0xfd, 0xd4, 0xfd, 0x56, 0xfe,
  0x16, 0xfe, 0x56, 0xfe, 0xd4, 0xfd, 0x94, 0xfd, 0x94, 0xfd, 0x1a, 0xff,
  0x98, 0xfe, 0x52, 0xfd, 0xd4, 0xfd, 0xd4, 0xfd, 0xd4, 0xfd, 0x56, 0xfe,
  0x56, 0xfe, 0xd4, 0xfd, 0x14, 0xfe, 0x16, 0xfe, 0x52, 0xfd, 0xd0, 0xfc,
  0x4e, 0xfc, 0x10, 0xfd, 0x16, 0xfe, 0x92, 0xfd, 0xd4, 0xfd, 0x56, 0xfe,
  0x92, 0xfd, 0xcc, 0xe3, 0x8e, 0xfc, 0x92, 0xfd, 0x92, 0xfd, 0x8e, 0xfc,
  0xcc, 0xb4, 0x8c, 0xa4, 0xc8, 0x62, 0x4a, 0x63, 0xce, 0x83, 0x8c, 0x73,
  0x4e, 0x94, 0x4c, 0x63, 0xcc, 0x83, 0x0c, 0x63, 0x0c, 0x63, 0x4c, 0x73,
  0x8c, 0x73, 0x8c, 0x73, 0x4c, 0x63, 0x0a, 0x63, 0x4c, 0x73, 0x4c, 0x73,
  0xce, 0x83, 0x8c, 0x73, 0x4a, 0x63, 0x4a, 0x73, 0x48, 0x52, 0x88, 0x52,
  0x8a, 0x73, 0x88, 0x52, 0x0a, 0x63, 0x4c, 0x73, 0x8c, 0x73, 0x8a, 0x73,
  0xc8, 0x62, 0x0a, 0x63, 0x0a, 0x63, 0x8c, 0x73, 0x8c, 0x73, 0x50, 0x94,
  0x0e, 0x84, 0x10, 0x84, 0x0e, 0xb5, 0x8c, 0xa4, 0x90, 0xc5, 0x52, 0xe6,
  0x52, 0xd6, 0x90, 0xc5, 0x50, 0xb5, 0x90, 0xc5, 0x50, 0xb5, 0x4c, 0x94,
  0x52, 0xd6, 0x90, 0xc5, 0x0e, 0xb5, 0x0e, 0xb5, 0x8e, 0xa4, 0x8c, 0x94,
  0x50, 0xb5, 0xce, 0xa4, 0x4c, 0x94, 0xca, 0x83, 0x94, 0xe6, 0x4c, 0x94,
  0x8c, 0xa4, 0x52, 0xd6, 0xd0, 0xc5, 0xce, 0xa4, 0x0c, 0x94, 0x56, 0xf7,
  0x54, 0xd6, 0x0c, 0x94, 0x0c, 0x94, 0x4c, 0x94, 0x4c, 0x94, 0x50, 0xb5,
  0x4e, 0xb5, 0x4e, 0xb5, 0xd4, 0xe6, 0xd0, 0xd5, 0xca, 0x83, 0x0e, 0xb5,
  0x90, 0xc5, 0x90, 0xc5, 0x90, 0xc5, 0x0a, 0x94, 0x8c, 0xa4, 0x4c, 0x94,
  0x0c, 0x94, 0x4c, 0x94, 0xd4, 0xe6, 0x4e, 0xb5, 0x0e, 0xb5, 0x52, 0xe6,
  0xce, 0xa4, 0x0e, 0xb5, 0x50, 0xb5, 0x0c, 0x94, 0x8a, 0x83, 0x8a, 0x83,
  0x90, 0xc5, 0xd2, 0xd5, 0x0e, 0xb5, 0x0e, 0xb5, 0x4e, 0xb5, 0x8c, 0xa4,
  0x0c, 0x94, 0xce, 0xa4, 0x4c, 0xa4, 0x8c, 0xa4, 0x0c, 0x94, 0x4c, 0x94,
  0x4c, 0x94, 0xd4, 0xf6, 0x12, 0xd6, 0xd0, 0xc5, 0x90, 0xc5, 0x8a, 0x83,
  0xd0, 0xd5, 0x94, 0xe6, 0xd4, 0xf6, 0x50, 0xb5, 0x0c, 0x94, 0x8c, 0xa4,
  0x4c, 0x94, 0xce, 0xa4, 0xce, 0xa4, 0x4e, 0xb5, 0x48, 0x73, 0x54, 0xe6,
  0x0e, 0xb5, 0x8c, 0xa4, 0x8c, 0xa4, 0x12, 0xd6, 0x4c, 0x94, 0x90, 0xc5,
  0xd2, 0xc5, 0x0c, 0x94, 0x4c, 0x94, 0x8a, 0x83, 0x90, 0xc5, 0x90, 0xc5,
  0xca, 0x83, 0x88, 0x83, 0x0e, 0xb5, 0x90, 0xc5, 0x8c, 0xa4, 0xd4, 0xf6,
  0x4e, 0xb5, 0xce, 0xb4, 0x0e, 0xb5, 0x52, 0xe6, 0xd4, 0xf6, 0xd2, 0xc5,
  0xd0, 0xd5, 0x0e, 0xb5, 0x52, 0xd6, 0xce, 0xa4, 0x90, 0xc5, 0x4c, 0x94,
  0xd0, 0xc5, 0x94, 0xe6, 0x90, 0xc5, 0x8c, 0xa4, 0x90, 0xc5, 0x12, 0xd6,
  0x52, 0xe6, 0x4c, 0x94, 0x4c, 0x94, 0x90, 0xc5, 0x94, 0xe6, 0xd0, 0xc5,
  0x4e, 0xb5, 0x0e, 0xb5, 0x0e, 0xb5, 0x50, 0xb5, 0x0e, 0xb5, 0x0a, 0x94,
  0x12, 0xd6, 0x16, 0xf7, 0x90, 0xc5, 0x4a, 0x94, 0x8c, 0xa4, 0xca, 0x83,
  0x48, 0x73, 0x0e, 0xb5, 0x0e, 0xb5, 0x0a, 0x94, 0x8e, 0xa4, 0x0a, 0xa3,
  0x4c, 0xd3, 0x90, 0xfc, 0x16, 0xfe, 0xd8, 0xfe, 0x56, 0xfe, 0x96, 0xfe,
  0x92, 0xfd, 0x52, 0xfd, 0x92, 0xfd, 0x16, 0xfe, 0x14, 0xfe, 0x52, 0xfd,
  0x94, 0xfd, 0xd4, 0xfd, 0x92, 0xfd, 0x94, 0xfd, 0x52, 0xfd, 0x52, 0xfd,
  0x52, 0xfd, 0x92, 0xfd, 0x52, 0xfd, 0xd8, 0xfe, 0xd8, 0xfe, 0xd4, 0xfd,
  0x94, 0xfd, 0x94, 0xfd, 0xd4, 0xfd, 0x52, 0xfd, 0x94, 0xfd, 0xd4, 0xfd,
  0x52, 0xfd, 0x52, 0xfd, 0x10, 0xfd, 0xd4, 0xfd, 0x14, 0xfe, 0x4e, 0xfc,
  0xd0, 0xfc, 0xd4, 0xfd, 0x16, 0xfe, 0x56, 0xfe, 0x56, 0xfe, 0xd4, 0xfd,
  0x92, 0xfd, 0x16, 0xfe, 0xd4, 0xfd, 0x96, 0xfe, 0x56, 0xfe, 0x52, 0xfd,
  0x14, 0xfe, 0x56, 0xfe, 0x92, 0xfd, 0xd4, 0xfd, 0x16, 0xfe, 0x56, 0xfe,
  0x56, 0xfe, 0x56, 0xfe, 0x94, 0xfd, 0x52, 0xfd, 0x10, 0xfd, 0x94, 0xfd,
  0x52, 0xfd, 0x10, 0xfd, 0x92, 0xfd, 0x56, 0xfe, 0x56, 0xfe, 0x56, 0xfe,
  0x94, 0xfd, 0x92, 0xfd, 0x52, 0xfd, 0xd0, 0xfc, 0x0e, 0xb5, 0x12, 0xd6,
  0x54, 0xd6, 0x4c, 0x94, 0x12, 0xd6, 0x90, 0xc5, 0x58, 0xf7, 0xce, 0xa4,
  0x50, 0xc5, 0x12, 0xd6, 0xd2, 0xc5, 0x0e, 0xb5, 0x90, 0xc5, 0x50, 0xb5,
  0x0e, 0xb5, 0x90, 0xc5, 0x12, 0xd6, 0xce, 0xa4, 0x54, 0xe6, 0x16, 0xf7,
  0x90, 0xc5, 0x50, 0xb5, 0x8c, 0xa4, 0xca, 0x83, 0xd0, 0xc5, 0x8c, 0xa4,
  0xce, 0xa4, 0x0e, 0xb5, 0x90, 0xc5, 0x94, 0xe6, 0x0e, 0xb5, 0x8c, 0xa4,
  0x4c, 0x94, 0x0e, 0xb5, 0x8c, 0xa4, 0xd4, 0xf6, 0x52, 0xe6, 0x90, 0xc5,
  0x4c, 0xa4, 0x8c, 0xb4, 0x10, 0xd5, 0x12, 0xf6, 0xd2, 0xf5, 0xce, 0xd4,
  0x50, 0xe5, 0x12, 0xf6, 0x94, 0xfe, 0x50, 0xd5, 0xd2, 0xe5, 0xce, 0xc4,
  0x8e, 0xc4, 0x10, 0xd5, 0x4c, 0xc4, 0xcc, 0xb3, 0x8e, 0xc4, 0xce, 0xd4,
  0x4c, 0xc4, 0xca, 0xb3, 0xce, 0xd4, 0x8e, 0xd4, 0x0e, 0xd5, 0x50, 0xe5,
  0x4c, 0xc4, 0xce, 0xd4, 0x50, 0xe5, 0xd2, 0xe5, 0x4c, 0xc4, 0xce, 0xc4,
  0xd2, 0xe5, 0x0c, 0xb4, 0x4c, 0xc4, 0xce, 0xd4, 0x8c, 0xc4, 0x8e, 0xc4,
  0x50, 0xd5, 0x50, 0xd5, 0x0c, 0xa4, 0x4c, 0xb4, 0xd2, 0xe5, 0x12, 0xf6,
  0x12, 0xf6, 0x8e, 0xc4, 0x90, 0xe5, 0x90, 0xd5, 0xd2, 0xe5, 0x4c, 0xc4,
  0x0e, 0xd5, 0x0c, 0xc4, 0x4c, 0xb4, 0xd6, 0xfe, 0x94, 0xfe, 0x90, 0xe5,
  0x94, 0xfe, 0x10, 0xd5, 0x8e, 0xc4, 0x50, 0xe5, 0x8e, 0xc4, 0x0e, 0xd5,
  0xce, 0xd4, 0x8e, 0xc4, 0xce, 0xc4, 0xce, 0xd4, 0xce, 0xd4, 0x52, 0xf6,
  0xce, 0xd4, 0x0e, 0xc5, 0xd2, 0xe5, 0x50, 0xd5, 0x4c, 0xb4, 0xd2, 0xd5,
  0x50, 0xc5, 0x0c, 0x94, 0x8e, 0xa4, 0x0e, 0x94, 0x10, 0xb5, 0x56, 0xd6,
  0x56, 0xd6, 0x96, 0xe6, 0x56, 0xd6, 0x90, 0x94, 0x10, 0x84, 0x90, 0x94,
  0x94, 0xc5, 0x52, 0xb5, 0x90, 0x94, 0x52, 0xb5, 0x56, 0xd6, 0x90, 0x94,
  0x0e, 0x84, 0x52, 0xb5, 0x50, 0x94, 0x92, 0x94, 0x12, 0xa5, 0xd2, 0xa4,
  0x12, 0xa5, 0xd2, 0xa4, 0x94, 0xb5, 0x18, 0xe7, 0x94, 0xb5, 0x50, 0x94,
  0x52, 0xb5, 0x96, 0xe6, 0x52, 0xb5, 0x56, 0xd6, 0x94, 0xc5, 0x90, 0x94,
  0x90, 0x94, 0xd2, 0xc5, 0x52, 0xb5, 0xd2, 0xc5, 0x52, 0xb5, 0x92, 0xc5,
  0x54, 0xd6, 0xd0, 0xa4, 0x54, 0xa5, 0x54, 0xb5, 0x52, 0xb5, 0xd8, 0xe6,
  0x96, 0xd6, 0x56, 0xd6, 0x56, 0xd6, 0x14, 0xc6, 0x56, 0xd6, 0x92, 0xb5,
  0x10, 0xa5, 0xd0, 0xa4, 0x52, 0xb5, 0xd6, 0xe6, 0x52, 0xd6, 0xd4, 0xe6,
  0x14, 0xc6, 0x94, 0xb5, 0xd4, 0xc5, 0x50, 0x94, 0x50, 0x94, 0x14, 0xd6,
  0xd2, 0xc5, 0x90, 0xb5, 0x50, 0xb5, 0x4c, 0x94, 0x8e, 0x94, 0xd0, 0xa4,
  0x54, 0xd6, 0x90, 0xc5, 0x08, 0x73, 0x46, 0x72, 0xc8, 0xb2, 0xcc, 0xf3,
  0xd0, 0xfc, 0x12, 0xfd, 0x52, 0xfd, 0x92, 0xfd, 0xd0, 0xfc, 0x52, 0xfd,
  0x92, 0xfd, 0x14, 0xfe, 0xd4, 0xfd, 0x16, 0xfe, 0x5a, 0xff, 0x96, 0xfe,
  0xd4, 0xfd, 0x94, 0xfd, 0x92, 0xfd, 0x52, 0xfd, 0x14, 0xfe, 0x94, 0xfd,
  0x12, 0xfd, 0x98, 0xfe, 0x98, 0xfe, 0x56, 0xfe, 0x56, 0xfe, 0x52, 0xfd,
  0x92, 0xfd, 0x56, 0xfe, 0x18, 0xff, 0x98, 0xfe, 0x94, 0xfd, 0x92, 0xfd,
  0x10, 0xfd, 0x92, 0xfd, 0x56, 0xfe, 0x52, 0xfd, 0xd4, 0xfd, 0x52, 0xfd,
  0x52, 0xfd, 0x94, 0xfd, 0x96, 0xfe, 0x14, 0xfe, 0x52, 0xfd, 0xd4, 0xfd,
  0x16, 0xfe, 0xd4, 0xfd, 0x10, 0xfd, 0x10, 0xfd, 0xd4, 0xfd, 0xd4, 0xfd,
  0xd4, 0xfd, 0xd4, 0xfd, 0x52, 0xfd, 0xd8, 0xfe, 0x98, 0xfe, 0x12, 0xfd,
  0x10, 0xfd, 0x92, 0xfd, 0x12, 0xfd, 0xd4, 0xfd, 0x92, 0xfd, 0xd0, 0xfc,
  0x12, 0xfd, 0xd4, 0xfd, 0x56, 0xfe, 0x56, 0xfe, 0x52, 0xfd, 0x52, 0xfd,
  0x56, 0xfe, 0x92, 0xfd, 0xd2, 0xd5, 0x8c, 0xa4, 0x4e, 0xc5, 0xcc, 0xa4,
  0x0c, 0xb5, 0x0a, 0x94, 0x0e, 0xb5, 0x0a, 0x94, 0xcc, 0xa4, 0xcc, 0xa4,
  0xd0, 0xc5, 0x8c, 0xc5, 0xcc, 0xd5, 0x90, 0xe6, 0x12, 0xf7, 0xd2, 0xe6,
  0x90, 0xe6, 0xcc, 0xc5, 0x8e, 0xc5, 0x90, 0xe6, 0xd0, 0xf6, 0xce, 0xc5,
  0x4c, 0xb5, 0x8a, 0xa4, 0x0c, 0xb5, 0x8c, 0xc5, 0xce, 0xd5, 0xce, 0xd5,
  0x4e, 0xe6, 0x0e, 0xd6, 0x0e, 0xd6, 0xcc, 0xd5, 0x8c, 0xc5, 0x90, 0xe6,
  0x8e, 0xc5, 0x8e, 0xc5, 0x10, 0xd6, 0x0e, 0xb5, 0xce, 0xc4, 0x4e, 0xf4,
  0xd4, 0xfd, 0x56, 0xfe, 0x14, 0xfe, 0x5a, 0xff, 0x56, 0xfe, 0x96, 0xfe,
  0xfe, 0xff, 0xfe, 0xff, 0x5a, 0xff, 0x98, 0xfe, 0x18, 0xff, 0x1a, 0xff,
  0x56, 0xfe, 0x92, 0xfd, 0x96, 0xfe, 0x98, 0xfe, 0xd4, 0xfd, 0x14, 0xfe,
  0x14, 0xfe, 0xd4, 0xfd, 0xd4, 0xfd, 0xd4, 0xfd, 0xd4, 0xfd, 0x14, 0xfe,
  0x14, 0xfe, 0x56, 0xfe, 0xd4, 0xfd, 0x14, 0xfe, 0x10, 0xfd, 0x4e, 0xf4,
  0x52, 0xfd, 0x92, 0xfd, 0x52, 0xfd, 0xd4, 0xfd, 0x10, 0xfd, 0x12, 0xfd,
  0xd0, 0xfc, 0x52, 0xfd, 0xdc, 0xff, 0x18, 0xff, 0x92, 0xfd, 0xd0, 0xfc,
  0xd0, 0xfc, 0xd0, 0xfc, 0x52, 0xfd, 0x92, 0xfd, 0x96, 0xfe, 0xd4, 0xfd,
  0x90, 0xfc, 0x14, 0xfe, 0xd4, 0xfd, 0xd4, 0xfd, 0x14, 0xfe, 0xd4, 0xfd,
  0x96, 0xfe, 0x96, 0xfe, 0x14, 0xfe, 0x56, 0xfe, 0x56, 0xfe, 0x52, 0xfd,
  0x10, 0xfd, 0x52, 0xfd, 0x96, 0xfe, 0x9a, 0xff, 0x96, 0xfe, 0x16, 0xfe,
  0x14, 0xfe, 0x92, 0xfd, 0x92, 0xfd, 0x4e, 0xd4, 0xce, 0xa4, 0x8c, 0x73,
  0x4e, 0x63, 0x12, 0x74, 0x18, 0x95, 0xde, 0xc6, 0x9f, 0xe7, 0x5f, 0xd7,
  0xdf, 0xc6, 0x5e, 0xb6, 0x9e, 0xc6, 0xdf, 0xc6, 0x5f, 0xd7, 0xff, 0xf7,
  0xff, 0xff, 0xff, 0xe7, 0xff, 0xf7, 0x5f, 0xd7, 0xdf, 0xc6, 0xdf, 0xc6,
  0x9e, 0xc6, 0x1f, 0xd7, 0x5f, 0xd7, 0x1f, 0xd7, 0x9f, 0xe7, 0x9f, 0xe7,
  0xff, 0xff, 0x9f, 0xd7, 0x1f, 0xd7, 0x1f, 0xc7, 0xdf, 0xe7, 0xdf, 0xc6,
  0x1f, 0xd7, 0xdf, 0xe7, 0x9f, 0xd7, 0x1f, 0xd7, 0xde, 0xc6, 0x5f, 0xd7,
  0x5f, 0xd7, 0xde, 0xc6, 0xde, 0xc6, 0xde, 0xc6, 0x9e, 0xc6, 0xde, 0xd6,
  0x9f, 0xe7, 0x9f, 0xe7, 0x9f, 0xd7, 0x1f, 0xd7, 0x9f, 0xd7, 0x5f, 0xd7,
  0x1f, 0xd7, 0x5e, 0xb6, 0xdf, 0xe7, 0xff, 0xf7, 0xdf, 0xc6, 0x5f, 0xd7,
  0x5f, 0xd7, 0x5f, 0xd7, 0x1c, 0xd7, 0x9c, 0xc6, 0x1f, 0xd7, 0x5f, 0xd7,
  0x9f, 0xe7, 0xdf, 0xe7, 0x9e, 0xc6, 0xde, 0xc6, 0x1c, 0xb6, 0xde, 0xd6,
  0xdc, 0xd6, 0x5c, 0xc6, 0x5c, 0xc6, 0xde, 0xc6, 0xda, 0xb5, 0x92, 0xc5,
  0xca, 0x83, 0x88, 0x72, 0xc8, 0xa2, 0x90, 0xfc, 0xd0, 0xfc, 0x94, 0xfd,
  0xd4, 0xfd, 0x52, 0xfd, 0x56, 0xfe, 0x92, 0xfd, 0x94, 0xfd, 0xd4, 0xfd,
  0xd4, 0xfd, 0x94, 0xfd, 0x52, 0xfd, 0x52, 0xfd, 0x14, 0xfe, 0x92, 0xfd,
  0xd4, 0xfd, 0xd4, 0xfd, 0x92, 0xfd, 0x52, 0xfd, 0x52, 0xfd, 0x56, 0xfe,
  0x14, 0xfe, 0xd4, 0xfd, 0x92, 0xfd, 0x94, 0xfd, 0x14, 0xfe, 0x98, 0xfe,
  0x9c, 0xff, 0x98, 0xfe, 0x16, 0xfe, 0x16, 0xfe, 0x16, 0xfe, 0x92, 0xfd,
  0xd4, 0xfd, 0x52, 0xfd, 0x14, 0xfe, 0xd4, 0xfd, 0xd4, 0xfd, 0x56, 0xfe,
  0xd8, 0xfe, 0x56, 0xfe, 0x10, 0xfd, 0x56, 0xfe, 0x98, 0xfe, 0xd4, 0xfd,
  0xd4, 0xfd, 0x92, 0xfd, 0x10, 0xfd, 0xd0, 0xfc, 0xd4, 0xfd, 0x12, 0xfd,
  0xd0, 0xfc, 0xd4, 0xfd, 0x96, 0xfe, 0x52, 0xfd, 0x52, 0xfd, 0x56, 0xfe,
  0xd8, 0xfe, 0x56, 0xfe, 0x52, 0xfd, 0x10, 0xfd, 0x10, 0xfd, 0x12, 0xfd,
  0xd0, 0xfc, 0x12, 0xfd, 0x12, 0xfd, 0x92, 0xfd, 0x16, 0xfe, 0x10, 0xfd,
  0x90, 0xd5, 0x90, 0xc5, 0x0a, 0xb5, 0x8e, 0xe6, 0x8e, 0xff, 0x0c, 0xf7,
  0x0a, 0xb5, 0xc6, 0x62, 0xc6, 0x83, 0x88, 0xc5, 0x8c, 0xff, 0xf0, 0xff,
  0xf0, 0xff, 0xf0, 0xff, 0xf2, 0xff, 0xf4, 0xff, 0xf2, 0xff, 0xf0, 0xff,
  0xee, 0xff, 0xf0, 0xff, 0xf2, 0xff, 0xf0, 0xff, 0xec, 0xff, 0xf0, 0xff,
  0xf2, 0xff, 0xf0, 0xff, 0xf4, 0xff, 0xf0, 0xff, 0xf0, 0xff, 0xf0, 0xff,
  0xf0, 0xff, 0xf2, 0xff, 0xf2, 0xff, 0xf6, 0xff, 0xf2, 0xff, 0x8a, 0xc5,
  0x8a, 0xa4, 0x8c, 0xa4, 0x4c, 0xb4, 0xcc, 0xd3, 0x16, 0xfe, 0xd8, 0xfe,
  0x56, 0xfe, 0x9c, 0xff, 0x5a, 0xff, 0xd4, 0xfd, 0x9c, 0xff, 0xfe, 0xff,
  0x96, 0xfe, 0x98, 0xfe, 0xdc, 0xff, 0xfe, 0xff, 0x18, 0xff, 0xd0, 0xfc,
  0x56, 0xfe, 0x5a, 0xff, 0xd8, 0xfe, 0x56, 0xfe, 0xd8, 0xfe, 0x16, 0xfe,
  0x16, 0xfe, 0xd4, 0xfd, 0x14, 0xfe, 0x14, 0xfe, 0x14, 0xfe, 0xd4, 0xfd,
  0x94, 0xfd, 0x16, 0xfe, 0x12, 0xfd, 0x0e, 0xf4, 0xd0, 0xfc, 0x56, 0xfe,
  0x56, 0xfe, 0x14, 0xfe, 0x92, 0xfd, 0x94, 0xfd, 0xd4, 0xfd, 0x56, 0xfe,
  0xdc, 0xff, 0x96, 0xfe, 0xd0, 0xfc, 0x94, 0xfd, 0x94, 0xfd, 0x92, 0xfd,
  0x94, 0xfd, 0x14, 0xfe, 0x5a, 0xff, 0x98, 0xfe, 0x52, 0xfd, 0x16, 0xfe,
  0x96, 0xfe, 0x14, 0xfe, 0x92, 0xfd, 0x94, 0xfd, 0x56, 0xfe, 0x14, 0xfe,
  0xd4, 0xfd, 0x56, 0xfe, 0x14, 0xfe, 0x14, 0xfe, 0x12, 0xfd, 0x52, 0xfd,
  0x96, 0xfe, 0x5a, 0xff, 0x5a, 0xff, 0x56, 0xfe, 0x94, 0xfd, 0x14, 0xfe,
  0xd8, 0xfe, 0x10, 0xe5, 0x94, 0xe6, 0x4e, 0x94, 0x0e, 0x53, 0xd2, 0x63,
  0x94, 0x84, 0xdc, 0xb5, 0x9f, 0xe7, 0x5f, 0xd7, 0x5e, 0xb6, 0x9e, 0xc6,
  0xdf, 0xc6, 0x5e, 0xb6, 0x1f, 0xc7, 0x9f, 0xd7, 0xdf, 0xe7, 0x9f, 0xd7,
  0xff, 0xf7, 0xdf, 0xc6, 0xdf, 0xc6, 0x5f, 0xd7, 0xdf, 0xc6, 0x5f, 0xd7,
  0xdf, 0xe7, 0x1f, 0xd7, 0x1f, 0xc7, 0x1f, 0xd7, 0xff, 0xf7, 0xdf, 0xe7,
  0x5f, 0xd7, 0x5e, 0xb6, 0x5f, 0xd7, 0x9f, 0xd7, 0x1f, 0xc7, 0x1f, 0xd7,
  0x1f, 0xd7, 0x1f, 0xd7, 0x5f, 0xd7, 0x5f, 0xd7, 0xdf, 0xe7, 0x5f, 0xd7,
  0x1f, 0xc7, 0x5f, 0xd7, 0x1f, 0xd7, 0x9f, 0xd7, 0x9f, 0xe7, 0xdf, 0xc6,
  0xff, 0xe7, 0x5f, 0xd7, 0xdf, 0xc6, 0xdf, 0xc6, 0x9f, 0xc6, 0x9e, 0xb6,
  0x9f, 0xe7, 0xdf, 0xe7, 0x5f, 0xd7, 0x9f, 0xd7, 0xff, 0xf7, 0x9f, 0xd7,
  0x5f, 0xd7, 0x1f, 0xc7, 0x5f, 0xd7, 0xdf, 0xc6, 0xdf, 0xe7, 0xff, 0xf7,
  0x1f, 0xd7, 0x5f, 0xd7, 0x5f, 0xd7, 0xdf, 0xe7, 0x9f, 0xe7, 0x1f, 0xd7,
  0x9f, 0xc6, 0x5f, 0xd7, 0x1f, 0xd7, 0x56, 0xd6, 0x0e, 0xb5, 0x88, 0x72,
  0x0a, 0xb3, 0x50, 0xfc, 0x52, 0xfd, 0x16, 0xfe, 0xd4, 0xfd, 0xd0, 0xfc,
  0x52, 0xfd, 0xd4, 0xfd, 0xd4, 0xfd, 0x94, 0xfd, 0x52, 0xfd, 0x12, 0xfd,
  0x12, 0xfd, 0x16, 0xfe, 0xd8, 0xfe, 0x14, 0xfe, 0x16, 0xfe, 0x16, 0xfe,
  0x14, 0xfe, 0x92, 0xfd, 0x92, 0xfd, 0x56, 0xfe, 0x16, 0xfe, 0x14, 0xfe,
  0x94, 0xfd, 0xd4, 0xfd, 0x14, 0xfe, 0x16, 0xfe, 0x56, 0xfe, 0x94, 0xfd,
  0x52, 0xfd, 0x94, 0xfd, 0x14, 0xfe, 0x56, 0xfe, 0x5a, 0xff, 0x96, 0xfe,
  0x96, 0xfe, 0xd8, 0xfe, 0xd8, 0xfe, 0x1a, 0xff, 0x56, 0xfe, 0x56, 0xfe,
  0xd4, 0xfd, 0x56, 0xfe, 0x94, 0xfd, 0x14, 0xfe, 0x5a, 0xff, 0x5a, 0xff,
  0xd4, 0xfd, 0x52, 0xfd, 0x98, 0xfe, 0x56, 0xfe, 0xd4, 0xfd, 0x14, 0xfe,
  0x56, 0xfe, 0xd4, 0xfd, 0x10, 0xfd, 0x94, 0xfd, 0x56, 0xfe, 0xd4, 0xfd,
  0xd0, 0xfc, 0xd0, 0xfc, 0xd0, 0xfc, 0x12, 0xfd, 0x12, 0xfd, 0x94, 0xfd,
  0xd8, 0xfe, 0xd4, 0xfd, 0x56, 0xfe, 0x52, 0xfd, 0x0e, 0xc5, 0xd0, 0xc5,
  0x48, 0x73, 0x46, 0x73, 0x0c, 0xf7, 0xf4, 0xff, 0xf0, 0xff, 0x8c, 0xe6,
  0x48, 0xb5, 0x88, 0xc5, 0xee, 0xff, 0xf2, 0xff, 0xf0, 0xff, 0xf0, 0xff,
  0xf4, 0xff, 0xf8, 0xff, 0xf6, 0xff, 0xf6, 0xff, 0xf0, 0xff, 0xf2, 0xff,
  0xf0, 0xff, 0xee, 0xff, 0xec, 0xff, 0xf2, 0xff, 0xf6, 0xff, 0xf4, 0xff,
  0xf8, 0xff, 0xf6, 0xff, 0xf2, 0xff, 0xf0, 0xff, 0xf2, 0xff, 0xf8, 0xff,
  0xf2, 0xff, 0xf4, 0xff, 0xf2, 0xff, 0x4c, 0xff, 0x8c, 0xc5, 0x8c, 0xa4,
  0x8a, 0x93, 0xc8, 0xa2, 0x90, 0xfc, 0x12, 0xfd, 0x52, 0xfd, 0x16, 0xfe,
  0x16, 0xfe, 0x12, 0xfd, 0x52, 0xfd, 0xd4, 0xfd, 0x92, 0xfd, 0x92, 0xfd,
  0xd8, 0xfe, 0x9c, 0xff, 0x14, 0xfe, 0x90, 0xfc, 0x90, 0xfc, 0x12, 0xfd,
  0xd4, 0xfd, 0x12, 0xfd, 0x92, 0xfd, 0x52, 0xfd, 0x92, 0xfd, 0x92, 0xfd,
  0x98, 0xfe, 0x12, 0xfd, 0x92, 0xfd, 0x16, 0xfe, 0xd8, 0xfe, 0xd4, 0xfd,
  0x94, 0xfd, 0xd0, 0xfc, 0xd0, 0xfc, 0xd4, 0xfd, 0x52, 0xfd, 0x10, 0xfd,
  0x16, 0xfe, 0x52, 0xfd, 0x10, 0xfd, 0x12, 0xfd, 0x12, 0xfd, 0x12, 0xfd,
  0xd8, 0xfe, 0x9c, 0xff, 0x56, 0xfe, 0x52, 0xfd, 0x94, 0xfd, 0x56, 0xfe,
  0x16, 0xfe, 0x92, 0xfd, 0x94, 0xfd, 0xd4, 0xfd, 0x14, 0xfe, 0x94, 0xfd,
  0x52, 0xfd, 0x12, 0xfd, 0x12, 0xfd, 0xd0, 0xfc, 0x10, 0xfd, 0xd4, 0xfd,
  0x52, 0xfd, 0x94, 0xfd, 0x52, 0xfd, 0x12, 0xfd, 0x14, 0xfe, 0xd4, 0xfd,
  0x98, 0xfe, 0x96, 0xfe, 0x92, 0xfd, 0xd4, 0xfd, 0x52, 0xfd, 0x4c, 0xc4,
  0x4e, 0xb5, 0x0e, 0x84, 0x90, 0x63, 0xd2, 0x63, 0xd2, 0x73, 0x5a, 0xa5,
  0xdf, 0xc6, 0x1c, 0xb6, 0x9a, 0xa5, 0xdf, 0xc6, 0x9e, 0xb6, 0x5e, 0xb6,
  0x1f, 0xd7, 0x1f, 0xd7, 0x1c, 0xb6, 0xdf, 0xc6, 0x5e, 0xb6, 0xda, 0xa5,
  0x5e, 0xb6, 0x9e, 0xc6, 0xdf, 0xc6, 0x9e, 0xb6, 0x9e, 0xb6, 0xdf, 0xc6,
  0xdf, 0xc6, 0x1f, 0xc7, 0x1f, 0xc7, 0x9f, 0xc6, 0x1e, 0xb6, 0xda, 0xa5,
  0xdf, 0xc6, 0xdf, 0xe7, 0x9e, 0xc6, 0x1c, 0xb6, 0xdc, 0xa5, 0x9a, 0xa5,
  0x1c, 0xa6, 0x9e, 0xb6, 0x9e, 0xc6, 0x9e, 0xc6, 0x1f, 0xd7, 0x9f, 0xc6,
  0x1c, 0xb6, 0x5f, 0xd7, 0x5f, 0xd7, 0x5e, 0xb6, 0x9e, 0xc6, 0x9e, 0xc6,
  0x5e, 0xb6, 0x5e, 0xb6, 0x5e, 0xb6, 0x9f, 0xc6, 0x1c, 0xb6, 0xdf, 0xc6,
  0xdf, 0xc6, 0x5e, 0xb6, 0x9e, 0xc6, 0x9e, 0xc6, 0x9e, 0xc6, 0x9e, 0xc6,
  0x9f, 0xc6, 0x9f, 0xc6, 0x9f, 0xd7, 0xdf, 0xc6, 0x1c, 0xb6, 0x5e, 0xb6,
  0x9f, 0xc6, 0x9f, 0xc6, 0x9f, 0xc6, 0x9f, 0xc6, 0x1c, 0xb6, 0x5f, 0xd7,
  0x9f, 0xd7, 0x52, 0xb5, 0x50, 0xb5, 0x4a, 0x93, 0x56, 0xfe, 0x94, 0xfd,
  0x90, 0xfc, 0x98, 0xfe, 0x14, 0xfe, 0xd0, 0xfc, 0x12, 0xfd, 0xd4, 0xfd,
  0x56, 0xfe, 0x14, 0xfe, 0x94, 0xfd, 0x12, 0xfd, 0x52, 0xfd, 0x12, 0xfd,
  0x12, 0xfd, 0x14, 0xfe, 0xd4, 0xfd, 0x52, 0xfd, 0x94, 0xfd, 0x92, 0xfd,
  0x52, 0xfd, 0xd4, 0xfd, 0xd4, 0xfd, 0xd4, 0xfd, 0xd4, 0xfd, 0xd4, 0xfd,
  0x12, 0xfd, 0xd4, 0xfd, 0xd8, 0xfe, 0x94, 0xfd, 0x52, 0xfd, 0x52, 0xfd,
  0x52, 0xfd, 0x56, 0xfe, 0x5a, 0xff, 0x18, 0xff, 0xdc, 0xff, 0x5a, 0xff,
  0xd8, 0xfe, 0x14, 0xfe, 0xd4, 0xfd, 0x14, 0xfe, 0x52, 0xfd, 0x90, 0xfc,
  0x4e, 0xfc, 0x12, 0xfd, 0x92, 0xfd, 0x14, 0xfe, 0x98, 0xfe, 0x98, 0xfe,
  0x98, 0xfe, 0x92, 0xfd, 0xd4, 0xfd, 0x56, 0xfe, 0x56, 0xfe, 0x52, 0xfd,
  0x92, 0xfd, 0x18, 0xff, 0x56, 0xfe, 0x52, 0xfd, 0xd0, 0xfc, 0xd0, 0xfc,
  0x90, 0xfc, 0x90, 0xfc, 0x10, 0xfd, 0x12, 0xfd, 0xd4, 0xfd, 0xd0, 0xfc,
  0x52, 0xfd, 0x52, 0xfd, 0x50, 0xc5, 0x90, 0xc5, 0x48, 0x73, 0xc6, 0x83,
  0x4c, 0xff, 0xf6, 0xff, 0xf4, 0xff, 0xf4, 0xff, 0xf2, 0xff, 0xee, 0xff,
  0xee, 0xff, 0xf2, 0xff, 0xf2, 0xff, 0xf0, 0xff, 0xf6, 0xff, 0xfc, 0xff,
  0xf6, 0xff, 0xf2, 0xff, 0xf0, 0xff, 0xf8, 0xff, 0xf2, 0xff, 0xee, 0xff,
  0xee, 0xff, 0xf2, 0xff, 0xf2, 0xff, 0xf4, 0xff, 0xee, 0xff, 0xee, 0xff,
  0xee, 0xff, 0xec, 0xff, 0xee, 0xff, 0xf0, 0xff, 0xf0, 0xff, 0xf0, 0xff,
  0xee, 0xff, 0xf2, 0xff, 0x8e, 0xff, 0x8c, 0xa4, 0xca, 0x93, 0x0a, 0xc3,
  0x12, 0xfd, 0x12, 0xfd, 0x12, 0xfd, 0xd4, 0xfd, 0x52, 0xfd, 0x4e, 0xfc,
  0x12, 0xfd, 0xd8, 0xfe, 0x96, 0xfe, 0xd8, 0xfe, 0x98, 0xfe, 0x56, 0xfe,
  0x52, 0xfd, 0xd0, 0xfc, 0x52, 0xfd, 0x56, 0xfe, 0xd4, 0xfd, 0x52, 0xfd,
  0x10, 0xfd, 0x52, 0xfd, 0x94, 0xfd, 0x56, 0xfe, 0x18, 0xff, 0x52, 0xfd,
  0x52, 0xfd, 0xd4, 0xfd, 0x16, 0xfe, 0x56, 0xfe, 0x96, 0xfe, 0x52, 0xfd,
  0x94, 0xfd, 0x98, 0xfe, 0x10, 0xfd, 0x10, 0xfd, 0xd4, 0xfd, 0x90, 0xfc,
  0x12, 0xfd, 0xd4, 0xfd, 0x10, 0xfd, 0x12, 0xfd, 0x56, 0xfe, 0x98, 0xfe,
  0x92, 0xfd, 0xd0, 0xfc, 0x52, 0xfd, 0x98, 0xfe, 0x56, 0xfe, 0x92, 0xfd,
  0xd4, 0xfd, 0x92, 0xfd, 0x94, 0xfd, 0x96, 0xfe, 0x56, 0xfe, 0x52, 0xfd,
  0x4e, 0xfc, 0xcc, 0xf3, 0xd0, 0xfc, 0x90, 0xfc, 0xd0, 0xfc, 0x52, 0xfd,
  0x92, 0xfd, 0x52, 0xfd, 0xd4, 0xfd, 0x52, 0xfd, 0x52, 0xfd, 0x92, 0xfd,
  0x12, 0xfd, 0x92, 0xfd, 0x52, 0xfd, 0x8e, 0xd4, 0xd0, 0xc5, 0xce, 0x73,
  0xd2, 0x73, 0x54, 0x74, 0xd2, 0x63, 0x9c, 0xa5, 0xdf, 0xc6, 0x1c, 0xb6,
  0x9a, 0xa5, 0x1c, 0xb6, 0x5e, 0xb6, 0xdf, 0xc6, 0x1f, 0xc7, 0x1f, 0xd7,
  0x9f, 0xc6, 0xdf, 0xc6, 0x9e, 0xb6, 0x1c, 0xb6, 0x9f, 0xc6, 0x1f, 0xc7,
  0x9f, 0xc6, 0x5e, 0xb6, 0x1c, 0xb6, 0x9f, 0xc6, 0x5f, 0xd7, 0x1f, 0xc7,
  0x9f, 0xc6, 0x9e, 0xb6, 0x1f, 0xd7, 0x9e, 0xc6, 0xdf, 0xc6, 0xdf, 0xc6,
  0x5e, 0xb6, 0x9e, 0xc6, 0x9e, 0xc6, 0x5e, 0xb6, 0x1c, 0xb6, 0x1f, 0xd7,
  0x9f, 0xc6, 0x9f, 0xc6, 0x1f, 0xd7, 0x9f, 0xc6, 0x9e, 0xb6, 0x9f, 0xe7,
  0x1f, 0xc7, 0xdf, 0xc6, 0x1c, 0xb6, 0x9f, 0xc6, 0x9e, 0xc6, 0xdc, 0xa5,
  0x5e, 0xb6, 0x5f, 0xd7, 0x9e, 0xc6, 0x9e, 0xc6, 0x5e, 0xb6, 0xdf, 0xc6,
  0x9e, 0xc6, 0x9e, 0xc6, 0xdc, 0xa5, 0x5e, 0xb6, 0xdf, 0xc6, 0x1f, 0xd7,
  0xdf, 0xe7, 0x5f, 0xd7, 0x9f, 0xc6, 0x5e, 0xb6, 0x5e, 0xb6, 0x1c, 0xa6,
  0xda, 0xa5, 0x5e, 0xb6, 0x5f, 0xd7, 0xff, 0xff, 0xdf, 0xe7, 0x94, 0xb5,
  0x56, 0xf7, 0xcc, 0xa3, 0xd2, 0xf4, 0x90, 0xf4, 0x8c, 0xe3, 0xce, 0xfb,
  0x90, 0xfc, 0xd0, 0xfc, 0x56, 0xfe, 0x18, 0xff, 0x56, 0xfe, 0x96, 0xfe,
  0x56, 0xfe, 0xd8, 0xfe, 0x16, 0xfe, 0x4e, 0xfc, 0x8c, 0xe3, 0x94, 0xfd,
  0x98, 0xfe, 0xd8, 0xfe, 0x98, 0xfe, 0x56, 0xfe, 0x52, 0xfd, 0x90, 0xfc,
  0x52, 0xfd, 0x52, 0xfd, 0x52, 0xfd, 0x92, 0xfd, 0x12, 0xfd, 0x52, 0xfd,
  0x90, 0xfc, 0x52, 0xfd, 0x92, 0xfd, 0x94, 0xfd, 0xd4, 0xfd, 0x14, 0xfe,
  0x1a, 0xff, 0x56, 0xfe, 0x96, 0xfe, 0xd4, 0xfd, 0x92, 0xfd, 0x12, 0xfd,
  0x4e, 0xfc, 0x90, 0xfc, 0x52, 0xfd, 0x4e, 0xfc, 0xcc, 0xf3, 0xd0, 0xfc,
  0x14, 0xfe, 0x14, 0xfe, 0x94, 0xfd, 0x94, 0xfd, 0xd4, 0xfd, 0x52, 0xfd,
  0x12, 0xfd, 0xd4, 0xfd, 0x16, 0xfe, 0x52, 0xfd, 0xd0, 0xfc, 0x56, 0xfe,
  0x56, 0xfe, 0x94, 0xfd, 0x10, 0xfd, 0x12, 0xfd, 0xd0, 0xfc, 0x90, 0xfc,
  0xd0, 0xfc, 0x10, 0xfd, 0x12, 0xfd, 0x90, 0xfc, 0xcc, 0xf3, 0x4e, 0xf4,
  0x4e, 0xc5, 0xcc, 0xa4, 0x48, 0x94, 0xcc, 0xf6, 0x8c, 0xff, 0xee, 0xff,
  0xee, 0xff, 0xf2, 0xff, 0xf2, 0xff, 0xf2, 0xff, 0xf0, 0xff, 0xf0, 0xff,
  0xee, 0xff, 0xf0, 0xff, 0xf2, 0xff, 0xf8, 0xff, 0xf0, 0xff, 0xee, 0xff,
  0xf0, 0xff, 0xf6, 0xff, 0xf6, 0xff, 0xf0, 0xff, 0xf4, 0xff, 0xf6, 0xff,
  0xf2, 0xff, 0xf4, 0xff, 0xf2, 0xff, 0xf0, 0xff, 0xf0, 0xff, 0xee, 0xff,
  0xf0, 0xff, 0xf0, 0xff, 0xee, 0xff, 0xec, 0xff, 0xee, 0xff, 0xf0, 0xff,
  0x4e, 0xf7, 0x8c, 0xa4, 0x08, 0x83, 0x0a, 0xc3, 0x90, 0xfc, 0x94, 0xfd,
  0x16, 0xfe, 0xd4, 0xfd, 0xd4, 0xfd, 0x12, 0xfd, 0x12, 0xfd, 0x98, 0xfe,
  0x12, 0xfd, 0x12, 0xfd, 0x56, 0xfe, 0x96, 0xfe, 0xd4, 0xfd, 0x90, 0xfc,
  0x52, 0xfd, 0x98, 0xfe, 0xd4, 0xfd, 0x14, 0xfe, 0x92, 0xfd, 0xd0, 0xfc,
  0x94, 0xfd, 0x98, 0xfe, 0x56, 0xfe, 0x52, 0xfd, 0x12, 0xfd, 0x10, 0xfd,
  0xd4, 0xfd, 0x16, 0xfe, 0x16, 0xfe, 0x10, 0xfd, 0x10, 0xfd, 0x52, 0xfd,
  0xd0, 0xfc, 0x52, 0xfd, 0xd4, 0xfd, 0x4e, 0xfc, 0x52, 0xfd, 0x14, 0xfe,
  0xd4, 0xfd, 0x94, 0xfd, 0x94, 0xfd, 0x52, 0xfd, 0xd0, 0xfc, 0x12, 0xfd,
  0x94, 0xfd, 0x14, 0xfe, 0x56, 0xfe, 0xd4, 0xfd, 0x92, 0xfd, 0x12, 0xfd,
  0xd0, 0xfc, 0x56, 0xfe, 0xd4, 0xfd, 0xd0, 0xfc, 0x92, 0xfd, 0x52, 0xfd,
  0xd0, 0xfc, 0x0e, 0xfc, 0x0e, 0xf4, 0xd0, 0xfc, 0x14, 0xfe, 0xd4, 0xfd,
  0x52, 0xfd, 0x90, 0xfc, 0x10, 0xfd, 0x10, 0xfd, 0x4e, 0xfc, 0x52, 0xfd,
  0x92, 0xfd, 0x10, 0xf5, 0xd4, 0xe6, 0x4e, 0x94, 0x12, 0x74, 0x1c, 0xb6,
  0x96, 0x84, 0x9e, 0xc6, 0x9f, 0xe7, 0x5e, 0xb6, 0x9f, 0xc6, 0xdf, 0xc6,
  0x9f, 0xc6, 0xdf, 0xc6, 0xdf, 0xc6, 0x9e, 0xb6, 0x5e, 0xb6, 0x5e, 0xb6,
  0x5e, 0xb6, 0x1e, 0xb6, 0x9f, 0xc6, 0x9f, 0xc6, 0x5e, 0xb6, 0x1c, 0xb6,
  0x9a, 0xa5, 0xdf, 0xc6, 0x1f, 0xd7, 0x1f, 0xc7, 0x5e, 0xb6, 0xdc, 0xa5,
  0x5f, 0xd7, 0x1f, 0xd7, 0x9e, 0xc6, 0x9e, 0xc6, 0xdf, 0xc6, 0x9e, 0xc6,
  0xdf, 0xc6, 0xdf, 0xc6, 0x1c, 0xb6, 0xdf, 0xc6, 0xdf, 0xc6, 0x1f, 0xd7,
  0x5f, 0xd7, 0x5e, 0xb6, 0xdf, 0xc6, 0x5f, 0xd7, 0xdf, 0xc6, 0xdf, 0xc6,
  0x1f, 0xc7, 0xdf, 0xc6, 0x9e, 0xb6, 0x1c, 0xb6, 0x9e, 0xb6, 0xdf, 0xc6,
  0x9f, 0xc6, 0x5e, 0xb6, 0x9a, 0xa5, 0xdf, 0xc6, 0x5f, 0xd7, 0x1f, 0xc7,
  0x5e, 0xb6, 0x5e, 0xb6, 0x9e, 0xb6, 0x1f, 0xc7, 0xff, 0xf7, 0x5f, 0xd7,
  0x5e, 0xb6, 0x5e, 0xb6, 0x1f, 0xc7, 0x9e, 0xb6, 0x5e, 0xb6, 0x5f, 0xd7,
  0xff, 0xf7, 0xff, 0xff, 0x9f, 0xe7, 0x12, 0xa5, 0x54, 0xe6, 0x4a, 0x93,
  0x0e, 0xe4, 0xd0, 0xfc, 0x12, 0xfd, 0x0e, 0xfc, 0x0e, 0xfc, 0x52, 0xfd,
  0x98, 0xfe, 0x98, 0xfe, 0xd4, 0xfd, 0x56, 0xfe, 0x56, 0xfe, 0x96, 0xfe,
  0x14, 0xfe, 0x12, 0xfd, 0x90, 0xfc, 0x90, 0xfc, 0xd4, 0xfd, 0x1a, 0xff,
  0xd8, 0xfe, 0x56, 0xfe, 0x94, 0xfd, 0x12, 0xfd, 0xd0, 0xfc, 0x12, 0xfd,
  0x4e, 0xfc, 0xd0, 0xfc, 0x92, 0xfd, 0x92, 0xfd, 0x52, 0xfd, 0x52, 0xfd,
  0xd4, 0xfd, 0xd4, 0xfd, 0xd4, 0xfd, 0xd4, 0xfd, 0xd8, 0xfe, 0x16, 0xfe,
  0x12, 0xfd, 0x12, 0xfd, 0x98, 0xfe, 0x56, 0xfe, 0xd0, 0xfc, 0x10, 0xfd,
  0x52, 0xfd, 0x10, 0xfd, 0xd0, 0xfc, 0x12, 0xfd, 0x14, 0xfe, 0x16, 0xfe,
  0x14, 0xfe, 0xd4, 0xfd, 0x92, 0xfd, 0xd4, 0xfd, 0x12, 0xfd, 0x16, 0xfe,
  0x52, 0xfd, 0x52, 0xfd, 0x52, 0xfd, 0x94, 0xfd, 0x56, 0xfe, 0x56, 0xfe,
  0x52, 0xfd, 0x10, 0xfd, 0x52, 0xfd, 0x52, 0xfd, 0xd4, 0xfd, 0x16, 0xfe,
  0x96, 0xfe, 0x52, 0xfd, 0x12, 0xfd, 0x4e, 0xf4, 0x0e, 0xb5, 0x0a, 0x94,
  0x48, 0xb5, 0xee, 0xff, 0xee, 0xff, 0x06, 0xc5, 0x8a, 0xff, 0xee, 0xff,
  0xf0, 0xff, 0xf0, 0xff, 0xf2, 0xff, 0xf2, 0xff, 0xf2, 0xff, 0xf2, 0xff,
  0xf0, 0xff, 0xf6, 0xff, 0xee, 0xff, 0xee, 0xff, 0xee, 0xff, 0xf0, 0xff,
  0xf8, 0xff, 0xf4, 0xff, 0xf8, 0xff, 0xf4, 0xff, 0xf0, 0xff, 0xf0, 0xff,
  0xf2, 0xff, 0xee, 0xff, 0xee, 0xff, 0xee, 0xff, 0xf2, 0xff, 0xee, 0xff,
  0xee, 0xff, 0xee, 0xff, 0xf0, 0xff, 0xf0, 0xff, 0x0e, 0xf7, 0x0e, 0xb5,
  0x0c, 0xa4, 0xca, 0xb2, 0x8e, 0xfc, 0x16, 0xfe, 0x96, 0xfe, 0x94, 0xfd,
  0x12, 0xfd, 0x12, 0xfd, 0xd4, 0xfd, 0x12, 0xfd, 0xd0, 0xfc, 0xd4, 0xfd,
  0x5a, 0xff, 0x56, 0xfe, 0x94, 0xfd, 0x92, 0xfd, 0x92, 0xfd, 0x56, 0xfe,
  0xd4, 0xfd, 0xd8, 0xfe, 0x92, 0xfd, 0x10, 0xfd, 0x94, 0xfd, 0x94, 0xfd,
  0x92, 0xfd, 0x92, 0xfd, 0x92, 0xfd, 0x92, 0xfd, 0x52, 0xfd, 0x92, 0xfd,
  0x92, 0xfd, 0xd0, 0xfc, 0x10, 0xfd, 0x52, 0xfd, 0xd0, 0xfc, 0x14, 0xfe,
  0xd4, 0xfd, 0xd4, 0xfd, 0x52, 0xfd, 0x52, 0xfd, 0xd4, 0xfd, 0x56, 0xfe,
  0x94, 0xfd, 0x52, 0xfd, 0x4e, 0xfc, 0xd4, 0xfd, 0x16, 0xfe, 0x12, 0xfd,
  0x4e, 0xfc, 0xd4, 0xfd, 0x52, 0xfd, 0x92, 0xfd, 0x92, 0xfd, 0x92, 0xfd,
  0x52, 0xfd, 0xd0, 0xfc, 0x52, 0xfd, 0xd4, 0xfd, 0x52, 0xfd, 0x52, 0xfd,
  0x4e, 0xfc, 0x52, 0xfd, 0x92, 0xfd, 0x12, 0xfd, 0x12, 0xfd, 0x12, 0xfd,
  0x56, 0xfe, 0x92, 0xfd, 0x12, 0xfd, 0x52, 0xfd, 0x94, 0xfd, 0x4e, 0xd4,
  0x4c, 0x94, 0x8a, 0x73, 0x4a, 0x42, 0x50, 0x63, 0x54, 0x84, 0x9c, 0xa5,
  0x5e, 0xb6, 0x9e, 0xc6, 0x1f, 0xc7, 0x1f, 0xd7, 0xdf, 0xc6, 0xdf, 0xc6,
  0x9f, 0xe7, 0x9e, 0xb6, 0x9a, 0xa5, 0x9e, 0xb6, 0x5e, 0xb6, 0x5e, 0xb6,
  0x9f, 0xc6, 0x5e, 0xb6, 0x5e, 0xb6, 0x9e, 0xc6, 0xdc, 0xa5, 0xdf, 0xc6,
  0xdf, 0xc6, 0x1f, 0xc7, 0x5f, 0xd7, 0x1c, 0xb6, 0x1f, 0xd7, 0x1f, 0xc7,
  0x5e, 0xb6, 0x9e, 0xc6, 0x5e, 0xb6, 0x9e, 0xb6, 0x5e, 0xb6, 0x9e, 0xc6,
  0x9e, 0xc6, 0xdf, 0xc6, 0x9e, 0xb6, 0x9f, 0xc6, 0xdf, 0xc6, 0x5e, 0xb6,
  0x9e, 0xc6, 0x1f, 0xc7, 0xdf, 0xc6, 0x1f, 0xd7, 0x1f, 0xd7, 0x5e, 0xb6,
  0x1c, 0xb6, 0x1f, 0xd7, 0x9f, 0xc6, 0x5e, 0xb6, 0xdf, 0xc6, 0xdf, 0xc6,
  0x1e, 0xb6, 0xdf, 0xc6, 0xdf, 0xe7, 0x9f, 0xc6, 0x1c, 0xb6, 0x1e, 0xb6,
  0x9e, 0xc6, 0xdf, 0xc6, 0x1f, 0xc7, 0x9f, 0xe7, 0x9f, 0xd7, 0x9e, 0xb6,
  0x1f, 0xd7, 0xdf, 0xc6, 0x1c, 0xb6, 0xdf, 0xc6, 0x1f, 0xd7, 0xdf, 0xe7,
  0x1f, 0xc7, 0x94, 0xb5, 0xd0, 0xc5, 0x10, 0xe5, 0x56, 0xfe, 0xd4, 0xfd,
  0xd0, 0xfc, 0xd0, 0xfc, 0x4e, 0xfc, 0xd4, 0xfd, 0x94, 0xfd, 0x10, 0xfd,
  0xd4, 0xfd, 0x92, 0xfd, 0x94, 0xfd, 0x56, 0xfe, 0x16, 0xfe, 0x92, 0xfd,
  0x10, 0xfd, 0xd0, 0xfc, 0xd0, 0xfc, 0x56, 0xfe, 0x98, 0xfe, 0x56, 0xfe,
  0xd4, 0xfd, 0x94, 0xfd, 0x8e, 0xfc, 0xd4, 0xfd, 0x16, 0xfe, 0x10, 0xfd,
  0x52, 0xfd, 0x94, 0xfd, 0xd4, 0xfd, 0xd4, 0xfd, 0x14, 0xfe, 0xd4, 0xfd,
  0x16, 0xfe, 0xd4, 0xfd, 0x96, 0xfe, 0x56, 0xfe, 0x10, 0xfd, 0xd0, 0xfc,
  0x98, 0xfe, 0xd8, 0xfe, 0x14, 0xfe, 0x56, 0xfe, 0x52, 0xfd, 0x10, 0xfd,
  0x12, 0xfd, 0x12, 0xfd, 0x92, 0xfd, 0x94, 0xfd, 0xd4, 0xfd, 0x98, 0xfe,
  0x16, 0xfe, 0x52, 0xfd, 0x4e, 0xfc, 0x52, 0xfd, 0x52, 0xfd, 0x52, 0xfd,
  0x52, 0xfd, 0x94, 0xfd, 0x12, 0xfd, 0x52, 0xfd, 0x52, 0xfd, 0x12, 0xfd,
  0x16, 0xfe, 0x52, 0xfd, 0x92, 0xfd, 0x56, 0xfe, 0x96, 0xfe, 0x94, 0xfd,
  0x96, 0xfe, 0x52, 0xfd, 0x4e, 0xc5, 0xce, 0xb4, 0xc8, 0x83, 0x08, 0xb5,
  0xca, 0xf6, 0x08, 0xe6, 0xec, 0xff, 0xf2, 0xff, 0xf2, 0xff, 0xf2, 0xff,
  0xf6, 0xff, 0xf2, 0xff, 0xf0, 0xff, 0xf0, 0xff, 0xee, 0xff, 0xee, 0xff,
  0xf0, 0xff, 0xf0, 0xff, 0xf0, 0xff, 0xf4, 0xff, 0xf4, 0xff, 0xf4, 0xff,
  0xf4, 0xff, 0xf2, 0xff, 0xf0, 0xff, 0xf0, 0xff, 0xf0, 0xff, 0xf0, 0xff,
  0xee, 0xff, 0xf0, 0xff, 0xf0, 0xff, 0xec, 0xff, 0xee, 0xff, 0xf0, 0xff,
  0xf0, 0xff, 0xee, 0xff, 0x50, 0xff, 0x94, 0xe6, 0xca, 0x93, 0x88, 0xa2,
  0x4e, 0xfc, 0x94, 0xfd, 0x14, 0xfe, 0x14, 0xfe, 0x90, 0xfc, 0x90, 0xfc,
  0xd4, 0xfd, 0x52, 0xfd, 0x56, 0xfe, 0x96, 0xfe, 0x14, 0xfe, 0x52, 0xfd,
  0x92, 0xfd, 0x96, 0xfe, 0x96, 0xfe, 0x14, 0xfe, 0xd4, 0xfd, 0x16, 0xfe,
  0x92, 0xfd, 0x52, 0xfd, 0x92, 0xfd, 0x94, 0xfd, 0xd4, 0xfd, 0x92, 0xfd,
  0x92, 0xfd, 0x14, 0xfe, 0x92, 0xfd, 0x92, 0xfd, 0x52, 0xfd, 0xd0, 0xfc,
  0x90, 0xfc, 0x12, 0xfd, 0x12, 0xfd, 0x52, 0xfd, 0xd4, 0xfd, 0x16, 0xfe,
  0x14, 0xfe, 0x52, 0xfd, 0x94, 0xfd, 0x56, 0xfe, 0xd4, 0xfd, 0x52, 0xfd,
  0x92, 0xfd, 0x56, 0xfe, 0x56, 0xfe, 0x52, 0xfd, 0x4e, 0xfc, 0xd4, 0xfd,
  0x52, 0xfd, 0xd0, 0xfc, 0xd0, 0xfc, 0x92, 0xfd, 0x52, 0xfd, 0x52, 0xfd,
  0xd0, 0xfc, 0x52, 0xfd, 0xd4, 0xfd, 0x16, 0xfe, 0x52, 0xfd, 0x52, 0xfd,
  0x92, 0xfd, 0xd0, 0xfc, 0x52, 0xfd, 0x96, 0xfe, 0x1a, 0xff, 0x52, 0xfd,
  0xd4, 0xfd, 0x14, 0xfe, 0xd4, 0xfd, 0xce, 0xe4, 0xd0, 0xc5, 0x4e, 0x94,
  0xcc, 0x52, 0x50, 0x63, 0xda, 0xa5, 0x18, 0x95, 0xdc, 0xa5, 0x1f, 0xd7,
  0xdf, 0xc6, 0xdf, 0xc6, 0x9e, 0xb6, 0x1f, 0xd7, 0x5f, 0xd7, 0x9f, 0xc6,
  0x5e, 0xb6, 0xdf, 0xc6, 0x9f, 0xc6, 0x5e, 0xb6, 0x9e, 0xb6, 0xdf, 0xc6,
  0x9e, 0xb6, 0x5e, 0xb6, 0x5e, 0xb6, 0x1f, 0xd7, 0xdf, 0xc6, 0xdf, 0xc6,
  0xdf, 0xc6, 0x5e, 0xb6, 0x9f, 0xc6, 0x5f, 0xd7, 0x5f, 0xd7, 0x9f, 0xe7,
  0x5e, 0xb6, 0xdc, 0xa5, 0x1e, 0xb6, 0x5e, 0xb6, 0xdf, 0xe7, 0x9f, 0xe7,
  0xdf, 0xc6, 0x5f, 0xd7, 0xdf, 0xc6, 0x9e, 0xb6, 0x5e, 0xb6, 0x5e, 0xb6,
  0x9e, 0xb6, 0x9f, 0xc6, 0x9e, 0xc6, 0xda, 0xa5, 0x9f, 0xc6, 0xff, 0xf7,
  0x1f, 0xc7, 0x1c, 0xb6, 0x9e, 0xb6, 0xdf, 0xc6, 0x5f, 0xd7, 0x1f, 0xc7,
  0x5f, 0xd7, 0xdf, 0xc6, 0xdf, 0xc6, 0x9e, 0xc6, 0x5e, 0xb6, 0xdf, 0xc6,
  0x9f, 0xd7, 0x9f, 0xd7, 0x5f, 0xd7, 0x1f, 0xc7, 0xdf, 0xc6, 0x1f, 0xd7,
  0x1f, 0xd7, 0x1f, 0xd7, 0x1f, 0xd7, 0x9f, 0xd7, 0x5f, 0xd7, 0x16, 0xc6,
  0xce, 0xb4, 0x4e, 0xc4, 0x16, 0xfe, 0xd4, 0xfd, 0xd0, 0xfc, 0x90, 0xfc,
  0x0e, 0xfc, 0x52, 0xfd, 0x94, 0xfd, 0x12, 0xfd, 0x94, 0xfd, 0x92, 0xfd,
  0x10, 0xfd, 0x14, 0xfe, 0xd4, 0xfd, 0x92, 0xfd, 0x92, 0xfd, 0x94, 0xfd,
  0x52, 0xfd, 0xd4, 0xfd, 0x98, 0xfe, 0x56, 0xfe, 0x56, 0xfe, 0xd4, 0xfd,
  0xd0, 0xfc, 0x12, 0xfd, 0xd4, 0xfd, 0x94, 0xfd, 0x16, 0xfe, 0x94, 0xfd,
  0x14, 0xfe, 0xd4, 0xfd, 0x92, 0xfd, 0xd4, 0xfd, 0x52, 0xfd, 0x92, 0xfd,
  0xd8, 0xfe, 0xd8, 0xfe, 0x92, 0xfd, 0x90, 0xfc, 0x94, 0xfd, 0x56, 0xfe,
  0x14, 0xfe, 0x94, 0xfd, 0x10, 0xfd, 0x94, 0xfd, 0x52, 0xfd, 0x52, 0xfd,
  0xd4, 0xfd, 0x56, 0xfe, 0x14, 0xfe, 0x92, 0xfd, 0x52, 0xfd, 0x12, 0xfd,
  0x12, 0xfd, 0xd0, 0xfc, 0x10, 0xfd, 0x12, 0xfd, 0x52, 0xfd, 0x52, 0xfd,
  0xd4, 0xfd, 0x94, 0xfd, 0x12, 0xfd, 0x52, 0xfd, 0x52, 0xfd, 0x52, 0xfd,
  0x52, 0xfd, 0xd4, 0xfd, 0x56, 0xfe, 0x98, 0xfe, 0x94, 0xfd, 0x52, 0xfd,
  0x4c, 0xa4, 0x0c, 0x94, 0x08, 0x94, 0xc8, 0xd5, 0x4a, 0xf6, 0xec, 0xff,
  0xf0, 0xff, 0xf4, 0xff, 0xf2, 0xff, 0xf2, 0xff, 0xf2, 0xff, 0xf0, 0xff,
  0xf2, 0xff, 0xf2, 0xff, 0xf0, 0xff, 0xee, 0xff, 0xee, 0xff, 0xf2, 0xff,
  0xf2, 0xff, 0xf6, 0xff, 0xf2, 0xff, 0xee, 0xff, 0xf2, 0xff, 0xf2, 0xff,
  0xf0, 0xff, 0xf0, 0xff, 0xf4, 0xff, 0xf0, 0xff, 0xf0, 0xff, 0xf2, 0xff,
  0xf0, 0xff, 0xf2, 0xff, 0xf4, 0xff, 0xf0, 0xff, 0xf0, 0xff, 0xf2, 0xff,
  0xce, 0xf6, 0x98, 0xff, 0x4c, 0xa4, 0xca, 0xb2, 0x12, 0xfd, 0x56, 0xfe,
  0xd4, 0xfd, 0xd4, 0xfd, 0x52, 0xfd, 0x92, 0xfd, 0x12, 0xfd, 0x12, 0xfd,
  0x98, 0xfe, 0x98, 0xfe, 0x56, 0xfe, 0x52, 0xfd, 0x92, 0xfd, 0x16, 0xfe,
  0xdc, 0xff, 0x98, 0xfe, 0x56, 0xfe, 0x14, 0xfe, 0x12, 0xfd, 0x94, 0xfd,
  0x96, 0xfe, 0x56, 0xfe, 0x92, 0xfd, 0x10, 0xfd, 0x52, 0xfd, 0x52, 0xfd,
  0x12, 0xfd, 0xd4, 0xfd, 0x52, 0xfd, 0x10, 0xfd, 0x90, 0xfc, 0xd0, 0xfc,
  0x10, 0xfd, 0x10, 0xfd, 0x52, 0xfd, 0x92, 0xfd, 0xd8, 0xfe, 0x94, 0xfd,
  0x12, 0xfd, 0x56, 0xfe, 0x96, 0xfe, 0x14, 0xfe, 0xd8, 0xfe, 0x16, 0xfe,
  0x10, 0xfd, 0x52, 0xfd, 0xd4, 0xfd, 0x14, 0xfe, 0x12, 0xfd, 0x10, 0xfd,
  0x12, 0xfd, 0x10, 0xfd, 0x52, 0xfd, 0x52, 0xfd, 0x52, 0xfd, 0x52, 0xfd,
  0x56, 0xfe, 0xd4, 0xfd, 0x52, 0xfd, 0x92, 0xfd, 0x52, 0xfd, 0x10, 0xfd,
  0x12, 0xfd, 0x94, 0xfd, 0x92, 0xfd, 0x90, 0xfc, 0xd4, 0xfd, 0x1a, 0xff,
  0xd4, 0xfd, 0xce, 0xd4, 0x0e, 0xb5, 0x8c, 0x73, 0x8a, 0x42, 0x54, 0x84,
  0x5e, 0xb6, 0xdc, 0xa5, 0x9e, 0xc6, 0x9f, 0xe7, 0x5e, 0xb6, 0x9e, 0xc6,
  0x9e, 0xc6, 0x5f, 0xd7, 0x1f, 0xd7, 0xdf, 0xc6, 0xdf, 0xc6, 0xdf, 0xc6,
  0x1f, 0xd7, 0x9f, 0xc6, 0x9e, 0xb6, 0x9e, 0xc6, 0xdf, 0xc6, 0x9e, 0xb6,
  0x5e, 0xb6, 0x9e, 0xb6, 0xdf, 0xc6, 0x9e, 0xc6, 0x1e, 0xb6, 0x1c, 0xb6,
  0xdf, 0xc6, 0xff, 0xf7, 0xff, 0xf7, 0xdf, 0xe7, 0xdc, 0xa5, 0xdc, 0xa5,
  0x9e, 0xb6, 0x5f, 0xd7, 0xff, 0xe7, 0x5f, 0xd7, 0xff, 0xf7, 0x9f, 0xe7,
  0x1f, 0xc7, 0x1f, 0xc7, 0x1f, 0xd7, 0x9f, 0xc6, 0x9e, 0xb6, 0x9e, 0xb6,
  0x5e, 0xb6, 0xdc, 0xa5, 0x9f, 0xc6, 0xdf, 0xe7, 0x9e, 0xc6, 0x9e, 0xb6,
  0xdf, 0xe7, 0x9f, 0xd7, 0x1f, 0xd7, 0xdf, 0xe7, 0xdf, 0xe7, 0x9e, 0xc6,
  0x5e, 0xb6, 0x5e, 0xb6, 0x9e, 0xc6, 0x9f, 0xc6, 0x5f, 0xd7, 0x5f, 0xd7,
  0x1f, 0xd7, 0x5f, 0xd7, 0x1f, 0xc7, 0xdf, 0xc6, 0x5e, 0xb6, 0xdf, 0xc6,
  0x5f, 0xd7, 0x9f, 0xe7, 0x9f, 0xe7, 0x12, 0xa5, 0x8a, 0x83, 0x88, 0x72,
  0x0e, 0xf4, 0x14, 0xfe, 0xdc, 0xff, 0x5a, 0xff, 0x90, 0xfc, 0x94, 0xfd,
  0xd4, 0xfd, 0x12, 0xfd, 0xd4, 0xfd, 0x52, 0xfd, 0x10, 0xfd, 0xd8, 0xfe,
  0x56, 0xfe, 0x52, 0xfd, 0xd4, 0xfd, 0x56, 0xfe, 0x56, 0xfe, 0x56, 0xfe,
  0x14, 0xfe, 0x14, 0xfe, 0x16, 0xfe, 0x94, 0xfd, 0x56, 0xfe, 0xd4, 0xfd,
  0x56, 0xfe, 0xd4, 0xfd, 0x94, 0xfd, 0x14, 0xfe, 0x56, 0xfe, 0x92, 0xfd,
  0x12, 0xfd, 0xd4, 0xfd, 0x52, 0xfd, 0x12, 0xfd, 0xd4, 0xfd, 0x56, 0xfe,
  0x56, 0xfe, 0x14, 0xfe, 0x16, 0xfe, 0xd4, 0xfd, 0x52, 0xfd, 0x52, 0xfd,
  0xd8, 0xfe, 0x98, 0xfe, 0x12, 0xfd, 0x12, 0xfd, 0x56, 0xfe, 0x56, 0xfe,
  0x56, 0xfe, 0x56, 0xfe, 0x94, 0xfd, 0x94, 0xfd, 0x12, 0xfd, 0x12, 0xfd,
  0x10, 0xfd, 0x92, 0xfd, 0x52, 0xfd, 0x94, 0xfd, 0x1a, 0xff, 0xd8, 0xfe,
  0x52, 0xfd, 0x52, 0xfd, 0x52, 0xfd, 0x14, 0xfe, 0x52, 0xfd, 0x10, 0xfd,
  0xd4, 0xfd, 0xd4, 0xfd, 0x14, 0xfe, 0x52, 0xfd, 0xce, 0xb4, 0x0e, 0xb5,
  0xc8, 0x83, 0x4a, 0xe6, 0x08, 0xd6, 0x8a, 0xff, 0xee, 0xff, 0xf0, 0xff,
  0xf2, 0xff, 0xf4, 0xff, 0xf4, 0xff, 0xf2, 0xff, 0xf2, 0xff, 0xf6, 0xff,
  0xf0, 0xff, 0xee, 0xff, 0xf0, 0xff, 0xf4, 0xff, 0xf2, 0xff, 0xf0, 0xff,
  0xf0, 0xff, 0xee, 0xff, 0xf4, 0xff, 0xf2, 0xff, 0xf0, 0xff, 0xf0, 0xff,
  0xf0, 0xff, 0xee, 0xff, 0xf2, 0xff, 0xf4, 0xff, 0xf2, 0xff, 0xf6, 0xff,
  0xf4, 0xff, 0xf0, 0xff, 0xf2, 0xff, 0xf2, 0xff, 0x8c, 0xe6, 0x0e, 0xb5,
  0x4c, 0xa4, 0xca, 0xb2, 0xd0, 0xfc, 0x16, 0xfe, 0x56, 0xfe, 0x14, 0xfe,
  0xd4, 0xfd, 0x16, 0xfe, 0xd4, 0xfd, 0x52, 0xfd, 0x52, 0xfd, 0x52, 0xfd,
  0x12, 0xfd, 0x52, 0xfd, 0x56, 0xfe, 0x14, 0xfe, 0x16, 0xfe, 0x94, 0xfd,
  0x52, 0xfd, 0xd4, 0xfd, 0xd4, 0xfd, 0xd4, 0xfd, 0x94, 0xfd, 0x52, 0xfd,
  0x92, 0xfd, 0x12, 0xfd, 0xd0, 0xfc, 0x52, 0xfd, 0x52, 0xfd, 0x12, 0xfd,
  0xd0, 0xfc, 0x52, 0xfd, 0xd0, 0xfc, 0xd0, 0xfc, 0x12, 0xfd, 0xd0, 0xfc,
  0xd0, 0xfc, 0x52, 0xfd, 0x56, 0xfe, 0x90, 0xfc, 0xcc, 0xe3, 0x52, 0xfd,
  0x56, 0xfe, 0x56, 0xfe, 0x16, 0xfe, 0x94, 0xfd, 0xd4, 0xfd, 0x52, 0xfd,
  0xd4, 0xfd, 0x56, 0xfe, 0x52, 0xfd, 0xd4, 0xfd, 0xd4, 0xfd, 0x52, 0xfd,
  0x12, 0xfd, 0x52, 0xfd, 0x92, 0xfd, 0x52, 0xfd, 0x94, 0xfd, 0x94, 0xfd,
  0xd4, 0xfd, 0x12, 0xfd, 0xd0, 0xfc, 0x10, 0xfd, 0x10, 0xfd, 0x94, 0xfd,
  0x92, 0xfd, 0x12, 0xfd, 0xd4, 0xfd, 0x56, 0xfe, 0x16, 0xfe, 0x50, 0xf5,
  0x4e, 0xb5, 0x0a, 0x63, 0x52, 0x84, 0x9e, 0xc6, 0x18, 0x95, 0x5a, 0xa5,
  0x5e, 0xb6, 0x1f, 0xd7, 0xdf, 0xc6, 0x1f, 0xc7, 0x9e, 0xc6, 0xdf, 0xc6,
  0x1f, 0xc7, 0x9f, 0xc6, 0x1f, 0xd7, 0x1f, 0xc7, 0x5f, 0xd7, 0x1c, 0xb6,
  0x1c, 0xa6, 0x1c, 0xb6, 0x1c, 0xb6, 0x1f, 0xc7, 0x5f, 0xd7, 0x1c, 0xb6,
  0x5e, 0xb6, 0x5e, 0xb6, 0x9e, 0xc6, 0x5e, 0xb6, 0x5f, 0xd7, 0xff, 0xff,
  0xdf, 0xe7, 0x5e, 0xb6, 0x9e, 0xc6, 0x5e, 0xb6, 0xdf, 0xc6, 0x5f, 0xd7,
  0x1f, 0xd7, 0xdf, 0xc6, 0x1f, 0xc7, 0xdf, 0xc6, 0x1f, 0xd7, 0x9f, 0xd7,
  0x5f, 0xd7, 0xdf, 0xc6, 0xdf, 0xc6, 0x9f, 0xc6, 0x1c, 0xb6, 0xda, 0xa5,
  0xda, 0xa5, 0x1c, 0xb6, 0x9e, 0xb6, 0xdf, 0xc6, 0xdf, 0xe7, 0x5f, 0xd7,
  0x5f, 0xd7, 0xff, 0xff, 0xff, 0xf7, 0x1f, 0xd7, 0x9f, 0xc6, 0x5e, 0xb6,
  0x5e, 0xb6, 0x9e, 0xc6, 0x5f, 0xd7, 0xdf, 0xc6, 0x5e, 0xb6, 0x1f, 0xd7,
  0x1f, 0xd7, 0x1c, 0xb6, 0x9e, 0xc6, 0x5f, 0xd7, 0x5f, 0xd7, 0xff, 0xf7,
  0xff, 0xff, 0x54, 0xb5, 0xca, 0x83, 0x0a, 0x83, 0x0e, 0xe4, 0x52, 0xfd,
  0x52, 0xfd, 0x94, 0xfd, 0x90, 0xfc, 0x16, 0xfe, 0x52, 0xfd, 0x90, 0xfc,
  0x92, 0xfd, 0x94, 0xfd, 0x56, 0xfe, 0xdc, 0xff, 0x56, 0xfe, 0x52, 0xfd,
  0x94, 0xfd, 0x56, 0xfe, 0x14, 0xfe, 0x14, 0xfe, 0x14, 0xfe, 0x56, 0xfe,
  0x92, 0xfd, 0x14, 0xfe, 0x18, 0xff, 0xd4, 0xfd, 0x92, 0xfd, 0x12, 0xfd,
  0x10, 0xfd, 0x94, 0xfd, 0xd4, 0xfd, 0x10, 0xfd, 0x12, 0xfd, 0xd4, 0xfd,
  0x52, 0xfd, 0x52, 0xfd, 0x92, 0xfd, 0xd4, 0xfd, 0x16, 0xfe, 0x98, 0xfe,
  0xd4, 0xfd, 0x94, 0xfd, 0x94, 0xfd, 0xd4, 0xfd, 0x5a, 0xff, 0xd8, 0xfe,
  0x12, 0xfd, 0x52, 0xfd, 0x94, 0xfd, 0x56, 0xfe, 0x56, 0xfe, 0x5a, 0xff,
  0x98, 0xfe, 0x16, 0xfe, 0xd4, 0xfd, 0x14, 0xfe, 0xd4, 0xfd, 0x94, 0xfd,
  0xd8, 0xfe, 0x16, 0xfe, 0x16, 0xfe, 0x94, 0xfd, 0x90, 0xfc, 0x4e, 0xfc,
  0x4e, 0xfc, 0x94, 0xfd, 0x52, 0xfd, 0x12, 0xfd, 0x52, 0xfd, 0xd4, 0xfd,
  0x56, 0xfe, 0x90, 0xfc, 0x0e, 0xb5, 0x90, 0xc5, 0x88, 0x83, 0xca, 0xf6,
  0xee, 0xff, 0xca, 0xff, 0xec, 0xff, 0x8a, 0xff, 0xf0, 0xff, 0xf2, 0xff,
  0xf4, 0xff, 0xf6, 0xff, 0xf8, 0xff, 0xf6, 0xff, 0xf0, 0xff, 0xf0, 0xff,
  0xf0, 0xff, 0xf2, 0xff, 0xf2, 0xff, 0xf0, 0xff, 0xf0, 0xff, 0xee, 0xff,
  0xf0, 0xff, 0xee, 0xff, 0xf0, 0xff, 0xf4, 0xff, 0xf2, 0xff, 0xec, 0xff,
  0xf0, 0xff, 0xf4, 0xff, 0xf2, 0xff, 0xf0, 0xff, 0xee, 0xff, 0xf0, 0xff,
  0xee, 0xff, 0xf0, 0xff, 0xcc, 0xf6, 0x0e, 0xb5, 0xce, 0xb4, 0x4a, 0xd3,
  0x90, 0xfc, 0xd4, 0xfd, 0x96, 0xfe, 0x56, 0xfe, 0xd4, 0xfd, 0xd4, 0xfd,
  0x92, 0xfd, 0xd0, 0xfc, 0x52, 0xfd, 0x16, 0xfe, 0x56, 0xfe, 0x92, 0xfd,
  0x56, 0xfe, 0x56, 0xfe, 0xd4, 0xfd, 0xd4, 0xfd, 0x56, 0xfe, 0x56, 0xfe,
  0x96, 0xfe, 0x98, 0xfe, 0x94, 0xfd, 0xd4, 0xfd, 0x56, 0xfe, 0xd4, 0xfd,
  0xd0, 0xfc, 0x92, 0xfd, 0x12, 0xfd, 0x52, 0xfd, 0x92, 0xfd, 0x12, 0xfd,
  0xd0, 0xfc, 0xd0, 0xfc, 0x94, 0xfd, 0x94, 0xfd, 0x92, 0xfd, 0x16, 0xfe,
  0x56, 0xfe, 0xd0, 0xfc, 0x4e, 0xfc, 0x12, 0xfd, 0x96, 0xfe, 0x56, 0xfe,
  0x52, 0xfd, 0x14, 0xfe, 0x56, 0xfe, 0x14, 0xfe, 0x56, 0xfe, 0x16, 0xfe,
  0xd4, 0xfd, 0x56, 0xfe, 0x92, 0xfd, 0x10, 0xfd, 0x52, 0xfd, 0x12, 0xfd,
  0x52, 0xfd, 0x52, 0xfd, 0x14, 0xfe, 0x16, 0xfe, 0x16, 0xfe, 0x12, 0xfd,
  0xd0, 0xfc, 0x10, 0xfd, 0x52, 0xfd, 0x52, 0xfd, 0x94, 0xfd, 0x10, 0xfd,
  0x92, 0xfd, 0x56, 0xfe, 0x56, 0xfe, 0x10, 0xe5, 0x12, 0xd6, 0x4c, 0x73,
  0x9a, 0xa5, 0x9e, 0xc6, 0x18, 0x95, 0x96, 0x84, 0x5e, 0xb6, 0x1f, 0xd7,
  0xdf, 0xc6, 0xdf, 0xc6, 0x9e, 0xc6, 0x9e, 0xb6, 0x9e, 0xc6, 0x9e, 0xb6,
  0xdf, 0xc6, 0x1f, 0xc7, 0xdf, 0xc6, 0x1c, 0xb6, 0x9a, 0xa5, 0x1c, 0xa6,
  0x1c, 0xb6, 0x1f, 0xd7, 0x5f, 0xd7, 0xdf, 0xc6, 0x9e, 0xb6, 0x9e, 0xb6,
  0x1f, 0xc7, 0x5f, 0xd7, 0x1f, 0xd7, 0x9e, 0xc6, 0x5e, 0xb6, 0x5e, 0xb6,
  0x9e, 0xb6, 0x5e, 0xb6, 0xdf, 0xc6, 0x9e, 0xb6, 0x1c, 0xb6, 0x9f, 0xc6,
  0xdf, 0xc6, 0x9e, 0xc6, 0x9e, 0xc6, 0x5e, 0xb6, 0x9e, 0xc6, 0x1f, 0xc7,
  0x1f, 0xd7, 0x9e, 0xb6, 0x1c, 0xb6, 0x9a, 0xa5, 0xdc, 0xa5, 0x9a, 0xa5,
  0x9a, 0xa5, 0xdc, 0xa5, 0x1e, 0xb6, 0x5e, 0xb6, 0xdf, 0xc6, 0x5f, 0xd7,
  0x5f, 0xd7, 0x1c, 0xb6, 0x1c, 0xa6, 0x9e, 0xc6, 0xdf, 0xc6, 0x1c, 0xb6,
  0xdf, 0xc6, 0x9e, 0xb6, 0x1e, 0xb6, 0xdf, 0xc6, 0x1f, 0xd7, 0x5e, 0xb6,
  0x5e, 0xb6, 0x5f, 0xd7, 0x5f, 0xd7, 0xff, 0xe7, 0xdf, 0xe7, 0x94, 0xb5,
  0x0a, 0x94, 0x4a, 0x93, 0x90, 0xfc, 0x14, 0xfe, 0x52, 0xfd, 0x56, 0xfe,
  0x52, 0xfd, 0xd4, 0xfd, 0x14, 0xfe, 0x8e, 0xfc, 0x90, 0xfc, 0x52, 0xfd,
  0x14, 0xfe, 0x56, 0xfe, 0x52, 0xfd, 0x10, 0xfd, 0x94, 0xfd, 0xd4, 0xfd,
  0x96, 0xfe, 0xd4, 0xfd, 0x94, 0xfd, 0x52, 0xfd, 0x12, 0xfd, 0x94, 0xfd,
  0x14, 0xfe, 0x94, 0xfd, 0x14, 0xfe, 0x14, 0xfe, 0x52, 0xfd, 0x94, 0xfd,
  0x98, 0xfe, 0x52, 0xfd, 0x10, 0xfd, 0x92, 0xfd, 0x92, 0xfd, 0x56, 0xfe,
  0xd4, 0xfd, 0xd4, 0xfd, 0x56, 0xfe, 0x5a, 0xff, 0xd4, 0xfd, 0x12, 0xfd,
  0x92, 0xfd, 0xd4, 0xfd, 0x56, 0xfe, 0xd4, 0xfd, 0x14, 0xfe, 0xd4, 0xfd,
  0x94, 0xfd, 0x1a, 0xff, 0xd8, 0xfe, 0x52, 0xfd, 0xd4, 0xfd, 0x12, 0xfd,
  0x56, 0xfe, 0x56, 0xfe, 0x92, 0xfd, 0x52, 0xfd, 0xd8, 0xfe, 0x14, 0xfe,
  0x16, 0xfe, 0x98, 0xfe, 0x92, 0xfd, 0x4e, 0xfc, 0xcc, 0xf3, 0xd0, 0xfc,
  0x94, 0xfd, 0x52, 0xfd, 0x12, 0xfd, 0xd0, 0xfc, 0xd0, 0xfc, 0x0e, 0xe4,
  0x8c, 0xa4, 0x8c, 0xa4, 0x86, 0x83, 0x08, 0xc5, 0xca, 0xfe, 0xec, 0xff,
  0xee, 0xff, 0xee, 0xff, 0xf0, 0xff, 0xf2, 0xff, 0xee, 0xff, 0xf0, 0xff,
  0xf2, 0xff, 0xf2, 0xff, 0xf2, 0xff, 0xf6, 0xff, 0xf0, 0xff, 0xee, 0xff,
  0xee, 0xff, 0xee, 0xff, 0xee, 0xff, 0xee, 0xff, 0xf2, 0xff, 0xf0, 0xff,
  0xf4, 0xff, 0xf6, 0xff, 0xf4, 0xff, 0xf2, 0xff, 0xf0, 0xff, 0xf2, 0xff,
  0xf0, 0xff, 0xee, 0xff, 0xee, 0xff, 0xec, 0xff, 0xee, 0xff, 0xf2, 0xff,
  0x4e, 0xff, 0xd0, 0xd5, 0x4e, 0xb4, 0x4c, 0xd3, 0x90, 0xfc, 0x52, 0xfd,
  0xd4, 0xfd, 0xd4, 0xfd, 0xd4, 0xfd, 0x12, 0xfd, 0x52, 0xfd, 0x56, 0xfe,
  0x92, 0xfd, 0x16, 0xfe, 0x14, 0xfe, 0xd4, 0xfd, 0x56, 0xfe, 0xd8, 0xfe,
  0x94, 0xfd, 0x12, 0xfd, 0x94, 0xfd, 0xd4, 0xfd, 0x14, 0xfe, 0x14, 0xfe,
  0x14, 0xfe, 0x16, 0xfe, 0xd8, 0xfe, 0x1a, 0xff, 0xd4, 0xfd, 0xd8, 0xfe,
  0xd4, 0xfd, 0x52, 0xfd, 0x96, 0xfe, 0xd4, 0xfd, 0x94, 0xfd, 0x14, 0xfe,
  0x56, 0xfe, 0xd4, 0xfd, 0x94, 0xfd, 0xd0, 0xfc, 0x94, 0xfd, 0x10, 0xfd,
  0xd0, 0xfc, 0xd4, 0xfd, 0x1a, 0xff, 0x92, 0xfd, 0x92, 0xfd, 0x92, 0xfd,
  0x94, 0xfd, 0x1a, 0xff, 0xd4, 0xfd, 0x94, 0xfd, 0x52, 0xfd, 0xd4, 0xfd,
  0xd4, 0xfd, 0x10, 0xfd, 0x92, 0xfd, 0xd0, 0xfc, 0x10, 0xfd, 0x92, 0xfd,
  0x98, 0xfe, 0xd4, 0xfd, 0xd4, 0xfd, 0x12, 0xfd, 0x10, 0xfd, 0x92, 0xfd,
  0x12, 0xfd, 0x0e, 0xf4, 0x12, 0xfd, 0x52, 0xfd, 0x10, 0xfd, 0x52, 0xfd,
  0x52, 0xfd, 0x4c, 0xc4, 0x94, 0xe6, 0x90, 0x94, 0x54, 0x74, 0x5c, 0xb6,
  0xdf, 0xc6, 0x18, 0x95, 0x1f, 0xd7, 0x5f, 0xd7, 0x1f, 0xd7, 0x1f, 0xc7,
  0x5f, 0xd7, 0xdf, 0xc6, 0x9e, 0xc6, 0x5e, 0xb6, 0x1c, 0xb6, 0x9f, 0xc6,
  0xdf, 0xc6, 0xdf, 0xc6, 0x5e, 0xb6, 0x9e, 0xc6, 0xdf, 0xc6, 0x1f, 0xd7,
  0x1f, 0xd7, 0x1f, 0xc7, 0xdf, 0xc6, 0x9e, 0xb6, 0x9e, 0xb6, 0xdf, 0xc6,
  0x9f, 0xe7, 0x9e, 0xc6, 0xdf, 0xc6, 0x9f, 0xc6, 0x9f, 0xc6, 0x9f, 0xc6,
  0xdf, 0xc6, 0x9f, 0xc6, 0x1c, 0xb6, 0x9e, 0xb6, 0xdf, 0xc6, 0xdf, 0xc6,
  0x5e, 0xb6, 0x9a, 0xa5, 0x9a, 0xa5, 0x5e, 0xb6, 0x9e, 0xb6, 0x9f, 0xc6,
  0xdf, 0xc6, 0x9f, 0xc6, 0xdf, 0xc6, 0x9e, 0xb6, 0x9f, 0xc6, 0x5e, 0xb6,
  0xdc, 0xa5, 0x9e, 0xb6, 0x1f, 0xd7, 0x1c, 0xb6, 0x9e, 0xc6, 0xdf, 0xc6,
  0x1f, 0xd7, 0x5f, 0xd7, 0x5f, 0xd7, 0xdf, 0xc6, 0xdf, 0xe7, 0x1f, 0xd7,
  0x1c, 0xb6, 0x1f, 0xd7, 0x1f, 0xd7, 0x9e, 0xc6, 0x5e, 0xb6, 0x9f, 0xc6,
  0x5f, 0xd7, 0xdf, 0xe7, 0x9f, 0xd7, 0x94, 0xb5, 0xcc, 0xa4, 0x88, 0x72,
  0x48, 0x92, 0x4c, 0xd3, 0x90, 0xfc, 0xd4, 0xfd, 0x52, 0xfd, 0x52, 0xfd,
  0x14, 0xfe, 0x52, 0xfd, 0x90, 0xfc, 0x52, 0xfd, 0x94, 0xfd, 0x14, 0xfe,
  0xd4, 0xfd, 0x92, 0xfd, 0x16, 0xfe, 0x10, 0xfd, 0x52, 0xfd, 0xd4, 0xfd,
  0x94, 0xfd, 0x56, 0xfe, 0xd4, 0xfd, 0x92, 0xfd, 0x56, 0xfe, 0x14, 0xfe,
  0x98, 0xfe, 0x56, 0xfe, 0x12, 0xfd, 0x52, 0xfd, 0xd4, 0xfd, 0x94, 0xfd,
  0xd0, 0xfc, 0x52, 0xfd, 0xd4, 0xfd, 0xd8, 0xfe, 0x16, 0xfe, 0x94, 0xfd,
  0xd4, 0xfd, 0xd4, 0xfd, 0x90, 0xfc, 0x12, 0xfd, 0x56, 0xfe, 0x16, 0xfe,
  0x1a, 0xff, 0x56, 0xfe, 0x94, 0xfd, 0xd4, 0xfd, 0xd4, 0xfd, 0x1a, 0xff,
  0xd8, 0xfe, 0x92, 0xfd, 0x52, 0xfd, 0xd0, 0xfc, 0x92, 0xfd, 0x52, 0xfd,
  0x94, 0xfd, 0x14, 0xfe, 0xd4, 0xfd, 0xd4, 0xfd, 0x16, 0xfe, 0x16, 0xfe,
  0x94, 0xfd, 0x12, 0xfd, 0x52, 0xfd, 0x92, 0xfd, 0x94, 0xfd, 0x96, 0xfe,
  0x18, 0xff, 0x16, 0xfe, 0x52, 0xfd, 0x4e, 0xf4, 0x8c, 0xa4, 0xcc, 0xa4,
  0x4a, 0xc5, 0x90, 0xff, 0x0c, 0xff, 0x4a, 0xff, 0xf0, 0xff, 0xf4, 0xff,
  0xf0, 0xff, 0xee, 0xff, 0xf0, 0xff, 0xf0, 0xff, 0xee, 0xff, 0xee, 0xff,
  0x8c, 0xff, 0xf2, 0xff, 0xf2, 0xff, 0xf2, 0xff, 0xf0, 0xff, 0xf0, 0xff,
  0xf0, 0xff, 0xee, 0xff, 0xf2, 0xff, 0xf4, 0xff, 0xf8, 0xff, 0xee, 0xff,
  0xf0, 0xff, 0xf2, 0xff, 0xf0, 0xff, 0xee, 0xff, 0xee, 0xff, 0xf0, 0xff,
  0xf0, 0xff, 0xf0, 0xff, 0xf2, 0xff, 0xf6, 0xff, 0x90, 0xff, 0x0e, 0xb5,
  0x92, 0xd5, 0x0a, 0xb3, 0xd0, 0xfc, 0xd4, 0xfd, 0x52, 0xfd, 0x92, 0xfd,
  0x14, 0xfe, 0x56, 0xfe, 0x16, 0xfe, 0x56, 0xfe, 0x92, 0xfd, 0x94, 0xfd,
  0xd4, 0xfd, 0x14, 0xfe, 0x96, 0xfe, 0xd4, 0xfd, 0x52, 0xfd, 0x52, 0xfd,
  0x92, 0xfd, 0x56, 0xfe, 0xd4, 0xfd, 0x94, 0xfd, 0x94, 0xfd, 0xd4, 0xfd,
  0x98, 0xfe, 0x16, 0xfe, 0x16, 0xfe, 0x1a, 0xff, 0x94, 0xfd, 0x12, 0xfd,
  0x14, 0xfe, 0x56, 0xfe, 0x96, 0xfe, 0x56, 0xfe, 0xd8, 0xfe, 0x52, 0xfd,
  0x10, 0xfd, 0x4e, 0xfc, 0xd0, 0xfc, 0x92, 0xfd, 0x10, 0xfd, 0x96, 0xfe,
  0x16, 0xfe, 0x12, 0xfd, 0x94, 0xfd, 0x52, 0xfd, 0x52, 0xfd, 0xd4, 0xfd,
  0x12, 0xfd, 0x10, 0xfd, 0x90, 0xfc, 0x52, 0xfd, 0x14, 0xfe, 0x12, 0xfd,
  0x90, 0xfc, 0xcc, 0xe3, 0x4e, 0xfc, 0x52, 0xfd, 0xd4, 0xfd, 0x16, 0xfe,
  0x52, 0xfd, 0xd0, 0xfc, 0x52, 0xfd, 0xd4, 0xfd, 0xd0, 0xfc, 0xcc, 0xe3,
  0x12, 0xfd, 0xd4, 0xfd, 0x90, 0xfc, 0xd0, 0xfc, 0x94, 0xfd, 0x4c, 0xc4,
  0x52, 0xd6, 0x12, 0xa5, 0xd0, 0x73, 0x9a, 0xa5, 0x9f, 0xe7, 0x1c, 0xb6,
  0x1c, 0xb6, 0x9e, 0xc6, 0x1f, 0xd7, 0x1f, 0xd7, 0x9f, 0xe7, 0xdf, 0xc6,
  0xdf, 0xc6, 0xdf, 0xc6, 0x1c, 0xb6, 0x1c, 0xb6, 0x1f, 0xd7, 0x1f, 0xd7,
  0x5e, 0xb6, 0x5e, 0xb6, 0xdf, 0xc6, 0x9f, 0xc6, 0x5f, 0xd7, 0x5f, 0xd7,
  0xdf, 0xc6, 0x5e, 0xb6, 0x9e, 0xb6, 0x9e, 0xb6, 0x5e, 0xb6, 0x9f, 0xc6,
  0xdf, 0xc6, 0xdf, 0xc6, 0x1f, 0xc7, 0x9f, 0xc6, 0x1f, 0xc7, 0xdf, 0xc6,
  0x9a, 0xa5, 0x5e, 0xb6, 0x9e, 0xb6, 0xdf, 0xc6, 0x9f, 0xc6, 0x5e, 0xb6,
  0x1c, 0xb6, 0xdf, 0xc6, 0x1f, 0xc7, 0x5f, 0xd7, 0x9e, 0xc6, 0x1f, 0xd7,
  0xdf, 0xe7, 0xdf, 0xc6, 0xdf, 0xc6, 0xdf, 0xc6, 0x5e, 0xb6, 0x9e, 0xb6,
  0xdf, 0xc6, 0x5e, 0xb6, 0x9e, 0xb6, 0xdf, 0xc6, 0x1f, 0xd7, 0x9e, 0xc6,
  0x5e, 0xb6, 0x9f, 0xc6, 0x9e, 0xc6, 0x9e, 0xb6, 0x1c, 0xa6, 0xdf, 0xc6,
  0x1f, 0xd7, 0x9f, 0xe7, 0x5f, 0xd7, 0x9f, 0xc6, 0x5f, 0xd7, 0x9f, 0xe7,
  0x1f, 0xd7, 0xd4, 0xc5, 0x52, 0xd6, 0x8a, 0x83, 0x0a, 0xb3, 0xd0, 0xfc,
  0x90, 0xfc, 0x52, 0xfd, 0x14, 0xfe, 0x52, 0xfd, 0x10, 0xfd, 0x96, 0xfe,
  0x56, 0xfe, 0x12, 0xfd, 0x90, 0xfc, 0x52, 0xfd, 0x16, 0xfe, 0x56, 0xfe,
  0x1a, 0xff, 0x92, 0xfd, 0xd0, 0xfc, 0x94, 0xfd, 0x14, 0xfe, 0xd8, 0xfe,
  0x98, 0xfe, 0x52, 0xfd, 0x94, 0xfd, 0xd4, 0xfd, 0x96, 0xfe, 0x56, 0xfe,
  0xd0, 0xfc, 0x52, 0xfd, 0x56, 0xfe, 0xd8, 0xfe, 0x10, 0xfd, 0x10, 0xfd,
  0x98, 0xfe, 0xd8, 0xfe, 0xd4, 0xfd, 0x56, 0xfe, 0x94, 0xfd, 0x92, 0xfd,
  0xd0, 0xfc, 0x56, 0xfe, 0x96, 0xfe, 0xd4, 0xfd, 0x16, 0xfe, 0x14, 0xfe,
  0x94, 0xfd, 0x94, 0xfd, 0x92, 0xfd, 0x14, 0xfe, 0x16, 0xfe, 0xd4, 0xfd,
  0xd4, 0xfd, 0x14, 0xfe, 0x94, 0xfd, 0x92, 0xfd, 0x56, 0xfe, 0xd4, 0xfd,
  0x52, 0xfd, 0xd4, 0xfd, 0x4e, 0xfc, 0x50, 0xfc, 0x90, 0xfc, 0x52, 0xfd,
  0x14, 0xfe, 0x92, 0xfd, 0xd4, 0xfd, 0xd8, 0xfe, 0x16, 0xfe, 0x92, 0xfd,
  0x92, 0xfd, 0x8e, 0xfc, 0x50, 0xc5, 0x12, 0xd6, 0x0c, 0xd6, 0xfa, 0xff,
  0xf4, 0xff, 0x4a, 0xff, 0xf2, 0xff, 0xf8, 0xff, 0xf4, 0xff, 0xf0, 0xff,
  0xf2, 0xff, 0xf2, 0xff, 0xf0, 0xff, 0xee, 0xff, 0xec, 0xff, 0xee, 0xff,
  0xf0, 0xff, 0xf0, 0xff, 0xee, 0xff, 0xee, 0xff, 0xee, 0xff, 0xf0, 0xff,
  0xf2, 0xff, 0xf0, 0xff, 0xf0, 0xff, 0xf0, 0xff, 0xf0, 0xff, 0xf2, 0xff,
  0xf0, 0xff, 0xf2, 0xff, 0xf6, 0xff, 0xf0, 0xff, 0xf0, 0xff, 0xf0, 0xff,
  0xf2, 0xff, 0xfa, 0xff, 0xf2, 0xff, 0x8c, 0xa4, 0x08, 0x83, 0xca, 0xb2,
  0xd0, 0xfc, 0x56, 0xfe, 0x14, 0xfe, 0xd4, 0xfd, 0xd4, 0xfd, 0xd8, 0xfe,
  0x14, 0xfe, 0xd4, 0xfd, 0xd4, 0xfd, 0x52, 0xfd, 0xd4, 0xfd, 0x94, 0xfd,
  0x92, 0xfd, 0x92, 0xfd, 0xd4, 0xfd, 0x92, 0xfd, 0x12, 0xfd, 0xd4, 0xfd,
  0x14, 0xfe, 0x94, 0xfd, 0x52, 0xfd, 0x92, 0xfd, 0xd4, 0xfd, 0x56, 0xfe,
  0x56, 0xfe, 0x52, 0xfd, 0x52, 0xfd, 0x94, 0xfd, 0x94, 0xfd, 0xd4, 0xfd,
  0x18, 0xff, 0x92, 0xfd, 0x16, 0xfe, 0x94, 0xfd, 0x52, 0xfd, 0x10, 0xfd,
  0xd4, 0xfd, 0x94, 0xfd, 0x10, 0xfd, 0x52, 0xfd, 0x52, 0xfd, 0xd4, 0xfd,
  0xd4, 0xfd, 0x92, 0xfd, 0x94, 0xfd, 0x52, 0xfd, 0x12, 0xfd, 0x94, 0xfd,
  0x94, 0xfd, 0x52, 0xfd, 0xd4, 0xfd, 0x52, 0xfd, 0x12, 0xfd, 0xd0, 0xfc,
  0x12, 0xfd, 0x94, 0xfd, 0x92, 0xfd, 0x92, 0xfd, 0xd0, 0xfc, 0x92, 0xfd,
  0x12, 0xfd, 0x16, 0xfe, 0xd4, 0xfd, 0x92, 0xfd, 0x94, 0xfd, 0x16, 0xfe,
  0x94, 0xfd, 0x92, 0xfd, 0xd4, 0xfd, 0x10, 0xe5, 0x12, 0xd6, 0x50, 0x94,
  0x54, 0x84, 0x0e, 0x53, 0xda, 0xa5, 0x1f, 0xd7, 0xdc, 0xa5, 0x9f, 0xc6,
  0x9f, 0xc6, 0x5e, 0xb6, 0x5e, 0xb6, 0x9f, 0xc6, 0x1f, 0xd7, 0x9f, 0xc6,
  0x5e, 0xb6, 0xdc, 0xa5, 0x9f, 0xc6, 0x9f, 0xc6, 0x5e, 0xb6, 0x9e, 0xb6,
  0x5e, 0xb6, 0x5e, 0xb6, 0x9e, 0xc6, 0xdf, 0xc6, 0x5e, 0xb6, 0x5e, 0xb6,
  0x9e, 0xb6, 0xdf, 0xc6, 0x5f, 0xd7, 0xdf, 0xe7, 0x9f, 0xe7, 0x9f, 0xc6,
  0xdf, 0xc6, 0x1f, 0xd7, 0x5f, 0xd7, 0x9f, 0xc6, 0x9e, 0xb6, 0xdf, 0xc6,
  0x1f, 0xd7, 0x1f, 0xc7, 0xdf, 0xc6, 0x1f, 0xd7, 0xdf, 0xc6, 0x1f, 0xc7,
  0x5f, 0xd7, 0x1f, 0xd7, 0x5e, 0xb6, 0xff, 0xf7, 0xff, 0xff, 0xdf, 0xe7,
  0x9f, 0xc6, 0x5e, 0xb6, 0x5e, 0xb6, 0x5e, 0xb6, 0x9f, 0xc6, 0x9f, 0xc6,
  0x5e, 0xb6, 0xdc, 0xa5, 0xdf, 0xc6, 0xdf, 0xc6, 0xdf, 0xc6, 0x9f, 0xc6,
  0x1c, 0xb6, 0x9e, 0xb6, 0x5e, 0xb6, 0x5e, 0xb6, 0x1f, 0xd7, 0x9f, 0xe7,
  0xff, 0xf7, 0xdf, 0xc6, 0xdf, 0xc6, 0x1f, 0xd7, 0x9e, 0xc6, 0x92, 0xb5,
  0x0e, 0xb5, 0xc8, 0x72, 0x48, 0x92, 0x0e, 0xfc, 0xd0, 0xfc, 0xd0, 0xfc,
  0xd4, 0xfd, 0x56, 0xfe, 0x56, 0xfe, 0x56, 0xfe, 0x56, 0xfe, 0x52, 0xfd,
  0x10, 0xfd, 0x94, 0xfd, 0xd4, 0xfd, 0x52, 0xfd, 0x56, 0xfe, 0x94, 0xfd,
  0x94, 0xfd, 0xd4, 0xfd, 0xd4, 0xfd, 0xd4, 0xfd, 0x14, 0xfe, 0x52, 0xfd,
  0x92, 0xfd, 0xd4, 0xfd, 0xd4, 0xfd, 0x52, 0xfd, 0x92, 0xfd, 0x14, 0xfe,
  0x14, 0xfe, 0xd4, 0xfd, 0x52, 0xfd, 0x10, 0xfd, 0x56, 0xfe, 0x56, 0xfe,
  0x94, 0xfd, 0x56, 0xfe, 0x96, 0xfe, 0xd8, 0xfe, 0x94, 0xfd, 0x52, 0xfd,
  0x52, 0xfd, 0x12, 0xfd, 0xd4, 0xfd, 0xdc, 0xff, 0x56, 0xfe, 0xd4, 0xfd,
  0xd4, 0xfd, 0x94, 0xfd, 0x52, 0xfd, 0xd4, 0xfd, 0x56, 0xfe, 0x1a, 0xff,
  0x56, 0xfe, 0x16, 0xfe, 0xd4, 0xfd, 0x14, 0xfe, 0x52, 0xfd, 0xd4, 0xfd,
  0x90, 0xfc, 0x4a, 0xe3, 0xce, 0xfb, 0x94, 0xfd, 0x56, 0xfe, 0x52, 0xfd,
  0xd4, 0xfd, 0xd4, 0xfd, 0x52, 0xfd, 0x52, 0xfd, 0x92, 0xfd, 0x8e, 0xfc,
  0x54, 0xe6, 0x94, 0xe6, 0x4c, 0xe6, 0xf4, 0xff, 0xee, 0xff, 0x8a, 0xff,
  0xee, 0xff, 0xf4, 0xff, 0xf2, 0xff, 0xf0, 0xff, 0xf2, 0xff, 0xf4, 0xff,
  0xf6, 0xff, 0xf2, 0xff, 0xf4, 0xff, 0xf6, 0xff, 0xf2, 0xff, 0xee, 0xff,
  0xee, 0xff, 0xee, 0xff, 0xee, 0xff, 0xee, 0xff, 0xf2, 0xff, 0xf6, 0xff,
  0xf4, 0xff, 0xf0, 0xff, 0xf0, 0xff, 0xf0, 0xff, 0xf0, 0xff, 0xf0, 0xff,
  0xf8, 0xff, 0xf0, 0xff, 0xf0, 0xff, 0xf2, 0xff, 0xf2, 0xff, 0xf6, 0xff,
  0xf2, 0xff, 0x12, 0xd6, 0x08, 0x83, 0x0a, 0xc3, 0x90, 0xfc, 0x92, 0xfd,
  0x94, 0xfd, 0xd4, 0xfd, 0xd4, 0xfd, 0xd4, 0xfd, 0x10, 0xfd, 0x52, 0xfd,
  0x16, 0xfe, 0x52, 0xfd, 0x56, 0xfe, 0x14, 0xfe, 0xd4, 0xfd, 0xd4, 0xfd,
  0x56, 0xfe, 0x18, 0xff, 0x14, 0xfe, 0x94, 0xfd, 0x52, 0xfd, 0x92, 0xfd,
  0x52, 0xfd, 0x52, 0xfd, 0xd4, 0xfd, 0x98, 0xfe, 0xd8, 0xfe, 0x92, 0xfd,
  0x52, 0xfd, 0x52, 0xfd, 0x52, 0xfd, 0xd0, 0xfc, 0x52, 0xfd, 0x10, 0xfd,
  0x52, 0xfd, 0xd0, 0xfc, 0x94, 0xfd, 0x52, 0xfd, 0x52, 0xfd, 0x12, 0xfd,
  0x52, 0xfd, 0x94, 0xfd, 0x56, 0xfe, 0xd8, 0xfe, 0xd4, 0xfd, 0x52, 0xfd,
  0x16, 0xfe, 0x94, 0xfd, 0x52, 0xfd, 0x16, 0xfe, 0x9c, 0xff, 0x56, 0xfe,
  0x16, 0xfe, 0x12, 0xfd, 0x92, 0xfd, 0x12, 0xfd, 0x52, 0xfd, 0xd4, 0xfd,
  0x52, 0xfd, 0x94, 0xfd, 0x12, 0xfd, 0xd0, 0xfc, 0xd0, 0xfc, 0x92, 0xfd,
  0x52, 0xfd, 0xd4, 0xfd, 0x94, 0xfd, 0xd4, 0xfd, 0xd4, 0xfd, 0x56, 0xfe,
  0x14, 0xfe, 0x50, 0xe5, 0x94, 0xe6, 0x90, 0x94, 0x9a, 0xa5, 0x5a, 0xa5,
  0x14, 0x74, 0x9a, 0xa5, 0xde, 0xc6, 0x9e, 0xc6, 0x9e, 0xc6, 0x1c, 0xb6,
  0x9a, 0xa5, 0x1c, 0xb6, 0xdf, 0xc6, 0x1c, 0xb6, 0xdf, 0xc6, 0x5e, 0xb6,
  0x5e, 0xb6, 0x9f, 0xc6, 0xdf, 0xc6, 0x1f, 0xd7, 0x5f, 0xd7, 0x5f, 0xd7,
  0xdf, 0xe7, 0x9e, 0xc6, 0x1c, 0xb6, 0x5a, 0x95, 0xdc, 0xa5, 0x9f, 0xc6,
  0x5e, 0xb6, 0x9f, 0xe7, 0x5f, 0xd7, 0x9e, 0xc6, 0xdf, 0xc6, 0xdf, 0xc6,
  0x1f, 0xc7, 0x1f, 0xd7, 0x5f, 0xd7, 0xdf, 0xc6, 0x9e, 0xc6, 0x9e, 0xb6,
  0xdf, 0xc6, 0xda, 0xa5, 0x1c, 0xb6, 0xdf, 0xc6, 0xff, 0xf7, 0x9f, 0xd7,
  0x5e, 0xb6, 0x1f, 0xd7, 0xff, 0xf7, 0xdf, 0xe7, 0x5f, 0xd7, 0x1f, 0xc7,
  0x9e, 0xc6, 0xdf, 0xc6, 0x1f, 0xd7, 0xdf, 0xc6, 0xdf, 0xc6, 0x9f, 0xc6,
  0xdf, 0xc6, 0x5e, 0xb6, 0x5f, 0xd7, 0x1f, 0xd7, 0xdf, 0xc6, 0x1f, 0xc7,
  0x5e, 0xb6, 0xdf, 0xc6, 0xdf, 0xc6, 0x1f, 0xd7, 0x9f, 0xe7, 0x1f, 0xd7,
  0x1f, 0xd7, 0xdf, 0xc6, 0x5f, 0xd7, 0x14, 0xc6, 0x8c, 0xa4, 0x06, 0x62,
  0x84, 0x51, 0x88, 0xb2, 0x4c, 0xf3, 0x0e, 0xfc, 0x90, 0xfc, 0x94, 0xfd,
  0x96, 0xfe, 0x92, 0xfd, 0x92, 0xfd, 0x90, 0xfc, 0xd0, 0xfc, 0x96, 0xfe,
  0x98, 0xfe, 0xd8, 0xfe, 0x56, 0xfe, 0x12, 0xfd, 0xd4, 0xfd, 0xd4, 0xfd,
  0x52, 0xfd, 0x52, 0xfd, 0x56, 0xfe, 0xd4, 0xfd, 0x94, 0xfd, 0x14, 0xfe,
  0xd4, 0xfd, 0x92, 0xfd, 0x52, 0xfd, 0x52, 0xfd, 0x12, 0xfd, 0xd0, 0xfc,
  0x92, 0xfd, 0x94, 0xfd, 0xd4, 0xfd, 0xd4, 0xfd, 0x16, 0xfe, 0xd8, 0xfe,
  0x56, 0xfe, 0x56, 0xfe, 0xd8, 0xfe, 0xd4, 0xfd, 0xd4, 0xfd, 0x52, 0xfd,
  0x92, 0xfd, 0x5a, 0xff, 0x16, 0xfe, 0xd4, 0xfd, 0x56, 0xfe, 0x14, 0xfe,
  0x56, 0xfe, 0xdc, 0xff, 0xdc, 0xff, 0xd8, 0xfe, 0x56, 0xfe, 0xd8, 0xfe,
  0xd4, 0xfd, 0x94, 0xfd, 0x90, 0xfc, 0x90, 0xfc, 0x12, 0xfd, 0xcc, 0xf3,
  0x90, 0xfc, 0x12, 0xfd, 0xd4, 0xfd, 0x12, 0xfd, 0xd0, 0xfc, 0xd0, 0xfc,
  0xd0, 0xfc, 0x90, 0xfc, 0x12, 0xfd, 0x4e, 0xf4, 0x0c, 0xa4, 0x8c, 0xa4,
  0x0a, 0xd6, 0xee, 0xff, 0xcc, 0xff, 0x4a, 0xff, 0xec, 0xff, 0xf2, 0xff,
  0xf0, 0xff, 0xf0, 0xff, 0xf2, 0xff, 0xf6, 0xff, 0xf4, 0xff, 0xf0, 0xff,
  0xf0, 0xff, 0xf4, 0xff, 0xf2, 0xff, 0xee, 0xff, 0x8a, 0xff, 0x8a, 0xff,
  0xf0, 0xff, 0xf0, 0xff, 0xf2, 0xff, 0xf6, 0xff, 0xf4, 0xff, 0xf2, 0xff,
  0xf0, 0xff, 0xee, 0xff, 0xee, 0xff, 0xee, 0xff, 0xf4, 0xff, 0xf4, 0xff,
  0xf8, 0xff, 0xf4, 0xff, 0xf4, 0xff, 0xf6, 0xff, 0xf2, 0xff, 0x56, 0xf7,
  0x92, 0xd5, 0x0a, 0xb3, 0x0e, 0xfc, 0x92, 0xfd, 0x98, 0xfe, 0x56, 0xfe,
  0x16, 0xfe, 0xd4, 0xfd, 0x52, 0xfd, 0x1a, 0xff, 0xfe, 0xff, 0xd4, 0xfd,
  0x92, 0xfd, 0x16, 0xfe, 0x56, 0xfe, 0x98, 0xfe, 0x56, 0xfe, 0x18, 0xff,
  0x56, 0xfe, 0x16, 0xfe, 0x56, 0xfe, 0xd4, 0xfd, 0x14, 0xfe, 0x14, 0xfe,
  0x14, 0xfe, 0x52, 0xfd, 0x92, 0xfd, 0x92, 0xfd, 0x12, 0xfd, 0x52, 0xfd,
  0x12, 0xfd, 0x52, 0xfd, 0x92, 0xfd, 0x14, 0xfe, 0x92, 0xfd, 0x12, 0xfd,
  0x56, 0xfe, 0x56, 0xfe, 0x14, 0xfe, 0x12, 0xfd, 0x92, 0xfd, 0x16, 0xfe,
  0xd4, 0xfd, 0x1a, 0xff, 0x96, 0xfe, 0x16, 0xfe, 0xd4, 0xfd, 0x56, 0xfe,
  0x92, 0xfd, 0x96, 0xfe, 0x9c, 0xff, 0x56, 0xfe, 0x98, 0xfe, 0x10, 0xfd,
  0xd0, 0xfc, 0xd0, 0xfc, 0x92, 0xfd, 0x94, 0xfd, 0xd0, 0xfc, 0x52, 0xfd,
  0xd0, 0xfc, 0x90, 0xfc, 0x10, 0xfd, 0x52, 0xfd, 0x92, 0xfd, 0x14, 0xfe,
  0x56, 0xfe, 0x12, 0xfd, 0x90, 0xfc, 0x94, 0xfd, 0x94, 0xfd, 0xce, 0xd4,
  0x94, 0xe6, 0x8e, 0x94, 0x12, 0x74, 0x1f, 0xd7, 0x58, 0xa5, 0x94, 0x84,
  0x5c, 0xb6, 0xdf, 0xc6, 0xdf, 0xc6, 0x9e, 0xc6, 0x1c, 0xb6, 0x5e, 0xb6,
  0x1f, 0xc7, 0xdf, 0xc6, 0xdf, 0xc6, 0xdf, 0xc6, 0x9f, 0xc6, 0x9f, 0xc6,
  0x1f, 0xc7, 0x9f, 0xc6, 0x1f, 0xc7, 0xdf, 0xc6, 0x1f, 0xd7, 0x9f, 0xc6,
  0x9f, 0xc6, 0x9a, 0xa5, 0x5a, 0x95, 0xdf, 0xc6, 0x1f, 0xc7, 0x1f, 0xc7,
  0xdf, 0xc6, 0x1f, 0xc7, 0x1f, 0xd7, 0x5f, 0xd7, 0x1f, 0xd7, 0x1f, 0xc7,
  0x9e, 0xc6, 0xdf, 0xc6, 0xdf, 0xc6, 0xdf, 0xc6, 0x9e, 0xc6, 0xdc, 0xa5,
  0x9e, 0xb6, 0xdf, 0xc6, 0x9f, 0xe7, 0x1f, 0xd7, 0x1e, 0xb6, 0x5e, 0xb6,
  0x1f, 0xd7, 0x1f, 0xd7, 0x9f, 0xe7, 0xdf, 0xe7, 0xdf, 0xc6, 0x5f, 0xd7,
  0x1f, 0xd7, 0xdf, 0xc6, 0xdf, 0xc6, 0x5e, 0xb6, 0x1f, 0xc7, 0x9f, 0xc6,
  0x5f, 0xd7, 0x5f, 0xd7, 0xdf, 0xc6, 0xdf, 0xc6, 0x1f, 0xd7, 0x1f, 0xd7,
  0x5f, 0xd7, 0xdf, 0xe7, 0x9f, 0xd7, 0xff, 0xf7, 0xff, 0xff, 0xdf, 0xe7,
  0x1f, 0xd7, 0x54, 0xb5, 0x0e, 0xb5, 0x46, 0x62, 0x44, 0x51, 0x84, 0x51,
  0xc6, 0x81, 0x4a, 0xe3, 0x0a, 0xe3, 0x0e, 0xfc, 0x12, 0xfd, 0x94, 0xfd,
  0xd4, 0xfd, 0x12, 0xfd, 0x4e, 0xfc, 0x92, 0xfd, 0xd4, 0xfd, 0x16, 0xfe,
  0x56, 0xfe, 0x52, 0xfd, 0xd4, 0xfd, 0x12, 0xfd, 0x92, 0xfd, 0x92, 0xfd,
  0x52, 0xfd, 0x52, 0xfd, 0xd4, 0xfd, 0x16, 0xfe, 0x14, 0xfe, 0xd4, 0xfd,
  0x14, 0xfe, 0x94, 0xfd, 0xd4, 0xfd, 0x94, 0xfd, 0x94, 0xfd, 0x14, 0xfe,
  0xd4, 0xfd, 0xd4, 0xfd, 0x92, 0xfd, 0x94, 0xfd, 0x98, 0xfe, 0x18, 0xff,
  0x9c, 0xff, 0xd8, 0xfe, 0x14, 0xfe, 0x98, 0xfe, 0x56, 0xfe, 0x52, 0xfd,
  0x12, 0xfd, 0x10, 0xfd, 0xd4, 0xfd, 0x16, 0xfe, 0x56, 0xfe, 0xd8, 0xfe,
  0x56, 0xfe, 0x16, 0xfe, 0x16, 0xfe, 0x94, 0xfd, 0x56, 0xfe, 0xd8, 0xfe,
  0x12, 0xfd, 0x4e, 0xf4, 0x0e, 0xe4, 0x90, 0xfc, 0xd0, 0xfc, 0x12, 0xfd,
  0x12, 0xfd, 0x52, 0xfd, 0x52, 0xfd, 0x52, 0xfd, 0x10, 0xfd, 0xd4, 0xfd,
  0x96, 0xfe, 0x10, 0xfd, 0x4c, 0xa4, 0x4a, 0x94, 0x88, 0xc5, 0xf0, 0xff,
  0xf4, 0xff, 0xec, 0xff, 0xec, 0xff, 0xf2, 0xff, 0xf0, 0xff, 0xee, 0xff,
  0xf2, 0xff, 0xf4, 0xff, 0xf4, 0xff, 0xf0, 0xff, 0xf0, 0xff, 0xf2, 0xff,
  0xf0, 0xff, 0xee, 0xff, 0xca, 0xf6, 0xca, 0xf6, 0xee, 0xff, 0xee, 0xff,
  0xec, 0xff, 0x0a, 0xf7, 0xee, 0xff, 0xf0, 0xff, 0xf2, 0xff, 0xf2, 0xff,
  0xf0, 0xff, 0xf2, 0xff, 0xf2, 0xff, 0xf4, 0xff, 0xf6, 0xff, 0xf2, 0xff,
  0xf6, 0xff, 0xf6, 0xff, 0x4e, 0xff, 0x52, 0xe6, 0x50, 0xd5, 0xcc, 0xe3,
  0xd0, 0xfc, 0xd8, 0xfe, 0x16, 0xfe, 0x52, 0xfd, 0x94, 0xfd, 0x56, 0xfe,
  0xd4, 0xfd, 0x56, 0xfe, 0x9c, 0xff, 0xd4, 0xfd, 0x52, 0xfd, 0xd4, 0xfd,
  0x14, 0xfe, 0x96, 0xfe, 0xd4, 0xfd, 0x16, 0xfe, 0xd4, 0xfd, 0xd4, 0xfd,
  0x14, 0xfe, 0x14, 0xfe, 0xd4, 0xfd, 0x56, 0xfe, 0x92, 0xfd, 0x92, 0xfd,
  0xd4, 0xfd, 0x10, 0xfd, 0xd0, 0xfc, 0x52, 0xfd, 0x52, 0xfd, 0x56, 0xfe,
  0x56, 0xfe, 0x56, 0xfe, 0x96, 0xfe, 0xd8, 0xfe, 0x96, 0xfe, 0x14, 0xfe,
  0x56, 0xfe, 0x94, 0xfd, 0x52, 0xfd, 0x94, 0xfd, 0x12, 0xfd, 0x52, 0xfd,
  0x92, 0xfd, 0xd4, 0xfd, 0x14, 0xfe, 0x52, 0xfd, 0x52, 0xfd, 0xd4, 0xfd,
  0x56, 0xfe, 0x94, 0xfd, 0xd8, 0xfe, 0xd4, 0xfd, 0x56, 0xfe, 0x94, 0xfd,
  0xd0, 0xfc, 0x10, 0xfd, 0x52, 0xfd, 0x52, 0xfd, 0x12, 0xfd, 0x10, 0xfd,
  0x12, 0xfd, 0x14, 0xfe, 0x16, 0xfe, 0x56, 0xfe, 0xd4, 0xfd, 0x92, 0xfd,
  0x12, 0xfd, 0x12, 0xfd, 0x52, 0xfd, 0x90, 0xe5, 0x50, 0xc5, 0xcc, 0x83,
  0xcc, 0x52, 0x18, 0x95, 0x9e, 0xc6, 0x1c, 0xb6, 0x5e, 0xb6, 0x5f, 0xd7,
  0xdf, 0xc6, 0xdf, 0xc6, 0xdf, 0xc6, 0x1f, 0xc7, 0x1f, 0xc7, 0x9e, 0xc6,
  0x9f, 0xc6, 0x9f, 0xc6, 0xdf, 0xc6, 0x9f, 0xc6, 0x9f, 0xc6, 0x5e, 0xb6,
  0xdf, 0xc6, 0x5f, 0xd7, 0xdf, 0xc6, 0x9e, 0xb6, 0x9e, 0xb6, 0x1c, 0xb6,
  0x9e, 0xb6, 0x5e, 0xb6, 0x5e, 0xb6, 0x1c, 0xb6, 0x5e, 0xb6, 0x9e, 0xc6,
  0x5e, 0xb6, 0x9f, 0xc6, 0x9f, 0xc6, 0xdf, 0xc6, 0xdf, 0xc6, 0x1f, 0xc7,
  0x5f, 0xd7, 0xdf, 0xc6, 0x9f, 0xc6, 0x9f, 0xc6, 0x5f, 0xd7, 0xdf, 0xc6,
  0x9e, 0xb6, 0x1c, 0xb6, 0x1e, 0xb6, 0x9e, 0xb6, 0xdf, 0xc6, 0x1f, 0xd7,
  0xff, 0xff, 0xff, 0xf7, 0x9f, 0xe7, 0x9f, 0xe7, 0x9e, 0xc6, 0x9f, 0xc6,
  0x5e, 0xb6, 0x5e, 0xb6, 0x1f, 0xc7, 0xdf, 0xc6, 0xdf, 0xc6, 0x5f, 0xd7,
  0x9f, 0xe7, 0x9f, 0xd7, 0xdf, 0xc6, 0x9e, 0xb6, 0x1f, 0xc7, 0x1f, 0xc7,
  0x5e, 0xb6, 0x1f, 0xd7, 0x5f, 0xd7, 0x9f, 0xc6, 0x9e, 0xc6, 0x52, 0xb5,
  0x94, 0xe6, 0xcc, 0x93, 0xc6, 0x61, 0x88, 0x82, 0x0a, 0xa3, 0x48, 0x72,
  0xc6, 0x71, 0x48, 0xa2, 0xcc, 0xfb, 0x12, 0xfd, 0x52, 0xfd, 0x14, 0xfe,
  0x52, 0xfd, 0xd0, 0xfc, 0x52, 0xfd, 0x94, 0xfd, 0x94, 0xfd, 0xd4, 0xfd,
  0xd4, 0xfd, 0x52, 0xfd, 0x56, 0xfe, 0x56, 0xfe, 0x52, 0xfd, 0x52, 0xfd,
  0x94, 0xfd, 0x92, 0xfd, 0x94, 0xfd, 0x94, 0xfd, 0x94, 0xfd, 0x94, 0xfd,
  0xd4, 0xfd, 0xd4, 0xfd, 0x52, 0xfd, 0x52, 0xfd, 0x56, 0xfe, 0xd8, 0xfe,
  0xd4, 0xfd, 0x94, 0xfd, 0x1a, 0xff, 0x1a, 0xff, 0xd8, 0xfe, 0x98, 0xfe,
  0xd4, 0xfd, 0x56, 0xfe, 0x52, 0xfd, 0x52, 0xfd, 0x94, 0xfd, 0x12, 0xfd,
  0x12, 0xfd, 0x92, 0xfd, 0x52, 0xfd, 0x92, 0xfd, 0x52, 0xfd, 0xd0, 0xfc,
  0x52, 0xfd, 0xd4, 0xfd, 0x16, 0xfe, 0x18, 0xff, 0x18, 0xff, 0x18, 0xff,
  0x98, 0xfe, 0x94, 0xfd, 0xd0, 0xfc, 0x52, 0xfd, 0x14, 0xfe, 0x56, 0xfe,
  0x98, 0xfe, 0xd4, 0xfd, 0x12, 0xfd, 0x52, 0xfd, 0x56, 0xfe, 0x8e, 0xf4,
  0xca, 0x93, 0x48, 0x73, 0xc8, 0xd5, 0xf2, 0xff, 0xf8, 0xff, 0xee, 0xff,
  0xea, 0xff, 0xec, 0xff, 0xee, 0xff, 0xee, 0xff, 0xf2, 0xff, 0xf4, 0xff,
  0xf4, 0xff, 0xf2, 0xff, 0xf0, 0xff, 0xf0, 0xff, 0xf4, 0xff, 0xf0, 0xff,
  0xf2, 0xff, 0xf0, 0xff, 0xee, 0xff, 0x4a, 0xff, 0xec, 0xff, 0xcc, 0xff,
  0xec, 0xff, 0xf0, 0xff, 0xf0, 0xff, 0xf0, 0xff, 0xf2, 0xff, 0xf4, 0xff,
  0xf2, 0xff, 0xf0, 0xff, 0xee, 0xff, 0xee, 0xff, 0xf2, 0xff, 0xf2, 0xff,
  0x0c, 0xf7, 0x0e, 0xb5, 0x92, 0xd5, 0x8c, 0xd3, 0x50, 0xfc, 0x94, 0xfd,
  0x92, 0xfd, 0x56, 0xfe, 0x14, 0xfe, 0x16, 0xfe, 0x98, 0xfe, 0x12, 0xfd,
  0x16, 0xfe, 0x96, 0xfe, 0x14, 0xfe, 0xd4, 0xfd, 0x16, 0xfe, 0xd4, 0xfd,
  0xd4, 0xfd, 0x56, 0xfe, 0xd4, 0xfd, 0xd4, 0xfd, 0x94, 0xfd, 0x98, 0xfe,
  0x16, 0xfe, 0x52, 0xfd, 0x52, 0xfd, 0x16, 0xfe, 0x14, 0xfe, 0x12, 0xfd,
  0xd0, 0xfc, 0x12, 0xfd, 0xd4, 0xfd, 0xd4, 0xfd, 0x56, 0xfe, 0x14, 0xfe,
  0x94, 0xfd, 0x56, 0xfe, 0x56, 0xfe, 0x14, 0xfe, 0x52, 0xfd, 0x92, 0xfd,
  0x92, 0xfd, 0x52, 0xfd, 0x12, 0xfd, 0xd0, 0xfc, 0x52, 0xfd, 0xd4, 0xfd,
  0x52, 0xfd, 0x90, 0xfc, 0xd0, 0xfc, 0xd0, 0xfc, 0x92, 0xfd, 0x52, 0xfd,
  0x10, 0xfd, 0x52, 0xfd, 0xd4, 0xfd, 0x90, 0xfc, 0xd0, 0xfc, 0x8e, 0xfc,
  0x56, 0xfe, 0x16, 0xfe, 0x12, 0xfd, 0x94, 0xfd, 0x94, 0xfd, 0xd8, 0xfe,
  0xd4, 0xfd, 0x14, 0xfe, 0x98, 0xfe, 0x98, 0xfe, 0xd4, 0xfd, 0x92, 0xfd,
  0x14, 0xfe, 0x8e, 0xd4, 0x8c, 0xa4, 0x4c, 0x94, 0xd0, 0x73, 0x12, 0x74,
  0xd6, 0x84, 0x9a, 0xa5, 0x1c, 0xb6, 0x9e, 0xb6, 0x9e, 0xc6, 0x9e, 0xc6,
  0xde, 0xc6, 0x9f, 0xe7, 0x1f, 0xd7, 0x1c, 0xb6, 0x9e, 0xc6, 0xdf, 0xc6,
  0x5e, 0xb6, 0x9e, 0xc6, 0x1c, 0xb6, 0xdc, 0xa5, 0x5f, 0xd7, 0x9f, 0xd7,
  0x5f, 0xd7, 0xdf, 0xc6, 0x9f, 0xc6, 0xff, 0xf7, 0xff, 0xf7, 0x9f, 0xc6,
  0x5e, 0xb6, 0x9e, 0xc6, 0x5e, 0xb6, 0x1c, 0xb6, 0x1f, 0xc7, 0x9f, 0xc6,
  0x5e, 0xb6, 0x9f, 0xc6, 0x1f, 0xd7, 0x5e, 0xb6, 0x9e, 0xc6, 0x5e, 0xb6,
  0x5e, 0xb6, 0x9e, 0xb6, 0xdf, 0xc6, 0x5f, 0xd7, 0x5e, 0xb6, 0x1c, 0xa6,
  0x5e, 0xb6, 0x1c, 0xb6, 0x1c, 0xb6, 0xdf, 0xc6, 0x5f, 0xd7, 0xdf, 0xc6,
  0x5f, 0xd7, 0xdf, 0xc6, 0x1c, 0xa6, 0x5e, 0xb6, 0x1f, 0xc7, 0x1c, 0xb6,
  0x5f, 0xd7, 0xdf, 0xc6, 0x9e, 0xc6, 0x9e, 0xc6, 0x1f, 0xd7, 0x9f, 0xe7,
  0x5f, 0xd7, 0x1c, 0xb6, 0x1c, 0xb6, 0xdf, 0xc6, 0xdf, 0xc6, 0x5e, 0xb6,
  0x1c, 0xb6, 0xdf, 0xc6, 0x5f, 0xd7, 0x14, 0xc6, 0x50, 0xb5, 0x0c, 0xb4,
  0x4a, 0xc3, 0x90, 0xf4, 0x56, 0xfe, 0x52, 0xfd, 0x4c, 0xc3, 0x4e, 0xf4,
  0xd0, 0xfc, 0x94, 0xfd, 0x52, 0xfd, 0xd4, 0xfd, 0x56, 0xfe, 0x52, 0xfd,
  0xd0, 0xfc, 0x14, 0xfe, 0x96, 0xfe, 0x16, 0xfe, 0x9c, 0xff, 0x1a, 0xff,
  0x16, 0xfe, 0x92, 0xfd, 0x52, 0xfd, 0x52, 0xfd, 0x16, 0xfe, 0x92, 0xfd,
  0x14, 0xfe, 0xd8, 0xfe, 0xd4, 0xfd, 0xd4, 0xfd, 0x56, 0xfe, 0x56, 0xfe,
  0xd4, 0xfd, 0x14, 0xfe, 0x98, 0xfe, 0xd4, 0xfd, 0x94, 0xfd, 0x14, 0xfe,
  0x98, 0xfe, 0x5a, 0xff, 0xd8, 0xfe, 0x94, 0xfd, 0x12, 0xfd, 0x92, 0xfd,
  0x98, 0xfe, 0xd8, 0xfe, 0xd4, 0xfd, 0x52, 0xfd, 0x14, 0xfe, 0x16, 0xfe,
  0x92, 0xfd, 0xd0, 0xfc, 0x92, 0xfd, 0x94, 0xfd, 0xd4, 0xfd, 0xd4, 0xfd,
  0xd4, 0xfd, 0x96, 0xfe, 0x56, 0xfe, 0xd8, 0xfe, 0x96, 0xfe, 0xd0, 0xfc,
  0x0e, 0xfc, 0x90, 0xfc, 0xd4, 0xfd, 0x52, 0xfd, 0x94, 0xfd, 0x94, 0xfd,
  0x94, 0xfd, 0x16, 0xfe, 0xd4, 0xfd, 0xcc, 0xc3, 0x0e, 0xb5, 0x0e, 0xb5,
  0x8a, 0xc5, 0xee, 0xff, 0xf4, 0xff, 0xf2, 0xff, 0xec, 0xff, 0x4a, 0xff,
  0xec, 0xff, 0xee, 0xff, 0xf0, 0xff, 0xf0, 0xff, 0xf2, 0xff, 0xf4, 0xff,
  0xf2, 0xff, 0xf2, 0xff, 0xf2, 0xff, 0xf0, 0xff, 0xf0, 0xff, 0xf0, 0xff,
  0xf4, 0xff, 0xee, 0xff, 0xee, 0xff, 0xee, 0xff, 0xee, 0xff, 0xf0, 0xff,
  0xf2, 0xff, 0xf2, 0xff, 0xf4, 0xff, 0xf6, 0xff, 0xf2, 0xff, 0xf0, 0xff,
  0xf0, 0xff, 0xf2, 0xff, 0xf2, 0xff, 0xf2, 0xff, 0xf2, 0xff, 0xd0, 0xc5,
  0xce, 0xb4, 0x0a, 0xb3, 0x0a, 0xc3, 0x0e, 0xfc, 0x92, 0xfd, 0x1a, 0xff,
  0x98, 0xfe, 0x1a, 0xff, 0xd8, 0xfe, 0xd4, 0xfd, 0x96, 0xfe, 0xd8, 0xfe,
  0x16, 0xfe, 0xd4, 0xfd, 0x16, 0xfe, 0x56, 0xfe, 0x94, 0xfd, 0x56, 0xfe,
  0xd4, 0xfd, 0x12, 0xfd, 0x16, 0xfe, 0x56, 0xfe, 0x98, 0xfe, 0xd4, 0xfd,
  0x92, 0xfd, 0x16, 0xfe, 0xd4, 0xfd, 0x12, 0xfd, 0x12, 0xfd, 0x8e, 0xfc,
  0x12, 0xfd, 0x12, 0xfd, 0x94, 0xfd, 0xd4, 0xfd, 0xd0, 0xfc, 0x52, 0xfd,
  0x16, 0xfe, 0x96, 0xfe, 0xd4, 0xfd, 0x92, 0xfd, 0xd4, 0xfd, 0xd0, 0xfc,
  0xd0, 0xfc, 0x92, 0xfd, 0x94, 0xfd, 0x52, 0xfd, 0xd0, 0xfc, 0xd0, 0xfc,
  0xd0, 0xfc, 0x52, 0xfd, 0x92, 0xfd, 0x10, 0xfd, 0xd0, 0xfc, 0x10, 0xfd,
  0xd0, 0xfc, 0x0e, 0xfc, 0x12, 0xfd, 0x10, 0xfd, 0xd4, 0xfd, 0x14, 0xfe,
  0x14, 0xfe, 0x94, 0xfd, 0xd4, 0xfd, 0x96, 0xfe, 0x94, 0xfd, 0x92, 0xfd,
  0x14, 0xfe, 0x56, 0xfe, 0x52, 0xfd, 0x96, 0xfe, 0xd8, 0xfe, 0x8e, 0xd4,
  0x0e, 0xb5, 0xd0, 0xa4, 0xda, 0xa5, 0x1c, 0xb6, 0x94, 0x84, 0x54, 0x74,
  0x9a, 0xa5, 0x1c, 0xb6, 0x9e, 0xc6, 0x1c, 0xb6, 0x9e, 0xc6, 0x1f, 0xd7,
  0x1f, 0xc7, 0xdf, 0xc6, 0x9e, 0xc6, 0x5e, 0xb6, 0xdc, 0xa5, 0x9e, 0xc6,
  0x5e, 0xb6, 0x1c, 0xb6, 0x1f, 0xc7, 0xdf, 0xc6, 0x5f, 0xd7, 0x1f, 0xd7,
  0x9a, 0xa5, 0x1c, 0xb6, 0xdf, 0xc6, 0x5e, 0xb6, 0xdf, 0xc6, 0x9e, 0xc6,
  0x5e, 0xb6, 0x5e, 0xb6, 0xdf, 0xc6, 0x5e, 0xb6, 0x5e, 0xb6, 0x5e, 0xb6,
  0xdf, 0xc6, 0x5e, 0xb6, 0xdc, 0xa5, 0xdc, 0xa5, 0x9a, 0xa5, 0x9e, 0xc6,
  0x1f, 0xd7, 0xdf, 0xc6, 0x9a, 0xa5, 0x5e, 0xb6, 0xdf, 0xc6, 0x9f, 0xc6,
  0x5e, 0xb6, 0x9f, 0xe7, 0x9e, 0xb6, 0x9f, 0xc6, 0xdf, 0xc6, 0xdc, 0xa5,
  0x1c, 0xb6, 0x9f, 0xc6, 0xdf, 0xc6, 0xdf, 0xc6, 0x9e, 0xc6, 0x9e, 0xc6,
  0x1f, 0xd7, 0x1f, 0xc7, 0xdf, 0xc6, 0x1f, 0xc7, 0xdf, 0xc6, 0x1c, 0xb6,
  0x9f, 0xc6, 0x9f, 0xc6, 0x5f, 0xd7, 0x1f, 0xc7, 0x5e, 0xb6, 0xdf, 0xc6,
  0x9f, 0xe7, 0x16, 0xc6, 0x0c, 0x94, 0x8c, 0xb3, 0x0e, 0xe4, 0x14, 0xfe,
  0x5a, 0xff, 0x5a, 0xff, 0xd8, 0xfe, 0x5a, 0xff, 0x56, 0xfe, 0xd8, 0xfe,
  0xd4, 0xfd, 0xd4, 0xfd, 0x18, 0xff, 0xd4, 0xfd, 0x90, 0xfc, 0x52, 0xfd,
  0x52, 0xfd, 0x52, 0xfd, 0x9c, 0xff, 0x9c, 0xff, 0xdc, 0xff, 0x56, 0xfe,
  0x94, 0xfd, 0x16, 0xfe, 0x14, 0xfe, 0x12, 0xfd, 0x92, 0xfd, 0x16, 0xfe,
  0x16, 0xfe, 0x98, 0xfe, 0x56, 0xfe, 0xd4, 0xfd, 0xd4, 0xfd, 0x14, 0xfe,
  0x52, 0xfd, 0x52, 0xfd, 0x52, 0xfd, 0xd4, 0xfd, 0x14, 0xfe, 0x5a, 0xff,
  0x94, 0xfd, 0x4e, 0xfc, 0x12, 0xfd, 0xd4, 0xfd, 0x98, 0xfe, 0xfe, 0xff,
  0xd8, 0xfe, 0x16, 0xfe, 0x14, 0xfe, 0xd4, 0xfd, 0x52, 0xfd, 0xd0, 0xfc,
  0x92, 0xfd, 0xd4, 0xfd, 0x98, 0xfe, 0x56, 0xfe, 0x56, 0xfe, 0xdc, 0xff,
  0x98, 0xfe, 0xd0, 0xfc, 0x4e, 0xfc, 0xcc, 0xf3, 0x4a, 0xe3, 0x4a, 0xf3,
  0x4e, 0xfc, 0x90, 0xfc, 0x52, 0xfd, 0x96, 0xfe, 0x16, 0xfe, 0x92, 0xfd,
  0xd4, 0xfd, 0x8a, 0xa3, 0xce, 0xa4, 0x8c, 0xa4, 0x0c, 0xff, 0xf2, 0xff,
  0xf8, 0xff, 0xfa, 0xff, 0xf4, 0xff, 0xf2, 0xff, 0xee, 0xff, 0xec, 0xff,
  0xee, 0xff, 0xf0, 0xff, 0xf2, 0xff, 0xf4, 0xff, 0xf2, 0xff, 0xee, 0xff,
  0xec, 0xff, 0xf0, 0xff, 0xee, 0xff, 0xee, 0xff, 0xf2, 0xff, 0xf2, 0xff,
  0xf0, 0xff, 0xf0, 0xff, 0xf4, 0xff, 0xf4, 0xff, 0xf2, 0xff, 0xf0, 0xff,
  0xf2, 0xff, 0xf0, 0xff, 0xf0, 0xff, 0xf2, 0xff, 0xf2, 0xff, 0xf2, 0xff,
  0xf0, 0xff, 0xf0, 0xff, 0xf2, 0xff, 0xd0, 0xc5, 0x10, 0xc5, 0x0a, 0xc3,
  0x0e, 0xfc, 0xd0, 0xfc, 0x12, 0xfd, 0x16, 0xfe, 0xd4, 0xfd, 0x56, 0xfe,
  0xd4, 0xfd, 0x92, 0xfd, 0x92, 0xfd, 0x52, 0xfd, 0x52, 0xfd, 0x52, 0xfd,
  0x16, 0xfe, 0x16, 0xfe, 0x52, 0xfd, 0xd4, 0xfd, 0xd4, 0xfd, 0xd0, 0xfc,
  0x14, 0xfe, 0xd8, 0xfe, 0x1a, 0xff, 0x14, 0xfe, 0xd0, 0xfc, 0x12, 0xfd,
  0x56, 0xfe, 0x94, 0xfd, 0x12, 0xfd, 0x52, 0xfd, 0xd4, 0xfd, 0x92, 0xfd,
  0x94, 0xfd, 0x98, 0xfe, 0x52, 0xfd, 0xd4, 0xfd, 0xd4, 0xfd, 0x16, 0xfe,
  0x92, 0xfd, 0x52, 0xfd, 0x52, 0xfd, 0x52, 0xfd, 0x98, 0xfe, 0xd4, 0xfd,
  0x52, 0xfd, 0x52, 0xfd, 0x4e, 0xfc, 0xd0, 0xfc, 0x52, 0xfd, 0xd4, 0xfd,
  0xd4, 0xfd, 0xd4, 0xfd, 0xd4, 0xfd, 0x12, 0xfd, 0xd0, 0xfc, 0x90, 0xfc,
  0xd4, 0xfd, 0xd0, 0xfc, 0x4e, 0xfc, 0xd0, 0xfc, 0x16, 0xfe, 0x94, 0xfd,
  0xd4, 0xfd, 0x56, 0xfe, 0x16, 0xfe, 0x12, 0xfd, 0x52, 0xfd, 0x94, 0xfd,
  0x12, 0xfd, 0xd4, 0xfd, 0xd4, 0xfd, 0x10, 0xd5, 0x0e, 0xb5, 0x90, 0x94,
  0x5c, 0xb6, 0xff, 0xf7, 0xff, 0xe7, 0x9c, 0xc6, 0x1c, 0xb6, 0xda, 0xa5,
  0x9e, 0xc6, 0xda, 0xa5, 0xdc, 0xa5, 0x9e, 0xb6, 0x9f, 0xc6, 0x9e, 0xb6,
  0x9a, 0xa5, 0xdc, 0xa5, 0x1c, 0xb6, 0xdc, 0xa5, 0xdc, 0xa5, 0xdf, 0xc6,
  0xdf, 0xc6, 0x5e, 0xb6, 0x9f, 0xc6, 0x5f, 0xd7, 0x1f, 0xc7, 0xdf, 0xc6,
  0x9e, 0xc6, 0x5e, 0xb6, 0x1c, 0xb6, 0x1c, 0xb6, 0x1c, 0xb6, 0x9a, 0xa5,
  0x9a, 0xa5, 0x1f, 0xd7, 0x9f, 0xe7, 0x5e, 0xb6, 0x1c, 0xb6, 0x1c, 0xb6,
  0x9e, 0xb6, 0x9e, 0xb6, 0x1c, 0xb6, 0xdf, 0xc6, 0x9f, 0xe7, 0xdf, 0xc6,
  0x9a, 0xa5, 0xdc, 0xa5, 0x5e, 0xb6, 0x9f, 0xc6, 0x9f, 0xc6, 0x5f, 0xd7,
  0x9f, 0xc6, 0x1f, 0xc7, 0xdf, 0xc6, 0xdf, 0xc6, 0x9e, 0xb6, 0x1f, 0xd7,
  0xdf, 0xc6, 0x9e, 0xb6, 0x9e, 0xb6, 0x1c, 0xb6, 0x1f, 0xd7, 0x9f, 0xe7,
  0x9f, 0xd7, 0xdf, 0xc6, 0x9e, 0xb6, 0x9e, 0xc6, 0xdf, 0xc6, 0xdf, 0xc6,
  0x5f, 0xd7, 0x9e, 0xc6, 0x5e, 0xb6, 0x5f, 0xd7, 0xde, 0xc6, 0x92, 0xb5,
  0x8c, 0xa4, 0x8c, 0xa3, 0x4e, 0xf4, 0x56, 0xfe, 0x9a, 0xff, 0xfc, 0xff,
  0x5a, 0xff, 0x96, 0xfe, 0x52, 0xfd, 0x10, 0xfd, 0xd0, 0xfc, 0x90, 0xfc,
  0x16, 0xfe, 0x52, 0xfd, 0x8e, 0xfc, 0x52, 0xfd, 0x52, 0xfd, 0x92, 0xfd,
  0x56, 0xfe, 0x14, 0xfe, 0x16, 0xfe, 0x56, 0xfe, 0x16, 0xfe, 0x16, 0xfe,
  0x14, 0xfe, 0x52, 0xfd, 0x52, 0xfd, 0x10, 0xfd, 0x12, 0xfd, 0x98, 0xfe,
  0x5a, 0xff, 0x56, 0xfe, 0x52, 0xfd, 0x90, 0xfc, 0x0e, 0xfc, 0x0e, 0xfc,
  0x12, 0xfd, 0xd4, 0xfd, 0x16, 0xfe, 0x98, 0xfe, 0x56, 0xfe, 0x52, 0xfd,
  0x98, 0xfe, 0x9c, 0xff, 0x1a, 0xff, 0xd8, 0xfe, 0xd4, 0xfd, 0x94, 0xfd,
  0x14, 0xfe, 0xd8, 0xfe, 0x1a, 0xff, 0x98, 0xfe, 0xd4, 0xfd, 0x52, 0xfd,
  0xd4, 0xfd, 0xd4, 0xfd, 0x14, 0xfe, 0x5a, 0xff, 0xfc, 0xff, 0x18, 0xff,
  0x14, 0xfe, 0x14, 0xfe, 0xd0, 0xfc, 0x4e, 0xfc, 0x54, 0xfd, 0xd0, 0xfc,
  0x90, 0xfc, 0x12, 0xfd, 0x52, 0xfd, 0x10, 0xfd, 0xd4, 0xfd, 0x90, 0xf4,
  0xce, 0xb4, 0x4a, 0x94, 0xc8, 0xd5, 0xec, 0xff, 0xf0, 0xff, 0xf2, 0xff,
  0xf2, 0xff, 0xf2, 0xff, 0xf2, 0xff, 0xee, 0xff, 0xf0, 0xff, 0xf2, 0xff,
  0xf0, 0xff, 0xf0, 0xff, 0xee, 0xff, 0xf2, 0xff, 0xf0, 0xff, 0xf2, 0xff,
  0xee, 0xff, 0xee, 0xff, 0xee, 0xff, 0xf0, 0xff, 0xee, 0xff, 0xee, 0xff,
  0xf2, 0xff, 0xf6, 0xff, 0xf2, 0xff, 0xf0, 0xff, 0xf0, 0xff, 0xf0, 0xff,
  0xf4, 0xff, 0xf2, 0xff, 0xee, 0xff, 0xf0, 0xff, 0xf2, 0xff, 0xf2, 0xff,
  0x90, 0xff, 0x0e, 0xb5, 0xce, 0xb4, 0x0a, 0xc3, 0xd0, 0xfc, 0x52, 0xfd,
  0x12, 0xfd, 0xd4, 0xfd, 0x92, 0xfd, 0xd4, 0xfd, 0x14, 0xfe, 0xd4, 0xfd,
  0x92, 0xfd, 0x92, 0xfd, 0xd4, 0xfd, 0x16, 0xfe, 0x56, 0xfe, 0xd4, 0xfd,
  0x14, 0xfe, 0x92, 0xfd, 0x52, 0xfd, 0x52, 0xfd, 0x56, 0xfe, 0xfe, 0xff,
  0x56, 0xfe, 0xd4, 0xfd, 0x92, 0xfd, 0x94, 0xfd, 0xd8, 0xfe, 0xd4, 0xfd,
  0x52, 0xfd, 0x56, 0xfe, 0x92, 0xfd, 0xd4, 0xfd, 0x98, 0xfe, 0x98, 0xfe,
  0x14, 0xfe, 0xd4, 0xfd, 0x94, 0xfd, 0xd4, 0xfd, 0x12, 0xfd, 0x12, 0xfd,
  0x12, 0xfd, 0xd0, 0xfc, 0x14, 0xfe, 0xd4, 0xfd, 0x52, 0xfd, 0x52, 0xfd,
  0x90, 0xfc, 0x90, 0xfc, 0x90, 0xfc, 0xd0, 0xfc, 0x12, 0xfd, 0xd8, 0xfe,
  0xd8, 0xfe, 0x52, 0xfd, 0xd4, 0xfd, 0x94, 0xfd, 0x92, 0xfd, 0x52, 0xfd,
  0xd0, 0xfc, 0x94, 0xfd, 0x94, 0xfd, 0xd4, 0xfd, 0x16, 0xfe, 0xd4, 0xfd,
  0x14, 0xfe, 0x92, 0xfd, 0x92, 0xfd, 0x56, 0xfe, 0x92, 0xfd, 0x16, 0xfe,
  0x56, 0xfe, 0x0c, 0xc4, 0x48, 0x73, 0x4a, 0x63, 0x52, 0x84, 0x9f, 0xe7,
  0xff, 0xff, 0x5f, 0xe7, 0xdf, 0xc6, 0xdf, 0xc6, 0x9e, 0xc6, 0x5e, 0xb6,
  0x5e, 0xb6, 0xdc, 0xa5, 0x5e, 0xb6, 0x5e, 0xb6, 0x5e, 0xb6, 0x5e, 0xb6,
  0x5e, 0xb6, 0x5e, 0xb6, 0x9e, 0xb6, 0x1f, 0xd7, 0xdf, 0xc6, 0x9e, 0xb6,
  0x9e, 0xc6, 0x1f, 0xd7, 0x5f, 0xd7, 0x1f, 0xd7, 0x1f, 0xd7, 0x9f, 0xe7,
  0xdf, 0xc6, 0x1e, 0xb6, 0x9e, 0xc6, 0x1c, 0xb6, 0x1c, 0xb6, 0x5f, 0xd7,
  0xff, 0xf7, 0x1f, 0xd7, 0x5e, 0xb6, 0xdf, 0xc6, 0xdf, 0xc6, 0xdf, 0xc6,
  0x5e, 0xb6, 0x5f, 0xd7, 0xff, 0xff, 0x1f, 0xd7, 0x5e, 0xb6, 0xdf, 0xc6,
  0xdf, 0xc6, 0x5f, 0xd7, 0xdf, 0xc6, 0x9e, 0xb6, 0x1c, 0xb6, 0x9f, 0xc6,
  0x9e, 0xc6, 0x9f, 0xc6, 0x1f, 0xc7, 0x9f, 0xd7, 0xdf, 0xc6, 0x5e, 0xb6,
  0xdf, 0xc6, 0x5e, 0xb6, 0x5f, 0xd7, 0xff, 0xf7, 0xdf, 0xe7, 0xdf, 0xe7,
  0x1f, 0xd7, 0x9e, 0xc6, 0xdf, 0xc6, 0xdf, 0xc6, 0x5e, 0xb6, 0x5e, 0xb6,
  0x9f, 0xc6, 0xdf, 0xe7, 0xdf, 0xe7, 0x94, 0xb5, 0x8a, 0x83, 0xc8, 0x82,
  0x0e, 0xf4, 0x94, 0xfd, 0xd8, 0xfe, 0x9a, 0xff, 0x5a, 0xff, 0x12, 0xfd,
  0xcc, 0xfb, 0x8c, 0xf3, 0x4c, 0xe3, 0x0a, 0xe3, 0x4c, 0xf3, 0x4c, 0xf3,
  0x8c, 0xe3, 0xd4, 0xfd, 0x52, 0xfd, 0x4e, 0xfc, 0x12, 0xfd, 0xd0, 0xfc,
  0xd0, 0xfc, 0x94, 0xfd, 0x56, 0xfe, 0x98, 0xfe, 0x9c, 0xff, 0x94, 0xfd,
  0x12, 0xfd, 0x12, 0xfd, 0x52, 0xfd, 0x16, 0xfe, 0x56, 0xfe, 0x16, 0xfe,
  0x92, 0xfd, 0xd0, 0xfc, 0x4e, 0xfc, 0x0e, 0xfc, 0x90, 0xfc, 0x0e, 0xfc,
  0x52, 0xfd, 0x94, 0xfd, 0xd4, 0xfd, 0x12, 0xfd, 0x16, 0xfe, 0x18, 0xff,
  0x14, 0xfe, 0x52, 0xfd, 0x52, 0xfd, 0x94, 0xfd, 0x18, 0xff, 0xd4, 0xfd,
  0xd4, 0xfd, 0x14, 0xfe, 0xd4, 0xfd, 0x56, 0xfe, 0x56, 0xfe, 0xd4, 0xfd,
  0x98, 0xfe, 0x96, 0xfe, 0x96, 0xfe, 0xd8, 0xfe, 0x9a, 0xff, 0xff, 0xff,
  0xfc, 0xff, 0xd8, 0xfe, 0x96, 0xfe, 0xd8, 0xfe, 0x52, 0xfd, 0x8e, 0xfc,
  0x10, 0xfd, 0x0e, 0xf4, 0xcc, 0xd3, 0xd0, 0xfc, 0x16, 0xff, 0x12, 0xd6,
  0x08, 0xc5, 0xec, 0xff, 0xf2, 0xff, 0xee, 0xff, 0xf0, 0xff, 0xf0, 0xff,
  0xee, 0xff, 0xf0, 0xff, 0xf4, 0xff, 0xf6, 0xff, 0xf2, 0xff, 0xec, 0xff,
  0xee, 0xff, 0xf0, 0xff, 0xf2, 0xff, 0xf8, 0xff, 0xf2, 0xff, 0xf2, 0xff,
  0xee, 0xff, 0xf0, 0xff, 0xee, 0xff, 0xf0, 0xff, 0xf2, 0xff, 0xf2, 0xff,
  0xf2, 0xff, 0xee, 0xff, 0xf2, 0xff, 0xf2, 0xff, 0xf0, 0xff, 0xf0, 0xff,
  0xf2, 0xff, 0xec, 0xff, 0xf0, 0xff, 0xf4, 0xff, 0xf4, 0xff, 0x8c, 0xa4,
  0x0e, 0xc5, 0x0a, 0xc3, 0x90, 0xfc, 0x10, 0xfd, 0xd4, 0xfd, 0x92, 0xfd,
  0x12, 0xfd, 0x92, 0xfd, 0xd4, 0xfd, 0xd4, 0xfd, 0x98, 0xfe, 0xd4, 0xfd,
  0x10, 0xfd, 0x12, 0xfd, 0x14, 0xfe, 0x14, 0xfe, 0xd8, 0xfe, 0x10, 0xfd,
  0x90, 0xfc, 0x52, 0xfd, 0xd8, 0xfe, 0x9c, 0xff, 0xd4, 0xfd, 0xd4, 0xfd,
  0x94, 0xfd, 0x52, 0xfd, 0x1a, 0xff, 0x96, 0xfe, 0x94, 0xfd, 0x96, 0xfe,
  0xd4, 0xfd, 0x92, 0xfd, 0x98, 0xfe, 0x52, 0xfd, 0x90, 0xfc, 0xd4, 0xfd,
  0x96, 0xfe, 0xd4, 0xfd, 0x92, 0xfd, 0x92, 0xfd, 0x12, 0xfd, 0x92, 0xfd,
  0x56, 0xfe, 0xd4, 0xfd, 0x52, 0xfd, 0x92, 0xfd, 0x14, 0xfe, 0x14, 0xfe,
  0x16, 0xfe, 0x94, 0xfd, 0x12, 0xfd, 0xd4, 0xfd, 0xd8, 0xfe, 0x56, 0xfe,
  0x14, 0xfe, 0x56, 0xfe, 0x92, 0xfd, 0x14, 0xfe, 0xd4, 0xfd, 0x56, 0xfe,
  0x52, 0xfd, 0xd4, 0xfd, 0x98, 0xfe, 0x5a, 0xff, 0x16, 0xfe, 0x56, 0xfe,
  0x14, 0xfe, 0x52, 0xfd, 0x52, 0xfd, 0x98, 0xfe, 0x5a, 0xff, 0x10, 0xe5,
  0x88, 0x83, 0x0a, 0x63, 0x4e, 0x63, 0x16, 0x95, 0x58, 0x95, 0x9a, 0xa5,
  0xdc, 0xa5, 0x9f, 0xe7, 0x5f, 0xd7, 0xdf, 0xc6, 0x9f, 0xe7, 0x5f, 0xd7,
  0x1c, 0xb6, 0x1e, 0xb6, 0xdf, 0xc6, 0x9f, 0xc6, 0xdf, 0xc6, 0x9f, 0xc6,
  0x5f, 0xd7, 0x9f, 0xe7, 0xdf, 0xc6, 0x9e, 0xc6, 0x9f, 0xc6, 0x9e, 0xc6,
  0x9f, 0xe7, 0x1f, 0xd7, 0x1f, 0xc7, 0x1f, 0xd7, 0x1f, 0xc7, 0x9e, 0xc6,
  0xdf, 0xc6, 0x5e, 0xb6, 0xdf, 0xc6, 0x1f, 0xd7, 0x9f, 0xc6, 0x5f, 0xd7,
  0x1f, 0xd7, 0x9e, 0xb6, 0x9e, 0xb6, 0x5e, 0xb6, 0x1c, 0xb6, 0xdf, 0xc6,
  0x5f, 0xd7, 0x5e, 0xb6, 0x1f, 0xd7, 0x1f, 0xd7, 0x5f, 0xd7, 0x9f, 0xd7,
  0xdf, 0xc6, 0x5e, 0xb6, 0x18, 0x95, 0xda, 0xa5, 0x5e, 0xb6, 0x9a, 0xa5,
  0x9e, 0xc6, 0x1f, 0xd7, 0xdf, 0xc6, 0xdf, 0xc6, 0x1c, 0xa6, 0x9a, 0xa5,
  0xdf, 0xe7, 0x9f, 0xd7, 0x5f, 0xd7, 0x9f, 0xd7, 0x1f, 0xd7, 0xdf, 0xc6,
  0xdf, 0xc6, 0x1f, 0xd7, 0x1f, 0xc7, 0x5e, 0xb6, 0x5e, 0xb6, 0x5f, 0xd7,
  0xff, 0xf7, 0x94, 0xb5, 0x48, 0x73, 0xc8, 0x92, 0x0e, 0xf4, 0x90, 0xfc,
  0x4e, 0xfc, 0x52, 0xfd, 0x5a, 0xff, 0x56, 0xfe, 0xd0, 0xfc, 0x8c, 0xe3,
  0xcc, 0xe3, 0x4a, 0xc3, 0x0a, 0xc3, 0x4c, 0xd3, 0x8c, 0xfb, 0x12, 0xfd,
  0x12, 0xfd, 0x4e, 0xfc, 0x10, 0xfd, 0x52, 0xfd, 0x12, 0xfd, 0x52, 0xfd,
  0x94, 0xfd, 0x98, 0xfe, 0xd8, 0xfe, 0x12, 0xfd, 0x90, 0xfc, 0x0e, 0xfc,
  0x90, 0xfc, 0xd4, 0xfd, 0x92, 0xfd, 0xd0, 0xfc, 0xd0, 0xfc, 0x4e, 0xfc,
  0xd0, 0xfc, 0xd0, 0xfc, 0xd2, 0xfc, 0xcc, 0xf3, 0x8c, 0xf3, 0x4e, 0xfc,
  0x52, 0xfd, 0x56, 0xfe, 0xd4, 0xfd, 0x52, 0xfd, 0x92, 0xfd, 0x14, 0xfe,
  0x92, 0xfd, 0x12, 0xfd, 0x12, 0xfd, 0xd0, 0xfc, 0x52, 0xfd, 0x16, 0xfe,
  0x56, 0xfe, 0x14, 0xfe, 0x16, 0xfe, 0x16, 0xfe, 0x14, 0xfe, 0x16, 0xfe,
  0x14, 0xfe, 0xd4, 0xfd, 0x5a, 0xff, 0x1a, 0xff, 0xfc, 0xff, 0xdc, 0xff,
  0x56, 0xfe, 0xd4, 0xfd, 0xd4, 0xfd, 0x94, 0xfd, 0x14, 0xfe, 0x94, 0xfd,
  0x0e, 0xd4, 0x0c, 0xc4, 0x98, 0xff, 0x12, 0xd6, 0x48, 0xa4, 0x0a, 0xff,
  0xee, 0xff, 0xea, 0xff, 0xee, 0xff, 0xee, 0xff, 0xee, 0xff, 0xf0, 0xff,
  0xf0, 0xff, 0xf0, 0xff, 0xf4, 0xff, 0xf6, 0xff, 0xf2, 0xff, 0xf0, 0xff,
  0xf0, 0xff, 0xf6, 0xff, 0xf4, 0xff, 0xf4, 0xff, 0xf0, 0xff, 0xf0, 0xff,
  0xf4, 0xff, 0xf2, 0xff, 0xf8, 0xff, 0xf2, 0xff, 0xf0, 0xff, 0xf0, 0xff,
  0xf0, 0xff, 0xf4, 0xff, 0xf4, 0xff, 0xf2, 0xff, 0xf4, 0xff, 0xec, 0xff,
  0xec, 0xff, 0xf2, 0xff, 0xd2, 0xff, 0x4c, 0x94, 0x4c, 0xa4, 0xca, 0xb2,
  0xd0, 0xfc, 0x56, 0xfe, 0xd8, 0xfe, 0x16, 0xfe, 0x52, 0xfd, 0x12, 0xfd,
  0xd0, 0xfc, 0x16, 0xfe, 0xd4, 0xfd, 0x92, 0xfd, 0x52, 0xfd, 0x12, 0xfd,
  0x52, 0xfd, 0xd4, 0xfd, 0x1a, 0xff, 0x92, 0xfd, 0x94, 0xfd, 0x52, 0xfd,
  0x56, 0xfe, 0x96, 0xfe, 0x52, 0xfd, 0x16, 0xfe, 0xd8, 0xfe, 0x18, 0xff,
  0x56, 0xfe, 0x56, 0xfe, 0x14, 0xfe, 0xd4, 0xfd, 0x16, 0xfe, 0x94, 0xfd,
  0x98, 0xfe, 0x16, 0xfe, 0x12, 0xfd, 0x94, 0xfd, 0xd4, 0xfd, 0xd4, 0xfd,
  0x96, 0xfe, 0x56, 0xfe, 0x94, 0xfd, 0x92, 0xfd, 0x94, 0xfd, 0xd4, 0xfd,
  0xd4, 0xfd, 0x96, 0xfe, 0x56, 0xfe, 0xd4, 0xfd, 0x1a, 0xff, 0xfe, 0xff,
  0x1a, 0xff, 0x92, 0xfd, 0xd4, 0xfd, 0xd4, 0xfd, 0x52, 0xfd, 0x94, 0xfd,
  0x52, 0xfd, 0xd4, 0xfd, 0x52, 0xfd, 0x94, 0xfd, 0x94, 0xfd, 0x52, 0xfd,
  0xd4, 0xfd, 0x56, 0xfe, 0x12, 0xfd, 0x14, 0xfe, 0xd4, 0xfd, 0x10, 0xfd,
  0x90, 0xfc, 0x56, 0xfe, 0xdc, 0xff, 0x54, 0xfe, 0x0e, 0xb5, 0xcc, 0x83,
  0x90, 0x63, 0x54, 0x84, 0x54, 0x84, 0x94, 0x84, 0x18, 0x95, 0x9e, 0xc6,
  0x1f, 0xd7, 0x1f, 0xc7, 0xdf, 0xc6, 0x1c, 0xb6, 0x5e, 0xb6, 0xdc, 0xa5,
  0x1f, 0xd7, 0x1f, 0xd7, 0x5f, 0xd7, 0x9e, 0xc6, 0xdf, 0xc6, 0xdf, 0xc6,
  0x5e, 0xb6, 0xdc, 0xa5, 0x5e, 0xb6, 0x5e, 0xb6, 0x5e, 0xb6, 0x5e, 0xb6,
  0x9e, 0xc6, 0x9e, 0xc6, 0x5f, 0xd7, 0x1f, 0xd7, 0xdf, 0xc6, 0x9f, 0xc6,
  0x9e, 0xc6, 0x5e, 0xb6, 0x9f, 0xc6, 0xdf, 0xe7, 0x9f, 0xe7, 0x5e, 0xb6,
  0xdf, 0xc6, 0xdf, 0xc6, 0xdf, 0xc6, 0x1f, 0xd7, 0x5e, 0xb6, 0x9f, 0xc6,
  0x1f, 0xd7, 0x9f, 0xc6, 0xdf, 0xc6, 0xdf, 0xc6, 0x5f, 0xd7, 0x1f, 0xd7,
  0x5e, 0xb6, 0xdc, 0xa5, 0x9e, 0xb6, 0xdc, 0xa5, 0x1c, 0xb6, 0x5e, 0xb6,
  0x9e, 0xc6, 0x1c, 0xb6, 0x58, 0x95, 0xda, 0xa5, 0xdf, 0xe7, 0x5f, 0xd7,
  0x9f, 0xc6, 0x1f, 0xd7, 0x9e, 0xb6, 0x9a, 0xa5, 0x1c, 0xb6, 0x9f, 0xe7,
  0x9f, 0xd7, 0x5e, 0xb6, 0x1c, 0xb6, 0xdc, 0xa5, 0x9a, 0xa5, 0x8e, 0x73,
  0xc4, 0x41, 0x88, 0x82, 0x8c, 0xd3, 0x12, 0xfd, 0x10, 0xfd, 0x94, 0xfd,
  0x94, 0xfd, 0x9a, 0xff, 0xdc, 0xff, 0x14, 0xfe, 0x52, 0xfd, 0x14, 0xfe,
  0x98, 0xfe, 0x56, 0xfe, 0x52, 0xfd, 0xd0, 0xfc, 0x52, 0xfd, 0x12, 0xfd,
  0x56, 0xfe, 0x18, 0xff, 0xd4, 0xfd, 0xd4, 0xfd, 0x56, 0xfe, 0x56, 0xfe,
  0xd4, 0xfd, 0x0e, 0xfc, 0x0a, 0xe3, 0x4c, 0xf3, 0x0a, 0xe3, 0xce, 0xfb,
  0x90, 0xfc, 0x90, 0xfc, 0xd0, 0xfc, 0x94, 0xfd, 0xd0, 0xfc, 0x14, 0xfe,
  0x96, 0xfe, 0x96, 0xfe, 0x50, 0xfc, 0x4e, 0xfc, 0x56, 0xfe, 0x96, 0xfe,
  0xd4, 0xfd, 0x92, 0xfd, 0x92, 0xfd, 0x12, 0xfd, 0xd0, 0xfc, 0x10, 0xfd,
  0x4e, 0xfc, 0xd0, 0xfc, 0x10, 0xfd, 0x52, 0xfd, 0x16, 0xfe, 0x52, 0xfd,
  0x14, 0xfe, 0x94, 0xfd, 0xd4, 0xfd, 0x16, 0xfe, 0x14, 0xfe, 0x92, 0xfd,
  0x56, 0xfe, 0xd4, 0xfd, 0xd4, 0xfd, 0xd4, 0xfd, 0x94, 0xfd, 0x92, 0xfd,
  0x96, 0xfe, 0x96, 0xfe, 0x9c, 0xff, 0xdc, 0xff, 0x56, 0xfe, 0x12, 0xfd,
  0xce, 0xb4, 0xca, 0x83, 0x46, 0x83, 0x08, 0xf6, 0x0a, 0xff, 0xca, 0xfe,
  0x8a, 0xff, 0xec, 0xff, 0xee, 0xff, 0xf2, 0xff, 0xf2, 0xff, 0xf2, 0xff,
  0xf4, 0xff, 0xf8, 0xff, 0xf4, 0xff, 0xf2, 0xff, 0xf2, 0xff, 0xf0, 0xff,
  0xf0, 0xff, 0xf2, 0xff, 0xf0, 0xff, 0xf4, 0xff, 0xf4, 0xff, 0xf0, 0xff,
  0xf4, 0xff, 0xf2, 0xff, 0xf6, 0xff, 0xf6, 0xff, 0xf4, 0xff, 0xf2, 0xff,
  0xee, 0xff, 0xf2, 0xff, 0xf2, 0xff, 0xf4, 0xff, 0xf0, 0xff, 0xf4, 0xff,
  0xf2, 0xff, 0xce, 0xa4, 0x0e, 0xc5, 0xca, 0xb2, 0xd0, 0xfc, 0xd8, 0xfe,
  0x5a, 0xff, 0xd4, 0xfd, 0x92, 0xfd, 0x52, 0xfd, 0xd0, 0xfc, 0x52, 0xfd,
  0x12, 0xfd, 0xd4, 0xfd, 0x56, 0xfe, 0xd0, 0xfc, 0xd0, 0xfc, 0xd4, 0xfd,
  0x98, 0xfe, 0xd4, 0xfd, 0x16, 0xfe, 0x92, 0xfd, 0x16, 0xfe, 0x16, 0xfe,
  0xd4, 0xfd, 0x14, 0xfe, 0x18, 0xff, 0xd8, 0xfe, 0x56, 0xfe, 0x56, 0xfe,
  0x56, 0xfe, 0x92, 0xfd, 0x56, 0xfe, 0x16, 0xfe, 0xd4, 0xfd, 0x5a, 0xff,
  0x94, 0xfd, 0xd0, 0xfc, 0x92, 0xfd, 0x92, 0xfd, 0x52, 0xfd, 0xd4, 0xfd,
  0x52, 0xfd, 0x52, 0xfd, 0x52, 0xfd, 0x52, 0xfd, 0x14, 0xfe, 0xd4, 0xfd,
  0xd4, 0xfd, 0x52, 0xfd, 0x56, 0xfe, 0xfe, 0xff, 0xd8, 0xfe, 0x92, 0xfd,
  0xd4, 0xfd, 0x14, 0xfe, 0x52, 0xfd, 0x12, 0xfd, 0x52, 0xfd, 0x92, 0xfd,
  0x52, 0xfd, 0xd4, 0xfd, 0xd4, 0xfd, 0x12, 0xfd, 0x52, 0xfd, 0x56, 0xfe,
  0x12, 0xfd, 0x52, 0xfd, 0x94, 0xfd, 0xd0, 0xfc, 0x52, 0xfd, 0xd4, 0xfd,
  0x94, 0xfd, 0x8e, 0xd4, 0x8c, 0xa4, 0x4a, 0x73, 0xd0, 0x73, 0x18, 0x95,
  0x9a, 0xa5, 0xd6, 0x84, 0x5e, 0xb6, 0x9f, 0xe7, 0x5f, 0xd7, 0x9f, 0xc6,
  0x9e, 0xc6, 0x5e, 0xb6, 0xdf, 0xc6, 0x9e, 0xc6, 0x1f, 0xd7, 0xdf, 0xc6,
  0x1f, 0xd7, 0x9e, 0xb6, 0x1c, 0xb6, 0x5e, 0xb6, 0x1c, 0xb6, 0x1c, 0xb6,
  0x1c, 0xb6, 0xdc, 0xa5, 0xdc, 0xa5, 0xdf, 0xc6, 0x1f, 0xd7, 0x5f, 0xd7,
  0x1c, 0xb6, 0x1c, 0xb6, 0x5e, 0xb6, 0xdf, 0xc6, 0xdf, 0xc6, 0xdc, 0xa5,
  0x9e, 0xb6, 0x1f, 0xd7, 0xdf, 0xc6, 0xdf, 0xc6, 0xdf, 0xe7, 0xff, 0xff,
  0x9f, 0xd7, 0x5f, 0xd7, 0xdf, 0xc6, 0x1f, 0xd7, 0xdf, 0xc6, 0x1c, 0xb6,
  0x5e, 0xb6, 0xdf, 0xc6, 0x5f, 0xd7, 0x5f, 0xd7, 0x1f, 0xd7, 0x1f, 0xd7,
  0xdf, 0xc6, 0x9e, 0xb6, 0x9e, 0xc6, 0x1c, 0xb6, 0x1c, 0xb6, 0x9e, 0xb6,
  0x9f, 0xc6, 0xdf, 0xc6, 0xdf, 0xc6, 0x5e, 0xb6, 0x5f, 0xd7, 0x5f, 0xd7,
  0xdf, 0xc6, 0x1c, 0xb6, 0x9e, 0xb6, 0x5f, 0xd7, 0x1f, 0xc7, 0x5e, 0xb6,
  0xdc, 0xa5, 0x18, 0x95, 0x94, 0x84, 0x10, 0xa5, 0x8a, 0x73, 0xc6, 0x61,
  0x88, 0x92, 0x8c, 0xe3, 0xce, 0xfb, 0x8c, 0xd3, 0x8c, 0xe3, 0x16, 0xfe,
  0x5a, 0xff, 0x9a, 0xff, 0x5a, 0xff, 0xdc, 0xff, 0xfc, 0xff, 0xdc, 0xff,
  0x9a, 0xff, 0x16, 0xfe, 0xd4, 0xfd, 0x92, 0xfd, 0xd4, 0xfd, 0x16, 0xfe,
  0x16, 0xfe, 0xd8, 0xfe, 0x56, 0xfe, 0x18, 0xff, 0xfe, 0xff, 0x56, 0xfe,
  0x4e, 0xf4, 0xcc, 0xe3, 0xca, 0xa2, 0x88, 0xb2, 0x8e, 0xfc, 0x14, 0xfe,
  0xd4, 0xfd, 0x92, 0xfd, 0x12, 0xfd, 0xd4, 0xfd, 0xd8, 0xfe, 0x18, 0xff,
  0x98, 0xfe, 0xd8, 0xfe, 0x5a, 0xff, 0x56, 0xfe, 0xd4, 0xfd, 0xd4, 0xfd,
  0xd4, 0xfd, 0x94, 0xfd, 0x0e, 0xfc, 0x8c, 0xd3, 0x8c, 0xd3, 0x4e, 0xfc,
  0x10, 0xfd, 0x12, 0xfd, 0xd4, 0xfd, 0x52, 0xfd, 0x16, 0xfe, 0xd4, 0xfd,
  0x52, 0xfd, 0x94, 0xfd, 0x56, 0xfe, 0x94, 0xfd, 0xd4, 0xfd, 0x16, 0xfe,
  0x16, 0xfe, 0x52, 0xfd, 0x56, 0xfe, 0x16, 0xfe, 0x5a, 0xff, 0x98, 0xfe,
  0xfc, 0xff, 0xdc, 0xff, 0xd6, 0xfd, 0x52, 0xfd, 0x0a, 0xa4, 0xc6, 0x62,
  0x04, 0x42, 0x84, 0x83, 0x88, 0xe5, 0x8a, 0xf6, 0xca, 0xfe, 0xee, 0xff,
  0xf0, 0xff, 0xf2, 0xff, 0xf2, 0xff, 0xf4, 0xff, 0xf6, 0xff, 0xf6, 0xff,
  0xf2, 0xff, 0xf2, 0xff, 0xf2, 0xff, 0xf2, 0xff, 0xf2, 0xff, 0xf0, 0xff,
  0xf0, 0xff, 0xf2, 0xff, 0xf0, 0xff, 0xf2, 0xff, 0xf4, 0xff, 0xf0, 0xff,
  0xfa, 0xff, 0xf6, 0xff, 0xf2, 0xff, 0xf0, 0xff, 0xf4, 0xff, 0xf0, 0xff,
  0xf0, 0xff, 0xf4, 0xff, 0xf0, 0xff, 0xf4, 0xff, 0xd0, 0xff, 0xd0, 0xc5,
  0xce, 0xc4, 0x8c, 0xd3, 0x90, 0xfc, 0x92, 0xfd, 0x52, 0xfd, 0x52, 0xfd,
  0x52, 0xfd, 0xd4, 0xfd, 0xd4, 0xfd, 0x52, 0xfd, 0x92, 0xfd, 0x94, 0xfd,
  0x96, 0xfe, 0xd0, 0xfc, 0x12, 0xfd, 0x18, 0xff, 0x14, 0xfe, 0x14, 0xfe,
  0xd4, 0xfd, 0x12, 0xfd, 0x94, 0xfd, 0x56, 0xfe, 0xd4, 0xfd, 0x52, 0xfd,
  0xd4, 0xfd, 0x94, 0xfd, 0x92, 0xfd, 0x16, 0xfe, 0xd4, 0xfd, 0x92, 0xfd,
  0x14, 0xfe, 0x14, 0xfe, 0x92, 0xfd, 0x5a, 0xff, 0xd4, 0xfd, 0x10, 0xfd,
  0x56, 0xfe, 0xd8, 0xfe, 0xd4, 0xfd, 0x16, 0xfe, 0x96, 0xfe, 0xd4, 0xfd,
  0xd8, 0xfe, 0x56, 0xfe, 0x92, 0xfd, 0xd4, 0xfd, 0x5a, 0xff, 0xd4, 0xfd,
  0x52, 0xfd, 0x56, 0xfe, 0x56, 0xfe, 0xd4, 0xfd, 0xd4, 0xfd, 0xd8, 0xfe,
  0x16, 0xfe, 0x52, 0xfd, 0x94, 0xfd, 0x52, 0xfd, 0xd4, 0xfd, 0xd4, 0xfd,
  0x14, 0xfe, 0x16, 0xfe, 0x16, 0xfe, 0xd4, 0xfd, 0x16, 0xfe, 0x92, 0xfd,
  0x92, 0xfd, 0x52, 0xfd, 0xd4, 0xfd, 0x56, 0xfe, 0x14, 0xfe, 0x0c, 0xd4,
  0x8c, 0xa4, 0x0c, 0x84, 0x94, 0x84, 0x18, 0x95, 0x18, 0x95, 0x54, 0x84,
  0x5e, 0xb6, 0xff, 0xe7, 0x9f, 0xe7, 0x1f, 0xc7, 0xdf, 0xc6, 0x9e, 0xc6,
  0xdf, 0xc6, 0x9e, 0xc6, 0x1f, 0xc7, 0x9f, 0xc6, 0x9e, 0xb6, 0x9e, 0xc6,
  0xdc, 0xa5, 0xdc, 0xa5, 0x9a, 0xa5, 0x1c, 0xb6, 0x5e, 0xb6, 0x1c, 0xb6,
  0xdf, 0xc6, 0x9e, 0xc6, 0x5f, 0xd7, 0x9f, 0xe7, 0x9f, 0xc6, 0x5f, 0xd7,
  0x5f, 0xd7, 0xdf, 0xc6, 0x5e, 0xb6, 0x1c, 0xb6, 0x1f, 0xc7, 0xdf, 0xe7,
  0x5f, 0xd7, 0x9f, 0xc6, 0xff, 0xff, 0xff, 0xff, 0x9f, 0xe7, 0x9f, 0xd7,
  0x1f, 0xc7, 0x1f, 0xd7, 0xdf, 0xc6, 0x1f, 0xd7, 0x5e, 0xb6, 0x9e, 0xc6,
  0x1f, 0xd7, 0x9f, 0xc6, 0x1c, 0xb6, 0x5f, 0xd7, 0x1f, 0xd7, 0x5f, 0xd7,
  0xdf, 0xe7, 0xdf, 0xc6, 0xdc, 0xa5, 0x5e, 0xb6, 0x9e, 0xc6, 0x5e, 0xb6,
  0x5e, 0xb6, 0x9f, 0xc6, 0x9f, 0xd7, 0x5f, 0xd7, 0x9e, 0xb6, 0xdf, 0xc6,
  0xdf, 0xc6, 0xdf, 0xc6, 0x5f, 0xd7, 0xdf, 0xe7, 0x5f, 0xd7, 0x9e, 0xc6,
  0xd4, 0x94, 0xd2, 0xc5, 0x0e, 0xb5, 0x46, 0x52, 0x44, 0x51, 0x86, 0x61,
  0xc6, 0x71, 0x06, 0x72, 0x48, 0xa2, 0x4c, 0xf3, 0x0e, 0xfc, 0xd4, 0xfd,
  0xdc, 0xff, 0xfe, 0xff, 0x56, 0xfe, 0xd4, 0xfd, 0x18, 0xff, 0x56, 0xfe,
  0x18, 0xff, 0xd8, 0xfe, 0xd4, 0xfd, 0x12, 0xfd, 0x92, 0xfd, 0x56, 0xfe,
  0xd4, 0xfd, 0x56, 0xfe, 0x9a, 0xff, 0x18, 0xff, 0x56, 0xfe, 0xd4, 0xfd,
  0x52, 0xfd, 0xd0, 0xfc, 0x12, 0xfd, 0xd8, 0xfe, 0x5a, 0xff, 0x5a, 0xff,
  0x56, 0xfe, 0x14, 0xfe, 0xd8, 0xfe, 0x14, 0xfe, 0xd8, 0xfe, 0x56, 0xfe,
  0x96, 0xfe, 0x16, 0xfe, 0x16, 0xfe, 0x94, 0xfd, 0x96, 0xfe, 0x5a, 0xff,
  0xd0, 0xfc, 0xca, 0xb2, 0x0a, 0xc3, 0x4e, 0xfc, 0x92, 0xfd, 0xd4, 0xfd,
  0x52, 0xfd, 0x92, 0xfd, 0x1a, 0xff, 0x56, 0xfe, 0xd4, 0xfd, 0x94, 0xfd,
  0x52, 0xfd, 0x52, 0xfd, 0xd4, 0xfd, 0x56, 0xfe, 0x16, 0xfe, 0x52, 0xfd,
  0x98, 0xfe, 0x56, 0xfe, 0xd4, 0xfd, 0x94, 0xfd, 0xdc, 0xff, 0x56, 0xfe,
  0xd0, 0xfc, 0x8e, 0xf4, 0x4c, 0xa4, 0xca, 0x83, 0x44, 0x52, 0xc4, 0x62,
  0x86, 0xa4, 0x06, 0xc5, 0xc8, 0xd5, 0xec, 0xff, 0xf0, 0xff, 0xf4, 0xff,
  0xf2, 0xff, 0xf2, 0xff, 0xf2, 0xff, 0xf2, 0xff, 0xf2, 0xff, 0xf2, 0xff,
  0xf0, 0xff, 0xf4, 0xff, 0xf6, 0xff, 0xee, 0xff, 0xee, 0xff, 0xf0, 0xff,
  0xf4, 0xff, 0xf2, 0xff, 0xf8, 0xff, 0xf2, 0xff, 0xf4, 0xff, 0xf4, 0xff,
  0xee, 0xff, 0xf0, 0xff, 0xf2, 0xff, 0xee, 0xff, 0xf0, 0xff, 0xf2, 0xff,
  0xee, 0xff, 0xf0, 0xff, 0xce, 0xf6, 0xd0, 0xc5, 0xca, 0x93, 0x4a, 0xd3,
  0x4e, 0xfc, 0xd0, 0xfc, 0x52, 0xfd, 0xd4, 0xfd, 0x92, 0xfd, 0x94, 0xfd,
  0x98, 0xfe, 0x14, 0xfe, 0x56, 0xfe, 0x12, 0xfd, 0x52, 0xfd, 0x52, 0xfd,
  0x12, 0xfd, 0x52, 0xfd, 0x94, 0xfd, 0x16, 0xfe, 0x52, 0xfd, 0x12, 0xfd,
  0xd0, 0xfc, 0x94, 0xfd, 0xd4, 0xfd, 0xd4, 0xfd, 0x94, 0xfd, 0x16, 0xfe,
  0x52, 0xfd, 0x10, 0xfd, 0x12, 0xfd, 0x12, 0xfd, 0x10, 0xfd, 0x90, 0xfc,
  0xd0, 0xfc, 0xd4, 0xfd, 0xd4, 0xfd, 0xd4, 0xfd, 0x56, 0xfe, 0x18, 0xff,
  0x14, 0xfe, 0x94, 0xfd, 0xd4, 0xfd, 0xd4, 0xfd, 0x56, 0xfe, 0x92, 0xfd,
  0x52, 0xfd, 0x92, 0xfd, 0x16, 0xfe, 0xd4, 0xfd, 0x94, 0xfd, 0x92, 0xfd,
  0x14, 0xfe, 0x98, 0xfe, 0xd8, 0xfe, 0x9c, 0xff, 0x16, 0xfe, 0x98, 0xfe,
  0x16, 0xfe, 0x94, 0xfd, 0x52, 0xfd, 0xd4, 0xfd, 0x16, 0xfe, 0x16, 0xfe,
  0x16, 0xfe, 0x92, 0xfd, 0x12, 0xfd, 0x92, 0xfd, 0x14, 0xfe, 0x94, 0xfd,
  0x12, 0xfd, 0x52, 0xfd, 0x94, 0xfd, 0x50, 0xf5, 0x4e, 0xb5, 0xcc, 0x83,
  0x90, 0x63, 0x12, 0x74, 0x94, 0x84, 0xd2, 0x73, 0x56, 0x84, 0x1e, 0xb6,
  0x9e, 0xb6, 0x9f, 0xc6, 0x9e, 0xb6, 0x5e, 0xb6, 0xdf, 0xc6, 0x5e, 0xb6,
  0xdc, 0xa5, 0x18, 0x95, 0x54, 0x74, 0xd6, 0x84, 0x96, 0x84, 0x54, 0x74,
  0x18, 0x95, 0x9a, 0xa5, 0x9e, 0xc6, 0xdf, 0xc6, 0x1f, 0xc7, 0x1f, 0xd7,
  0x5e, 0xb6, 0x5e, 0xb6, 0x9a, 0xa5, 0x5f, 0xd7, 0x9f, 0xe7, 0x9f, 0xd7,
  0xdf, 0xc6, 0x1f, 0xc7, 0x1f, 0xc7, 0xdf, 0xc6, 0x5e, 0xb6, 0x1f, 0xd7,
  0x5f, 0xd7, 0x5f, 0xd7, 0x1f, 0xc7, 0x5f, 0xd7, 0xdf, 0xc6, 0x5f, 0xd7,
  0xdf, 0xc6, 0xdf, 0xc6, 0xdf, 0xc6, 0x5e, 0xb6, 0xdc, 0xa5, 0xda, 0xa5,
  0x1c, 0xb6, 0x1f, 0xd7, 0x1f, 0xc7, 0xdf, 0xc6, 0x1f, 0xd7, 0x1c, 0xb6,
  0x9e, 0xc6, 0x5e, 0xb6, 0x1f, 0xd7, 0xdf, 0xc6, 0x5e, 0xb6, 0x5f, 0xd7,
  0x9f, 0xe7, 0x1f, 0xd7, 0xdf, 0xc6, 0xff, 0xf7, 0x5f, 0xd7, 0x9f, 0xe7,
  0x9f, 0xe7, 0x9f, 0xd7, 0x5f, 0xd7, 0xdf, 0xc6, 0xd2, 0x73, 0xce, 0xa4,
  0xce, 0xa4, 0x86, 0x62, 0xc6, 0x61, 0xca, 0xa2, 0xca, 0x92, 0x44, 0x51,
  0x84, 0x51, 0x48, 0x82, 0xca, 0xc2, 0x90, 0xfc, 0x52, 0xfd, 0xd4, 0xfd,
  0xd4, 0xfd, 0x92, 0xfd, 0x96, 0xfe, 0x16, 0xfe, 0xd4, 0xfd, 0x52, 0xfd,
  0x52, 0xfd, 0x90, 0xfc, 0x4e, 0xfc, 0x52, 0xfd, 0x12, 0xfd, 0x52, 0xfd,
  0x56, 0xfe, 0x56, 0xfe, 0xd8, 0xfe, 0xfe, 0xff, 0x5a, 0xff, 0xd8, 0xfe,
  0x56, 0xfe, 0x18, 0xff, 0x18, 0xff, 0x5a, 0xff, 0x96, 0xfe, 0x16, 0xfe,
  0x56, 0xfe, 0x92, 0xfd, 0x52, 0xfd, 0x96, 0xfe, 0x52, 0xfd, 0x52, 0xfd,
  0x90, 0xfc, 0xd0, 0xfc, 0x94, 0xfd, 0x98, 0xfe, 0x92, 0xfd, 0x4e, 0xfc,
  0x8c, 0xf3, 0xcc, 0xf3, 0x94, 0xfd, 0x56, 0xfe, 0x52, 0xfd, 0xd4, 0xfd,
  0x98, 0xfe, 0x16, 0xfe, 0xdc, 0xff, 0x9c, 0xff, 0xd4, 0xfd, 0x94, 0xfd,
  0x92, 0xfd, 0x52, 0xfd, 0x52, 0xfd, 0x94, 0xfd, 0x18, 0xff, 0x16, 0xfe,
  0x90, 0xfc, 0x92, 0xfd, 0x98, 0xfe, 0x56, 0xfe, 0x14, 0xfe, 0x90, 0xe4,
  0x8c, 0xa4, 0xce, 0xa4, 0x46, 0x73, 0x0a, 0xb5, 0x0e, 0xd6, 0x8a, 0xc5,
  0xf0, 0xff, 0xec, 0xff, 0xee, 0xff, 0xf4, 0xff, 0xf4, 0xff, 0xf0, 0xff,
  0xf4, 0xff, 0xf6, 0xff, 0xf4, 0xff, 0xf4, 0xff, 0xee, 0xff, 0xf6, 0xff,
  0xf2, 0xff, 0xf2, 0xff, 0xf6, 0xff, 0xf2, 0xff, 0xf0, 0xff, 0xf2, 0xff,
  0xfa, 0xff, 0xf0, 0xff, 0xf0, 0xff, 0xf4, 0xff, 0xee, 0xff, 0xec, 0xff,
  0x8a, 0xff, 0xca, 0xff, 0xf0, 0xff, 0xf0, 0xff, 0xf0, 0xff, 0xee, 0xff,
  0x4e, 0xe6, 0xd0, 0xc5, 0x08, 0x83, 0x4a, 0xd3, 0x10, 0xfd, 0x52, 0xfd,
  0x96, 0xfe, 0xd8, 0xfe, 0xd4, 0xfd, 0x14, 0xfe, 0x9c, 0xff, 0x56, 0xfe,
  0x94, 0xfd, 0x92, 0xfd, 0xd4, 0xfd, 0x52, 0xfd, 0x94, 0xfd, 0x52, 0xfd,
  0xd4, 0xfd, 0x1a, 0xff, 0xd4, 0xfd, 0x94, 0xfd, 0x52, 0xfd, 0x16, 0xfe,
  0x96, 0xfe, 0xd4, 0xfd, 0x94, 0xfd, 0xd4, 0xfd, 0x52, 0xfd, 0x12, 0xfd,
  0x92, 0xfd, 0x12, 0xfd, 0xd0, 0xfc, 0xcc, 0xf3, 0x0e, 0xfc, 0xd0, 0xfc,
  0x52, 0xfd, 0xd4, 0xfd, 0xd4, 0xfd, 0x94, 0xfd, 0x92, 0xfd, 0x92, 0xfd,
  0x94, 0xfd, 0xd4, 0xfd, 0xd4, 0xfd, 0x94, 0xfd, 0x14, 0xfe, 0x52, 0xfd,
  0x12, 0xfd, 0x12, 0xfd, 0x52, 0xfd, 0x94, 0xfd, 0xd4, 0xfd, 0x96, 0xfe,
  0xd4, 0xfd, 0x1a, 0xff, 0x98, 0xfe, 0x98, 0xfe, 0x92, 0xfd, 0x52, 0xfd,
  0x94, 0xfd, 0x52, 0xfd, 0xd4, 0xfd, 0x12, 0xfd, 0x52, 0xfd, 0x94, 0xfd,
  0x52, 0xfd, 0x9a, 0xff, 0x5a, 0xff, 0xd4, 0xfd, 0x52, 0xfd, 0x94, 0xfd,
  0x98, 0xfe, 0x50, 0xf5, 0x8c, 0xa4, 0x08, 0x63, 0xc8, 0x31, 0x90, 0x63,
  0x1f, 0xd7, 0x1c, 0xb6, 0x56, 0x84, 0x56, 0x74, 0xd8, 0x94, 0xdc, 0xa5,
  0xdc, 0xa5, 0x18, 0x95, 0x9a, 0xa5, 0x5a, 0x95, 0xd6, 0x84, 0x54, 0x84,
  0x54, 0x84, 0x18, 0x95, 0x9a, 0xa5, 0x96, 0x84, 0x14, 0x74, 0x9a, 0xa5,
  0x9e, 0xc6, 0x5e, 0xb6, 0x5f, 0xd7, 0x9f, 0xe7, 0x9e, 0xc6, 0xdf, 0xc6,
  0x9f, 0xc6, 0x1f, 0xc7, 0x9f, 0xc6, 0x5e, 0xb6, 0x1c, 0xb6, 0xdf, 0xc6,
  0x9f, 0xc6, 0x1c, 0xb6, 0xdf, 0xc6, 0xff, 0xff, 0xdf, 0xe7, 0xdf, 0xc6,
  0x1f, 0xc7, 0x1f, 0xd7, 0x1f, 0xd7, 0xdf, 0xe7, 0x5f, 0xd7, 0x1f, 0xd7,
  0x5f, 0xd7, 0x9e, 0xc6, 0xdc, 0xa5, 0x9e, 0xb6, 0x1f, 0xd7, 0xdf, 0xe7,
  0x5f, 0xd7, 0xdf, 0xe7, 0xdf, 0xe7, 0x9e, 0xc6, 0x5c, 0xb6, 0xdf, 0xc6,
  0x5f, 0xd7, 0xdf, 0xc6, 0x5e, 0xb6, 0x9f, 0xe7, 0xff, 0xf7, 0xff, 0xf7,
  0x1f, 0xd7, 0x9f, 0xe7, 0x1f, 0xd7, 0xff, 0xf7, 0xdf, 0xe7, 0xdc, 0xa5,
  0x18, 0x95, 0x58, 0x95, 0x54, 0x84, 0xce, 0xa4, 0xd0, 0xc5, 0x08, 0x73,
  0x06, 0x82, 0xcc, 0xd3, 0xd4, 0xfd, 0xd0, 0xfc, 0x8c, 0xb3, 0x06, 0x72,
  0x06, 0x82, 0xca, 0xd2, 0x0a, 0xe3, 0x8c, 0xfb, 0x0e, 0xfc, 0x90, 0xfc,
  0x52, 0xfd, 0x52, 0xfd, 0x92, 0xfd, 0x92, 0xfd, 0xd4, 0xfd, 0xd0, 0xfc,
  0xce, 0xfb, 0xcc, 0xf3, 0x0e, 0xfc, 0x0e, 0xfc, 0x4e, 0xfc, 0x4e, 0xfc,
  0x90, 0xfc, 0x5a, 0xff, 0xdc, 0xff, 0x56, 0xfe, 0xd4, 0xfd, 0xd4, 0xfd,
  0x56, 0xfe, 0x56, 0xfe, 0x56, 0xfe, 0x14, 0xfe, 0x12, 0xfd, 0xd0, 0xfc,
  0xd4, 0xfd, 0x16, 0xfe, 0x56, 0xfe, 0x98, 0xfe, 0x12, 0xfd, 0x90, 0xfc,
  0x94, 0xfd, 0x5a, 0xff, 0xdc, 0xff, 0x5a, 0xff, 0xd4, 0xfd, 0x10, 0xfd,
  0x52, 0xfd, 0x94, 0xfd, 0x94, 0xfd, 0x94, 0xfd, 0xd4, 0xfd, 0x10, 0xfd,
  0xd8, 0xfe, 0x18, 0xff, 0x52, 0xfd, 0xd4, 0xfd, 0x96, 0xfe, 0x14, 0xfe,
  0xd0, 0xfc, 0x52, 0xfd, 0x12, 0xfd, 0x52, 0xfd, 0x52, 0xfd, 0x5a, 0xff,
  0x18, 0xff, 0x56, 0xfe, 0x1a, 0xff, 0x94, 0xfd, 0xca, 0x93, 0x4c, 0x94,
  0xc6, 0x83, 0x4c, 0xd6, 0xf0, 0xff, 0xf0, 0xff, 0xf6, 0xff, 0xf0, 0xff,
  0xee, 0xff, 0xf4, 0xff, 0xf4, 0xff, 0xee, 0xff, 0xf2, 0xff, 0xf2, 0xff,
  0xee, 0xff, 0xf0, 0xff, 0xf0, 0xff, 0xf6, 0xff, 0xf0, 0xff, 0xf2, 0xff,
  0xf6, 0xff, 0xf0, 0xff, 0xf0, 0xff, 0xf4, 0xff, 0xf2, 0xff, 0xf0, 0xff,
  0xf2, 0xff, 0xf2, 0xff, 0xf2, 0xff, 0xee, 0xff, 0xee, 0xff, 0xf0, 0xff,
  0xf2, 0xff, 0xf2, 0xff, 0xf4, 0xff, 0xf2, 0xff, 0x4e, 0xe6, 0x0e, 0xb5,
  0x4a, 0x93, 0x8c, 0xd3, 0x52, 0xfd, 0x16, 0xfe, 0x16, 0xfe, 0x94, 0xfd,
  0x92, 0xfd, 0x56, 0xfe, 0xd4, 0xfd, 0x14, 0xfe, 0x56, 0xfe, 0x98, 0xfe,
  0xd4, 0xfd, 0x52, 0xfd, 0x14, 0xfe, 0x52, 0xfd, 0xd8, 0xfe, 0xfe, 0xff,
  0xd8, 0xfe, 0x52, 0xfd, 0x52, 0xfd, 0x1a, 0xff, 0xdc, 0xff, 0x14, 0xfe,
  0x56, 0xfe, 0xd4, 0xfd, 0xd8, 0xfe, 0xd8, 0xfe, 0x94, 0xfd, 0xd0, 0xfc,
  0x10, 0xfd, 0x90, 0xfc, 0x90, 0xfc, 0x12, 0xfd, 0x10, 0xfd, 0x52, 0xfd,
  0x14, 0xfe, 0x94, 0xfd, 0x52, 0xfd, 0x10, 0xfd, 0x52, 0xfd, 0xd4, 0xfd,
  0xd4, 0xfd, 0xd8, 0xfe, 0x14, 0xfe, 0xd4, 0xfd, 0x52, 0xfd, 0x10, 0xfd,
  0x52, 0xfd, 0x14, 0xfe, 0x96, 0xfe, 0xd8, 0xfe, 0xd0, 0xfc, 0x56, 0xfe,
  0x16, 0xfe, 0x52, 0xfd, 0x10, 0xfd, 0x52, 0xfd, 0x14, 0xfe, 0x10, 0xfd,
  0x10, 0xfd, 0x92, 0xfd, 0x52, 0xfd, 0xd0, 0xfc, 0x94, 0xfd, 0x9c, 0xff,
  0x98, 0xfe, 0xd4, 0xfd, 0x14, 0xfe, 0xd4, 0xfd, 0xd8, 0xfe, 0x10, 0xe5,
  0x4c, 0x94, 0x0a, 0x63, 0x4a, 0x42, 0x8c, 0x52, 0x18, 0x95, 0x1f, 0xd7,
  0xda, 0xa5, 0x50, 0x63, 0x0e, 0x53, 0x14, 0x74, 0xd6, 0x84, 0x54, 0x74,
  0x96, 0x84, 0xd6, 0x84, 0xda, 0xa5, 0x5a, 0xa5, 0x16, 0x95, 0xd6, 0x84,
  0x18, 0x95, 0x9a, 0xa5, 0x54, 0x74, 0x54, 0x74, 0x18, 0x95, 0xdc, 0xa5,
  0x9f, 0xd7, 0x9f, 0xc6, 0xdc, 0xa5, 0xdc, 0xa5, 0xdc, 0xa5, 0xdc, 0xa5,
  0x9a, 0xa5, 0xdc, 0xa5, 0x9a, 0xa5, 0x5e, 0xb6, 0xdc, 0xa5, 0x18, 0x95,
  0x9a, 0xa5, 0xdf, 0xc6, 0x1f, 0xc7, 0x1e, 0xb6, 0x58, 0x95, 0x1c, 0xb6,
  0x1c, 0xb6, 0x5e, 0xb6, 0x1f, 0xd7, 0x5e, 0xb6, 0x5e, 0xb6, 0xdf, 0xc6,
  0x9a, 0xa5, 0x1c, 0xb6, 0x1f, 0xd7, 0xdf, 0xe7, 0x9f, 0xe7, 0xdf, 0xe7,
  0x9f, 0xe7, 0x1f, 0xd7, 0xdf, 0xc6, 0xdf, 0xc6, 0x1f, 0xc7, 0xdf, 0xc6,
  0xdf, 0xc6, 0x5f, 0xd7, 0x5f, 0xd7, 0xff, 0xf7, 0x9f, 0xd7, 0x9f, 0xc6,
  0xdf, 0xc6, 0xdf, 0xc6, 0x1c, 0xb6, 0x18, 0x95, 0xd2, 0x73, 0x18, 0x95,
  0x9a, 0xa5, 0xd0, 0xa4, 0xd4, 0xf6, 0x8a, 0x83, 0xc6, 0x71, 0x0e, 0xd4,
  0xd6, 0xfd, 0xd0, 0xfc, 0x8c, 0xc3, 0x0a, 0xa3, 0x4c, 0xb3, 0x0a, 0xb3,
  0x4a, 0xc3, 0xcc, 0xe3, 0x4c, 0xd3, 0xc8, 0xb2, 0xc8, 0xc2, 0x8c, 0xf3,
  0x4e, 0xfc, 0xd4, 0xfd, 0x9c, 0xff, 0x98, 0xfe, 0xd0, 0xfc, 0xd4, 0xfd,
  0x96, 0xfe, 0xd8, 0xfe, 0x56, 0xfe, 0xd4, 0xfd, 0x90, 0xfc, 0x16, 0xfe,
  0x1a, 0xff, 0x52, 0xfd, 0x52, 0xfd, 0xd4, 0xfd, 0xd4, 0xfd, 0x56, 0xfe,
  0x56, 0xfe, 0x16, 0xfe, 0x52, 0xfd, 0x94, 0xfd, 0x92, 0xfd, 0x92, 0xfd,
  0xdc, 0xff, 0xdc, 0xff, 0x98, 0xfe, 0x98, 0xfe, 0x12, 0xfd, 0x96, 0xfe,
  0xff, 0xff, 0xdc, 0xff, 0xd8, 0xfe, 0x52, 0xfd, 0x10, 0xfd, 0xd4, 0xfd,
  0x14, 0xfe, 0xd4, 0xfd, 0xd8, 0xfe, 0x56, 0xfe, 0x94, 0xfd, 0x52, 0xfd,
  0x10, 0xfd, 0x16, 0xfe, 0x14, 0xfe, 0x52, 0xfd, 0x92, 0xfd, 0xd4, 0xfd,
  0x10, 0xfd, 0x56, 0xfe, 0x94, 0xfd, 0x52, 0xfd, 0xd4, 0xfd, 0x56, 0xfe,
  0xdc, 0xff, 0xd8, 0xfe, 0x4c, 0xa4, 0x8c, 0xa4, 0x0a, 0xd6, 0xf0, 0xff,
  0xee, 0xff, 0xee, 0xff, 0xf2, 0xff, 0xf2, 0xff, 0xf4, 0xff, 0xf2, 0xff,
  0xf0, 0xff, 0xf0, 0xff, 0xf8, 0xff, 0xf2, 0xff, 0xee, 0xff, 0xee, 0xff,
  0xf2, 0xff, 0xf0, 0xff, 0xec, 0xff, 0xf0, 0xff, 0xf4, 0xff, 0xf0, 0xff,
  0xf4, 0xff, 0xf4, 0xff, 0xf4, 0xff, 0xf4, 0xff, 0xf4, 0xff, 0xf2, 0xff,
  0xf2, 0xff, 0xf0, 0xff, 0xf0, 0xff, 0xf2, 0xff, 0xf0, 0xff, 0xee, 0xff,
  0xf0, 0xff, 0xee, 0xff, 0x4e, 0xe6, 0x90, 0xc5, 0xca, 0x93, 0x4a, 0xc3,
  0x52, 0xfd, 0x16, 0xfe, 0xd4, 0xfd, 0xd4, 0xfd, 0x52, 0xfd, 0xd4, 0xfd,
  0x52, 0xfd, 0xd0, 0xfc, 0x12, 0xfd, 0x16, 0xfe, 0xd4, 0xfd, 0x92, 0xfd,
  0x52, 0xfd, 0x14, 0xfe, 0x1a, 0xff, 0x56, 0xfe, 0x98, 0xfe, 0x52, 0xfd,
  0x56, 0xfe, 0x52, 0xfd, 0x94, 0xfd, 0x14, 0xfe, 0xd8, 0xfe, 0x56, 0xfe,
  0x1a, 0xff, 0xd8, 0xfe, 0x10, 0xfd, 0x52, 0xfd, 0x92, 0xfd, 0x52, 0xfd,
  0x52, 0xfd, 0xd4, 0xfd, 0x10, 0xfd, 0x52, 0xfd, 0x92, 0xfd, 0xd4, 0xfd,
  0x52, 0xfd, 0x12, 0xfd, 0x12, 0xfd, 0xd4, 0xfd, 0x14, 0xfe, 0x18, 0xff,
  0xd8, 0xfe, 0x98, 0xfe, 0xd4, 0xfd, 0x92, 0xfd, 0x14, 0xfe, 0xd8, 0xfe,
  0x56, 0xfe, 0x14, 0xfe, 0xd0, 0xfc, 0x12, 0xfd, 0xd4, 0xfd, 0x94, 0xfd,
  0x8e, 0xfc, 0x12, 0xfd, 0xd4, 0xfd, 0x52, 0xfd, 0x12, 0xfd, 0xd4, 0xfd,
  0x94, 0xfd, 0x52, 0xfd, 0x92, 0xfd, 0x14, 0xfe, 0xd4, 0xfd, 0x92, 0xfd,
  0x10, 0xfd, 0xd4, 0xfd, 0x14, 0xfe, 0x4e, 0xd4, 0xce, 0xa4, 0x0e, 0x84,
  0xd2, 0x73, 0x54, 0x84, 0x0e, 0x53, 0xda, 0xa5, 0xff, 0xe7, 0x9e, 0xc6,
  0x96, 0x84, 0x90, 0x63, 0xd2, 0x73, 0x54, 0x74, 0x54, 0x84, 0x96, 0x84,
  0x5f, 0xd7, 0xdf, 0xe7, 0x9e, 0xc6, 0x54, 0x84, 0x96, 0x84, 0xd6, 0x94,
  0x16, 0x95, 0x92, 0x63, 0x92, 0x63, 0x96, 0x84, 0x1e, 0xb6, 0x9c, 0xa5,
  0xd8, 0x84, 0x54, 0x84, 0x14, 0x74, 0xd2, 0x73, 0xd2, 0x63, 0x14, 0x74,
  0xd6, 0x84, 0x9a, 0xa5, 0x96, 0x84, 0x90, 0x63, 0x14, 0x74, 0xdf, 0xc6,
  0xff, 0xf7, 0x5e, 0xb6, 0x90, 0x63, 0xd8, 0x84, 0xd6, 0x84, 0x9a, 0xa5,
  0x9e, 0xc6, 0x1c, 0xb6, 0xdc, 0xa5, 0x5e, 0xb6, 0x1c, 0xa6, 0x9a, 0xa5,
  0x9a, 0xa5, 0x9a, 0xa5, 0x5e, 0xb6, 0x5e, 0xb6, 0xdc, 0xa5, 0xdc, 0xa5,
  0x5e, 0xb6, 0x1e, 0xb6, 0x9e, 0xb6, 0xdf, 0xc6, 0x9f, 0xc6, 0x9f, 0xe7,
  0xdf, 0xc6, 0xdc, 0xb5, 0xdc, 0xa5, 0x1c, 0xb6, 0xdf, 0xc6, 0x1c, 0xb6,
  0x1c, 0xb6, 0xda, 0xa5, 0xd6, 0x84, 0xd6, 0x84, 0xd6, 0x94, 0xce, 0xa4,
  0x90, 0xc5, 0x4a, 0x83, 0x4c, 0xb3, 0x98, 0xfe, 0xd4, 0xfd, 0x0e, 0xc4,
  0xce, 0xd3, 0x12, 0xfd, 0xd4, 0xfd, 0x94, 0xfd, 0x96, 0xfe, 0xd8, 0xfe,
  0x18, 0xff, 0xd0, 0xfc, 0x48, 0x92, 0x88, 0xb2, 0x4a, 0xe3, 0x90, 0xfc,
  0x5a, 0xff, 0x5a, 0xff, 0xd8, 0xfe, 0x96, 0xfe, 0x18, 0xff, 0x96, 0xfe,
  0x14, 0xfe, 0x96, 0xfe, 0x52, 0xfd, 0xd4, 0xfd, 0x14, 0xfe, 0x92, 0xfd,
  0xd4, 0xfd, 0x98, 0xfe, 0xd4, 0xfd, 0x56, 0xfe, 0xd8, 0xfe, 0x16, 0xfe,
  0xd0, 0xfc, 0x52, 0xfd, 0xd4, 0xfd, 0xd4, 0xfd, 0x56, 0xfe, 0xd4, 0xfd,
  0xd4, 0xfd, 0x14, 0xfe, 0x94, 0xfd, 0x56, 0xfe, 0x16, 0xfe, 0xd4, 0xfd,
  0x14, 0xfe, 0x52, 0xfd, 0x12, 0xfd, 0x52, 0xfd, 0xd4, 0xfd, 0x56, 0xfe,
  0xd8, 0xfe, 0xd4, 0xfd, 0x56, 0xfe, 0xd4, 0xfd, 0x14, 0xfe, 0xd8, 0xfe,
  0x16, 0xfe, 0xd0, 0xfc, 0x14, 0xfe, 0x14, 0xfe, 0x52, 0xfd, 0xd0, 0xfc,
  0x52, 0xfd, 0xd0, 0xfc, 0x8e, 0xfc, 0x52, 0xfd, 0x16, 0xfe, 0x14, 0xfe,
  0x8c, 0xb4, 0x0a, 0x94, 0xca, 0xd5, 0xf0, 0xff, 0xf0, 0xff, 0xcc, 0xff,
  0xf4, 0xff, 0xfc, 0xff, 0xfc, 0xff, 0xf8, 0xff, 0xcc, 0xff, 0xf0, 0xff,
  0xf4, 0xff, 0xf0, 0xff, 0xf0, 0xff, 0xee, 0xff, 0xf2, 0xff, 0xf0, 0xff,
  0xf0, 0xff, 0xf4, 0xff, 0xf6, 0xff, 0xf0, 0xff, 0xf2, 0xff, 0xf0, 0xff,
  0xf0, 0xff, 0xf4, 0xff, 0xee, 0xff, 0xf2, 0xff, 0xf6, 0xff, 0xf2, 0xff,
  0xf0, 0xff, 0xf0, 0xff, 0xf4, 0xff, 0xf2, 0xff, 0xf2, 0xff, 0x8c, 0xff,
  0x4e, 0xe6, 0x4e, 0xb5, 0x0c, 0xa4, 0x4c, 0xc3, 0x12, 0xfd, 0x56, 0xfe,
  0x1a, 0xff, 0xd8, 0xfe, 0x92, 0xfd, 0xd4, 0xfd, 0x1a, 0xff, 0x10, 0xfd,
  0xd0, 0xfc, 0x94, 0xfd, 0xd4, 0xfd, 0x92, 0xfd, 0x12, 0xfd, 0xd8, 0xfe,
  0xdc, 0xff, 0xd4, 0xfd, 0x92, 0xfd, 0x56, 0xfe, 0x98, 0xfe, 0x92, 0xfd,
  0x12, 0xfd, 0xd4, 0xfd, 0x16, 0xfe, 0xd4, 0xfd, 0xd4, 0xfd, 0x52, 0xfd,
  0x94, 0xfd, 0x56, 0xfe, 0x92, 0xfd, 0x10, 0xfd, 0x14, 0xfe, 0x56, 0xfe,
  0x96, 0xfe, 0x16, 0xfe, 0xd4, 0xfd, 0x56, 0xfe, 0xd4, 0xfd, 0x94, 0xfd,
  0x52, 0xfd, 0x90, 0xfc, 0xd0, 0xfc, 0x56, 0xfe, 0x56, 0xfe, 0x94, 0xfd,
  0x52, 0xfd, 0xd4, 0xfd, 0xd8, 0xfe, 0x5a, 0xff, 0x56, 0xfe, 0xd4, 0xfd,
  0x94, 0xfd, 0x52, 0xfd, 0x14, 0xfe, 0x94, 0xfd, 0x8e, 0xfc, 0xd0, 0xfc,
  0xd0, 0xfc, 0x52, 0xfd, 0x92, 0xfd, 0x94, 0xfd, 0x12, 0xfd, 0x92, 0xfd,
  0x16, 0xfe, 0x52, 0xfd, 0x12, 0xfd, 0x52, 0xfd, 0x52, 0xfd, 0x5a, 0xff,
  0x5a, 0xff, 0x4e, 0xd4, 0xd0, 0xc5, 0x4a, 0x73, 0x8c, 0x42, 0xd2, 0x63,
  0xcc, 0x52, 0x4e, 0x63, 0xd6, 0x84, 0x9a, 0xa5, 0x9a, 0xa5, 0xd6, 0x84,
  0xd2, 0x63, 0x18, 0x95, 0x1f, 0xd7, 0x1f, 0xd7, 0xff, 0xff, 0xff, 0xff,
  0xdf, 0xc6, 0xd6, 0x94, 0xda, 0xa5, 0xdf, 0xc6, 0x9f, 0xd7, 0xdc, 0xa5,
  0x18, 0x95, 0x56, 0x84, 0x9c, 0xa5, 0x96, 0x84, 0xd2, 0x73, 0x14, 0x74,
  0xd6, 0x94, 0x1c, 0xb6, 0x9a, 0xa5, 0x14, 0x74, 0x90, 0x63, 0x96, 0x84,
  0x12, 0x74, 0xcc, 0x52, 0xd2, 0x63, 0x1e, 0xb6, 0xff, 0xe7, 0xdf, 0xe7,
  0x9a, 0xa5, 0x54, 0x84, 0x96, 0x84, 0x14, 0x74, 0x14, 0x74, 0xd8, 0x94,
  0x96, 0x84, 0x96, 0x84, 0x96, 0x84, 0x54, 0x74, 0x14, 0x74, 0xd2, 0x73,
  0xd6, 0x84, 0x56, 0x84, 0x56, 0x84, 0xd8, 0x84, 0xd8, 0x84, 0x18, 0x95,
  0xd8, 0x94, 0x9a, 0xa5, 0x9a, 0xa5, 0xdc, 0xa5, 0x58, 0x95, 0x96, 0x84,
  0x56, 0x84, 0x56, 0x84, 0x9e, 0xc6, 0x1f, 0xc7, 0xdc, 0xa5, 0x9e, 0xb6,
  0xdf, 0xc6, 0x1c, 0xb6, 0xd6, 0x84, 0x10, 0xa5, 0xcc, 0xa4, 0xc8, 0x72,
  0x48, 0x82, 0x4e, 0xe4, 0x16, 0xfe, 0x96, 0xfe, 0x52, 0xfd, 0x90, 0xfc,
  0x90, 0xfc, 0x12, 0xfd, 0xd4, 0xfd, 0x52, 0xfd, 0xd8, 0xfe, 0x50, 0xe4,
  0x88, 0x92, 0x48, 0x82, 0x88, 0xa2, 0xca, 0xd2, 0x12, 0xfd, 0x96, 0xfe,
  0x14, 0xfe, 0x90, 0xfc, 0x90, 0xfc, 0xd0, 0xfc, 0xd0, 0xfc, 0x92, 0xfd,
  0x12, 0xfd, 0x92, 0xfd, 0x52, 0xfd, 0x92, 0xfd, 0x94, 0xfd, 0x94, 0xfd,
  0x92, 0xfd, 0xd4, 0xfd, 0xd4, 0xfd, 0x94, 0xfd, 0x52, 0xfd, 0x52, 0xfd,
  0xd4, 0xfd, 0xd4, 0xfd, 0x52, 0xfd, 0x90, 0xfc, 0xd0, 0xfc, 0x12, 0xfd,
  0x12, 0xfd, 0x52, 0xfd, 0x94, 0xfd, 0x52, 0xfd, 0x52, 0xfd, 0x92, 0xfd,
  0x52, 0xfd, 0xd0, 0xfc, 0xd0, 0xfc, 0x12, 0xfd, 0x56, 0xfe, 0x92, 0xfd,
  0x52, 0xfd, 0x14, 0xfe, 0x94, 0xfd, 0xd4, 0xfd, 0x14, 0xfe, 0xd4, 0xfd,
  0x52, 0xfd, 0xd0, 0xfc, 0x4e, 0xfc, 0x0e, 0xfc, 0x12, 0xfd, 0xd4, 0xfd,
  0x12, 0xfd, 0x56, 0xfe, 0x56, 0xfe, 0x90, 0xf4, 0xca, 0x93, 0x48, 0x73,
  0xc6, 0x83, 0xca, 0xf6, 0x4c, 0xff, 0x88, 0xfe, 0xee, 0xff, 0xf2, 0xff,
  0xf2, 0xff, 0xf6, 0xff, 0xf0, 0xff, 0xf8, 0xff, 0xf6, 0xff, 0xf0, 0xff,
  0xee, 0xff, 0xee, 0xff, 0xf2, 0xff, 0xf0, 0xff, 0xee, 0xff, 0xf0, 0xff,
  0xee, 0xff, 0xec, 0xff, 0xee, 0xff, 0xee, 0xff, 0xec, 0xff, 0xee, 0xff,
  0xf2, 0xff, 0xf4, 0xff, 0xf4, 0xff, 0xf0, 0xff, 0xee, 0xff, 0xee, 0xff,
  0xf2, 0xff, 0xf2, 0xff, 0xf0, 0xff, 0xca, 0xf6, 0xcc, 0xd5, 0xcc, 0xa4,
  0xce, 0xb4, 0x88, 0x92, 0x90, 0xfc, 0xd8, 0xfe, 0xd8, 0xfe, 0x14, 0xfe,
  0x12, 0xfd, 0x52, 0xfd, 0x56, 0xfe, 0x52, 0xfd, 0xd0, 0xfc, 0x56, 0xfe,
  0xd4, 0xfd, 0xd4, 0xfd, 0x14, 0xfe, 0xd4, 0xfd, 0x98, 0xfe, 0x12, 0xfd,
  0x12, 0xfd, 0xd4, 0xfd, 0xd4, 0xfd, 0xd4, 0xfd, 0x52, 0xfd, 0x96, 0xfe,
  0x56, 0xfe, 0x94, 0xfd, 0x94, 0xfd, 0x52, 0xfd, 0x14, 0xfe, 0x16, 0xfe,
  0x52, 0xfd, 0x12, 0xfd, 0xd4, 0xfd, 0x56, 0xfe, 0xd8, 0xfe, 0x96, 0xfe,
  0x56, 0xfe, 0x16, 0xfe, 0x16, 0xfe, 0x94, 0xfd, 0x92, 0xfd, 0xd0, 0xfc,
  0xd0, 0xfc, 0x94, 0xfd, 0x52, 0xfd, 0x52, 0xfd, 0x92, 0xfd, 0xd4, 0xfd,
  0x16, 0xfe, 0xd4, 0xfd, 0xd4, 0xfd, 0x94, 0xfd, 0x52, 0xfd, 0x52, 0xfd,
  0xd4, 0xfd, 0x52, 0xfd, 0x8e, 0xfc, 0x12, 0xfd, 0xd4, 0xfd, 0x94, 0xfd,
  0xd4, 0xfd, 0x56, 0xfe, 0x92, 0xfd, 0x94, 0xfd, 0x92, 0xfd, 0x92, 0xfd,
  0xd4, 0xfd, 0x16, 0xfe, 0x92, 0xfd, 0x1a, 0xff, 0x18, 0xff, 0x90, 0xf5,
  0xd0, 0xc5, 0x88, 0x52, 0x46, 0x21, 0x86, 0x31, 0x4a, 0x42, 0x0e, 0x63,
  0x8c, 0x42, 0x4e, 0x63, 0x9a, 0xa5, 0x9a, 0xa5, 0x94, 0x84, 0x9e, 0xc6,
  0xdf, 0xe7, 0x5f, 0xd7, 0xff, 0xff, 0xff, 0xf7, 0x9e, 0xc6, 0xde, 0xc6,
  0x1f, 0xd7, 0x9e, 0xc6, 0x5f, 0xd7, 0x9f, 0xd7, 0x5f, 0xd7, 0x5e, 0xb6,
  0x58, 0x95, 0x58, 0xa5, 0x58, 0x95, 0xd6, 0x84, 0x5c, 0xb6, 0x1f, 0xd7,
  0xdf, 0xc6, 0x5a, 0x95, 0x96, 0x84, 0xd6, 0x94, 0x58, 0x95, 0xd6, 0x94,
  0x9a, 0xa5, 0xdc, 0xa5, 0x1f, 0xd7, 0xdf, 0xe7, 0xff, 0xff, 0xff, 0xe7,
  0xff, 0xf7, 0xdf, 0xc6, 0x9e, 0xc6, 0x5f, 0xd7, 0x1c, 0xb6, 0xd6, 0x84,
  0x14, 0x74, 0xd2, 0x73, 0x90, 0x63, 0x0e, 0x53, 0x5a, 0x95, 0x5e, 0xb6,
  0x18, 0x95, 0x94, 0x84, 0xd6, 0x84, 0x9a, 0xa5, 0x18, 0x95, 0x14, 0x74,
  0x56, 0x84, 0x9a, 0xa5, 0x5e, 0xb6, 0x5e, 0xb6, 0x5e, 0xb6, 0x54, 0x84,
  0xda, 0xa5, 0xff, 0xe7, 0x5a, 0xa5, 0x54, 0x84, 0xd6, 0x94, 0x90, 0x63,
  0x0e, 0x63, 0xd2, 0xc5, 0x12, 0xd6, 0x0a, 0x83, 0x48, 0x82, 0x88, 0xa2,
  0x52, 0xfd, 0x18, 0xff, 0x18, 0xff, 0xd8, 0xfe, 0x4c, 0xc3, 0x0a, 0xd3,
  0x8c, 0xfb, 0x8c, 0xe3, 0x0e, 0xe4, 0x12, 0xfd, 0xd0, 0xfc, 0x90, 0xfc,
  0x4e, 0xfc, 0x8c, 0xc3, 0x4e, 0xfc, 0x12, 0xfd, 0x52, 0xfd, 0x12, 0xfd,
  0xcc, 0xf3, 0x4c, 0xe3, 0x0e, 0xfc, 0x8e, 0xfc, 0x0e, 0xfc, 0x4e, 0xfc,
  0xd0, 0xfc, 0x90, 0xfc, 0x10, 0xfd, 0xd0, 0xfc, 0x90, 0xfc, 0xd0, 0xfc,
  0x4e, 0xfc, 0x90, 0xfc, 0x12, 0xfd, 0x90, 0xfc, 0xd0, 0xfc, 0x90, 0xfc,
  0x8c, 0xf3, 0x4a, 0xd3, 0x4e, 0xfc, 0xd2, 0xfc, 0x0e, 0xfc, 0xce, 0xfb,
  0x12, 0xfd, 0x90, 0xfc, 0xd0, 0xfc, 0xd4, 0xfd, 0x56, 0xfe, 0x52, 0xfd,
  0xd0, 0xfc, 0x90, 0xfc, 0x94, 0xfd, 0x52, 0xfd, 0xd0, 0xfc, 0x14, 0xfe,
  0xd4, 0xfd, 0xd4, 0xfd, 0x92, 0xfd, 0xd4, 0xfd, 0x52, 0xfd, 0x0e, 0xfc,
  0xcc, 0xfb, 0x0e, 0xfc, 0xd0, 0xfc, 0x94, 0xfd, 0x92, 0xfd, 0xd4, 0xfd,
  0x94, 0xfd, 0x0e, 0xc4, 0x90, 0xc5, 0x4c, 0x94, 0x88, 0xa4, 0xcc, 0xff,
  0xee, 0xff, 0xca, 0xfe, 0x8a, 0xff, 0x4a, 0xff, 0xca, 0xff, 0xee, 0xff,
  0xee, 0xff, 0xf6, 0xff, 0xf2, 0xff, 0xee, 0xff, 0xee, 0xff, 0xec, 0xff,
  0xee, 0xff, 0xf2, 0xff, 0xf0, 0xff, 0xee, 0xff, 0xee, 0xff, 0xec, 0xff,
  0xec, 0xff, 0xec, 0xff, 0xec, 0xff, 0xec, 0xff, 0xf0, 0xff, 0xf0, 0xff,
  0xf2, 0xff, 0xf2, 0xff, 0xee, 0xff, 0xf0, 0xff, 0xee, 0xff, 0xee, 0xff,
  0xee, 0xff, 0x4a, 0xe6, 0x8a, 0xc5, 0x08, 0x63, 0x48, 0x73, 0x88, 0x92,
  0xcc, 0xf3, 0x12, 0xfd, 0x10, 0xfd, 0x4e, 0xfc, 0xd0, 0xfc, 0x94, 0xfd,
  0x5a, 0xff, 0x56, 0xfe, 0x52, 0xfd, 0x56, 0xfe, 0x98, 0xfe, 0x98, 0xfe,
  0x56, 0xfe, 0x12, 0xfd, 0x94, 0xfd, 0x4e, 0xfc, 0x92, 0xfd, 0xd8, 0xfe,
  0xd8, 0xfe, 0x16, 0xfe, 0x52, 0xfd, 0x56, 0xfe, 0x12, 0xfd, 0x12, 0xfd,
  0x94, 0xfd, 0xd4, 0xfd, 0x56, 0xfe, 0xd4, 0xfd, 0x52, 0xfd, 0x12, 0xfd,
  0xd4, 0xfd, 0x1a, 0xff, 0x56, 0xfe, 0x94, 0xfd, 0x16, 0xfe, 0x56, 0xfe,
  0x16, 0xfe, 0x12, 0xfd, 0x90, 0xfc, 0x90, 0xfc, 0x92, 0xfd, 0x16, 0xfe,
  0xd4, 0xfd, 0x52, 0xfd, 0x12, 0xfd, 0x14, 0xfe, 0x1a, 0xff, 0xd8, 0xfe,
  0x98, 0xfe, 0xd4, 0xfd, 0x52, 0xfd, 0xd4, 0xfd, 0x52, 0xfd, 0xd0, 0xfc,
  0x0e, 0xfc, 0x52, 0xfd, 0x56, 0xfe, 0xd8, 0xfe, 0x16, 0xfe, 0x96, 0xfe,
  0x56, 0xfe, 0x94, 0xfd, 0x12, 0xfd, 0x94, 0xfd, 0x56, 0xfe, 0x98, 0xfe,
  0x92, 0xfd, 0xd4, 0xfd, 0x14, 0xfe, 0x4e, 0xd4, 0x0e, 0xb5, 0x0c, 0x94,
  0x4a, 0x42, 0x8a, 0x42, 0xcc, 0x52, 0x54, 0x84, 0x18, 0x95, 0x94, 0x84,
  0x12, 0x74, 0xd6, 0x84, 0x9a, 0xa5, 0xd6, 0x84, 0xd2, 0x73, 0x14, 0x74,
  0x9e, 0xc6, 0xdf, 0xe7, 0xdf, 0xe7, 0xdf, 0xe7, 0x9e, 0xc6, 0x96, 0x84,
  0xd6, 0x84, 0x9e, 0xb6, 0xff, 0xe7, 0xdf, 0xc6, 0x58, 0x95, 0x1c, 0xb6,
  0x9f, 0xd7, 0xff, 0xf7, 0xff, 0xf7, 0xdc, 0xa5, 0x18, 0x95, 0x9a, 0xa5,
  0x5e, 0xb6, 0x1c, 0xb6, 0x9e, 0xc6, 0xff, 0xf7, 0x5f, 0xd7, 0x1e, 0xb6,
  0x1e, 0xb6, 0xdf, 0xc6, 0xff, 0xf7, 0x9f, 0xd7, 0xdf, 0xc6, 0x9f, 0xe7,
  0xff, 0xff, 0xff, 0xf7, 0xdf, 0xe7, 0x1f, 0xc7, 0x18, 0x95, 0x18, 0x95,
  0x58, 0x95, 0x18, 0x95, 0x9a, 0xa5, 0xdf, 0xe7, 0xff, 0xff, 0xff, 0xe7,
  0xdf, 0xc6, 0xdf, 0xc6, 0x1c, 0xb6, 0xd2, 0x63, 0x0e, 0x53, 0x54, 0x74,
  0x9e, 0xc6, 0x1f, 0xd7, 0xdf, 0xe7, 0x9a, 0xa5, 0x9a, 0xa5, 0xdf, 0xc6,
  0xd6, 0x94, 0x12, 0x74, 0xd2, 0x73, 0xcc, 0x52, 0x4a, 0x42, 0x4c, 0x94,
  0xd2, 0xc5, 0x08, 0x93, 0x4c, 0xc3, 0x90, 0xfc, 0x14, 0xfe, 0x56, 0xfe,
  0x96, 0xfe, 0x5a, 0xff, 0xd4, 0xfd, 0xd0, 0xfc, 0x4e, 0xfc, 0x90, 0xfc,
  0xcc, 0xd3, 0x8c, 0xc3, 0x8c, 0xd3, 0x90, 0xfc, 0xd8, 0xfe, 0x56, 0xfe,
  0x4e, 0xfc, 0xcc, 0xfb, 0x8c, 0xe3, 0xce, 0xf3, 0x8c, 0xe3, 0x88, 0xb2,
  0x0a, 0xe3, 0xce, 0xfb, 0x4e, 0xfc, 0xcc, 0xfb, 0x94, 0xfd, 0xd4, 0xfd,
  0x52, 0xfd, 0x4e, 0xfc, 0x8c, 0xf3, 0x0e, 0xfc, 0xcc, 0xfb, 0xce, 0xfb,
  0x8c, 0xfb, 0x8c, 0xfb, 0x90, 0xfc, 0x90, 0xfc, 0x4a, 0xe3, 0x0a, 0xc3,
  0xcc, 0xf3, 0x4e, 0xfc, 0x4c, 0xe3, 0x4c, 0xf3, 0x8c, 0xf3, 0x0a, 0xe3,
  0x0e, 0xfc, 0x98, 0xfe, 0x18, 0xff, 0x14, 0xfe, 0x12, 0xfd, 0x90, 0xfc,
  0x90, 0xfc, 0xcc, 0xfb, 0x50, 0xfc, 0x12, 0xfd, 0x94, 0xfd, 0x94, 0xfd,
  0x12, 0xfd, 0xd4, 0xfd, 0x94, 0xfd, 0x52, 0xfd, 0x90, 0xfc, 0x90, 0xfc,
  0x4e, 0xfc, 0xd0, 0xfc, 0x0e, 0xf4, 0x50, 0xfc, 0x4c, 0xc3, 0x4a, 0x93,
  0x90, 0xc5, 0xca, 0x83, 0x46, 0x73, 0x86, 0xa4, 0xec, 0xff, 0xf0, 0xff,
  0xcc, 0xf6, 0xc8, 0xb4, 0x8a, 0xfe, 0xec, 0xff, 0xee, 0xff, 0xee, 0xff,
  0xec, 0xff, 0xee, 0xff, 0xec, 0xff, 0xec, 0xff, 0xec, 0xff, 0xec, 0xff,
  0xf0, 0xff, 0xf0, 0xff, 0xf0, 0xff, 0xec, 0xff, 0xea, 0xff, 0xec, 0xff,
  0xec, 0xff, 0xec, 0xff, 0xee, 0xff, 0xee, 0xff, 0xf2, 0xff, 0xf0, 0xff,
  0xf0, 0xff, 0xee, 0xff, 0xf0, 0xff, 0xee, 0xff, 0x4c, 0xff, 0xc8, 0xa4,
  0x8a, 0xa4, 0xca, 0x83, 0x86, 0x62, 0x88, 0xa2, 0x4e, 0xfc, 0x52, 0xfd,
  0x52, 0xfd, 0xd0, 0xfc, 0x52, 0xfd, 0x16, 0xfe, 0x9a, 0xff, 0x16, 0xfe,
  0x12, 0xfd, 0x56, 0xfe, 0xdc, 0xff, 0xd8, 0xfe, 0x52, 0xfd, 0x94, 0xfd,
  0x56, 0xfe, 0x94, 0xfd, 0xd8, 0xfe, 0xd8, 0xfe, 0x9c, 0xff, 0xd8, 0xfe,
  0x94, 0xfd, 0xd0, 0xfc, 0x90, 0xfc, 0x14, 0xfe, 0xd4, 0xfd, 0x16, 0xfe,
  0x94, 0xfd, 0x52, 0xfd, 0x52, 0xfd, 0x52, 0xfd, 0x98, 0xfe, 0xd8, 0xfe,
  0xd4, 0xfd, 0x52, 0xfd, 0x16, 0xfe, 0xd4, 0xfd, 0x92, 0xfd, 0x12, 0xfd,
  0x10, 0xfd, 0x4e, 0xfc, 0x90, 0xfc, 0xd4, 0xfd, 0x56, 0xfe, 0xd4, 0xfd,
  0x92, 0xfd, 0xd8, 0xfe, 0xfe, 0xff, 0x1a, 0xff, 0x14, 0xfe, 0x52, 0xfd,
  0x56, 0xfe, 0x1a, 0xff, 0xd4, 0xfd, 0x12, 0xfd, 0xd0, 0xfc, 0x16, 0xfe,
  0xd4, 0xfd, 0x16, 0xfe, 0xd4, 0xfd, 0x12, 0xfd, 0x12, 0xfd, 0x12, 0xfd,
  0xd0, 0xfc, 0x12, 0xfd, 0x52, 0xfd, 0x92, 0xfd, 0x92, 0xfd, 0xd4, 0xfd,
  0x52, 0xfd, 0x4c, 0xd4, 0x8e, 0xa4, 0x4e, 0x94, 0x90, 0x63, 0x96, 0x84,
  0x18, 0x95, 0x18, 0x95, 0x9a, 0xa5, 0x96, 0x84, 0x0e, 0x53, 0xd0, 0x63,
  0x5a, 0xa5, 0xd2, 0x73, 0x54, 0x84, 0x96, 0x84, 0xdc, 0xa5, 0xdf, 0xc6,
  0xdf, 0xe7, 0x1f, 0xc7, 0x9e, 0xc6, 0x1c, 0xb6, 0x5a, 0xa5, 0x1c, 0xb6,
  0x9a, 0xa5, 0x9a, 0xa5, 0x5f, 0xd7, 0x5f, 0xd7, 0xdc, 0xa5, 0x5e, 0xb6,
  0x5e, 0xb6, 0xdf, 0xc6, 0xd6, 0x84, 0xd6, 0x94, 0xdf, 0xc6, 0xdc, 0xa5,
  0x5e, 0xb6, 0xde, 0xc6, 0x58, 0x95, 0x96, 0x84, 0x54, 0x74, 0x56, 0x84,
  0xd8, 0x94, 0x18, 0x95, 0x9a, 0xa5, 0x58, 0xa5, 0xde, 0xc6, 0xdf, 0xc6,
  0x1f, 0xc7, 0x1f, 0xc7, 0x9e, 0xc6, 0x1c, 0xb6, 0x9e, 0xc6, 0x1f, 0xd7,
  0x1c, 0xb6, 0xdf, 0xc6, 0xff, 0xff, 0xff, 0xf7, 0x9e, 0xc6, 0x1c, 0xb6,
  0x1c, 0xb6, 0x58, 0x95, 0x8c, 0x52, 0x4a, 0x42, 0xce, 0x52, 0xd2, 0x73,
  0xdc, 0xa5, 0x14, 0x74, 0x0e, 0x53, 0x90, 0x63, 0xd2, 0x73, 0x16, 0x95,
  0xda, 0xa5, 0x54, 0x84, 0xd0, 0x73, 0xce, 0xa4, 0x0e, 0xb5, 0x88, 0x82,
  0x4e, 0xf4, 0x14, 0xfe, 0x16, 0xfe, 0x14, 0xfe, 0xd8, 0xfe, 0x18, 0xff,
  0x14, 0xfe, 0x52, 0xfd, 0xd8, 0xfe, 0x96, 0xfe, 0xd0, 0xfc, 0x4c, 0xc3,
  0xca, 0xb2, 0x4c, 0xd3, 0x16, 0xfe, 0xd8, 0xfe, 0xce, 0xd3, 0xca, 0xb2,
  0xcc, 0xf3, 0x90, 0xf4, 0x0a, 0xb3, 0x48, 0x92, 0x4c, 0xd3, 0x0e, 0xfc,
  0x94, 0xfd, 0x90, 0xfc, 0xd4, 0xfd, 0x98, 0xfe, 0x94, 0xfd, 0x12, 0xfd,
  0x12, 0xfd, 0x50, 0xfc, 0x12, 0xfd, 0x94, 0xfd, 0x4e, 0xf4, 0x4c, 0xc3,
  0x4c, 0xd3, 0xd0, 0xfc, 0xd0, 0xfc, 0xd0, 0xfc, 0xd2, 0xf4, 0x12, 0xfd,
  0x94, 0xfd, 0x0e, 0xc4, 0x88, 0x92, 0x48, 0x92, 0x0a, 0xe3, 0x94, 0xfd,
  0xd4, 0xfd, 0xd0, 0xfc, 0x94, 0xfd, 0x12, 0xfd, 0x90, 0xfc, 0xd2, 0xfc,
  0x52, 0xfd, 0x0e, 0xfc, 0x50, 0xfc, 0xd0, 0xfc, 0x4e, 0xfc, 0x0e, 0xfc,
  0x54, 0xfd, 0x5c, 0xff, 0x94, 0xfd, 0x8c, 0xe3, 0x4c, 0xd3, 0xce, 0xf3,
  0xcc, 0xe3, 0x0a, 0xb3, 0x88, 0x82, 0xc8, 0x72, 0x8e, 0xa4, 0x08, 0x73,
  0x44, 0x52, 0xc6, 0x83, 0xce, 0xff, 0xf6, 0xff, 0xf0, 0xff, 0xee, 0xff,
  0xee, 0xff, 0x4a, 0xff, 0x4a, 0xff, 0xee, 0xff, 0xee, 0xff, 0xf4, 0xff,
  0xf2, 0xff, 0xf0, 0xff, 0xf4, 0xff, 0xf2, 0xff, 0xee, 0xff, 0xee, 0xff,
  0xee, 0xff, 0x4a, 0xff, 0x4a, 0xff, 0x4a, 0xff, 0x48, 0xe6, 0xca, 0xff,
  0x8a, 0xff, 0xc8, 0xfe, 0xca, 0xff, 0xcc, 0xff, 0xf0, 0xff, 0x4a, 0xff,
  0xee, 0xff, 0xf0, 0xff, 0xf0, 0xff, 0x4a, 0xd6, 0x0c, 0xb5, 0x52, 0xd6,
  0xca, 0x93, 0xc8, 0xa2, 0x90, 0xfc, 0xd4, 0xfd, 0x18, 0xff, 0x16, 0xfe,
  0xd4, 0xfd, 0xd4, 0xfd, 0x52, 0xfd, 0x16, 0xfe, 0x98, 0xfe, 0x94, 0xfd,
  0x5a, 0xff, 0xd4, 0xfd, 0x90, 0xfc, 0x94, 0xfd, 0x98, 0xfe, 0x5a, 0xff,
  0x5a, 0xff, 0x5a, 0xff, 0x18, 0xff, 0x56, 0xfe, 0x18, 0xff, 0x94, 0xfd,
  0xd4, 0xfd, 0x5a, 0xff, 0x98, 0xfe, 0x16, 0xfe, 0xd0, 0xfc, 0x90, 0xfc,
  0xd0, 0xfc, 0xd4, 0xfd, 0x5a, 0xff, 0xd8, 0xfe, 0xd4, 0xfd, 0x52, 0xfd,
  0xd4, 0xfd, 0x52, 0xfd, 0xd0, 0xfc, 0x52, 0xfd, 0x52, 0xfd, 0x52, 0xfd,
  0x92, 0xfd, 0xd4, 0xfd, 0x12, 0xfd, 0x10, 0xfd, 0x94, 0xfd, 0x16, 0xfe,
  0x1a, 0xff, 0x16, 0xfe, 0x52, 0xfd, 0x52, 0xfd, 0x56, 0xfe, 0x18, 0xff,
  0xd8, 0xfe, 0xd4, 0xfd, 0xd4, 0xfd, 0xd8, 0xfe, 0x96, 0xfe, 0x56, 0xfe,
  0x96, 0xfe, 0x94, 0xfd, 0x92, 0xfd, 0x92, 0xfd, 0x10, 0xfd, 0xd0, 0xfc,
  0xd4, 0xfd, 0x52, 0xfd, 0x10, 0xfd, 0x12, 0xfd, 0x12, 0xfd, 0xce, 0xe4,
  0x0e, 0xb5, 0xcc, 0x83, 0x4a, 0x42, 0x0e, 0x53, 0x54, 0x74, 0x94, 0x84,
  0xd6, 0x94, 0xd2, 0x73, 0xd0, 0x73, 0xd4, 0x84, 0x16, 0x95, 0x16, 0x95,
  0x14, 0x74, 0xd6, 0x84, 0x90, 0x63, 0x12, 0x74, 0x9a, 0xa5, 0x9a, 0xa5,
  0x1c, 0xb6, 0x9e, 0xb6, 0x1c, 0xb6, 0x58, 0x95, 0x90, 0x63, 0x94, 0x84,
  0x9a, 0xa5, 0x9a, 0xa5, 0x92, 0x63, 0xce, 0x52, 0x50, 0x63, 0x12, 0x74,
  0x0e, 0x53, 0xd2, 0x73, 0xd2, 0x73, 0xce, 0x52, 0x90, 0x63, 0x12, 0x74,
  0x90, 0x63, 0xcc, 0x52, 0xcc, 0x52, 0xcc, 0x52, 0x8c, 0x42, 0x50, 0x63,
  0x58, 0x95, 0x16, 0x95, 0x50, 0x63, 0xd2, 0x73, 0x96, 0x84, 0x18, 0x95,
  0x1c, 0xb6, 0x5c, 0xb6, 0x5c, 0xc6, 0x96, 0x84, 0x4e, 0x63, 0x90, 0x63,
  0x12, 0x74, 0x50, 0x63, 0x90, 0x63, 0x0e, 0x53, 0x4e, 0x63, 0xd2, 0x73,
  0x0e, 0x53, 0x4a, 0x42, 0xc8, 0x31, 0x0a, 0x32, 0x0e, 0x53, 0xd2, 0x73,
  0x0a, 0x42, 0x08, 0x32, 0x12, 0x74, 0x54, 0x84, 0xd6, 0x94, 0x94, 0x84,
  0xd0, 0x73, 0xd2, 0xc5, 0x8e, 0xa4, 0x46, 0x72, 0x0a, 0xb3, 0x0e, 0xe4,
  0x8c, 0xd3, 0x0a, 0xc3, 0x0e, 0xf4, 0xd0, 0xfc, 0x4e, 0xfc, 0x0a, 0xc3,
  0x8c, 0xd3, 0x8c, 0xd3, 0x8c, 0xd3, 0x0e, 0xf4, 0x4c, 0xc3, 0xca, 0xa2,
  0x8c, 0xd3, 0x52, 0xfd, 0xd0, 0xfc, 0xca, 0xa2, 0x88, 0x92, 0x8c, 0xc3,
  0x88, 0x92, 0x88, 0x92, 0x4c, 0xc3, 0xca, 0xb2, 0x4e, 0xf4, 0xd0, 0xfc,
  0x0e, 0xfc, 0x50, 0xfc, 0xce, 0xf3, 0x8c, 0xd3, 0x4c, 0xd3, 0x4a, 0xd3,
  0x8c, 0xd3, 0x90, 0xfc, 0x94, 0xfd, 0xd2, 0xfc, 0xca, 0xb2, 0x4c, 0xd3,
  0x8c, 0xd3, 0xcc, 0xe3, 0xd0, 0xfc, 0x4e, 0xf4, 0x94, 0xfd, 0x52, 0xfd,
  0xd0, 0xfc, 0x0e, 0xe4, 0x88, 0xb2, 0x0a, 0xe3, 0xcc, 0xf3, 0x4c, 0xe3,
  0xce, 0xfb, 0x4a, 0xd3, 0x4c, 0xd3, 0x90, 0xfc, 0x8c, 0xd3, 0x8c, 0xe3,
  0x8c, 0xf3, 0x4c, 0xe3, 0x0a, 0xb3, 0xc8, 0xa2, 0x50, 0xe4, 0x12, 0xfd,
  0x50, 0xf4, 0xc8, 0xa2, 0x46, 0x82, 0x4a, 0xc3, 0xce, 0xd3, 0x88, 0x92,
  0x88, 0x82, 0x46, 0x62, 0xce, 0xa4, 0xca, 0x83, 0xc6, 0x83, 0x88, 0xc5,
  0x4a, 0xe6, 0xf0, 0xff, 0xee, 0xff, 0xee, 0xff, 0xee, 0xff, 0x8a, 0xf6,
  0xc6, 0xb4, 0x8a, 0xf6, 0x0c, 0xff, 0x4c, 0xff, 0xcc, 0xff, 0x4c, 0xff,
  0x0e, 0xff, 0xce, 0xff, 0x4c, 0xff, 0x0e, 0xf7, 0xcc, 0xc5, 0x48, 0xc5,
  0x88, 0xd5, 0xc6, 0xb4, 0x46, 0xa4, 0xc8, 0xb4, 0x88, 0xa4, 0xc8, 0xb4,
  0xc8, 0xb4, 0x46, 0xa4, 0x88, 0xd5, 0x46, 0xd5, 0xca, 0xfe, 0xee, 0xff,
  0xee, 0xff, 0x8a, 0xe6, 0x4a, 0xb5, 0x90, 0xc5, 0xce, 0xb4, 0xc8, 0xb2,
  0xcc, 0xf3, 0x52, 0xfd, 0xd8, 0xfe, 0x16, 0xfe, 0xd4, 0xfd, 0xd4, 0xfd,
  0x52, 0xfd, 0xd4, 0xfd, 0x12, 0xfd, 0x52, 0xfd, 0xd4, 0xfd, 0x14, 0xfe,
  0x12, 0xfd, 0x94, 0xfd, 0x16, 0xfe, 0xd4, 0xfd, 0x96, 0xfe, 0x1a, 0xff,
  0x98, 0xfe, 0x56, 0xfe, 0x96, 0xfe, 0xd4, 0xfd, 0xd4, 0xfd, 0x56, 0xfe,
  0x16, 0xfe, 0x56, 0xfe, 0x94, 0xfd, 0x10, 0xfd, 0x52, 0xfd, 0x56, 0xfe,
  0xdc, 0xff, 0x98, 0xfe, 0x14, 0xfe, 0xd4, 0xfd, 0xd0, 0xfc, 0xcc, 0xf3,
  0x90, 0xfc, 0x12, 0xfd, 0x52, 0xfd, 0x52, 0xfd, 0xd4, 0xfd, 0x16, 0xfe,
  0xd4, 0xfd, 0x52, 0xfd, 0xd4, 0xfd, 0xd4, 0xfd, 0x18, 0xff, 0x12, 0xfd,
  0xd0, 0xfc, 0xd0, 0xfc, 0xd0, 0xfc, 0xd4, 0xfd, 0x5a, 0xff, 0x16, 0xfe,
  0x98, 0xfe, 0x98, 0xfe, 0xd4, 0xfd, 0x92, 0xfd, 0x16, 0xfe, 0x16, 0xfe,
  0x52, 0xfd, 0x10, 0xfd, 0x52, 0xfd, 0x94, 0xfd, 0xd4, 0xfd, 0x12, 0xfd,
  0x10, 0xfd, 0x52, 0xfd, 0x52, 0xfd, 0x4c, 0xc4, 0x90, 0xc5, 0x4c, 0x94,
  0x46, 0x42, 0x88, 0x52, 0x8c, 0x73, 0x0e, 0x84, 0xce, 0x73, 0x4c, 0x63,
  0xce, 0x83, 0x8c, 0x73, 0x4c, 0x63, 0x8e, 0x73, 0x4c, 0x73, 0x4c, 0x73,
  0x4c, 0x73, 0x4c, 0x63, 0x4c, 0x73, 0x8c, 0x73, 0xce, 0x73, 0xce, 0x73,
  0x4c, 0x73, 0x4c, 0x63, 0x0a, 0x63, 0x0a, 0x63, 0x8c, 0x73, 0xce, 0x73,
  0x8c, 0x73, 0xcc, 0x83, 0xce, 0x73, 0xce, 0x83, 0x8c, 0x73, 0x0a, 0x63,
  0xca, 0x52, 0xca, 0x62, 0x48, 0x52, 0x8a, 0x52, 0x8c, 0x73, 0x4a, 0x63,
  0x8c, 0x83, 0x4a, 0x73, 0x88, 0x52, 0x0a, 0x63, 0x8c, 0x73, 0x4c, 0x73,
  0x4e, 0x84, 0xce, 0x83, 0x8e, 0x73, 0x0c, 0x63, 0x4c, 0x63, 0xce, 0x73,
  0x10, 0x84, 0x0e, 0x84, 0x0a, 0x63, 0xca, 0x62, 0x8a, 0x52, 0x0a, 0x63,
  0x0a, 0x63, 0xca, 0x52, 0x88, 0x52, 0x48, 0x52, 0xca, 0x52, 0x0a, 0x63,
  0x46, 0x52, 0x0a, 0x63, 0xca, 0x62, 0x4a, 0x42, 0xc6, 0x41, 0x46, 0x52,
  0x8c, 0x73, 0x4a, 0x63, 0x0e, 0x84, 0x90, 0x94, 0x8c, 0x73, 0x8e, 0xa4,
  0xce, 0xa4, 0x08, 0x73, 0x88, 0x72, 0x0a, 0x93, 0x0c, 0xb4, 0xcc, 0xa3,
  0x8a, 0xa3, 0x4a, 0xa3, 0x8a, 0xa3, 0x8a, 0xa3, 0x88, 0x72, 0xc8, 0x82,
  0xc8, 0x82, 0x4a, 0x93, 0x4a, 0x93, 0xc8, 0x72, 0x46, 0x72, 0x0a, 0x93,
  0x08, 0x93, 0x88, 0x72, 0x46, 0x62, 0x88, 0x62, 0x88, 0x62, 0xc8, 0x72,
  0x08, 0x83, 0x08, 0x83, 0x4a, 0x93, 0x88, 0x82, 0x4a, 0xa3, 0xcc, 0xb3,
  0x0a, 0x93, 0xc8, 0x72, 0x88, 0x72, 0x88, 0x72, 0x4a, 0x93, 0xc8, 0x92,
  0x4a, 0xa3, 0x0c, 0xb4, 0x0a, 0x93, 0x0a, 0x93, 0x46, 0x62, 0x46, 0x62,
  0x8a, 0x93, 0xc8, 0x72, 0x46, 0x62, 0x46, 0x72, 0x0a, 0x93, 0x08, 0x93,
  0x88, 0x72, 0x46, 0x72, 0xc8, 0x92, 0x4a, 0x93, 0xc8, 0x92, 0x88, 0x82,
  0xc8, 0x82, 0x8a, 0xa3, 0xcc, 0xa3, 0x8e, 0xc4, 0x4a, 0x93, 0xc8, 0x62,
  0x08, 0x73, 0x4a, 0x83, 0x8a, 0x93, 0x8a, 0xa3, 0x8a, 0x93, 0xc8, 0x72,
  0x46, 0x62, 0xc8, 0x82, 0x4a, 0x93, 0x4a, 0x83, 0xc8, 0x72, 0x48, 0x83,
  0x90, 0xc5, 0xcc, 0xa4, 0x4a, 0x94, 0x08, 0x94, 0xc8, 0x83, 0xca, 0xa4,
  0xca, 0xb4, 0xca, 0xb4, 0x4c, 0xc5, 0x4c, 0xb5, 0x8a, 0xa4, 0x08, 0x94,
  0x08, 0x94, 0x48, 0xa4, 0x88, 0xa4, 0x8a, 0xa4, 0xc8, 0x83, 0x0a, 0x94,
  0x08, 0x94, 0x4a, 0x94, 0x88, 0x73, 0x88, 0x73, 0x48, 0x73, 0xc6, 0x62,
  0x4a, 0x94, 0x4a, 0x94, 0xc8, 0x83, 0x86, 0x73, 0x88, 0x83, 0x06, 0x73,
  0x08, 0x94, 0x48, 0xa4, 0x48, 0xa4, 0x8a, 0xa4, 0x48, 0x94, 0x0c, 0xb5,
  0x0c, 0xb5, 0x52, 0xd6, 0x0e, 0xb5, 0x4a, 0xb3, 0xd0, 0xfc, 0x94, 0xfd,
  0x14, 0xfe, 0xd4, 0xfd, 0x52, 0xfd, 0x52, 0xfd, 0x94, 0xfd, 0xd0, 0xfc,
  0x92, 0xfd, 0x52, 0xfd, 0x52, 0xfd, 0x14, 0xfe, 0x94, 0xfd, 0x92, 0xfd,
  0x56, 0xfe, 0xd4, 0xfd, 0x14, 0xfe, 0x92, 0xfd, 0x94, 0xfd, 0xd8, 0xfe,
  0x16, 0xfe, 0x56, 0xfe, 0x94, 0xfd, 0xd4, 0xfd, 0x94, 0xfd, 0x56, 0xfe,
  0xd8, 0xfe, 0x56, 0xfe, 0x56, 0xfe, 0x56, 0xfe, 0xd8, 0xfe, 0x98, 0xfe,
  0x92, 0xfd, 0x52, 0xfd, 0x90, 0xfc, 0x8c, 0xe3, 0x12, 0xfd, 0x94, 0xfd,
  0x14, 0xfe, 0xd4, 0xfd, 0x56, 0xfe, 0x96, 0xfe, 0x16, 0xfe, 0x94, 0xfd,
  0xd4, 0xfd, 0x12, 0xfd, 0x94, 0xfd, 0x92, 0xfd, 0xd4, 0xfd, 0x52, 0xfd,
  0x92, 0xfd, 0x56, 0xfe, 0x98, 0xfe, 0x98, 0xfe, 0x1a, 0xff, 0x98, 0xfe,
  0x94, 0xfd, 0xd4, 0xfd, 0x92, 0xfd, 0x52, 0xfd, 0x52, 0xfd, 0x12, 0xfd,
  0x52, 0xfd, 0x94, 0xfd, 0x12, 0xfd, 0x90, 0xfc, 0x12, 0xfd, 0x14, 0xfe,
  0x14, 0xfe, 0xcc, 0xa3, 0x50, 0xb5, 0x0e, 0xb5, 0x4c, 0x94, 0x8a, 0x83,
  0x0e, 0xb5, 0x12, 0xd6, 0x50, 0xc5, 0x8c, 0xa4, 0xd4, 0xf6, 0xd4, 0xe6,
  0x4e, 0xb5, 0xce, 0xa4, 0x50, 0xb5, 0x0c, 0x94, 0xcc, 0xa4, 0x4c, 0x94,
  0x0e, 0xb5, 0x4e, 0xb5, 0x90, 0xc5, 0x4e, 0xb5, 0xce, 0xa4, 0x0c, 0x94,
  0xca, 0x83, 0x0c, 0x94, 0x0e, 0xb5, 0x50, 0xc5, 0x4c, 0x94, 0x4e, 0xb5,
  0xce, 0xb4, 0x90, 0xc5, 0x90, 0xc5, 0xce, 0xa4, 0x4c, 0x94, 0x0e, 0xb5,
  0x8c, 0xa4, 0x4c, 0x94, 0x8c, 0xa4, 0xce, 0xa4, 0x50, 0xc5, 0x8c, 0xa4,
  0x48, 0x73, 0x4c, 0x94, 0xd0, 0xc5, 0x0e, 0xb5, 0x12, 0xd6, 0x12, 0xd6,
  0x12, 0xd6, 0x0e, 0xb5, 0x8a, 0x73, 0x8c, 0x94, 0x0e, 0xb5, 0x12, 0xd6,
  0x12, 0xd6, 0x0e, 0xb5, 0xce, 0xa4, 0x50, 0xb5, 0x52, 0xd6, 0xd0, 0xc5,
  0x4e, 0xb5, 0x8c, 0xa4, 0xca, 0x83, 0x8c, 0xa4, 0x48, 0x73, 0x0e, 0xb5,
  0x54, 0xe6, 0xce, 0xa4, 0x4a, 0x73, 0x48, 0x73, 0x90, 0xc5, 0x50, 0xb5,
  0x12, 0xd6, 0xd8, 0xff, 0x52, 0xd6, 0x90, 0xc5, 0xd4, 0xf6, 0x0e, 0xb5,
  0x0a, 0x94, 0x0a, 0x94, 0x4c, 0x94, 0x4c, 0xa4, 0x50, 0xc5, 0x4c, 0x94,
  0x4c, 0xa4, 0x0a, 0x94, 0x48, 0x73, 0xca, 0x83, 0x8c, 0xa4, 0x0e, 0xb5,
  0x4e, 0xb5, 0x8c, 0xa4, 0x4c, 0xa4, 0x8c, 0xa4, 0x0e, 0xb5, 0xcc, 0xa4,
  0x4e, 0xb5, 0x0e, 0xb5, 0x8c, 0xa4, 0x4c, 0x94, 0x0e, 0xb5, 0x4c, 0x94,
  0x4c, 0x94, 0x4c, 0x94, 0x8e, 0xa4, 0x90, 0xc5, 0x0c, 0x94, 0x4c, 0x94,
  0x0a, 0x84, 0xce, 0xa4, 0x52, 0xd6, 0x0e, 0xb5, 0x4c, 0x94, 0x54, 0xd6,
  0xca, 0x83, 0xcc, 0xa4, 0xca, 0x83, 0x08, 0x63, 0x8c, 0xa4, 0x0e, 0xb5,
  0xd0, 0xc5, 0x0a, 0x84, 0x0a, 0x94, 0x48, 0x73, 0x8a, 0x73, 0xce, 0xa4,
  0x0c, 0x94, 0x54, 0xd6, 0x4e, 0xb5, 0xce, 0xa4, 0xcc, 0xa4, 0xd4, 0xe6,
  0x50, 0xc5, 0x12, 0xd6, 0x4e, 0xb5, 0xce, 0xa4, 0x4e, 0xb5, 0x4e, 0xb5,
  0x4e, 0xb5, 0x12, 0xd6, 0xd0, 0xc5, 0xce, 0xa4, 0x4c, 0x94, 0x0e, 0xb5,
  0x52, 0xd6, 0x92, 0xe6, 0x90, 0xc5, 0x0e, 0xb5, 0x12, 0xd6, 0x12, 0xd6,
  0xd4, 0xe6, 0x4e, 0xb5, 0xcc, 0xa4, 0xce, 0xa4, 0xce, 0xb4, 0x90, 0xc5,
  0x12, 0xd6, 0x52, 0xd6, 0x52, 0xd6, 0xd0, 0xd5, 0x0a, 0x94, 0xca, 0x83,
  0x8c, 0xa4, 0x12, 0xd6, 0xce, 0xa4, 0x12, 0xd6, 0xce, 0xa4, 0x12, 0xd6,
  0x90, 0xc5, 0x0e, 0xb5, 0x8c, 0xa4, 0x4c, 0x94, 0x90, 0xc5, 0x90, 0xc5,
  0x4c, 0x94, 0x0a, 0x84, 0x12, 0xd6, 0xd2, 0xd5, 0xce, 0xa4, 0x4c, 0x94,
  0x0a, 0x94, 0xce, 0xa4, 0x0a, 0x84, 0xd0, 0xc5, 0x90, 0xc5, 0x4c, 0x94,
  0x0c, 0x94, 0x88, 0x92, 0x4e, 0xfc, 0x52, 0xfd, 0x16, 0xfe, 0x96, 0xfe,
  0x92, 0xfd, 0x10, 0xfd, 0x52, 0xfd, 0x52, 0xfd, 0x56, 0xfe, 0xd8, 0xfe,
  0x92, 0xfd, 0x94, 0xfd, 0x96, 0xfe, 0xd8, 0xfe, 0x98, 0xfe, 0xd4, 0xfd,
  0x94, 0xfd, 0xd4, 0xfd, 0x92, 0xfd, 0x16, 0xfe, 0x94, 0xfd, 0xd4, 0xfd,
  0x56, 0xfe, 0xd4, 0xfd, 0x92, 0xfd, 0xd4, 0xfd, 0xd8, 0xfe, 0x98, 0xfe,
  0xd8, 0xfe, 0x1a, 0xff, 0x5a, 0xff, 0x5a, 0xff, 0xd4, 0xfd, 0x56, 0xfe,
  0x16, 0xfe, 0x94, 0xfd, 0x52, 0xfd, 0x56, 0xfe, 0x14, 0xfe, 0x94, 0xfd,
  0x56, 0xfe, 0x14, 0xfe, 0x94, 0xfd, 0xd4, 0xfd, 0x14, 0xfe, 0x52, 0xfd,
  0xd0, 0xfc, 0x10, 0xfd, 0x92, 0xfd, 0x14, 0xfe, 0xd4, 0xfd, 0x1a, 0xff,
  0x14, 0xfe, 0x94, 0xfd, 0x52, 0xfd, 0x94, 0xfd, 0x52, 0xfd, 0x92, 0xfd,
  0xd4, 0xfd, 0x96, 0xfe, 0x94, 0xfd, 0x92, 0xfd, 0xd4, 0xfd, 0xd4, 0xfd,
  0x90, 0xfc, 0x52, 0xfd, 0xd4, 0xfd, 0x94, 0xfd, 0x14, 0xfe, 0x8a, 0xa3,
  0x4e, 0xb5, 0x4e, 0xb5, 0x0a, 0xb5, 0x8c, 0xc5, 0xce, 0xd5, 0x4e, 0xe6,
  0x90, 0xe6, 0xcc, 0xc5, 0xd4, 0xff, 0x92, 0xff, 0x4e, 0xe6, 0x94, 0xff,
  0xd4, 0xff, 0x90, 0xe6, 0x8e, 0xe6, 0x4a, 0xb5, 0x8c, 0xc5, 0xcc, 0xd5,
  0x10, 0xf7, 0xd0, 0xe6, 0xd0, 0xf6, 0x8e, 0xe6, 0xcc, 0xd5, 0x0c, 0xd6,
  0x4e, 0xd6, 0x90, 0xe6, 0x8e, 0xe6, 0x0e, 0xd6, 0xcc, 0xd5, 0x8c, 0xc5,
  0x0e, 0xd6, 0x12, 0xf7, 0x10, 0xf7, 0xd0, 0xf6, 0x8e, 0xe6, 0xd0, 0xf6,
  0x90, 0xe6, 0x14, 0xf7, 0xd2, 0xc5, 0x50, 0xb5, 0x8a, 0x83, 0xca, 0x93,
  0x8c, 0xa4, 0x4c, 0xa4, 0x4c, 0x94, 0x0e, 0xb5, 0x8c, 0xa4, 0xce, 0xb4,
  0x0c, 0xa4, 0x8c, 0xa4, 0x8c, 0xb4, 0x90, 0xd5, 0xd2, 0xe5, 0x90, 0xe5,
  0x90, 0xe5, 0x0c, 0xb4, 0x4c, 0xb4, 0x10, 0xd5, 0x50, 0xd5, 0x10, 0xd5,
  0xce, 0xd4, 0x8e, 0xc4, 0xca, 0x93, 0x0c, 0x94, 0x94, 0xe6, 0x12, 0xd6,
  0xd2, 0xd5, 0x0c, 0xa4, 0xce, 0xc4, 0xd0, 0xe5, 0x50, 0xd5, 0x50, 0xd5,
  0xce, 0xc4, 0xce, 0xb4, 0x90, 0xd5, 0xce, 0xb4, 0xce, 0xc4, 0x8e, 0xc4,
  0x4c, 0xb4, 0x0c, 0xb4, 0x90, 0xd5, 0x4c, 0xb4, 0x4c, 0xb4, 0xce, 0xb4,
  0x8c, 0xa4, 0x4c, 0xa4, 0x0e, 0xc5, 0xca, 0x93, 0xca, 0x93, 0xce, 0xb4,
  0xce, 0xc4, 0x4c, 0xb4, 0x4c, 0xb4, 0x4c, 0xb4, 0x12, 0xe6, 0x50, 0xd5,
  0x10, 0xd5, 0xce, 0xc4, 0xce, 0xc4, 0x0c, 0xa4, 0x08, 0x93, 0x4c, 0xa4,
  0xce, 0xc4, 0xce, 0xb4, 0xca, 0x93, 0xce, 0xb4, 0xca, 0xa3, 0x0c, 0xa4,
  0x90, 0xd5, 0x8c, 0xa4, 0x90, 0xc5, 0x12, 0xd6, 0x4c, 0x94, 0xcc, 0x83,
  0x4a, 0x73, 0x8e, 0xa4, 0x4e, 0x94, 0x50, 0xb5, 0x52, 0xb5, 0x0e, 0x84,
  0x12, 0xa5, 0x52, 0xb5, 0x90, 0x94, 0x52, 0xb5, 0x10, 0x84, 0xd0, 0xa4,
  0x90, 0x94, 0xd4, 0xc5, 0x52, 0xb5, 0x96, 0xe6, 0xd4, 0xc5, 0xd4, 0xc5,
  0x14, 0xd6, 0x12, 0xa5, 0x12, 0xa5, 0x94, 0xb5, 0xd2, 0xc5, 0x96, 0xd6,
  0x52, 0xb5, 0x94, 0xb5, 0x54, 0xb5, 0x16, 0xc6, 0x96, 0xd6, 0xd4, 0xc5,
  0x94, 0xc5, 0x94, 0xb5, 0x12, 0xa5, 0x94, 0xb5, 0xd8, 0xe6, 0x12, 0xa5,
  0x50, 0x94, 0x10, 0xa5, 0x10, 0xa5, 0xd2, 0xc5, 0xd2, 0xc5, 0xd2, 0xc5,
  0x50, 0xb5, 0x50, 0xb5, 0xd0, 0xa4, 0x90, 0x94, 0xd0, 0xa4, 0x12, 0xa5,
  0xd0, 0xa4, 0x92, 0xc5, 0x14, 0xd6, 0xd2, 0xc5, 0xd4, 0xc5, 0xd4, 0xc5,
  0x12, 0xa5, 0x52, 0xa5, 0x52, 0xa5, 0x12, 0xa5, 0x52, 0xb5, 0x90, 0x94,
  0x92, 0xc5, 0x54, 0xd6, 0x52, 0xb5, 0x8e, 0xa4, 0xd0, 0xa4, 0x10, 0xb5,
  0x4e, 0x94, 0x8e, 0x94, 0x54, 0xd6, 0x50, 0xb5, 0x8e, 0xa4, 0x88, 0x92,
  0x8c, 0xe3, 0x52, 0xfd, 0x16, 0xfe, 0xd4, 0xfd, 0x94, 0xfd, 0x16, 0xfe,
  0x16, 0xfe, 0x14, 0xfe, 0x56, 0xfe, 0x56, 0xfe, 0x12, 0xfd, 0x52, 0xfd,
  0x56, 0xfe, 0x56, 0xfe, 0x14, 0xfe, 0x14, 0xfe, 0xd4, 0xfd, 0xd8, 0xfe,
  0xd4, 0xfd, 0xd4, 0xfd, 0x56, 0xfe, 0xd8, 0xfe, 0xd8, 0xfe, 0x56, 0xfe,
  0x92, 0xfd, 0x10, 0xfd, 0x52, 0xfd, 0xd4, 0xfd, 0xd4, 0xfd, 0x14, 0xfe,
  0x56, 0xfe, 0x56, 0xfe, 0x92, 0xfd, 0x52, 0xfd, 0xd4, 0xfd, 0x56, 0xfe,
  0xd4, 0xfd, 0x96, 0xfe, 0x14, 0xfe, 0x56, 0xfe, 0x56, 0xfe, 0x14, 0xfe,
  0x92, 0xfd, 0x14, 0xfe, 0x56, 0xfe, 0x52, 0xfd, 0x52, 0xfd, 0x52, 0xfd,
  0x16, 0xfe, 0x96, 0xfe, 0xd4, 0xfd, 0x16, 0xfe, 0x94, 0xfd, 0x12, 0xfd,
  0x16, 0xfe, 0xd8, 0xfe, 0xd4, 0xfd, 0x92, 0xfd, 0xd4, 0xfd, 0x14, 0xfe,
  0x92, 0xfd, 0x94, 0xfd, 0xd4, 0xfd, 0x14, 0xfe, 0xd4, 0xfd, 0x5a, 0xff,
  0x56, 0xfe, 0x14, 0xfe, 0x56, 0xfe, 0x0c, 0xc4, 0x0a, 0x94, 0xcc, 0xd5,
  0xcc, 0xff, 0xf0, 0xff, 0xf2, 0xff, 0xf0, 0xff, 0xf0, 0xff, 0xf4, 0xff,
  0xee, 0xff, 0xf0, 0xff, 0xf0, 0xff, 0xf2, 0xff, 0xf0, 0xff, 0xf0, 0xff,
  0xf0, 0xff, 0xf0, 0xff, 0xec, 0xff, 0xf0, 0xff, 0xf6, 0xff, 0xf4, 0xff,
  0xf2, 0xff, 0xf0, 0xff, 0xee, 0xff, 0xee, 0xff, 0xee, 0xff, 0xf2, 0xff,
  0xf4, 0xff, 0xf4, 0xff, 0xf8, 0xff, 0xf0, 0xff, 0xee, 0xff, 0xf4, 0xff,
  0xf6, 0xff, 0xf2, 0xff, 0xf2, 0xff, 0xf2, 0xff, 0xee, 0xff, 0x8e, 0xc5,
  0xce, 0xa4, 0x4a, 0xa3, 0xcc, 0xd3, 0x8c, 0xc3, 0x0a, 0xa3, 0x88, 0x82,
  0xc6, 0x61, 0x46, 0x82, 0x88, 0x92, 0x8c, 0xc3, 0xcc, 0xd3, 0x4e, 0xf4,
  0x90, 0xfc, 0x12, 0xfd, 0x14, 0xfe, 0x92, 0xfd, 0x52, 0xfd, 0x92, 0xfd,
  0xd4, 0xfd, 0x12, 0xfd, 0x52, 0xfd, 0x96, 0xfe, 0xd8, 0xfe, 0x14, 0xfe,
  0xd0, 0xfc, 0xcc, 0xe3, 0x0e, 0xf4, 0x0c, 0xe4, 0xd0, 0xfc, 0x16, 0xfe,
  0xd4, 0xfd, 0x14, 0xfe, 0xd4, 0xfd, 0x92, 0xfd, 0x94, 0xfd, 0x4e, 0xf4,
  0xcc, 0xe3, 0x0e, 0xf4, 0x10, 0xfd, 0x94, 0xfd, 0xd4, 0xfd, 0x56, 0xfe,
  0x56, 0xfe, 0x12, 0xfd, 0x0e, 0xf4, 0xcc, 0xe3, 0xcc, 0xd3, 0xcc, 0xd3,
  0xcc, 0xd3, 0x8c, 0xc3, 0x0e, 0xe4, 0xd0, 0xfc, 0x10, 0xfd, 0xd0, 0xfc,
  0x52, 0xfd, 0xd0, 0xfc, 0x10, 0xfd, 0x52, 0xfd, 0x4e, 0xf4, 0x90, 0xfc,
  0x4e, 0xf4, 0xd0, 0xfc, 0x8e, 0xfc, 0x8c, 0xd3, 0x4a, 0xc3, 0x4a, 0xc3,
  0x0a, 0xb3, 0x4a, 0xb3, 0x0e, 0xe4, 0xcc, 0xe3, 0x0a, 0xa3, 0x4c, 0xa4,
  0xd0, 0xd5, 0x50, 0xb5, 0xd0, 0x73, 0x12, 0x74, 0x58, 0x95, 0x16, 0x95,
  0x16, 0x95, 0x1a, 0xb6, 0x9c, 0xc6, 0x5c, 0xb6, 0x1f, 0xc7, 0x9e, 0xc6,
  0x9e, 0xc6, 0x1c, 0xb6, 0x5f, 0xd7, 0x1f, 0xd7, 0x9e, 0xc6, 0x5c, 0xb6,
  0x5f, 0xd7, 0x5f, 0xd7, 0x5f, 0xd7, 0x1c, 0xb6, 0x1c, 0xb6, 0xdf, 0xc6,
  0x9f, 0xe7, 0x9f, 0xe7, 0x9e, 0xc6, 0x9f, 0xe7, 0x9f, 0xe7, 0xdf, 0xc6,
  0x9f, 0xe7, 0xff, 0xff, 0x9f, 0xe7, 0x1f, 0xc7, 0x1f, 0xd7, 0x1f, 0xd7,
  0x1f, 0xc7, 0x9e, 0xc6, 0x5f, 0xd7, 0x5c, 0xb6, 0x5e, 0xb6, 0x5c, 0xb6,
  0x9a, 0xa5, 0x98, 0xa5, 0xda, 0xb5, 0x98, 0xa5, 0xd6, 0x94, 0x52, 0x84,
  0x98, 0xa5, 0xda, 0xb5, 0xda, 0xb5, 0x9c, 0xc6, 0xda, 0xb5, 0x94, 0x84,
  0x54, 0x84, 0x98, 0xa5, 0x1f, 0xd7, 0x9f, 0xd7, 0xde, 0xc6, 0x9e, 0xc6,
  0x9f, 0xe7, 0x9f, 0xe7, 0x1f, 0xd7, 0x1c, 0xb6, 0x58, 0xa5, 0x94, 0x84,
  0x12, 0x74, 0x8e, 0x63, 0xd0, 0x73, 0x12, 0x84, 0x94, 0x84, 0x94, 0x84,
  0x18, 0xc6, 0x12, 0xd6, 0x4a, 0x83, 0x0a, 0xb3, 0x8c, 0xe3, 0xd4, 0xfd,
  0x92, 0xfd, 0x12, 0xfd, 0xd4, 0xfd, 0x98, 0xfe, 0x56, 0xfe, 0x16, 0xfe,
  0x16, 0xfe, 0x14, 0xfe, 0x12, 0xfd, 0x12, 0xfd, 0x94, 0xfd, 0x16, 0xfe,
  0xd4, 0xfd, 0x14, 0xfe, 0x98, 0xfe, 0x56, 0xfe, 0xd4, 0xfd, 0xd4, 0xfd,
  0x16, 0xfe, 0x98, 0xfe, 0xd4, 0xfd, 0x92, 0xfd, 0x52, 0xfd, 0x52, 0xfd,
  0x52, 0xfd, 0x16, 0xfe, 0xd4, 0xfd, 0x14, 0xfe, 0x52, 0xfd, 0xd4, 0xfd,
  0x16, 0xfe, 0x10, 0xfd, 0xd0, 0xfc, 0x52, 0xfd, 0x12, 0xfd, 0xd0, 0xfc,
  0xd4, 0xfd, 0x16, 0xfe, 0x96, 0xfe, 0x98, 0xfe, 0x56, 0xfe, 0xd8, 0xfe,
  0x1a, 0xff, 0x52, 0xfd, 0x52, 0xfd, 0x52, 0xfd, 0x56, 0xfe, 0x96, 0xfe,
  0x52, 0xfd, 0x92, 0xfd, 0x92, 0xfd, 0x12, 0xfd, 0x56, 0xfe, 0xd4, 0xfd,
  0x94, 0xfd, 0x92, 0xfd, 0x14, 0xfe, 0x92, 0xfd, 0x10, 0xfd, 0xd4, 0xfd,
  0x96, 0xfe, 0xd4, 0xfd, 0x16, 0xfe, 0x98, 0xfe, 0xd4, 0xfd, 0x96, 0xfe,
  0x56, 0xfe, 0x0e, 0xd5, 0x4e, 0xb5, 0x88, 0xa4, 0x8a, 0xe6, 0xf2, 0xff,
  0xf4, 0xff, 0xf2, 0xff, 0xf0, 0xff, 0xf0, 0xff, 0xee, 0xff, 0xf0, 0xff,
  0xf6, 0xff, 0xf2, 0xff, 0xf0, 0xff, 0xf0, 0xff, 0xf0, 0xff, 0xf4, 0xff,
  0xf0, 0xff, 0xf2, 0xff, 0xf2, 0xff, 0xf2, 0xff, 0xf4, 0xff, 0xf4, 0xff,
  0xf0, 0xff, 0xee, 0xff, 0xee, 0xff, 0xf0, 0xff, 0xee, 0xff, 0xf2, 0xff,
  0xf6, 0xff, 0xf0, 0xff, 0xf0, 0xff, 0xf4, 0xff, 0xf8, 0xff, 0xf2, 0xff,
  0xf2, 0xff, 0xf2, 0xff, 0xee, 0xff, 0xca, 0xa4, 0x8a, 0x83, 0xca, 0x92,
  0x8c, 0xc3, 0xce, 0xd3, 0x0a, 0xb3, 0x4c, 0xc3, 0x0e, 0xe4, 0xd0, 0xfc,
  0x92, 0xfd, 0x14, 0xfe, 0x94, 0xfd, 0x92, 0xfd, 0x52, 0xfd, 0x52, 0xfd,
  0x10, 0xfd, 0x10, 0xfd, 0x94, 0xfd, 0x9a, 0xff, 0x9c, 0xff, 0x94, 0xfd,
  0x92, 0xfd, 0xd8, 0xfe, 0x98, 0xfe, 0x56, 0xfe, 0x5a, 0xff, 0x96, 0xfe,
  0x14, 0xfe, 0xd4, 0xfd, 0x96, 0xfe, 0x56, 0xfe, 0x56, 0xfe, 0x56, 0xfe,
  0xd8, 0xfe, 0x9a, 0xff, 0xfc, 0xff, 0x14, 0xfe, 0x8c, 0xd3, 0x4a, 0xc3,
  0xce, 0xe3, 0xd0, 0xfc, 0x56, 0xfe, 0x5a, 0xff, 0x1a, 0xff, 0x14, 0xfe,
  0x12, 0xfd, 0x52, 0xfd, 0x56, 0xfe, 0x92, 0xfd, 0x92, 0xfd, 0x16, 0xfe,
  0x16, 0xfe, 0x56, 0xfe, 0x14, 0xfe, 0x94, 0xfd, 0xd8, 0xfe, 0x56, 0xfe,
  0x16, 0xfe, 0x56, 0xfe, 0xd4, 0xfd, 0x16, 0xfe, 0xd4, 0xfd, 0xd4, 0xfd,
  0xd4, 0xfd, 0x92, 0xfd, 0x4e, 0xfc, 0x4e, 0xfc, 0x90, 0xf4, 0x0e, 0xe4,
  0xd0, 0xfc, 0x90, 0xfc, 0x4e, 0xfc, 0xce, 0xd4, 0x12, 0xd6, 0x12, 0xa5,
  0x9a, 0xa5, 0x1c, 0xb6, 0x5f, 0xd7, 0x9f, 0xd7, 0xdf, 0xe7, 0xff, 0xff,
  0xff, 0xff, 0x1f, 0xd7, 0x1f, 0xc7, 0x9f, 0xc6, 0x9f, 0xc6, 0x5f, 0xd7,
  0xff, 0xe7, 0xff, 0xf7, 0x1f, 0xd7, 0xdf, 0xc6, 0xff, 0xf7, 0x9f, 0xe7,
  0xdf, 0xe7, 0x9e, 0xc6, 0xda, 0xa5, 0xdf, 0xc6, 0x9f, 0xd7, 0xdf, 0xe7,
  0x5f, 0xd7, 0x9f, 0xe7, 0xff, 0xff, 0x5f, 0xd7, 0x5f, 0xd7, 0x5f, 0xd7,
  0x1f, 0xd7, 0x1f, 0xd7, 0x9e, 0xc6, 0x5f, 0xd7, 0xff, 0xff, 0x9e, 0xc6,
  0x9e, 0xb6, 0xdf, 0xc6, 0x1f, 0xd7, 0xdf, 0xc6, 0xdf, 0xc6, 0x5f, 0xd7,
  0xff, 0xf7, 0x9f, 0xe7, 0x9e, 0xc6, 0xd6, 0x84, 0x58, 0xa5, 0xde, 0xc6,
  0x5e, 0xb6, 0x9f, 0xd7, 0xff, 0xf7, 0x9e, 0xb6, 0x5e, 0xb6, 0xdf, 0xc6,
  0xdf, 0xe7, 0xdf, 0xe7, 0x1f, 0xd7, 0xdc, 0xa5, 0x1f, 0xd7, 0xff, 0xf7,
  0x5f, 0xd7, 0x1f, 0xd7, 0xdf, 0xc6, 0x9e, 0xc6, 0x5e, 0xb6, 0x5e, 0xb6,
  0x1f, 0xc7, 0x5f, 0xd7, 0xdf, 0xc6, 0xdc, 0xa5, 0x98, 0xb5, 0xce, 0xa4,
  0x4c, 0xa4, 0xcc, 0xc3, 0xcc, 0xf3, 0x16, 0xfe, 0x56, 0xfe, 0x94, 0xfd,
  0xd4, 0xfd, 0x56, 0xfe, 0x16, 0xfe, 0x56, 0xfe, 0x16, 0xfe, 0x16, 0xfe,
  0x94, 0xfd, 0x14, 0xfe, 0xd4, 0xfd, 0x16, 0xfe, 0x92, 0xfd, 0x56, 0xfe,
  0x14, 0xfe, 0x52, 0xfd, 0xd4, 0xfd, 0x94, 0xfd, 0x10, 0xfd, 0x10, 0xfd,
  0x52, 0xfd, 0x94, 0xfd, 0x94, 0xfd, 0xd4, 0xfd, 0x94, 0xfd, 0xd4, 0xfd,
  0xd4, 0xfd, 0x94, 0xfd, 0x52, 0xfd, 0x92, 0xfd, 0x16, 0xfe, 0x92, 0xfd,
  0x52, 0xfd, 0x12, 0xfd, 0x90, 0xfc, 0x0e, 0xf4, 0x52, 0xfd, 0xd4, 0xfd,
  0x16, 0xfe, 0x56, 0xfe, 0x5a, 0xff, 0x5a, 0xff, 0x98, 0xfe, 0xd4, 0xfd,
  0x92, 0xfd, 0x52, 0xfd, 0xd4, 0xfd, 0xd4, 0xfd, 0x94, 0xfd, 0x52, 0xfd,
  0x94, 0xfd, 0x12, 0xfd, 0x52, 0xfd, 0x12, 0xfd, 0xd0, 0xfc, 0x16, 0xfe,
  0xd8, 0xfe, 0xd4, 0xfd, 0x90, 0xfc, 0x12, 0xfd, 0x96, 0xfe, 0x56, 0xfe,
  0x94, 0xfd, 0x52, 0xfd, 0x10, 0xfd, 0x52, 0xfd, 0xd0, 0xfc, 0x90, 0xd5,
  0x4e, 0xb5, 0x48, 0x73, 0x44, 0x73, 0x08, 0xe6, 0xec, 0xff, 0xec, 0xff,
  0xcc, 0xff, 0xec, 0xff, 0xec, 0xff, 0xec, 0xff, 0xf0, 0xff, 0xf6, 0xff,
  0xf0, 0xff, 0xee, 0xff, 0xf2, 0xff, 0xf2, 0xff, 0xee, 0xff, 0xf0, 0xff,
  0xf2, 0xff, 0xf2, 0xff, 0xf2, 0xff, 0xf0, 0xff, 0xee, 0xff, 0xca, 0xf6,
  0xec, 0xff, 0xee, 0xff, 0xec, 0xff, 0xee, 0xff, 0xf0, 0xff, 0xf4, 0xff,
  0xf8, 0xff, 0xf4, 0xff, 0xf6, 0xff, 0xf0, 0xff, 0xf0, 0xff, 0xf0, 0xff,
  0xf0, 0xff, 0xd2, 0xe6, 0xce, 0xa4, 0x88, 0x72, 0x0e, 0xe4, 0x92, 0xfd,
  0xd0, 0xfc, 0x14, 0xfe, 0x14, 0xfe, 0xd4, 0xfd, 0xd4, 0xfd, 0x52, 0xfd,
  0x52, 0xfd, 0x92, 0xfd, 0x92, 0xfd, 0xd4, 0xfd, 0x10, 0xfd, 0xd0, 0xfc,
  0x92, 0xfd, 0x98, 0xfe, 0x96, 0xfe, 0x52, 0xfd, 0x12, 0xfd, 0x12, 0xfd,
  0xd4, 0xfd, 0x14, 0xfe, 0x56, 0xfe, 0x98, 0xfe, 0x96, 0xfe, 0x56, 0xfe,
  0x14, 0xfe, 0xd4, 0xfd, 0x92, 0xfd, 0x52, 0xfd, 0x94, 0xfd, 0x18, 0xff,
  0x1a, 0xff, 0x56, 0xfe, 0x12, 0xfd, 0x92, 0xfd, 0xd0, 0xfc, 0xd0, 0xfc,
  0xd0, 0xfc, 0xd4, 0xfd, 0x52, 0xfd, 0x12, 0xfd, 0x12, 0xfd, 0xd4, 0xfd,
  0x18, 0xff, 0x14, 0xfe, 0x14, 0xfe, 0xd4, 0xfd, 0xd4, 0xfd, 0x56, 0xfe,
  0x14, 0xfe, 0x52, 0xfd, 0x92, 0xfd, 0xd4, 0xfd, 0x96, 0xfe, 0x18, 0xff,
  0xd8, 0xfe, 0x96, 0xfe, 0x96, 0xfe, 0xd8, 0xfe, 0x96, 0xfe, 0xd8, 0xfe,
  0x94, 0xfd, 0x92, 0xfd, 0xd8, 0xfe, 0xd8, 0xfe, 0x52, 0xfd, 0xd4, 0xfd,
  0x56, 0xfe, 0x8e, 0xe4, 0x8a, 0x83, 0x8c, 0x73, 0xd6, 0x84, 0xdf, 0xc6,
  0xdf, 0xe7, 0xff, 0xf7, 0xdf, 0xe7, 0xdf, 0xe7, 0x5f, 0xd7, 0x9e, 0xb6,
  0x1f, 0xc7, 0x9e, 0xc6, 0x1c, 0xb6, 0x9e, 0xc6, 0x5e, 0xb6, 0x5e, 0xb6,
  0x5e, 0xb6, 0x9e, 0xc6, 0x9f, 0xe7, 0x9e, 0xc6, 0xdf, 0xc6, 0x5f, 0xd7,
  0x9f, 0xe7, 0x1f, 0xd7, 0x5e, 0xb6, 0x9e, 0xc6, 0x1f, 0xc7, 0x5f, 0xd7,
  0x5f, 0xd7, 0x5f, 0xd7, 0x1f, 0xc7, 0x9e, 0xb6, 0x9e, 0xb6, 0x1c, 0xb6,
  0x5c, 0xb6, 0x9e, 0xc6, 0x5f, 0xd7, 0x9f, 0xc6, 0xdf, 0xc6, 0x9f, 0xe7,
  0x9f, 0xd7, 0xdf, 0xc6, 0x9e, 0xc6, 0x1c, 0xb6, 0x1f, 0xc7, 0x5f, 0xd7,
  0xdf, 0xe7, 0xff, 0xf7, 0x9f, 0xe7, 0xdf, 0xe7, 0xff, 0xf7, 0xff, 0xf7,
  0xff, 0xff, 0xff, 0xe7, 0x9f, 0xd7, 0x1f, 0xd7, 0x9f, 0xc6, 0x5e, 0xb6,
  0x1c, 0xb6, 0x9e, 0xc6, 0x9f, 0xd7, 0x9f, 0xd7, 0xff, 0xe7, 0xff, 0xff,
  0x9f, 0xe7, 0xff, 0xf7, 0xff, 0xf7, 0x9f, 0xd7, 0xff, 0xe7, 0xff, 0xf7,
  0x9f, 0xd7, 0x9f, 0xe7, 0xda, 0xb5, 0xce, 0xa4, 0x4c, 0xa4, 0x0a, 0xb3,
  0x0e, 0xfc, 0x92, 0xfd, 0x12, 0xfd, 0x12, 0xfd, 0x92, 0xfd, 0xd4, 0xfd,
  0xd4, 0xfd, 0x14, 0xfe, 0xd4, 0xfd, 0xd4, 0xfd, 0x94, 0xfd, 0x14, 0xfe,
  0x94, 0xfd, 0x14, 0xfe, 0x52, 0xfd, 0xd4, 0xfd, 0xd4, 0xfd, 0x52, 0xfd,
  0x94, 0xfd, 0x92, 0xfd, 0x92, 0xfd, 0x12, 0xfd, 0xd0, 0xfc, 0x10, 0xfd,
  0x52, 0xfd, 0x12, 0xfd, 0x92, 0xfd, 0x14, 0xfe, 0xd4, 0xfd, 0x92, 0xfd,
  0x52, 0xfd, 0x52, 0xfd, 0x16, 0xfe, 0x94, 0xfd, 0x52, 0xfd, 0x52, 0xfd,
  0x52, 0xfd, 0x52, 0xfd, 0x92, 0xfd, 0x16, 0xfe, 0x52, 0xfd, 0x52, 0xfd,
  0xd4, 0xfd, 0xd4, 0xfd, 0x16, 0xfe, 0xd4, 0xfd, 0xd8, 0xfe, 0xd4, 0xfd,
  0x52, 0xfd, 0x12, 0xfd, 0x52, 0xfd, 0x52, 0xfd, 0x10, 0xfd, 0x90, 0xfc,
  0x56, 0xfe, 0x14, 0xfe, 0xd4, 0xfd, 0x18, 0xff, 0x56, 0xfe, 0x56, 0xfe,
  0x56, 0xfe, 0x94, 0xfd, 0x14, 0xfe, 0xd4, 0xfd, 0x92, 0xfd, 0x10, 0xfd,
  0x10, 0xfd, 0x8e, 0xfc, 0x90, 0xfc, 0x10, 0xd5, 0x48, 0x73, 0x88, 0x73,
  0x44, 0x73, 0x88, 0xd5, 0xee, 0xff, 0xee, 0xff, 0xee, 0xff, 0xec, 0xff,
  0xec, 0xff, 0xee, 0xff, 0xf4, 0xff, 0xf4, 0xff, 0xf0, 0xff, 0xf0, 0xff,
  0xf4, 0xff, 0xf4, 0xff, 0xf2, 0xff, 0xf4, 0xff, 0xf4, 0xff, 0xf2, 0xff,
  0xf4, 0xff, 0xf4, 0xff, 0xf0, 0xff, 0xee, 0xff, 0xf0, 0xff, 0xf2, 0xff,
  0xf4, 0xff, 0xf4, 0xff, 0xf8, 0xff, 0xf8, 0xff, 0xfa, 0xff, 0xf8, 0xff,
  0xfa, 0xff, 0xf2, 0xff, 0xee, 0xff, 0xf0, 0xff, 0xf0, 0xff, 0x50, 0xe6,
  0x4c, 0x94, 0x06, 0x62, 0x8c, 0xd3, 0x52, 0xfd, 0x94, 0xfd, 0xd4, 0xfd,
  0x92, 0xfd, 0x52, 0xfd, 0xd4, 0xfd, 0x94, 0xfd, 0xd0, 0xfc, 0x92, 0xfd,
  0x52, 0xfd, 0x56, 0xfe, 0xd4, 0xfd, 0x92, 0xfd, 0x52, 0xfd, 0x56, 0xfe,
  0x14, 0xfe, 0xd4, 0xfd, 0x16, 0xfe, 0xd4, 0xfd, 0x56, 0xfe, 0x56, 0xfe,
  0x94, 0xfd, 0x14, 0xfe, 0x56, 0xfe, 0x16, 0xfe, 0xd4, 0xfd, 0x92, 0xfd,
  0x52, 0xfd, 0x90, 0xfc, 0x8e, 0xfc, 0x94, 0xfd, 0xd4, 0xfd, 0xd4, 0xfd,
  0x96, 0xfe, 0x96, 0xfe, 0x92, 0xfd, 0x52, 0xfd, 0x52, 0xfd, 0x16, 0xfe,
  0x98, 0xfe, 0xd4, 0xfd, 0xd4, 0xfd, 0x96, 0xfe, 0x52, 0xfd, 0x52, 0xfd,
  0x92, 0xfd, 0x56, 0xfe, 0x94, 0xfd, 0x56, 0xfe, 0x98, 0xfe, 0x56, 0xfe,
  0x94, 0xfd, 0x4e, 0xfc, 0xd0, 0xfc, 0x94, 0xfd, 0xd4, 0xfd, 0x52, 0xfd,
  0x94, 0xfd, 0x16, 0xfe, 0x56, 0xfe, 0x16, 0xfe, 0x94, 0xfd, 0x52, 0xfd,
  0x92, 0xfd, 0x94, 0xfd, 0x10, 0xfd, 0x56, 0xfe, 0x56, 0xfe, 0x10, 0xe5,
  0xcc, 0xa4, 0x88, 0x52, 0x90, 0x63, 0x1c, 0xb6, 0x5f, 0xd7, 0x5f, 0xd7,
  0x5f, 0xd7, 0xdf, 0xc6, 0x1f, 0xd7, 0x1f, 0xd7, 0x5f, 0xd7, 0x1f, 0xd7,
  0x9f, 0xc6, 0x1c, 0xb6, 0x5e, 0xb6, 0x9f, 0xc6, 0xdc, 0xa5, 0xdc, 0xa5,
  0x9e, 0xc6, 0xdf, 0xc6, 0xdf, 0xc6, 0xdf, 0xc6, 0x5f, 0xd7, 0x1f, 0xd7,
  0x1f, 0xd7, 0xdf, 0xc6, 0x5e, 0xb6, 0x5f, 0xd7, 0xdf, 0xc6, 0x5f, 0xd7,
  0x1f, 0xd7, 0xdf, 0xc6, 0xdf, 0xc6, 0x1f, 0xd7, 0xff, 0xf7, 0x1f, 0xd7,
  0x9f, 0xc6, 0x9f, 0xc6, 0xdf, 0xc6, 0x9f, 0xe7, 0x5f, 0xd7, 0x9f, 0xc6,
  0xdf, 0xc6, 0x5e, 0xb6, 0x9f, 0xe7, 0x1f, 0xc7, 0x9f, 0xe7, 0xff, 0xe7,
  0x1f, 0xd7, 0x9e, 0xb6, 0x1f, 0xd7, 0x1f, 0xd7, 0xdf, 0xc6, 0xdf, 0xc6,
  0x5e, 0xb6, 0x1c, 0xb6, 0x1c, 0xb6, 0x9e, 0xc6, 0x5e, 0xb6, 0xdf, 0xc6,
  0x5e, 0xb6, 0x9e, 0xb6, 0x1f, 0xd7, 0x5f, 0xd7, 0xdf, 0xc6, 0xdf, 0xc6,
  0x5f, 0xd7, 0xdf, 0xc6, 0x9f, 0xc6, 0xdf, 0xc6, 0x5e, 0xb6, 0x9f, 0xd7,
  0xda, 0xb5, 0x90, 0xc5, 0x90, 0xc5, 0x88, 0x92, 0x12, 0xfd, 0x16, 0xfe,
  0x90, 0xfc, 0x10, 0xfd, 0x94, 0xfd, 0x98, 0xfe, 0x14, 0xfe, 0x94, 0xfd,
  0x16, 0xfe, 0xd4, 0xfd, 0x52, 0xfd, 0x92, 0xfd, 0x92, 0xfd, 0x56, 0xfe,
  0x96, 0xfe, 0xd4, 0xfd, 0x56, 0xfe, 0xd4, 0xfd, 0xd4, 0xfd, 0xd0, 0xfc,
  0x94, 0xfd, 0xd8, 0xfe, 0x94, 0xfd, 0x92, 0xfd, 0x10, 0xfd, 0x92, 0xfd,
  0xd4, 0xfd, 0xd4, 0xfd, 0x92, 0xfd, 0x52, 0xfd, 0x94, 0xfd, 0x94, 0xfd,
  0x98, 0xfe, 0xd8, 0xfe, 0xd4, 0xfd, 0x52, 0xfd, 0x14, 0xfe, 0x56, 0xfe,
  0x52, 0xfd, 0x52, 0xfd, 0x10, 0xfd, 0xd4, 0xfd, 0x12, 0xfd, 0x52, 0xfd,
  0x90, 0xfc, 0x0e, 0xfc, 0x94, 0xfd, 0x16, 0xfe, 0x56, 0xfe, 0xd4, 0xfd,
  0x52, 0xfd, 0x14, 0xfe, 0x52, 0xfd, 0xd0, 0xfc, 0x16, 0xfe, 0xd4, 0xfd,
  0x5a, 0xff, 0x56, 0xfe, 0x4e, 0xfc, 0xd4, 0xfd, 0x56, 0xfe, 0x94, 0xfd,
  0xd0, 0xfc, 0x90, 0xfc, 0xd4, 0xfd, 0x92, 0xfd, 0xd4, 0xfd, 0x94, 0xfd,
  0xd4, 0xfd, 0x90, 0xe5, 0x0a, 0x94, 0x44, 0x52, 0x44, 0x52, 0x06, 0x94,
  0x8a, 0xf6, 0xca, 0xff, 0xee, 0xff, 0xee, 0xff, 0xee, 0xff, 0xf0, 0xff,
  0xf4, 0xff, 0xf2, 0xff, 0xf0, 0xff, 0xee, 0xff, 0xf4, 0xff, 0xf2, 0xff,
  0xee, 0xff, 0xf2, 0xff, 0xf2, 0xff, 0xec, 0xff, 0xf4, 0xff, 0xf4, 0xff,
  0xf2, 0xff, 0xf4, 0xff, 0xf2, 0xff, 0xf0, 0xff, 0xf4, 0xff, 0xf4, 0xff,
  0xf4, 0xff, 0xf2, 0xff, 0xf2, 0xff, 0xf2, 0xff, 0xf2, 0xff, 0xf2, 0xff,
  0xf2, 0xff, 0xf4, 0xff, 0xf2, 0xff, 0x92, 0xe6, 0x4c, 0xa4, 0x8a, 0xb3,
  0x0e, 0xf4, 0x52, 0xfd, 0x12, 0xfd, 0xd0, 0xfc, 0x12, 0xfd, 0x52, 0xfd,
  0x16, 0xfe, 0x16, 0xfe, 0x94, 0xfd, 0xd4, 0xfd, 0x52, 0xfd, 0x14, 0xfe,
  0x94, 0xfd, 0xd4, 0xfd, 0xd4, 0xfd, 0x98, 0xfe, 0x16, 0xfe, 0x52, 0xfd,
  0x52, 0xfd, 0x52, 0xfd, 0x14, 0xfe, 0x56, 0xfe, 0x94, 0xfd, 0x92, 0xfd,
  0x94, 0xfd, 0x16, 0xfe, 0x14, 0xfe, 0x94, 0xfd, 0x92, 0xfd, 0x90, 0xfc,
  0xd0, 0xfc, 0x16, 0xfe, 0x94, 0xfd, 0x52, 0xfd, 0xd4, 0xfd, 0x92, 0xfd,
  0x10, 0xfd, 0x92, 0xfd, 0xd4, 0xfd, 0x98, 0xfe, 0x5a, 0xff, 0x14, 0xfe,
  0x92, 0xfd, 0x94, 0xfd, 0xd0, 0xfc, 0x14, 0xfe, 0xd4, 0xfd, 0x92, 0xfd,
  0x52, 0xfd, 0xd4, 0xfd, 0xd4, 0xfd, 0x94, 0xfd, 0x52, 0xfd, 0xd0, 0xfc,
  0x10, 0xfd, 0xd4, 0xfd, 0x94, 0xfd, 0x8e, 0xfc, 0xd0, 0xfc, 0x52, 0xfd,
  0x56, 0xfe, 0xd8, 0xfe, 0x98, 0xfe, 0x52, 0xfd, 0x12, 0xfd, 0x92, 0xfd,
  0x52, 0xfd, 0x16, 0xfe, 0x12, 0xfd, 0x0c, 0xa4, 0xd2, 0xd5, 0x0c, 0x94,
  0x8c, 0x52, 0xd6, 0x84, 0x9e, 0xb6, 0xff, 0xf7, 0x9f, 0xd7, 0x5f, 0xd7,
  0x9f, 0xd7, 0x1f, 0xd7, 0xff, 0xf7, 0x9f, 0xe7, 0x5f, 0xd7, 0xdf, 0xc6,
  0x9f, 0xc6, 0xdf, 0xc6, 0x5e, 0xb6, 0x9f, 0xc6, 0x5f, 0xd7, 0xdf, 0xc6,
  0x1c, 0xa6, 0x5f, 0xd7, 0x1f, 0xd7, 0x9e, 0xc6, 0x1f, 0xc7, 0xdf, 0xc6,
  0x1c, 0xb6, 0x5f, 0xd7, 0xdf, 0xc6, 0x9e, 0xc6, 0x1f, 0xd7, 0x5e, 0xb6,
  0x9f, 0xc6, 0xdf, 0xc6, 0x1f, 0xd7, 0x5e, 0xb6, 0x9e, 0xc6, 0x1f, 0xd7,
  0xdf, 0xc6, 0xff, 0xf7, 0xdf, 0xc6, 0xdf, 0xc6, 0x1f, 0xd7, 0x9e, 0xc6,
  0xdf, 0xc6, 0x9f, 0xc6, 0x5f, 0xd7, 0x1f, 0xc7, 0x1c, 0xa6, 0x58, 0x95,
  0xdc, 0xa5, 0x1c, 0xa6, 0x5e, 0xb6, 0x5e, 0xb6, 0x9e, 0xc6, 0xff, 0xf7,
  0x5e, 0xb6, 0xdf, 0xc6, 0xdf, 0xc6, 0x1f, 0xc7, 0x9f, 0xc6, 0x5e, 0xb6,
  0x9e, 0xb6, 0xdf, 0xc6, 0x1f, 0xd7, 0x5f, 0xd7, 0x5e, 0xb6, 0x5e, 0xb6,
  0x5e, 0xb6, 0x9e, 0xc6, 0xda, 0xa5, 0x9f, 0xc6, 0x56, 0xa5, 0x94, 0xe6,
  0x4c, 0xa4, 0x46, 0x82, 0x90, 0xf4, 0x98, 0xfe, 0x94, 0xfd, 0x12, 0xfd,
  0x94, 0xfd, 0xd4, 0xfd, 0x52, 0xfd, 0x92, 0xfd, 0x52, 0xfd, 0x92, 0xfd,
  0x10, 0xfd, 0xd4, 0xfd, 0x14, 0xfe, 0x56, 0xfe, 0x5a, 0xff, 0x96, 0xfe,
  0x56, 0xfe, 0xd4, 0xfd, 0xd4, 0xfd, 0x12, 0xfd, 0xd4, 0xfd, 0x56, 0xfe,
  0xd4, 0xfd, 0x98, 0xfe, 0xd4, 0xfd, 0x56, 0xfe, 0x14, 0xfe, 0xd4, 0xfd,
  0x52, 0xfd, 0x90, 0xfc, 0x98, 0xfe, 0x56, 0xfe, 0x5a, 0xff, 0x1a, 0xff,
  0xd4, 0xfd, 0x52, 0xfd, 0x98, 0xfe, 0x1a, 0xff, 0x16, 0xfe, 0x94, 0xfd,
  0x94, 0xfd, 0x56, 0xfe, 0x92, 0xfd, 0x52, 0xfd, 0x90, 0xfc, 0x4e, 0xfc,
  0x10, 0xfd, 0x94, 0xfd, 0x14, 0xfe, 0x52, 0xfd, 0x12, 0xfd, 0x94, 0xfd,
  0x52, 0xfd, 0xd4, 0xfd, 0x56, 0xfe, 0x92, 0xfd, 0x94, 0xfd, 0xd4, 0xfd,
  0x12, 0xfd, 0x92, 0xfd, 0xd4, 0xfd, 0x92, 0xfd, 0x94, 0xfd, 0x98, 0xfe,
  0x16, 0xfe, 0x92, 0xfd, 0x94, 0xfd, 0x14, 0xfe, 0xd4, 0xfd, 0x50, 0xe5,
  0x50, 0xc5, 0x48, 0x73, 0x44, 0x52, 0x44, 0x73, 0xc8, 0xd5, 0xee, 0xff,
  0xf0, 0xff, 0xee, 0xff, 0xee, 0xff, 0xf0, 0xff, 0xf2, 0xff, 0xf2, 0xff,
  0xf0, 0xff, 0xee, 0xff, 0xf4, 0xff, 0xf4, 0xff, 0xee, 0xff, 0xf2, 0xff,
  0xf2, 0xff, 0xf0, 0xff, 0xee, 0xff, 0xee, 0xff, 0xf0, 0xff, 0xf2, 0xff,
  0xf2, 0xff, 0xf0, 0xff, 0xf4, 0xff, 0xf2, 0xff, 0xee, 0xff, 0xee, 0xff,
  0xf2, 0xff, 0xf0, 0xff, 0xf2, 0xff, 0xee, 0xff, 0xee, 0xff, 0xf2, 0xff,
  0xf2, 0xff, 0xce, 0xc5, 0x50, 0xb5, 0xcc, 0xc3, 0x4e, 0xf4, 0x92, 0xfd,
  0x92, 0xfd, 0x92, 0xfd, 0xd4, 0xfd, 0x52, 0xfd, 0x92, 0xfd, 0x56, 0xfe,
  0x98, 0xfe, 0xd4, 0xfd, 0x10, 0xfd, 0x56, 0xfe, 0x92, 0xfd, 0xd4, 0xfd,
  0x94, 0xfd, 0xd4, 0xfd, 0x56, 0xfe, 0x14, 0xfe, 0x94, 0xfd, 0x52, 0xfd,
  0xd4, 0xfd, 0x94, 0xfd, 0x52, 0xfd, 0xd4, 0xfd, 0xd8, 0xfe, 0x98, 0xfe,
  0x92, 0xfd, 0xd4, 0xfd, 0xd4, 0xfd, 0x52, 0xfd, 0x10, 0xfd, 0xd4, 0xfd,
  0x96, 0xfe, 0x16, 0xfe, 0x52, 0xfd, 0x12, 0xfd, 0x10, 0xfd, 0x92, 0xfd,
  0x94, 0xfd, 0x94, 0xfd, 0x52, 0xfd, 0x10, 0xfd, 0xd4, 0xfd, 0x52, 0xfd,
  0x12, 0xfd, 0xd4, 0xfd, 0x94, 0xfd, 0x10, 0xfd, 0x92, 0xfd, 0x52, 0xfd,
  0x52, 0xfd, 0x52, 0xfd, 0x94, 0xfd, 0x52, 0xfd, 0xd0, 0xfc, 0x94, 0xfd,
  0x14, 0xfe, 0xd0, 0xfc, 0x12, 0xfd, 0x12, 0xfd, 0x16, 0xfe, 0xd4, 0xfd,
  0x16, 0xfe, 0x92, 0xfd, 0x90, 0xfc, 0xd0, 0xfc, 0x94, 0xfd, 0x56, 0xfe,
  0x52, 0xfd, 0x4e, 0xc4, 0x90, 0xc5, 0x0c, 0x94, 0x4a, 0x42, 0x90, 0x63,
  0x9a, 0xa5, 0x9f, 0xc6, 0x5e, 0xb6, 0xdf, 0xc6, 0x5f, 0xd7, 0x5f, 0xd7,
  0xdf, 0xe7, 0x9f, 0xd7, 0x9f, 0xd7, 0x5f, 0xd7, 0x5e, 0xb6, 0x5e, 0xb6,
  0x1f, 0xc7, 0x1f, 0xc7, 0xdf, 0xc6, 0x9e, 0xb6, 0x5e, 0xb6, 0x9e, 0xc6,
  0x1f, 0xd7, 0x5f, 0xd7, 0xdf, 0xc6, 0x9e, 0xc6, 0x5e, 0xb6, 0xdf, 0xc6,
  0x9e, 0xc6, 0x5e, 0xb6, 0xdf, 0xc6, 0x9f, 0xc6, 0x9f, 0xc6, 0x5e, 0xb6,
  0xdc, 0xa5, 0x9e, 0xc6, 0xff, 0xff, 0xdf, 0xe7, 0x1f, 0xd7, 0xdf, 0xc6,
  0x5e, 0xb6, 0x9f, 0xc6, 0xdf, 0xc6, 0x5e, 0xb6, 0x1c, 0xb6, 0xdc, 0xa5,
  0x9e, 0xb6, 0xdf, 0xc6, 0x5e, 0xb6, 0x9e, 0xc6, 0x5e, 0xb6, 0x5f, 0xd7,
  0xff, 0xf7, 0x9e, 0xc6, 0x5e, 0xb6, 0xff, 0xf7, 0x5f, 0xd7, 0x5f, 0xd7,
  0x9f, 0xc6, 0x5e, 0xb6, 0x5e, 0xb6, 0xdf, 0xc6, 0x1f, 0xc7, 0x9f, 0xd7,
  0xff, 0xe7, 0x9f, 0xe7, 0xdf, 0xc6, 0x9e, 0xb6, 0x1c, 0xb6, 0x1c, 0xb6,
  0xdc, 0xa5, 0x9f, 0xe7, 0x1a, 0xb6, 0x4c, 0x94, 0x08, 0x73, 0xc6, 0x71,
  0x50, 0xf4, 0x1a, 0xff, 0x56, 0xfe, 0xd0, 0xfc, 0x94, 0xfd, 0x92, 0xfd,
  0x52, 0xfd, 0x52, 0xfd, 0x92, 0xfd, 0x92, 0xfd, 0x12, 0xfd, 0x52, 0xfd,
  0x98, 0xfe, 0x56, 0xfe, 0x96, 0xfe, 0x98, 0xfe, 0xd4, 0xfd, 0x94, 0xfd,
  0x94, 0xfd, 0x52, 0xfd, 0x14, 0xfe, 0x52, 0xfd, 0x52, 0xfd, 0x94, 0xfd,
  0x94, 0xfd, 0x16, 0xfe, 0x94, 0xfd, 0x94, 0xfd, 0x92, 0xfd, 0x52, 0xfd,
  0xd4, 0xfd, 0x16, 0xfe, 0x98, 0xfe, 0x56, 0xfe, 0x92, 0xfd, 0x52, 0xfd,
  0x16, 0xfe, 0xd8, 0xfe, 0x96, 0xfe, 0x14, 0xfe, 0x92, 0xfd, 0x56, 0xfe,
  0x56, 0xfe, 0x96, 0xfe, 0x94, 0xfd, 0x16, 0xfe, 0x98, 0xfe, 0x14, 0xfe,
  0x10, 0xfd, 0x52, 0xfd, 0x52, 0xfd, 0x52, 0xfd, 0x10, 0xfd, 0x12, 0xfd,
  0x94, 0xfd, 0xd4, 0xfd, 0x56, 0xfe, 0x92, 0xfd, 0x94, 0xfd, 0x14, 0xfe,
  0xd4, 0xfd, 0x94, 0xfd, 0x92, 0xfd, 0xd8, 0xfe, 0xd4, 0xfd, 0xd0, 0xfc,
  0x52, 0xfd, 0x56, 0xfe, 0x14, 0xfe, 0xce, 0xd4, 0xce, 0xa4, 0x08, 0x94,
  0x08, 0xb5, 0xcc, 0xf6, 0x0a, 0xff, 0xee, 0xff, 0xf2, 0xff, 0xf0, 0xff,
  0xee, 0xff, 0xf0, 0xff, 0xf0, 0xff, 0xee, 0xff, 0xee, 0xff, 0xf2, 0xff,
  0xf4, 0xff, 0xf4, 0xff, 0xf2, 0xff, 0xf0, 0xff, 0xf2, 0xff, 0xf4, 0xff,
  0xf0, 0xff, 0xf2, 0xff, 0xf4, 0xff, 0xf2, 0xff, 0xf2, 0xff, 0xf0, 0xff,
  0xf2, 0xff, 0xf4, 0xff, 0xf2, 0xff, 0xf2, 0xff, 0xee, 0xff, 0xec, 0xff,
  0xf4, 0xff, 0xf0, 0xff, 0xee, 0xff, 0xf0, 0xff, 0xf2, 0xff, 0x8c, 0xc5,
  0xca, 0x83, 0x46, 0x72, 0xca, 0xb2, 0x8e, 0xfc, 0x52, 0xfd, 0x92, 0xfd,
  0x92, 0xfd, 0x12, 0xfd, 0x14, 0xfe, 0x56, 0xfe, 0xd4, 0xfd, 0x14, 0xfe,
  0x14, 0xfe, 0xd4, 0xfd, 0xd0, 0xfc, 0x12, 0xfd, 0x92, 0xfd, 0x14, 0xfe,
  0xd8, 0xfe, 0x56, 0xfe, 0x92, 0xfd, 0xd4, 0xfd, 0x14, 0xfe, 0x52, 0xfd,
  0x94, 0xfd, 0x16, 0xfe, 0x1a, 0xff, 0x96, 0xfe, 0x10, 0xfd, 0x52, 0xfd,
  0x92, 0xfd, 0x12, 0xfd, 0x12, 0xfd, 0x56, 0xfe, 0x5a, 0xff, 0xd4, 0xfd,
  0x90, 0xfc, 0x10, 0xfd, 0x52, 0xfd, 0x52, 0xfd, 0x56, 0xfe, 0x98, 0xfe,
  0x52, 0xfd, 0x92, 0xfd, 0xd4, 0xfd, 0xd4, 0xfd, 0x52, 0xfd, 0x52, 0xfd,
  0x10, 0xfd, 0x12, 0xfd, 0x52, 0xfd, 0xd4, 0xfd, 0xd4, 0xfd, 0xd4, 0xfd,
  0x14, 0xfe, 0x92, 0xfd, 0x12, 0xfd, 0x52, 0xfd, 0x14, 0xfe, 0x14, 0xfe,
  0x52, 0xfd, 0xd0, 0xfc, 0x52, 0xfd, 0xd0, 0xfc, 0x12, 0xfd, 0x94, 0xfd,
  0x12, 0xfd, 0x12, 0xfd, 0x56, 0xfe, 0x56, 0xfe, 0x96, 0xfe, 0x50, 0xf5,
  0x90, 0xc5, 0xcc, 0x83, 0x0e, 0x53, 0x90, 0x63, 0x5a, 0x95, 0x9e, 0xc6,
  0x9e, 0xc6, 0x9e, 0xc6, 0x9e, 0xb6, 0x1f, 0xc7, 0xdf, 0xc6, 0x5f, 0xd7,
  0xdf, 0xc6, 0x9e, 0xb6, 0x9f, 0xd7, 0x9f, 0xe7, 0xdf, 0xc6, 0x5f, 0xd7,
  0x9f, 0xc6, 0x9f, 0xc6, 0x9e, 0xc6, 0x1f, 0xd7, 0xdf, 0xe7, 0x5f, 0xd7,
  0x1f, 0xd7, 0x1f, 0xd7, 0xdc, 0xa5, 0x5e, 0xb6, 0x1c, 0xb6, 0xdf, 0xc6,
  0x9f, 0xc6, 0xdf, 0xc6, 0xdf, 0xc6, 0x1f, 0xc7, 0x5e, 0xb6, 0xdc, 0xa5,
  0xdf, 0xc6, 0x1f, 0xd7, 0x1f, 0xd7, 0x9e, 0xc6, 0xdf, 0xc6, 0x5f, 0xd7,
  0x5f, 0xd7, 0xdf, 0xc6, 0x1c, 0xb6, 0x1f, 0xd7, 0xdf, 0xc6, 0xdc, 0xa5,
  0x5e, 0xb6, 0x5f, 0xd7, 0x5e, 0xb6, 0xdc, 0xa5, 0xdf, 0xc6, 0x9f, 0xc6,
  0x1c, 0xb6, 0xdf, 0xc6, 0xff, 0xf7, 0xff, 0xf7, 0x1f, 0xd7, 0xdf, 0xe7,
  0xdf, 0xc6, 0xdf, 0xc6, 0xdf, 0xc6, 0xdf, 0xc6, 0x9f, 0xd7, 0x5f, 0xd7,
  0xdf, 0xc6, 0x5e, 0xb6, 0x9e, 0xb6, 0x9f, 0xc6, 0x9e, 0xc6, 0xff, 0xff,
  0xde, 0xd6, 0xd2, 0xc5, 0xce, 0xa4, 0x06, 0x62, 0x8c, 0xe3, 0xd8, 0xfe,
  0xd8, 0xfe, 0x92, 0xfd, 0x92, 0xfd, 0x14, 0xfe, 0x1a, 0xff, 0x98, 0xfe,
  0xd4, 0xfd, 0x12, 0xfd, 0x52, 0xfd, 0x52, 0xfd, 0xd4, 0xfd, 0x92, 0xfd,
  0x12, 0xfd, 0x14, 0xfe, 0x14, 0xfe, 0x94, 0xfd, 0x16, 0xfe, 0x52, 0xfd,
  0x92, 0xfd, 0xd0, 0xfc, 0x12, 0xfd, 0x12, 0xfd, 0x10, 0xfd, 0x94, 0xfd,
  0x16, 0xfe, 0x52, 0xfd, 0x92, 0xfd, 0x12, 0xfd, 0x12, 0xfd, 0xd4, 0xfd,
  0x14, 0xfe, 0x92, 0xfd, 0xd4, 0xfd, 0xd4, 0xfd, 0x52, 0xfd, 0x92, 0xfd,
  0x94, 0xfd, 0xd4, 0xfd, 0x94, 0xfd, 0xd8, 0xfe, 0x1a, 0xff, 0x98, 0xfe,
  0xd4, 0xfd, 0x16, 0xfe, 0x98, 0xfe, 0x16, 0xfe, 0x92, 0xfd, 0xd0, 0xfc,
  0x12, 0xfd, 0x52, 0xfd, 0x94, 0xfd, 0x52, 0xfd, 0x56, 0xfe, 0x5a, 0xff,
  0x9c, 0xff, 0xd4, 0xfd, 0xd4, 0xfd, 0x52, 0xfd, 0x90, 0xfc, 0x12, 0xfd,
  0xd0, 0xfc, 0x98, 0xfe, 0xd8, 0xfe, 0x56, 0xfe, 0x56, 0xfe, 0xd8, 0xfe,
  0x96, 0xfe, 0x50, 0xe5, 0x94, 0xe6, 0x46, 0x73, 0xc6, 0xb4, 0x4a, 0xe6,
  0xc8, 0xd5, 0xec, 0xff, 0xf2, 0xff, 0xf2, 0xff, 0xf0, 0xff, 0xf2, 0xff,
  0xec, 0xff, 0xec, 0xff, 0xee, 0xff, 0xf2, 0xff, 0xf2, 0xff, 0xf2, 0xff,
  0xf4, 0xff, 0xf2, 0xff, 0xf0, 0xff, 0xf2, 0xff, 0xf0, 0xff, 0xf4, 0xff,
  0xf6, 0xff, 0xf0, 0xff, 0xf0, 0xff, 0xf2, 0xff, 0xf4, 0xff, 0xf2, 0xff,
  0xf2, 0xff, 0xf0, 0xff, 0x8a, 0xff, 0x0a, 0xff, 0xf2, 0xff, 0xf2, 0xff,
  0xee, 0xff, 0xf0, 0xff, 0xee, 0xff, 0x48, 0x94, 0x4c, 0x94, 0x88, 0x72,
  0x88, 0xa2, 0xcc, 0xfb, 0xd0, 0xfc, 0x52, 0xfd, 0x16, 0xfe, 0x14, 0xfe,
  0x94, 0xfd, 0x52, 0xfd, 0x10, 0xfd, 0x94, 0xfd, 0xd4, 0xfd, 0x12, 0xfd,
  0x8c, 0xe3, 0xd0, 0xfc, 0x16, 0xfe, 0xd0, 0xfc, 0x52, 0xfd, 0x92, 0xfd,
  0x52, 0xfd, 0x98, 0xfe, 0xd4, 0xfd, 0x16, 0xfe, 0x16, 0xfe, 0x14, 0xfe,
  0x16, 0xfe, 0x98, 0xfe, 0x56, 0xfe, 0x56, 0xfe, 0xd4, 0xfd, 0x92, 0xfd,
  0x94, 0xfd, 0x14, 0xfe, 0xd4, 0xfd, 0xd0, 0xfc, 0x10, 0xfd, 0xd4, 0xfd,
  0x14, 0xfe, 0x12, 0xfd, 0xd4, 0xfd, 0x56, 0xfe, 0x10, 0xfd, 0x52, 0xfd,
  0x12, 0xfd, 0xd4, 0xfd, 0x92, 0xfd, 0x52, 0xfd, 0x94, 0xfd, 0x94, 0xfd,
  0x16, 0xfe, 0xd4, 0xfd, 0x52, 0xfd, 0x92, 0xfd, 0x98, 0xfe, 0xd4, 0xfd,
  0x56, 0xfe, 0x94, 0xfd, 0xd4, 0xfd, 0x52, 0xfd, 0xd0, 0xfc, 0x94, 0xfd,
  0x94, 0xfd, 0x52, 0xfd, 0x98, 0xfe, 0x18, 0xff, 0x52, 0xfd, 0x12, 0xfd,
  0x56, 0xfe, 0x5a, 0xff, 0x5a, 0xff, 0xd0, 0xe4, 0x0e, 0xb5, 0x8e, 0x94,
  0x12, 0x74, 0x54, 0x74, 0x9a, 0xa5, 0xdf, 0xc6, 0xdf, 0xc6, 0x9e, 0xc6,
  0x1f, 0xd7, 0x1f, 0xd7, 0x1f, 0xd7, 0x9f, 0xd7, 0xdf, 0xc6, 0xdf, 0xc6,
  0x9f, 0xe7, 0xff, 0xf7, 0x1f, 0xc7, 0x1f, 0xd7, 0x1f, 0xd7, 0x9f, 0xc6,
  0xdf, 0xc6, 0x1f, 0xc7, 0x9e, 0xc6, 0x1f, 0xd7, 0xdf, 0xe7, 0x9f, 0xe7,
  0x5e, 0xb6, 0x9f, 0xc6, 0x1c, 0xb6, 0x9e, 0xb6, 0x9f, 0xc6, 0x1f, 0xc7,
  0x9e, 0xb6, 0xdf, 0xc6, 0x9f, 0xe7, 0xdf, 0xc6, 0xdc, 0xa5, 0x9f, 0xd7,
  0x9e, 0xc6, 0x9a, 0xa5, 0xff, 0xf7, 0xff, 0xff, 0xdf, 0xe7, 0x1f, 0xd7,
  0x5e, 0xb6, 0x1f, 0xc7, 0xdf, 0xc6, 0x9e, 0xc6, 0x5f, 0xd7, 0x5e, 0xb6,
  0xdc, 0xa5, 0x1c, 0xb6, 0x5e, 0xb6, 0x5e, 0xb6, 0x5e, 0xb6, 0x1f, 0xd7,
  0x9f, 0xd7, 0xdf, 0xe7, 0x1f, 0xc7, 0x1f, 0xd7, 0x5f, 0xd7, 0xdf, 0xe7,
  0x9f, 0xd7, 0xdf, 0xc6, 0x5f, 0xd7, 0x5f, 0xd7, 0x1f, 0xc7, 0x9f, 0xc6,
  0xdf, 0xc6, 0xdf, 0xc6, 0x1f, 0xd7, 0xff, 0xff, 0x1a, 0xb6, 0x50, 0xb5,
  0xce, 0xb4, 0x88, 0x72, 0xc8, 0xc2, 0x12, 0xfd, 0xd4, 0xfd, 0x52, 0xfd,
  0x94, 0xfd, 0xd4, 0xfd, 0x16, 0xfe, 0x56, 0xfe, 0x96, 0xfe, 0x52, 0xfd,
  0x52, 0xfd, 0x92, 0xfd, 0x52, 0xfd, 0x52, 0xfd, 0x10, 0xfd, 0x14, 0xfe,
  0xd8, 0xfe, 0xd4, 0xfd, 0x94, 0xfd, 0x92, 0xfd, 0x52, 0xfd, 0x16, 0xfe,
  0x56, 0xfe, 0x14, 0xfe, 0x12, 0xfd, 0xd4, 0xfd, 0xd4, 0xfd, 0x12, 0xfd,
  0xd0, 0xfc, 0x92, 0xfd, 0xd4, 0xfd, 0xd4, 0xfd, 0xd4, 0xfd, 0x52, 0xfd,
  0x94, 0xfd, 0x52, 0xfd, 0xd4, 0xfd, 0x56, 0xfe, 0x52, 0xfd, 0x94, 0xfd,
  0xd4, 0xfd, 0x56, 0xfe, 0x98, 0xfe, 0xd4, 0xfd, 0x52, 0xfd, 0x92, 0xfd,
  0x16, 0xfe, 0x16, 0xfe, 0x52, 0xfd, 0xd0, 0xfc, 0x52, 0xfd, 0x52, 0xfd,
  0x94, 0xfd, 0x52, 0xfd, 0x52, 0xfd, 0xd0, 0xfc, 0x52, 0xfd, 0x94, 0xfd,
  0x16, 0xfe, 0x94, 0xfd, 0x94, 0xfd, 0x12, 0xfd, 0x12, 0xfd, 0xd4, 0xfd,
  0x56, 0xfe, 0x5a, 0xff, 0x5a, 0xff, 0x56, 0xfe, 0x18, 0xff, 0xd2, 0xf5,
  0x94, 0xe6, 0x88, 0x73, 0x86, 0xa4, 0x48, 0xc5, 0x8a, 0xff, 0xee, 0xff,
  0xf0, 0xff, 0xf4, 0xff, 0xf2, 0xff, 0xf2, 0xff, 0xf0, 0xff, 0xf0, 0xff,
  0xf0, 0xff, 0xf0, 0xff, 0xf4, 0xff, 0xf0, 0xff, 0xf0, 0xff, 0xf0, 0xff,
  0xee, 0xff, 0xf2, 0xff, 0xf2, 0xff, 0xf0, 0xff, 0xf2, 0xff, 0xf0, 0xff,
  0xee, 0xff, 0xee, 0xff, 0xf2, 0xff, 0xf2, 0xff, 0xf0, 0xff, 0xec, 0xff,
  0xec, 0xff, 0xf0, 0xff, 0xf2, 0xff, 0xf0, 0xff, 0xec, 0xff, 0xee, 0xff,
  0xf2, 0xff, 0x4a, 0x94, 0xce, 0xa4, 0x4a, 0x83, 0xc6, 0x71, 0x0a, 0xd3,
  0x90, 0xfc, 0xd4, 0xfd, 0x5a, 0xff, 0x1a, 0xff, 0x92, 0xfd, 0x92, 0xfd,
  0x92, 0xfd, 0xd4, 0xfd, 0x92, 0xfd, 0x12, 0xfd, 0x8e, 0xfc, 0x52, 0xfd,
  0xd8, 0xfe, 0x92, 0xfd, 0xd4, 0xfd, 0xd8, 0xfe, 0x94, 0xfd, 0xd4, 0xfd,
  0x12, 0xfd, 0xd4, 0xfd, 0x56, 0xfe, 0x56, 0xfe, 0xd4, 0xfd, 0x56, 0xfe,
  0xd8, 0xfe, 0xd8, 0xfe, 0xd0, 0xfc, 0x52, 0xfd, 0x56, 0xfe, 0xd4, 0xfd,
  0x16, 0xfe, 0xd4, 0xfd, 0x94, 0xfd, 0x94, 0xfd, 0x12, 0xfd, 0xd0, 0xfc,
  0x94, 0xfd, 0x92, 0xfd, 0x10, 0xfd, 0x52, 0xfd, 0x52, 0xfd, 0x52, 0xfd,
  0x12, 0xfd, 0x92, 0xfd, 0x52, 0xfd, 0x52, 0xfd, 0x56, 0xfe, 0xd4, 0xfd,
  0x12, 0xfd, 0x52, 0xfd, 0x94, 0xfd, 0x56, 0xfe, 0x56, 0xfe, 0xd4, 0xfd,
  0xd4, 0xfd, 0x4e, 0xfc, 0x8c, 0xd3, 0x52, 0xfd, 0x94, 0xfd, 0x52, 0xfd,
  0x56, 0xfe, 0xd4, 0xfd, 0x4e, 0xfc, 0xd0, 0xfc, 0xd4, 0xfd, 0x98, 0xfe,
  0xdc, 0xff, 0xd2, 0xfd, 0x4c, 0xa4, 0xcc, 0x83, 0xd2, 0x73, 0x5a, 0x95,
  0x9e, 0xc6, 0x1f, 0xc7, 0x5f, 0xd7, 0x5f, 0xd7, 0x5f, 0xd7, 0xdf, 0xc6,
  0x9e, 0xc6, 0x1f, 0xd7, 0xff, 0xf7, 0xff, 0xf7, 0x5f, 0xd7, 0x5f, 0xd7,
  0xdf, 0xc6, 0xdf, 0xc6, 0xdf, 0xc6, 0x1f, 0xc7, 0x9f, 0xc6, 0x5f, 0xd7,
  0x5f, 0xd7, 0xdf, 0xe7, 0xdf, 0xe7, 0xdf, 0xe7, 0x9f, 0xe7, 0x5f, 0xd7,
  0x5c, 0xb6, 0xdc, 0xa5, 0x9a, 0xa5, 0x1f, 0xd7, 0x1c, 0xb6, 0x5e, 0xb6,
  0x5f, 0xd7, 0x9e, 0xb6, 0x9f, 0xc6, 0xdf, 0xc6, 0x9f, 0xc6, 0x1c, 0xb6,
  0xff, 0xf7, 0xff, 0xf7, 0x9f, 0xe7, 0x1f, 0xd7, 0x1f, 0xc7, 0x5f, 0xd7,
  0x5f, 0xd7, 0x5e, 0xb6, 0xdf, 0xc6, 0xdf, 0xc6, 0x9e, 0xc6, 0xdf, 0xc6,
  0xdf, 0xc6, 0x9e, 0xb6, 0x1c, 0xb6, 0x9e, 0xb6, 0x9f, 0xe7, 0x9f, 0xe7,
  0xdf, 0xc6, 0xdf, 0xc6, 0x1f, 0xc7, 0x5f, 0xd7, 0x5f, 0xd7, 0x9f, 0xc6,
  0x1f, 0xd7, 0x5f, 0xd7, 0x5f, 0xd7, 0x5e, 0xb6, 0x9f, 0xc6, 0x1f, 0xd7,
  0x5f, 0xd7, 0x9f, 0xd7, 0xd8, 0xb5, 0x4c, 0x94, 0xca, 0x93, 0xc8, 0x92,
  0x88, 0xb2, 0xd0, 0xfc, 0xd4, 0xfd, 0x10, 0xfd, 0x52, 0xfd, 0x52, 0xfd,
  0x4e, 0xfc, 0x0e, 0xf4, 0x52, 0xfd, 0x92, 0xfd, 0x52, 0xfd, 0x92, 0xfd,
  0x14, 0xfe, 0x92, 0xfd, 0x52, 0xfd, 0x92, 0xfd, 0x14, 0xfe, 0x94, 0xfd,
  0xd4, 0xfd, 0xd4, 0xfd, 0xd4, 0xfd, 0x96, 0xfe, 0xd8, 0xfe, 0x14, 0xfe,
  0x92, 0xfd, 0x56, 0xfe, 0xd4, 0xfd, 0x56, 0xfe, 0x4e, 0xfc, 0x52, 0xfd,
  0xd4, 0xfd, 0x94, 0xfd, 0x92, 0xfd, 0x16, 0xfe, 0xd4, 0xfd, 0x52, 0xfd,
  0xd4, 0xfd, 0xd4, 0xfd, 0x94, 0xfd, 0x10, 0xfd, 0x92, 0xfd, 0x16, 0xfe,
  0xd8, 0xfe, 0x14, 0xfe, 0x52, 0xfd, 0x52, 0xfd, 0xd4, 0xfd, 0xd4, 0xfd,
  0x52, 0xfd, 0x92, 0xfd, 0xd4, 0xfd, 0x52, 0xfd, 0x52, 0xfd, 0xd0, 0xfc,
  0xd0, 0xfc, 0x0e, 0xf4, 0xcc, 0xe3, 0x12, 0xfd, 0xd4, 0xfd, 0xd4, 0xfd,
  0xd4, 0xfd, 0xd4, 0xfd, 0x56, 0xfe, 0x14, 0xfe, 0xd4, 0xfd, 0x56, 0xfe,
  0x14, 0xfe, 0x52, 0xfd, 0x56, 0xfe, 0x90, 0xe5, 0x90, 0xc5, 0x4c, 0xb5,
  0x8e, 0xff, 0x4a, 0xff, 0xee, 0xff, 0xf0, 0xff, 0xee, 0xff, 0xee, 0xff,
  0x8a, 0xff, 0xec, 0xff, 0xee, 0xff, 0xee, 0xff, 0xee, 0xff, 0xee, 0xff,
  0xee, 0xff, 0xf0, 0xff, 0xf0, 0xff, 0xee, 0xff, 0xee, 0xff, 0xf0, 0xff,
  0xf2, 0xff, 0xf4, 0xff, 0xf2, 0xff, 0xf0, 0xff, 0xee, 0xff, 0xee, 0xff,
  0xf0, 0xff, 0xee, 0xff, 0xf0, 0xff, 0xee, 0xff, 0xee, 0xff, 0xf2, 0xff,
  0xf4, 0xff, 0xf2, 0xff, 0xec, 0xff, 0xee, 0xff, 0xf0, 0xff, 0x4c, 0xb5,
  0xd2, 0xc5, 0x0a, 0x83, 0x84, 0x51, 0x88, 0xb2, 0x0e, 0xfc, 0xd0, 0xfc,
  0xd4, 0xfd, 0x98, 0xfe, 0x96, 0xfe, 0xd4, 0xfd, 0xd4, 0xfd, 0xd4, 0xfd,
  0xd4, 0xfd, 0x52, 0xfd, 0x90, 0xfc, 0x52, 0xfd, 0x12, 0xfd, 0x14, 0xfe,
  0x94, 0xfd, 0xd4, 0xfd, 0xd4, 0xfd, 0x92, 0xfd, 0xd4, 0xfd, 0x18, 0xff,
  0x56, 0xfe, 0x56, 0xfe, 0x52, 0xfd, 0xd0, 0xfc, 0x52, 0xfd, 0xd4, 0xfd,
  0x10, 0xfd, 0x94, 0xfd, 0x98, 0xfe, 0x96, 0xfe, 0xd4, 0xfd, 0x16, 0xfe,
  0x92, 0xfd, 0x52, 0xfd, 0x12, 0xfd, 0xd0, 0xfc, 0x12, 0xfd, 0x12, 0xfd,
  0x92, 0xfd, 0x52, 0xfd, 0x94, 0xfd, 0x52, 0xfd, 0x12, 0xfd, 0xd4, 0xfd,
  0x92, 0xfd, 0xd0, 0xfc, 0x16, 0xfe, 0x14, 0xfe, 0x56, 0xfe, 0x14, 0xfe,
  0x94, 0xfd, 0x16, 0xfe, 0xd4, 0xfd, 0x12, 0xfd, 0xd4, 0xfd, 0x52, 0xfd,
  0x10, 0xfd, 0x92, 0xfd, 0x10, 0xfd, 0x12, 0xfd, 0x52, 0xfd, 0x52, 0xfd,
  0x10, 0xfd, 0xd4, 0xfd, 0x90, 0xfc, 0x52, 0xfd, 0xd8, 0xfe, 0x50, 0xf5,
  0xca, 0x93, 0x0a, 0x63, 0xcc, 0x52, 0x96, 0x84, 0x1c, 0xb6, 0xdf, 0xc6,
  0x1f, 0xd7, 0xff, 0xf7, 0xff, 0xff, 0x5f, 0xd7, 0x9f, 0xd7, 0xdf, 0xe7,
  0x9f, 0xd7, 0xff, 0xf7, 0xdf, 0xe7, 0x9f, 0xe7, 0x9e, 0xb6, 0x9f, 0xc6,
  0x1f, 0xd7, 0x1f, 0xd7, 0x9e, 0xb6, 0x5c, 0xb6, 0x1f, 0xd7, 0xff, 0xff,
  0xff, 0xff, 0x9f, 0xe7, 0xff, 0xf7, 0xdf, 0xe7, 0xdf, 0xc6, 0x9e, 0xb6,
  0x9a, 0xa5, 0xdf, 0xc6, 0x1f, 0xd7, 0xdf, 0xc6, 0x5f, 0xd7, 0x9f, 0xe7,
  0x5f, 0xd7, 0xdf, 0xc6, 0x1f, 0xd7, 0xdf, 0xc6, 0x1f, 0xd7, 0xff, 0xf7,
  0xff, 0xff, 0x9f, 0xe7, 0x9e, 0xb6, 0xdf, 0xc6, 0x5f, 0xd7, 0x9e, 0xc6,
  0xdc, 0xa5, 0x9e, 0xb6, 0x9e, 0xb6, 0xdf, 0xc6, 0xdf, 0xc6, 0xdf, 0xc6,
  0x5e, 0xb6, 0xdf, 0xc6, 0x9f, 0xe7, 0x9e, 0xc6, 0x9e, 0xc6, 0xdf, 0xc6,
  0x9e, 0xb6, 0x1c, 0xb6, 0x5e, 0xb6, 0x9f, 0xc6, 0x1f, 0xd7, 0x1f, 0xc7,
  0xdf, 0xc6, 0x1c, 0xb6, 0x9e, 0xb6, 0xdf, 0xc6, 0xdf, 0xc6, 0x9f, 0xd7,
  0xda, 0xa5, 0x8e, 0xa4, 0xc6, 0x62, 0x06, 0x72, 0x88, 0xb2, 0x90, 0xfc,
  0x92, 0xfd, 0x52, 0xfd, 0x94, 0xfd, 0x14, 0xfe, 0x12, 0xfd, 0x90, 0xfc,
  0x12, 0xfd, 0xd4, 0xfd, 0x98, 0xfe, 0x98, 0xfe, 0xd8, 0xfe, 0xd4, 0xfd,
  0x52, 0xfd, 0x10, 0xfd, 0x92, 0xfd, 0x92, 0xfd, 0x16, 0xfe, 0x14, 0xfe,
  0xd4, 0xfd, 0xd4, 0xfd, 0x16, 0xfe, 0x94, 0xfd, 0xd4, 0xfd, 0xd4, 0xfd,
  0x12, 0xfd, 0xd4, 0xfd, 0x12, 0xfd, 0x52, 0xfd, 0xd4, 0xfd, 0x14, 0xfe,
  0xd4, 0xfd, 0x56, 0xfe, 0xd4, 0xfd, 0xd4, 0xfd, 0x94, 0xfd, 0x52, 0xfd,
  0x92, 0xfd, 0x10, 0xfd, 0xd4, 0xfd, 0x56, 0xfe, 0x16, 0xfe, 0x98, 0xfe,
  0x16, 0xfe, 0x52, 0xfd, 0xd4, 0xfd, 0x56, 0xfe, 0xd4, 0xfd, 0x94, 0xfd,
  0x16, 0xfe, 0x94, 0xfd, 0x52, 0xfd, 0xcc, 0xe3, 0xd0, 0xfc, 0xd0, 0xfc,
  0xd0, 0xfc, 0x12, 0xfd, 0x94, 0xfd, 0x52, 0xfd, 0x52, 0xfd, 0xd4, 0xfd,
  0x56, 0xfe, 0x56, 0xfe, 0xd4, 0xfd, 0x52, 0xfd, 0x52, 0xfd, 0xd4, 0xfd,
  0x56, 0xfe, 0x52, 0xfe, 0x90, 0xc5, 0x4a, 0x94, 0x0a, 0xb5, 0x86, 0xa4,
  0x8a, 0xff, 0xf0, 0xff, 0xf2, 0xff, 0xf2, 0xff, 0xee, 0xff, 0xec, 0xff,
  0xf0, 0xff, 0xf2, 0xff, 0xf0, 0xff, 0xf2, 0xff, 0xf0, 0xff, 0xf0, 0xff,
  0xee, 0xff, 0xee, 0xff, 0xee, 0xff, 0xee, 0xff, 0xee, 0xff, 0xf0, 0xff,
  0xf2, 0xff, 0xf0, 0xff, 0xf0, 0xff, 0xf0, 0xff, 0xee, 0xff, 0xec, 0xff,
  0xec, 0xff, 0xee, 0xff, 0xee, 0xff, 0xf2, 0xff, 0xf0, 0xff, 0xf4, 0xff,
  0xf2, 0xff, 0xf2, 0xff, 0xf0, 0xff, 0xca, 0xa4, 0x0c, 0x94, 0x4a, 0xb3,
  0x0a, 0xc3, 0x4a, 0xd3, 0x90, 0xfc, 0xd4, 0xfd, 0xd4, 0xfd, 0x96, 0xfe,
  0x98, 0xfe, 0xd4, 0xfd, 0x18, 0xff, 0x56, 0xfe, 0x16, 0xfe, 0x14, 0xfe,
  0x92, 0xfd, 0x52, 0xfd, 0x94, 0xfd, 0xd8, 0xfe, 0xd4, 0xfd, 0x92, 0xfd,
  0x16, 0xfe, 0x94, 0xfd, 0x94, 0xfd, 0x56, 0xfe, 0x94, 0xfd, 0x16, 0xfe,
  0x12, 0xfd, 0x12, 0xfd, 0x94, 0xfd, 0x94, 0xfd, 0x92, 0xfd, 0xd4, 0xfd,
  0x10, 0xfd, 0x92, 0xfd, 0xd4, 0xfd, 0x14, 0xfe, 0x92, 0xfd, 0x94, 0xfd,
  0x94, 0xfd, 0x12, 0xfd, 0x92, 0xfd, 0x94, 0xfd, 0x94, 0xfd, 0xd4, 0xfd,
  0x94, 0xfd, 0x92, 0xfd, 0x52, 0xfd, 0x92, 0xfd, 0x56, 0xfe, 0x56, 0xfe,
  0x1a, 0xff, 0x96, 0xfe, 0x14, 0xfe, 0x56, 0xfe, 0xd8, 0xfe, 0x56, 0xfe,
  0x92, 0xfd, 0x92, 0xfd, 0xd4, 0xfd, 0xd4, 0xfd, 0xd4, 0xfd, 0x12, 0xfd,
  0xd0, 0xfc, 0x12, 0xfd, 0x10, 0xfd, 0xd0, 0xfc, 0x94, 0xfd, 0xd4, 0xfd,
  0x10, 0xfd, 0xd0, 0xfc, 0x4e, 0xfc, 0xce, 0xd4, 0xce, 0xa4, 0x0a, 0x63,
  0x0e, 0x53, 0x12, 0x74, 0x1c, 0xb6, 0x1f, 0xd7, 0x1f, 0xd7, 0xdf, 0xe7,
  0xff, 0xf7, 0x1f, 0xd7, 0x9f, 0xe7, 0x9f, 0xe7, 0x9e, 0xc6, 0xff, 0xf7,
  0xff, 0xe7, 0x9f, 0xe7, 0x1c, 0xb6, 0xdf, 0xc6, 0x1f, 0xd7, 0x1f, 0xc7,
  0x9e, 0xc6, 0x9e, 0xc6, 0x5e, 0xb6, 0x1f, 0xd7, 0x9e, 0xc6, 0x9e, 0xc6,
  0x5f, 0xd7, 0x1f, 0xc7, 0x5e, 0xb6, 0x9a, 0xa5, 0x1c, 0xb6, 0xdf, 0xc6,
  0x5f, 0xd7, 0x1f, 0xd7, 0x1f, 0xd7, 0xdf, 0xe7, 0x9f, 0xd7, 0x5f, 0xd7,
  0x5f, 0xd7, 0xdf, 0xc6, 0xdf, 0xc6, 0x9f, 0xe7, 0xff, 0xf7, 0x9e, 0xc6,
  0x5e, 0xb6, 0xdf, 0xc6, 0x1f, 0xc7, 0x1f, 0xc7, 0xdf, 0xc6, 0xdf, 0xc6,
  0x5f, 0xd7, 0x5f, 0xd7, 0xdc, 0xa5, 0x9f, 0xc6, 0x1e, 0xb6, 0x5f, 0xd7,
  0xff, 0xf7, 0x9e, 0xc6, 0xdf, 0xc6, 0xdf, 0xc6, 0x1c, 0xa6, 0x1c, 0xb6,
  0x5e, 0xb6, 0x5f, 0xd7, 0x9f, 0xd7, 0x5e, 0xb6, 0x5e, 0xb6, 0x1c, 0xb6,
  0x5e, 0xb6, 0x9f, 0xc6, 0xdf, 0xc6, 0x9f, 0xd7, 0x98, 0xa5, 0x0c, 0x94,
  0x8a, 0x83, 0x0a, 0xa3, 0x8c, 0xe3, 0xce, 0xfb, 0x12, 0xfd, 0x52, 0xfd,
  0x12, 0xfd, 0x12, 0xfd, 0x52, 0xfd, 0x92, 0xfd, 0x94, 0xfd, 0x16, 0xfe,
  0xdc, 0xff, 0x1a, 0xff, 0x5a, 0xff, 0xdc, 0xff, 0x16, 0xfe, 0x14, 0xfe,
  0x14, 0xfe, 0x94, 0xfd, 0xd4, 0xfd, 0x94, 0xfd, 0x92, 0xfd, 0x94, 0xfd,
  0x56, 0xfe, 0x14, 0xfe, 0x18, 0xff, 0x96, 0xfe, 0xd0, 0xfc, 0x4e, 0xfc,
  0xd0, 0xfc, 0x52, 0xfd, 0xd4, 0xfd, 0x16, 0xfe, 0xd4, 0xfd, 0x96, 0xfe,
  0xd8, 0xfe, 0xd4, 0xfd, 0x52, 0xfd, 0x92, 0xfd, 0x98, 0xfe, 0xd4, 0xfd,
  0x94, 0xfd, 0x94, 0xfd, 0x94, 0xfd, 0x56, 0xfe, 0x56, 0xfe, 0x14, 0xfe,
  0x16, 0xfe, 0x94, 0xfd, 0x92, 0xfd, 0xd4, 0xfd, 0x52, 0xfd, 0xd4, 0xfd,
  0x96, 0xfe, 0x12, 0xfd, 0x12, 0xfd, 0x12, 0xfd, 0x12, 0xfd, 0x92, 0xfd,
  0x14, 0xfe, 0xd4, 0xfd, 0x56, 0xfe, 0x16, 0xfe, 0x1a, 0xff, 0xd4, 0xfd,
  0x16, 0xfe, 0x52, 0xfd, 0x94, 0xfd, 0x56, 0xfe, 0x56, 0xfe, 0x90, 0xe5,
  0x0a, 0x94, 0xc4, 0x62, 0xc4, 0x62, 0x06, 0x94, 0x0a, 0xff, 0xee, 0xff,
  0xf0, 0xff, 0xf4, 0xff, 0xf2, 0xff, 0xf4, 0xff, 0xf6, 0xff, 0xf2, 0xff,
  0xf0, 0xff, 0xf2, 0xff, 0xf0, 0xff, 0xee, 0xff, 0xee, 0xff, 0xf4, 0xff,
  0xf2, 0xff, 0xf2, 0xff, 0xf0, 0xff, 0xf4, 0xff, 0xf4, 0xff, 0xf0, 0xff,
  0xf2, 0xff, 0xf0, 0xff, 0xec, 0xff, 0xee, 0xff, 0xec, 0xff, 0xee, 0xff,
  0xf0, 0xff, 0xf2, 0xff, 0xf2, 0xff, 0xf4, 0xff, 0xf4, 0xff, 0xf2, 0xff,
  0xf0, 0xff, 0x4c, 0xc5, 0x4c, 0x94, 0x0a, 0xa3, 0xcc, 0xf3, 0x0e, 0xfc,
  0x52, 0xfd, 0x16, 0xfe, 0x52, 0xfd, 0x52, 0xfd, 0x94, 0xfd, 0x14, 0xfe,
  0x56, 0xfe, 0x94, 0xfd, 0x14, 0xfe, 0x56, 0xfe, 0x56, 0xfe, 0x56, 0xfe,
  0x56, 0xfe, 0x18, 0xff, 0x16, 0xfe, 0x52, 0xfd, 0x10, 0xfd, 0x52, 0xfd,
  0x52, 0xfd, 0x16, 0xfe, 0x52, 0xfd, 0xd4, 0xfd, 0x94, 0xfd, 0x90, 0xfc,
  0x94, 0xfd, 0xd4, 0xfd, 0x16, 0xfe, 0x56, 0xfe, 0xd0, 0xfc, 0x12, 0xfd,
  0xd4, 0xfd, 0x92, 0xfd, 0x14, 0xfe, 0x56, 0xfe, 0x94, 0xfd, 0x12, 0xfd,
  0x16, 0xfe, 0xd4, 0xfd, 0x52, 0xfd, 0x94, 0xfd, 0xd4, 0xfd, 0x52, 0xfd,
  0xd4, 0xfd, 0x56, 0xfe, 0x52, 0xfd, 0x92, 0xfd, 0x96, 0xfe, 0x56, 0xfe,
  0xd4, 0xfd, 0x94, 0xfd, 0x94, 0xfd, 0x52, 0xfd, 0x10, 0xfd, 0xd0, 0xfc,
  0x10, 0xfd, 0x52, 0xfd, 0x12, 0xfd, 0xd0, 0xfc, 0xd0, 0xfc, 0x12, 0xfd,
  0x92, 0xfd, 0x52, 0xfd, 0x14, 0xfe, 0xd4, 0xfd, 0x52, 0xfd, 0xd0, 0xfc,
  0x0e, 0xf4, 0x0e, 0xd5, 0x4e, 0xb5, 0x0a, 0x63, 0x90, 0x63, 0x18, 0x95,
  0x9f, 0xc6, 0x1f, 0xd7, 0x9f, 0xd7, 0xdf, 0xe7, 0x5f, 0xd7, 0x1f, 0xd7,
  0xdf, 0xe7, 0xdf, 0xe7, 0xdf, 0xc6, 0x5f, 0xd7, 0x9f, 0xd7, 0x1f, 0xd7,
  0x9f, 0xc6, 0x5e, 0xb6, 0x1f, 0xc7, 0x9e, 0xc6, 0x9a, 0xa5, 0x1c, 0xb6,
  0x5e, 0xb6, 0x9f, 0xd7, 0x5f, 0xd7, 0x5f, 0xd7, 0x1f, 0xd7, 0xdc, 0xa5,
  0x9a, 0xa5, 0x9e, 0xc6, 0x5e, 0xb6, 0x1c, 0xb6, 0x5e, 0xb6, 0xdf, 0xc6,
  0x1f, 0xc7, 0x1f, 0xd7, 0x9f, 0xc6, 0x1f, 0xd7, 0x5f, 0xd7, 0x9f, 0xe7,
  0xff, 0xff, 0xdf, 0xe7, 0x9f, 0xc6, 0xdf, 0xc6, 0x1f, 0xd7, 0x1f, 0xd7,
  0xdf, 0xc6, 0x9e, 0xb6, 0xdf, 0xc6, 0x9f, 0xe7, 0xff, 0xf7, 0xdf, 0xe7,
  0xdc, 0xa5, 0x5e, 0xb6, 0xdf, 0xc6, 0x1c, 0xb6, 0xdf, 0xc6, 0xdf, 0xc6,
  0xdf, 0xc6, 0x5e, 0xb6, 0x9a, 0xa5, 0x5a, 0x95, 0x9f, 0xc6, 0x1f, 0xd7,
  0xff, 0xf7, 0x1f, 0xd7, 0xdf, 0xc6, 0x1f, 0xd7, 0x1f, 0xd7, 0xdf, 0xc6,
  0x1f, 0xd7, 0x1f, 0xd7, 0xda, 0xb5, 0x0e, 0xa5, 0x90, 0xc5, 0x0e, 0xd4,
  0x4e, 0xfc, 0x8c, 0xf3, 0xd0, 0xfc, 0x10, 0xfd, 0xd4, 0xfd, 0x52, 0xfd,
  0x14, 0xfe, 0x98, 0xfe, 0xd4, 0xfd, 0x52, 0xfd, 0x14, 0xfe, 0x56, 0xfe,
  0x18, 0xff, 0xd8, 0xfe, 0x16, 0xfe, 0x16, 0xfe, 0x52, 0xfd, 0x52, 0xfd,
  0x52, 0xfd, 0x94, 0xfd, 0x52, 0xfd, 0x52, 0xfd, 0x92, 0xfd, 0x94, 0xfd,
  0x14, 0xfe, 0x94, 0xfd, 0xd4, 0xfd, 0x94, 0xfd, 0x52, 0xfd, 0x8e, 0xfc,
  0xd4, 0xfd, 0x56, 0xfe, 0x16, 0xfe, 0x98, 0xfe, 0xd8, 0xfe, 0x56, 0xfe,
  0x12, 0xfd, 0x92, 0xfd, 0x52, 0xfd, 0x12, 0xfd, 0x92, 0xfd, 0x94, 0xfd,
  0xd4, 0xfd, 0x56, 0xfe, 0x16, 0xfe, 0xd4, 0xfd, 0x12, 0xfd, 0x4e, 0xfc,
  0xd0, 0xfc, 0x94, 0xfd, 0xd0, 0xfc, 0x12, 0xfd, 0x56, 0xfe, 0x56, 0xfe,
  0x92, 0xfd, 0x52, 0xfd, 0x16, 0xfe, 0x56, 0xfe, 0x56, 0xfe, 0xd4, 0xfd,
  0x52, 0xfd, 0xd4, 0xfd, 0xd4, 0xfd, 0x52, 0xfd, 0xd4, 0xfd, 0x14, 0xfe,
  0x56, 0xfe, 0x56, 0xfe, 0x94, 0xfd, 0x92, 0xe5, 0xca, 0x83, 0x86, 0x83,
  0x8c, 0xe6, 0xce, 0xf6, 0x8a, 0xfe, 0xec, 0xff, 0xee, 0xff, 0xf2, 0xff,
  0xf4, 0xff, 0xf4, 0xff, 0xf2, 0xff, 0xf0, 0xff, 0xf4, 0xff, 0xf6, 0xff,
  0xf2, 0xff, 0xee, 0xff, 0xf0, 0xff, 0xf0, 0xff, 0xf2, 0xff, 0xf2, 0xff,
  0xf0, 0xff, 0xf2, 0xff, 0xf2, 0xff, 0xf0, 0xff, 0xf6, 0xff, 0xf6, 0xff,
  0xf0, 0xff, 0xf2, 0xff, 0xf2, 0xff, 0xf0, 0xff, 0xf2, 0xff, 0xf4, 0xff,
  0xf2, 0xff, 0xf2, 0xff, 0xf4, 0xff, 0xf2, 0xff, 0xf0, 0xff, 0x90, 0xe6,
  0x0e, 0xb5, 0x08, 0x83, 0x88, 0xa2, 0x8c, 0xe3, 0x52, 0xfd, 0xd4, 0xfd,
  0x52, 0xfd, 0xd4, 0xfd, 0x52, 0xfd, 0x14, 0xfe, 0x52, 0xfd, 0xd0, 0xfc,
  0x96, 0xfe, 0x14, 0xfe, 0xd4, 0xfd, 0x56, 0xfe, 0x5a, 0xff, 0x5a, 0xff,
  0x56, 0xfe, 0x92, 0xfd, 0xd4, 0xfd, 0x14, 0xfe, 0xd4, 0xfd, 0xd4, 0xfd,
  0x52, 0xfd, 0x94, 0xfd, 0xd4, 0xfd, 0x52, 0xfd, 0xd4, 0xfd, 0x94, 0xfd,
  0x92, 0xfd, 0x56, 0xfe, 0x16, 0xfe, 0x92, 0xfd, 0x52, 0xfd, 0x12, 0xfd,
  0xd4, 0xfd, 0x56, 0xfe, 0xd4, 0xfd, 0x52, 0xfd, 0xd4, 0xfd, 0x94, 0xfd,
  0x92, 0xfd, 0x94, 0xfd, 0x94, 0xfd, 0x12, 0xfd, 0xd4, 0xfd, 0x56, 0xfe,
  0x52, 0xfd, 0x12, 0xfd, 0x94, 0xfd, 0x94, 0xfd, 0xd4, 0xfd, 0xd4, 0xfd,
  0x94, 0xfd, 0x12, 0xfd, 0xd0, 0xfc, 0x90, 0xfc, 0x94, 0xfd, 0x10, 0xfd,
  0x12, 0xfd, 0x52, 0xfd, 0x10, 0xfd, 0x52, 0xfd, 0x92, 0xfd, 0xd4, 0xfd,
  0x52, 0xfd, 0x12, 0xfd, 0x92, 0xfd, 0xd4, 0xfd, 0xd4, 0xfd, 0x0c, 0xc4,
  0xce, 0xb4, 0xc8, 0x62, 0x4a, 0x42, 0x54, 0x84, 0x1c, 0xb6, 0x9e, 0xb6,
  0xdf, 0xc6, 0x9e, 0xc6, 0x9f, 0xc6, 0x9e, 0xc6, 0x5e, 0xb6, 0x1c, 0xb6,
  0x9f, 0xc6, 0x9f, 0xe7, 0x5f, 0xd7, 0x1c, 0xb6, 0x1c, 0xb6, 0x5e, 0xb6,
  0x9e, 0xc6, 0xdf, 0xc6, 0x1c, 0xb6, 0x5e, 0xb6, 0x9f, 0xd7, 0xdf, 0xe7,
  0x1f, 0xc7, 0x1f, 0xd7, 0x9f, 0xe7, 0x5f, 0xd7, 0x5e, 0xb6, 0x9f, 0xd7,
  0x1f, 0xc7, 0xdf, 0xc6, 0x5e, 0xb6, 0x1f, 0xc7, 0xdf, 0xc6, 0x5f, 0xd7,
  0xdf, 0xc6, 0x5f, 0xd7, 0x1f, 0xd7, 0xff, 0xf7, 0xff, 0xff, 0xff, 0xff,
  0x9f, 0xc6, 0x1f, 0xd7, 0xdf, 0xe7, 0x9f, 0xd7, 0x5e, 0xb6, 0xdc, 0xa5,
  0x9e, 0xc6, 0x9e, 0xb6, 0x9e, 0xc6, 0x1f, 0xc7, 0x1f, 0xc7, 0x9f, 0xe7,
  0xff, 0xf7, 0x9e, 0xc6, 0xdf, 0xc6, 0x5e, 0xb6, 0xda, 0xa5, 0x5e, 0xb6,
  0x9e, 0xb6, 0x9a, 0xa5, 0x9e, 0xc6, 0x9f, 0xc6, 0x5f, 0xd7, 0x5f, 0xd7,
  0x5f, 0xd7, 0xdf, 0xc6, 0x1f, 0xd7, 0xdf, 0xc6, 0xdf, 0xc6, 0x1f, 0xd7,
  0xdc, 0xd6, 0x12, 0xd6, 0x0e, 0xc5, 0xc8, 0x82, 0x4c, 0xd3, 0x0e, 0xfc,
  0x52, 0xfd, 0x52, 0xfd, 0x94, 0xfd, 0xd4, 0xfd, 0xd4, 0xfd, 0x96, 0xfe,
  0x98, 0xfe, 0xd4, 0xfd, 0xd4, 0xfd, 0x56, 0xfe, 0xd4, 0xfd, 0x56, 0xfe,
  0x16, 0xfe, 0x94, 0xfd, 0x52, 0xfd, 0x52, 0xfd, 0x52, 0xfd, 0x56, 0xfe,
  0xd4, 0xfd, 0x98, 0xfe, 0xd4, 0xfd, 0x12, 0xfd, 0x52, 0xfd, 0x14, 0xfe,
  0x56, 0xfe, 0x14, 0xfe, 0x94, 0xfd, 0x12, 0xfd, 0x52, 0xfd, 0x92, 0xfd,
  0x92, 0xfd, 0x12, 0xfd, 0x52, 0xfd, 0x52, 0xfd, 0x52, 0xfd, 0x52, 0xfd,
  0x52, 0xfd, 0x8e, 0xfc, 0x90, 0xfc, 0xd4, 0xfd, 0x14, 0xfe, 0xd4, 0xfd,
  0xd4, 0xfd, 0x12, 0xfd, 0x14, 0xfe, 0x52, 0xfd, 0xd4, 0xfd, 0x94, 0xfd,
  0xd0, 0xfc, 0x10, 0xfd, 0x52, 0xfd, 0xd4, 0xfd, 0x52, 0xfd, 0x12, 0xfd,
  0xd4, 0xfd, 0x16, 0xfe, 0xd8, 0xfe, 0xd4, 0xfd, 0x52, 0xfd, 0x94, 0xfd,
  0x92, 0xfd, 0x94, 0xfd, 0x98, 0xfe, 0x52, 0xfd, 0x52, 0xfd, 0xd4, 0xfd,
  0x14, 0xfe, 0x96, 0xfe, 0xd2, 0xc5, 0xc8, 0xa4, 0xee, 0xff, 0xf0, 0xff,
  0xca, 0xfe, 0x4a, 0xff, 0xee, 0xff, 0xf6, 0xff, 0xf2, 0xff, 0xf0, 0xff,
  0xf0, 0xff, 0xf0, 0xff, 0xf0, 0xff, 0xf2, 0xff, 0xf2, 0xff, 0xee, 0xff,
  0xf0, 0xff, 0xee, 0xff, 0xee, 0xff, 0xf0, 0xff, 0xf2, 0xff, 0xf0, 0xff,
  0xee, 0xff, 0xf2, 0xff, 0xf2, 0xff, 0xf6, 0xff, 0xf2, 0xff, 0xf0, 0xff,
  0xf4, 0xff, 0xf0, 0xff, 0xf0, 0xff, 0xf2, 0xff, 0xf0, 0xff, 0xf0, 0xff,
  0xf8, 0xff, 0xf6, 0xff, 0xf0, 0xff, 0x14, 0xf7, 0x50, 0xb5, 0x46, 0x62,
  0x86, 0x61, 0x0a, 0xb3, 0x0e, 0xfc, 0x16, 0xfe, 0x16, 0xfe, 0xd4, 0xfd,
  0x52, 0xfd, 0xd0, 0xfc, 0x92, 0xfd, 0x16, 0xfe, 0x98, 0xfe, 0x92, 0xfd,
  0xd0, 0xfc, 0x92, 0xfd, 0x14, 0xfe, 0xd4, 0xfd, 0xd4, 0xfd, 0x92, 0xfd,
  0x56, 0xfe, 0x18, 0xff, 0x96, 0xfe, 0x14, 0xfe, 0x92, 0xfd, 0x94, 0xfd,
  0x14, 0xfe, 0xd4, 0xfd, 0x94, 0xfd, 0x52, 0xfd, 0x4e, 0xfc, 0x14, 0xfe,
  0xd8, 0xfe, 0x16, 0xfe, 0xd4, 0xfd, 0x94, 0xfd, 0x92, 0xfd, 0x14, 0xfe,
  0x56, 0xfe, 0x56, 0xfe, 0xd4, 0xfd, 0x12, 0xfd, 0x52, 0xfd, 0x12, 0xfd,
  0x10, 0xfd, 0x92, 0xfd, 0x16, 0xfe, 0x16, 0xfe, 0xd4, 0xfd, 0xd4, 0xfd,
  0x92, 0xfd, 0x92, 0xfd, 0x16, 0xfe, 0x14, 0xfe, 0x52, 0xfd, 0x12, 0xfd,
  0xd0, 0xfc, 0xd0, 0xfc, 0x10, 0xfd, 0x12, 0xfd, 0x94, 0xfd, 0x56, 0xfe,
  0xd4, 0xfd, 0x94, 0xfd, 0xd4, 0xfd, 0x92, 0xfd, 0x94, 0xfd, 0x12, 0xfd,
  0x52, 0xfd, 0x14, 0xfe, 0x56, 0xfe, 0x4e, 0xd4, 0x4c, 0x94, 0x08, 0x63,
  0x46, 0x21, 0x50, 0x63, 0x18, 0x95, 0x5e, 0xb6, 0x5e, 0xb6, 0x1f, 0xd7,
  0x9f, 0xe7, 0x1f, 0xd7, 0x1c, 0xa6, 0x5e, 0xb6, 0xdf, 0xc6, 0x5f, 0xd7,
  0x1f, 0xd7, 0x5e, 0xb6, 0x1f, 0xd7, 0x1f, 0xc7, 0x9f, 0xc6, 0x9e, 0xb6,
  0x1c, 0xb6, 0x1c, 0xb6, 0xdc, 0xa5, 0x5e, 0xb6, 0x5e, 0xb6, 0xdf, 0xc6,
  0x9e, 0xc6, 0x1f, 0xc7, 0x1f, 0xc7, 0xdf, 0xe7, 0x1f, 0xd7, 0x9f, 0xc6,
  0x1c, 0xb6, 0xdc, 0xa5, 0xdf, 0xc6, 0x9f, 0xd7, 0x5e, 0xb6, 0x1f, 0xd7,
  0x9f, 0xe7, 0x9f, 0xe7, 0xff, 0xf7, 0x5f, 0xd7, 0xdf, 0xc6, 0x9f, 0xc6,
  0x1f, 0xc7, 0x9e, 0xc6, 0x1c, 0xa6, 0xdc, 0xa5, 0x1f, 0xd7, 0xdf, 0xc6,
  0x5e, 0xb6, 0x1c, 0xb6, 0xdc, 0xa5, 0x9e, 0xc6, 0x5f, 0xd7, 0xdf, 0xc6,
  0x9e, 0xc6, 0x5a, 0xa5, 0x1c, 0xa6, 0x5e, 0xb6, 0xdc, 0xa5, 0x1c, 0xb6,
  0x9e, 0xb6, 0x5e, 0xb6, 0x1c, 0xb6, 0xdf, 0xc6, 0x1f, 0xc7, 0x1f, 0xc7,
  0x9f, 0xd7, 0x5e, 0xb6, 0x1c, 0xb6, 0x1f, 0xc7, 0x9c, 0xc6, 0xce, 0xa4,
  0x08, 0x73, 0xc6, 0x51, 0x4c, 0xd3, 0x0e, 0xfc, 0x12, 0xfd, 0x92, 0xfd,
  0x10, 0xfd, 0x92, 0xfd, 0xd4, 0xfd, 0x14, 0xfe, 0xd8, 0xfe, 0x98, 0xfe,
  0xd8, 0xfe, 0x14, 0xfe, 0x92, 0xfd, 0x94, 0xfd, 0x56, 0xfe, 0x56, 0xfe,
  0x92, 0xfd, 0x56, 0xfe, 0x92, 0xfd, 0x52, 0xfd, 0xd4, 0xfd, 0xd8, 0xfe,
  0x56, 0xfe, 0x52, 0xfd, 0x16, 0xfe, 0x16, 0xfe, 0x16, 0xfe, 0x56, 0xfe,
  0x56, 0xfe, 0x56, 0xfe, 0x92, 0xfd, 0x92, 0xfd, 0x52, 0xfd, 0x92, 0xfd,
  0x92, 0xfd, 0x12, 0xfd, 0x52, 0xfd, 0x52, 0xfd, 0x12, 0xfd, 0xcc, 0xe3,
  0x4e, 0xfc, 0x56, 0xfe, 0x98, 0xfe, 0x52, 0xfd, 0x0e, 0xfc, 0xd0, 0xfc,
  0xd4, 0xfd, 0x94, 0xfd, 0xd8, 0xfe, 0x16, 0xfe, 0xd4, 0xfd, 0x92, 0xfd,
  0x52, 0xfd, 0x94, 0xfd, 0xd0, 0xfc, 0x52, 0xfd, 0x92, 0xfd, 0x92, 0xfd,
  0x56, 0xfe, 0xd4, 0xfd, 0x12, 0xfd, 0x16, 0xfe, 0x94, 0xfd, 0x94, 0xfd,
  0x92, 0xfd, 0x10, 0xfd, 0x92, 0xfd, 0xd0, 0xfc, 0x14, 0xfe, 0x96, 0xfe,
  0x90, 0xc5, 0xc8, 0x83, 0xc8, 0xd5, 0x4a, 0xff, 0x0a, 0xff, 0xf0, 0xff,
  0xf4, 0xff, 0xf2, 0xff, 0xf0, 0xff, 0xf2, 0xff, 0xee, 0xff, 0xf0, 0xff,
  0xf0, 0xff, 0xf2, 0xff, 0xf4, 0xff, 0xf0, 0xff, 0xee, 0xff, 0xee, 0xff,
  0xee, 0xff, 0xf2, 0xff, 0xf2, 0xff, 0xf2, 0xff, 0xf2, 0xff, 0xf0, 0xff,
  0xf2, 0xff, 0xf2, 0xff, 0xee, 0xff, 0xee, 0xff, 0xf0, 0xff, 0xee, 0xff,
  0xf0, 0xff, 0xf0, 0xff, 0xf2, 0xff, 0xf4, 0xff, 0xf8, 0xff, 0xf6, 0xff,
  0xf0, 0xff, 0x50, 0xe6, 0xd2, 0xc5, 0x46, 0x52, 0x88, 0x92, 0x0e, 0xf4,
  0x0e, 0xfc, 0x94, 0xfd, 0x12, 0xfd, 0x12, 0xfd, 0x12, 0xfd, 0x0e, 0xf4,
  0x12, 0xfd, 0x16, 0xfe, 0x16, 0xfe, 0xd4, 0xfd, 0x5a, 0xff, 0x5a, 0xff,
  0xd4, 0xfd, 0x94, 0xfd, 0x96, 0xfe, 0x1a, 0xff, 0x94, 0xfd, 0xd4, 0xfd,
  0x96, 0xfe, 0xd4, 0xfd, 0x12, 0xfd, 0x52, 0xfd, 0x52, 0xfd, 0x92, 0xfd,
  0x94, 0xfd, 0x94, 0xfd, 0x56, 0xfe, 0x18, 0xff, 0x16, 0xfe, 0x92, 0xfd,
  0x16, 0xfe, 0x56, 0xfe, 0x52, 0xfd, 0x92, 0xfd, 0xd4, 0xfd, 0x98, 0xfe,
  0x16, 0xfe, 0xd0, 0xfc, 0x52, 0xfd, 0xd4, 0xfd, 0x92, 0xfd, 0x52, 0xfd,
  0x92, 0xfd, 0xd4, 0xfd, 0xd4, 0xfd, 0x94, 0xfd, 0xd4, 0xfd, 0xd4, 0xfd,
  0xd0, 0xfc, 0x52, 0xfd, 0x96, 0xfe, 0x94, 0xfd, 0x12, 0xfd, 0xd4, 0xfd,
  0x92, 0xfd, 0x14, 0xfe, 0x14, 0xfe, 0x16, 0xfe, 0x92, 0xfd, 0x96, 0xfe,
  0xd4, 0xfd, 0x52, 0xfd, 0xd4, 0xfd, 0xd4, 0xfd, 0x10, 0xfd, 0x52, 0xfd,
  0x16, 0xfe, 0x4c, 0xd4, 0x50, 0xb5, 0x50, 0xb5, 0x4a, 0x42, 0x50, 0x63,
  0x96, 0x84, 0x5e, 0xb6, 0x5e, 0xb6, 0x5f, 0xd7, 0xdf, 0xe7, 0x5e, 0xb6,
  0x5a, 0x95, 0xda, 0xa5, 0xdf, 0xc6, 0x1f, 0xd7, 0x9e, 0xb6, 0x5f, 0xd7,
  0xff, 0xf7, 0x1c, 0xb6, 0xd8, 0x94, 0x9a, 0xa5, 0x5e, 0xb6, 0x9f, 0xc6,
  0x9e, 0xb6, 0x1c, 0xb6, 0xdc, 0xa5, 0x9e, 0xc6, 0x1c, 0xb6, 0xdc, 0xa5,
  0xdf, 0xc6, 0xdf, 0xe7, 0x1f, 0xc7, 0x1f, 0xc7, 0x1f, 0xc7, 0x9f, 0xc6,
  0xdf, 0xc6, 0x1f, 0xc7, 0x5e, 0xb6, 0x9f, 0xc6, 0x1f, 0xd7, 0x9e, 0xc6,
  0xdf, 0xc6, 0xdf, 0xc6, 0x1e, 0xb6, 0x5f, 0xd7, 0xff, 0xf7, 0x1f, 0xc7,
  0x5e, 0xb6, 0x9e, 0xc6, 0x9e, 0xc6, 0xdf, 0xc6, 0xdf, 0xc6, 0x5f, 0xd7,
  0xdf, 0xe7, 0x9f, 0xc6, 0x5e, 0xb6, 0x9f, 0xc6, 0x5e, 0xb6, 0x9e, 0xb6,
  0x9e, 0xb6, 0x5e, 0xb6, 0xdc, 0xa5, 0x5e, 0xb6, 0xdf, 0xc6, 0x1f, 0xc7,
  0x5e, 0xb6, 0x1f, 0xd7, 0x5f, 0xd7, 0xdf, 0xc6, 0x1f, 0xd7, 0xdc, 0xa5,
  0x9a, 0xa5, 0x1f, 0xd7, 0x1a, 0xb6, 0x90, 0xc5, 0x8c, 0xa4, 0xc6, 0x61,
  0xca, 0xc2, 0x8c, 0xfb, 0x90, 0xfc, 0x92, 0xfd, 0x92, 0xfd, 0x94, 0xfd,
  0xd4, 0xfd, 0x56, 0xfe, 0xd4, 0xfd, 0xd4, 0xfd, 0x14, 0xfe, 0xd4, 0xfd,
  0x92, 0xfd, 0x10, 0xfd, 0x16, 0xfe, 0xdc, 0xff, 0x16, 0xfe, 0x56, 0xfe,
  0x94, 0xfd, 0x52, 0xfd, 0xd4, 0xfd, 0x14, 0xfe, 0x94, 0xfd, 0x94, 0xfd,
  0x16, 0xfe, 0x14, 0xfe, 0x98, 0xfe, 0x98, 0xfe, 0xd8, 0xfe, 0xd8, 0xfe,
  0x94, 0xfd, 0x14, 0xfe, 0x92, 0xfd, 0x14, 0xfe, 0x92, 0xfd, 0x12, 0xfd,
  0xd4, 0xfd, 0x92, 0xfd, 0x10, 0xfd, 0x4e, 0xfc, 0xd0, 0xfc, 0x92, 0xfd,
  0xd8, 0xfe, 0x16, 0xfe, 0x94, 0xfd, 0x92, 0xfd, 0x92, 0xfd, 0x94, 0xfd,
  0xd8, 0xfe, 0x98, 0xfe, 0x18, 0xff, 0x14, 0xfe, 0x52, 0xfd, 0x92, 0xfd,
  0xd4, 0xfd, 0x16, 0xfe, 0x56, 0xfe, 0xd8, 0xfe, 0x92, 0xfd, 0x94, 0xfd,
  0x52, 0xfd, 0x94, 0xfd, 0xd4, 0xfd, 0x98, 0xfe, 0x92, 0xfd, 0x96, 0xfe,
  0xd4, 0xfd, 0x4e, 0xfc, 0x4e, 0xfc, 0x50, 0xd5, 0xce, 0xa4, 0x48, 0x94,
  0x0a, 0xd6, 0xcc, 0xf6, 0xcc, 0xff, 0xee, 0xff, 0xf2, 0xff, 0xee, 0xff,
  0xf0, 0xff, 0xf2, 0xff, 0xf4, 0xff, 0xf0, 0xff, 0xf2, 0xff, 0xf2, 0xff,
  0xf2, 0xff, 0xee, 0xff, 0xec, 0xff, 0xec, 0xff, 0xee, 0xff, 0xf4, 0xff,
  0xf0, 0xff, 0xf6, 0xff, 0xf4, 0xff, 0xee, 0xff, 0xf0, 0xff, 0xf0, 0xff,
  0xf0, 0xff, 0xf0, 0xff, 0xf0, 0xff, 0xf2, 0xff, 0xf0, 0xff, 0xf0, 0xff,
  0xf4, 0xff, 0xf2, 0xff, 0xf4, 0xff, 0xf4, 0xff, 0xf0, 0xff, 0x8e, 0xc5,
  0x50, 0xb5, 0xc8, 0x82, 0xcc, 0xe3, 0x0e, 0xfc, 0x0e, 0xfc, 0xd0, 0xfc,
  0x52, 0xfd, 0xd4, 0xfd, 0x12, 0xfd, 0x12, 0xfd, 0x10, 0xfd, 0x52, 0xfd,
  0x56, 0xfe, 0x14, 0xfe, 0x1a, 0xff, 0xd8, 0xfe, 0xd8, 0xfe, 0x56, 0xfe,
  0x16, 0xfe, 0x56, 0xfe, 0x92, 0xfd, 0x94, 0xfd, 0x16, 0xfe, 0x52, 0xfd,
  0x10, 0xfd, 0x12, 0xfd, 0x52, 0xfd, 0x16, 0xfe, 0x56, 0xfe, 0x52, 0xfd,
  0x1a, 0xff, 0x16, 0xfe, 0xd0, 0xfc, 0x52, 0xfd, 0x14, 0xfe, 0xd4, 0xfd,
  0x12, 0xfd, 0x52, 0xfd, 0xd4, 0xfd, 0xd4, 0xfd, 0x52, 0xfd, 0x92, 0xfd,
  0xd4, 0xfd, 0xd4, 0xfd, 0xd4, 0xfd, 0xd4, 0xfd, 0x52, 0xfd, 0x94, 0xfd,
  0x92, 0xfd, 0x52, 0xfd, 0x94, 0xfd, 0x52, 0xfd, 0x4e, 0xfc, 0x12, 0xfd,
  0x56, 0xfe, 0x94, 0xfd, 0xd0, 0xfc, 0x52, 0xfd, 0x52, 0xfd, 0x94, 0xfd,
  0x16, 0xfe, 0xd4, 0xfd, 0xd4, 0xfd, 0x96, 0xfe, 0xd4, 0xfd, 0x92, 0xfd,
  0x14, 0xfe, 0xd4, 0xfd, 0x12, 0xfd, 0x92, 0xfd, 0x14, 0xfe, 0x8e, 0xe4,
  0x0e, 0xb5, 0xd0, 0xa4, 0xd4, 0x94, 0x98, 0xa5, 0x18, 0x95, 0x5e, 0xb6,
  0x5e, 0xb6, 0x1f, 0xd7, 0x5f, 0xd7, 0xdf, 0xc6, 0xdf, 0xc6, 0xdf, 0xc6,
  0x5f, 0xd7, 0x9f, 0xd7, 0x1f, 0xd7, 0x5f, 0xd7, 0xff, 0xf7, 0xda, 0xa5,
  0x58, 0x95, 0x5e, 0xb6, 0x1f, 0xd7, 0xdf, 0xc6, 0xdf, 0xc6, 0x5e, 0xb6,
  0x5a, 0xa5, 0x5e, 0xb6, 0x5e, 0xb6, 0xd6, 0x84, 0x9a, 0xa5, 0xdf, 0xc6,
  0xdf, 0xc6, 0x9f, 0xe7, 0x1f, 0xd7, 0x1f, 0xd7, 0x1f, 0xd7, 0x5e, 0xb6,
  0xdf, 0xc6, 0x9f, 0xd7, 0x5e, 0xb6, 0x5c, 0xb6, 0x5e, 0xb6, 0x5e, 0xb6,
  0x5e, 0xb6, 0x1f, 0xd7, 0xdf, 0xe7, 0x9e, 0xb6, 0x1f, 0xc7, 0x9f, 0xd7,
  0x9e, 0xc6, 0x5e, 0xb6, 0x1f, 0xd7, 0x9e, 0xc6, 0x1f, 0xd7, 0x1f, 0xc7,
  0x5f, 0xd7, 0xdf, 0xc6, 0x1f, 0xd7, 0x1f, 0xd7, 0x5e, 0xb6, 0x9e, 0xc6,
  0x9e, 0xc6, 0x9f, 0xc6, 0x9f, 0xe7, 0xdf, 0xe7, 0x1f, 0xc7, 0x9e, 0xc6,
  0xdf, 0xc6, 0x9f, 0xc6, 0xdf, 0xc6, 0x5e, 0xb6, 0x9a, 0xa5, 0x9f, 0xd7,
  0x5c, 0xc6, 0x94, 0xe6, 0x0e, 0xb5, 0x06, 0x62, 0x06, 0x82, 0x0a, 0xf3,
  0xd0, 0xfc, 0x14, 0xfe, 0xd4, 0xfd, 0xd4, 0xfd, 0xd8, 0xfe, 0xd8, 0xfe,
  0xd4, 0xfd, 0x52, 0xfd, 0xd4, 0xfd, 0xd8, 0xfe, 0x52, 0xfd, 0xd0, 0xfc,
  0x14, 0xfe, 0x9c, 0xff, 0x1a, 0xff, 0x52, 0xfd, 0x12, 0xfd, 0xd4, 0xfd,
  0xd4, 0xfd, 0x94, 0xfd, 0xd4, 0xfd, 0xd4, 0xfd, 0xd4, 0xfd, 0x56, 0xfe,
  0x14, 0xfe, 0x56, 0xfe, 0x18, 0xff, 0xd8, 0xfe, 0x52, 0xfd, 0x14, 0xfe,
  0xd4, 0xfd, 0x52, 0xfd, 0x52, 0xfd, 0x52, 0xfd, 0xd4, 0xfd, 0x10, 0xfd,
  0x12, 0xfd, 0x92, 0xfd, 0xd4, 0xfd, 0x92, 0xfd, 0xd4, 0xfd, 0xd8, 0xfe,
  0x1a, 0xff, 0x56, 0xfe, 0xd4, 0xfd, 0xd4, 0xfd, 0x14, 0xfe, 0x94, 0xfd,
  0x56, 0xfe, 0x14, 0xfe, 0x94, 0xfd, 0x16, 0xfe, 0xd8, 0xfe, 0xd4, 0xfd,
  0x56, 0xfe, 0x96, 0xfe, 0xd4, 0xfd, 0xd4, 0xfd, 0xd4, 0xfd, 0x92, 0xfd,
  0x94, 0xfd, 0x56, 0xfe, 0x56, 0xfe, 0xd8, 0xfe, 0xd4, 0xfd, 0x94, 0xfd,
  0x10, 0xfd, 0x10, 0xd5, 0x0c, 0x94, 0xca, 0xb4, 0xf0, 0xff, 0xf4, 0xff,
  0xf2, 0xff, 0xee, 0xff, 0x8c, 0xff, 0xf0, 0xff, 0xf0, 0xff, 0xf4, 0xff,
  0xf4, 0xff, 0xf0, 0xff, 0xee, 0xff, 0xf0, 0xff, 0xf0, 0xff, 0xec, 0xff,
  0xec, 0xff, 0xee, 0xff, 0xee, 0xff, 0xf4, 0xff, 0xf2, 0xff, 0xf0, 0xff,
  0xf0, 0xff, 0xee, 0xff, 0xee, 0xff, 0xf2, 0xff, 0xf4, 0xff, 0xf4, 0xff,
  0xfa, 0xff, 0xf6, 0xff, 0xf4, 0xff, 0xf0, 0xff, 0xee, 0xff, 0xee, 0xff,
  0xf0, 0xff, 0xf6, 0xff, 0xf2, 0xff, 0x10, 0xd6, 0x54, 0xe6, 0x4a, 0xa3,
  0x8c, 0xd3, 0xcc, 0xf3, 0x8e, 0xfc, 0x52, 0xfd, 0x52, 0xfd, 0xd4, 0xfd,
  0x52, 0xfd, 0x90, 0xfc, 0x92, 0xfd, 0x14, 0xfe, 0x98, 0xfe, 0x14, 0xfe,
  0x52, 0xfd, 0x14, 0xfe, 0xd4, 0xfd, 0x52, 0xfd, 0xd4, 0xfd, 0x56, 0xfe,
  0x52, 0xfd, 0x10, 0xfd, 0x12, 0xfd, 0x12, 0xfd, 0x92, 0xfd, 0x52, 0xfd,
  0x92, 0xfd, 0xd4, 0xfd, 0x94, 0xfd, 0x52, 0xfd, 0xd4, 0xfd, 0x14, 0xfe,
  0x52, 0xfd, 0x12, 0xfd, 0x94, 0xfd, 0x16, 0xfe, 0x52, 0xfd, 0x52, 0xfd,
  0xd4, 0xfd, 0x92, 0xfd, 0x12, 0xfd, 0x52, 0xfd, 0x52, 0xfd, 0x12, 0xfd,
  0xd0, 0xfc, 0x52, 0xfd, 0x94, 0xfd, 0x52, 0xfd, 0x52, 0xfd, 0x94, 0xfd,
  0xd4, 0xfd, 0x94, 0xfd, 0x12, 0xfd, 0x12, 0xfd, 0x8e, 0xfc, 0xd0, 0xfc,
  0x52, 0xfd, 0x16, 0xfe, 0x94, 0xfd, 0x92, 0xfd, 0x92, 0xfd, 0x92, 0xfd,
  0xd4, 0xfd, 0x92, 0xfd, 0x52, 0xfd, 0x52, 0xfd, 0x52, 0xfd, 0x10, 0xfd,
  0x90, 0xfc, 0x52, 0xfd, 0x56, 0xfe, 0x10, 0xf5, 0xce, 0xb4, 0xd0, 0xa4,
  0x5c, 0xb6, 0x9e, 0xc6, 0x9e, 0xc6, 0xdf, 0xc6, 0x5e, 0xb6, 0x1c, 0xb6,
  0xdf, 0xc6, 0x1f, 0xd7, 0xdf, 0xc6, 0x9e, 0xc6, 0x9f, 0xe7, 0xdf, 0xe7,
  0x9f, 0xe7, 0xdf, 0xe7, 0xff, 0xf7, 0x1c, 0xb6, 0x1f, 0xd7, 0xdf, 0xc6,
  0x9f, 0xc6, 0x5f, 0xd7, 0x9f, 0xd7, 0x1f, 0xd7, 0x5e, 0xb6, 0x5e, 0xb6,
  0x5e, 0xb6, 0x9a, 0xa5, 0x1c, 0xb6, 0x5e, 0xb6, 0x5f, 0xd7, 0xdf, 0xe7,
  0x1f, 0xc7, 0x1f, 0xd7, 0xdf, 0xc6, 0x9e, 0xc6, 0xff, 0xff, 0xff, 0xf7,
  0x1c, 0xb6, 0x5e, 0xb6, 0x9f, 0xc6, 0xdf, 0xc6, 0xdf, 0xc6, 0x9e, 0xb6,
  0x1f, 0xd7, 0x5f, 0xd7, 0x9f, 0xd7, 0xdf, 0xc6, 0x1c, 0xb6, 0x9e, 0xc6,
  0xdf, 0xc6, 0x5e, 0xb6, 0xdf, 0xc6, 0x9f, 0xe7, 0x5f, 0xd7, 0x1f, 0xc7,
  0xdf, 0xe7, 0x9f, 0xd7, 0xdf, 0xc6, 0xdf, 0xc6, 0x9e, 0xc6, 0xdf, 0xc6,
  0xdf, 0xc6, 0x9f, 0xc6, 0xdf, 0xc6, 0x9f, 0xc6, 0xdf, 0xc6, 0x1c, 0xb6,
  0x5e, 0xb6, 0x1c, 0xa6, 0x5e, 0xb6, 0xdf, 0xe7, 0x9c, 0xc6, 0x96, 0xff,
  0x0a, 0x94, 0x88, 0x82, 0x8c, 0xc3, 0x8c, 0xf3, 0xd0, 0xfc, 0x14, 0xfe,
  0x56, 0xfe, 0x56, 0xfe, 0x18, 0xff, 0x16, 0xfe, 0xd4, 0xfd, 0x14, 0xfe,
  0xd4, 0xfd, 0x56, 0xfe, 0x12, 0xfd, 0x12, 0xfd, 0x56, 0xfe, 0x9c, 0xff,
  0x9c, 0xff, 0xd4, 0xfd, 0x94, 0xfd, 0xd4, 0xfd, 0x94, 0xfd, 0xd0, 0xfc,
  0x52, 0xfd, 0x56, 0xfe, 0x14, 0xfe, 0x56, 0xfe, 0x52, 0xfd, 0xd0, 0xfc,
  0xd4, 0xfd, 0xd8, 0xfe, 0xd4, 0xfd, 0x16, 0xfe, 0xd4, 0xfd, 0x52, 0xfd,
  0x52, 0xfd, 0xd4, 0xfd, 0x94, 0xfd, 0xd4, 0xfd, 0x52, 0xfd, 0x16, 0xfe,
  0x96, 0xfe, 0x98, 0xfe, 0x14, 0xfe, 0x18, 0xff, 0xd8, 0xfe, 0x56, 0xfe,
  0x16, 0xfe, 0x14, 0xfe, 0xd4, 0xfd, 0x52, 0xfd, 0x14, 0xfe, 0x52, 0xfd,
  0x52, 0xfd, 0x16, 0xfe, 0x14, 0xfe, 0x52, 0xfd, 0x56, 0xfe, 0x94, 0xfd,
  0xd4, 0xfd, 0x56, 0xfe, 0xd4, 0xfd, 0x16, 0xfe, 0x16, 0xfe, 0xd4, 0xfd,
  0x9c, 0xff, 0xd8, 0xfe, 0xd4, 0xfd, 0x1a, 0xff, 0x56, 0xfe, 0x50, 0xe5,
  0x48, 0x73, 0x48, 0xa4, 0xee, 0xff, 0xf2, 0xff, 0xf2, 0xff, 0xf0, 0xff,
  0xf0, 0xff, 0xf2, 0xff, 0xf4, 0xff, 0xf4, 0xff, 0xf0, 0xff, 0xee, 0xff,
  0xf0, 0xff, 0xf2, 0xff, 0xf2, 0xff, 0xee, 0xff, 0xee, 0xff, 0xf0, 0xff,
  0xee, 0xff, 0xf6, 0xff, 0xfc, 0xff, 0xf6, 0xff, 0xf0, 0xff, 0xf0, 0xff,
  0xf2, 0xff, 0xf6, 0xff, 0xf6, 0xff, 0xf2, 0xff, 0xfa, 0xff, 0xf8, 0xff,
  0xf2, 0xff, 0xf0, 0xff, 0xee, 0xff, 0xee, 0xff, 0xee, 0xff, 0xf4, 0xff,
  0xf4, 0xff, 0x4c, 0xc5, 0x8c, 0xa4, 0xcc, 0xc3, 0x8c, 0xe3, 0x90, 0xfc,
  0xd4, 0xfd, 0x56, 0xfe, 0x94, 0xfd, 0x94, 0xfd, 0x14, 0xfe, 0x92, 0xfd,
  0xd4, 0xfd, 0xd4, 0xfd, 0x16, 0xfe, 0x92, 0xfd, 0x92, 0xfd, 0x56, 0xfe,
  0xd4, 0xfd, 0x14, 0xfe, 0xd8, 0xfe, 0xd4, 0xfd, 0xd0, 0xfc, 0x12, 0xfd,
  0x92, 0xfd, 0xd4, 0xfd, 0x52, 0xfd, 0x92, 0xfd, 0xd4, 0xfd, 0x94, 0xfd,
  0x92, 0xfd, 0x14, 0xfe, 0x16, 0xfe, 0x56, 0xfe, 0x92, 0xfd, 0x92, 0xfd,
  0x52, 0xfd, 0x94, 0xfd, 0x12, 0xfd, 0x12, 0xfd, 0x94, 0xfd, 0x52, 0xfd,
  0x90, 0xfc, 0x4e, 0xfc, 0xd0, 0xfc, 0x92, 0xfd, 0x92, 0xfd, 0x92, 0xfd,
  0xd4, 0xfd, 0xd4, 0xfd, 0x94, 0xfd, 0x52, 0xfd, 0x92, 0xfd, 0x94, 0xfd,
  0x94, 0xfd, 0x52, 0xfd, 0xd0, 0xfc, 0xd0, 0xfc, 0x52, 0xfd, 0x52, 0xfd,
  0x12, 0xfd, 0x4e, 0xfc, 0x90, 0xfc, 0x52, 0xfd, 0x52, 0xfd, 0xd4, 0xfd,
  0x52, 0xfd, 0x52, 0xfd, 0x92, 0xfd, 0x12, 0xfd, 0x52, 0xfd, 0x94, 0xfd,
  0xd8, 0xfe, 0x52, 0xf5, 0x50, 0xc5, 0x8c, 0x73, 0x12, 0x74, 0x5a, 0xa5,
  0x1f, 0xd7, 0x5e, 0xb6, 0x9e, 0xb6, 0x1f, 0xc7, 0xdf, 0xc6, 0xdf, 0xc6,
  0xdf, 0xc6, 0x9e, 0xc6, 0x1f, 0xd7, 0x9f, 0xd7, 0xff, 0xf7, 0xff, 0xf7,
  0x9f, 0xd7, 0x1c, 0xb6, 0x9e, 0xc6, 0x5e, 0xb6, 0x1c, 0xb6, 0x5f, 0xd7,
  0x9f, 0xd7, 0x9f, 0xc6, 0x1f, 0xc7, 0xdf, 0xc6, 0x1f, 0xd7, 0xdf, 0xc6,
  0x9f, 0xc6, 0xdf, 0xc6, 0x9e, 0xc6, 0x9e, 0xb6, 0x5e, 0xb6, 0xdc, 0xa5,
  0xdc, 0xa5, 0x5e, 0xb6, 0xff, 0xf7, 0xff, 0xe7, 0x9e, 0xc6, 0x9e, 0xc6,
  0xdf, 0xc6, 0x1f, 0xd7, 0x5e, 0xb6, 0x1c, 0xb6, 0x9e, 0xc6, 0x9f, 0xe7,
  0xff, 0xff, 0x5e, 0xb6, 0x9a, 0xa5, 0xda, 0xa5, 0x1c, 0xb6, 0x5e, 0xb6,
  0x1c, 0xb6, 0x1f, 0xd7, 0x1f, 0xd7, 0xdf, 0xc6, 0xdf, 0xc6, 0x5f, 0xd7,
  0x5f, 0xd7, 0x1c, 0xb6, 0x5e, 0xb6, 0xdf, 0xc6, 0x9f, 0xe7, 0x5e, 0xb6,
  0xda, 0xa5, 0xdc, 0xa5, 0x1c, 0xb6, 0x9e, 0xb6, 0x5e, 0xb6, 0x1c, 0xb6,
  0x9e, 0xc6, 0xdf, 0xe7, 0x98, 0xa5, 0x90, 0xc5, 0xce, 0xa4, 0x8c, 0xb3,
  0x16, 0xfe, 0x94, 0xfd, 0x52, 0xfd, 0xd4, 0xfd, 0xd4, 0xfd, 0xd4, 0xfd,
  0xd4, 0xfd, 0xd4, 0xfd, 0x52, 0xfd, 0xd8, 0xfe, 0x92, 0xfd, 0x12, 0xfd,
  0x8e, 0xfc, 0x4e, 0xfc, 0x92, 0xfd, 0x92, 0xfd, 0x16, 0xfe, 0xd4, 0xfd,
  0x52, 0xfd, 0x52, 0xfd, 0x92, 0xfd, 0x52, 0xfd, 0xd0, 0xfc, 0xd4, 0xfd,
  0x16, 0xfe, 0x56, 0xfe, 0x94, 0xfd, 0x10, 0xfd, 0x90, 0xfc, 0xd4, 0xfd,
  0x14, 0xfe, 0x14, 0xfe, 0x92, 0xfd, 0x94, 0xfd, 0x94, 0xfd, 0x12, 0xfd,
  0x52, 0xfd, 0x14, 0xfe, 0xd4, 0xfd, 0x56, 0xfe, 0xd4, 0xfd, 0x96, 0xfe,
  0x16, 0xfe, 0xd8, 0xfe, 0x98, 0xfe, 0xd4, 0xfd, 0x16, 0xfe, 0x92, 0xfd,
  0x16, 0xfe, 0xd4, 0xfd, 0x56, 0xfe, 0xd0, 0xfc, 0x94, 0xfd, 0xd4, 0xfd,
  0xd4, 0xfd, 0xd4, 0xfd, 0xd8, 0xfe, 0x92, 0xfd, 0xd4, 0xfd, 0x56, 0xfe,
  0xd4, 0xfd, 0x56, 0xfe, 0xd4, 0xfd, 0x12, 0xfd, 0x16, 0xfe, 0x52, 0xfd,
  0x94, 0xfd, 0x96, 0xfe, 0xd4, 0xfd, 0xce, 0xc4, 0xca, 0x83, 0x86, 0x83,
  0x4a, 0xe6, 0xee, 0xff, 0xf0, 0xff, 0xee, 0xff, 0xf0, 0xff, 0xee, 0xff,
  0xf0, 0xff, 0xf2, 0xff, 0xee, 0xff, 0xee, 0xff, 0xf6, 0xff, 0xfa, 0xff,
  0xf6, 0xff, 0xf0, 0xff, 0xf0, 0xff, 0xf0, 0xff, 0xec, 0xff, 0xf4, 0xff,
  0xfa, 0xff, 0xf4, 0xff, 0xf2, 0xff, 0xf2, 0xff, 0xf4, 0xff, 0xf4, 0xff,
  0xf2, 0xff, 0xf4, 0xff, 0xf4, 0xff, 0xf0, 0xff, 0xee, 0xff, 0xf0, 0xff,
  0xf0, 0xff, 0xf2, 0xff, 0xf2, 0xff, 0xf0, 0xff, 0xf2, 0xff, 0x8c, 0xc5,
  0xca, 0x83, 0xc8, 0xa2, 0xce, 0xe3, 0x52, 0xfd, 0x16, 0xfe, 0x14, 0xfe,
  0x92, 0xfd, 0x92, 0xfd, 0x14, 0xfe, 0x12, 0xfd, 0x90, 0xfc, 0x94, 0xfd,
  0x94, 0xfd, 0x94, 0xfd, 0xd4, 0xfd, 0x52, 0xfd, 0x94, 0xfd, 0x14, 0xfe,
  0x14, 0xfe, 0x92, 0xfd, 0xd4, 0xfd, 0x52, 0xfd, 0xd4, 0xfd, 0xd4, 0xfd,
  0x52, 0xfd, 0x92, 0xfd, 0xd4, 0xfd, 0x52, 0xfd, 0x12, 0xfd, 0x52, 0xfd,
  0x12, 0xfd, 0x4e, 0xfc, 0x12, 0xfd, 0x52, 0xfd, 0xd4, 0xfd, 0x92, 0xfd,
  0x14, 0xfe, 0xd4, 0xfd, 0x12, 0xfd, 0xd0, 0xfc, 0xcc, 0xfb, 0x8c, 0xfb,
  0x4e, 0xfc, 0x10, 0xfd, 0x92, 0xfd, 0x52, 0xfd, 0x52, 0xfd, 0x56, 0xfe,
  0x98, 0xfe, 0xd4, 0xfd, 0xd4, 0xfd, 0x14, 0xfe, 0x90, 0xfc, 0x4e, 0xfc,
  0x4e, 0xfc, 0x94, 0xfd, 0x12, 0xfd, 0x10, 0xfd, 0x52, 0xfd, 0x0e, 0xf4,
  0x4e, 0xfc, 0x12, 0xfd, 0x12, 0xfd, 0x52, 0xfd, 0x92, 0xfd, 0x92, 0xfd,
  0xd4, 0xfd, 0x52, 0xfd, 0x10, 0xfd, 0x12, 0xfd, 0xd4, 0xfd, 0x50, 0xf5,
  0x52, 0xe6, 0x0c, 0x94, 0x0e, 0x63, 0x54, 0x84, 0x1c, 0xb6, 0x9f, 0xc6,
  0x9e, 0xc6, 0x5f, 0xd7, 0xdf, 0xc6, 0x1f, 0xc7, 0xdf, 0xc6, 0x5e, 0xb6,
  0xdf, 0xc6, 0x9f, 0xc6, 0x1f, 0xd7, 0x1f, 0xd7, 0x1f, 0xd7, 0x5e, 0xb6,
  0x1c, 0xb6, 0xdf, 0xc6, 0xdf, 0xc6, 0x1f, 0xd7, 0x1f, 0xc7, 0x1c, 0xb6,
  0x5e, 0xb6, 0x1f, 0xc7, 0x5f, 0xd7, 0x5e, 0xb6, 0x5f, 0xd7, 0x9f, 0xd7,
  0x9f, 0xc6, 0x9f, 0xc6, 0x9e, 0xb6, 0x5e, 0xb6, 0x5a, 0x95, 0x9e, 0xb6,
  0x1f, 0xd7, 0x5f, 0xd7, 0x1c, 0xb6, 0xdc, 0xa5, 0x5e, 0xb6, 0x5e, 0xb6,
  0xdc, 0xa5, 0x5e, 0xb6, 0x5e, 0xb6, 0xdf, 0xc6, 0x1f, 0xd7, 0x1c, 0xb6,
  0xdc, 0xa5, 0xdc, 0xa5, 0x5e, 0xb6, 0x5e, 0xb6, 0x5e, 0xb6, 0x5e, 0xb6,
  0xda, 0xa5, 0xdf, 0xc6, 0x1c, 0xb6, 0xdf, 0xc6, 0x9f, 0xe7, 0xdf, 0xc6,
  0x9e, 0xc6, 0xdf, 0xc6, 0xdf, 0xc6, 0x1c, 0xb6, 0xdc, 0xa5, 0x9e, 0xb6,
  0xdc, 0xa5, 0x1c, 0xb6, 0x1e, 0xb6, 0xdc, 0xa5, 0x5e, 0xb6, 0x5f, 0xd7,
  0xd8, 0xb5, 0x90, 0xc5, 0x4c, 0x94, 0x0a, 0xa3, 0x92, 0xfd, 0x56, 0xfe,
  0x94, 0xfd, 0x52, 0xfd, 0x94, 0xfd, 0x16, 0xfe, 0x92, 0xfd, 0xd4, 0xfd,
  0x94, 0xfd, 0x18, 0xff, 0xd4, 0xfd, 0x52, 0xfd, 0x12, 0xfd, 0x52, 0xfd,
  0x52, 0xfd, 0x52, 0xfd, 0x96, 0xfe, 0xd4, 0xfd, 0x16, 0xfe, 0x56, 0xfe,
  0x56, 0xfe, 0x1a, 0xff, 0x56, 0xfe, 0xd4, 0xfd, 0x94, 0xfd, 0x14, 0xfe,
  0x94, 0xfd, 0x12, 0xfd, 0x90, 0xfc, 0xcc, 0xe3, 0xd0, 0xfc, 0xd8, 0xfe,
  0x14, 0xfe, 0xd4, 0xfd, 0x92, 0xfd, 0x12, 0xfd, 0x90, 0xfc, 0x94, 0xfd,
  0x52, 0xfd, 0x98, 0xfe, 0xd4, 0xfd, 0x94, 0xfd, 0xd4, 0xfd, 0xd4, 0xfd,
  0x16, 0xfe, 0xd4, 0xfd, 0x16, 0xfe, 0x94, 0xfd, 0x56, 0xfe, 0x96, 0xfe,
  0x16, 0xfe, 0x4e, 0xfc, 0x12, 0xfd, 0x92, 0xfd, 0x96, 0xfe, 0x14, 0xfe,
  0xd4, 0xfd, 0x52, 0xfd, 0x92, 0xfd, 0xd4, 0xfd, 0x16, 0xfe, 0x56, 0xfe,
  0xd4, 0xfd, 0x52, 0xfd, 0x52, 0xfd, 0x12, 0xfd, 0x94, 0xfd, 0x56, 0xfe,
  0x14, 0xfe, 0x50, 0xe5, 0x94, 0xe6, 0x4c, 0xc5, 0x4c, 0xff, 0xf0, 0xff,
  0xee, 0xff, 0xee, 0xff, 0xee, 0xff, 0xec, 0xff, 0xf0, 0xff, 0xf4, 0xff,
  0xf0, 0xff, 0xee, 0xff, 0xf2, 0xff, 0xf4, 0xff, 0xf2, 0xff, 0xee, 0xff,
  0xee, 0xff, 0xf2, 0xff, 0xf4, 0xff, 0xf0, 0xff, 0xf0, 0xff, 0xf0, 0xff,
  0xf4, 0xff, 0xf4, 0xff, 0xf6, 0xff, 0xf2, 0xff, 0xf0, 0xff, 0xf2, 0xff,
  0xf0, 0xff, 0xf0, 0xff, 0xee, 0xff, 0xf0, 0xff, 0xf2, 0xff, 0xf4, 0xff,
  0xf2, 0xff, 0xf0, 0xff, 0xf2, 0xff, 0x96, 0xff, 0x54, 0xe6, 0x88, 0x72,
  0x48, 0x92, 0x90, 0xfc, 0xd4, 0xfd, 0x1a, 0xff, 0x96, 0xfe, 0x52, 0xfd,
  0xd4, 0xfd, 0x94, 0xfd, 0x94, 0xfd, 0xd8, 0xfe, 0x96, 0xfe, 0xd8, 0xfe,
  0x18, 0xff, 0x12, 0xfd, 0x94, 0xfd, 0x52, 0xfd, 0x94, 0xfd, 0x52, 0xfd,
  0x52, 0xfd, 0x52, 0xfd, 0x94, 0xfd, 0xd4, 0xfd, 0x92, 0xfd, 0x92, 0xfd,
  0x92, 0xfd, 0x92, 0xfd, 0x52, 0xfd, 0x12, 0xfd, 0x92, 0xfd, 0x12, 0xfd,
  0x92, 0xfd, 0x94, 0xfd, 0x94, 0xfd, 0xd4, 0xfd, 0x56, 0xfe, 0xd8, 0xfe,
  0xd4, 0xfd, 0x12, 0xfd, 0x4e, 0xfc, 0x0a, 0xc3, 0x0a, 0xf3, 0xce, 0xfb,
  0x90, 0xfc, 0x52, 0xfd, 0x14, 0xfe, 0x98, 0xfe, 0xd4, 0xfd, 0x92, 0xfd,
  0x94, 0xfd, 0x16, 0xfe, 0x10, 0xfd, 0xd0, 0xfc, 0x52, 0xfd, 0x56, 0xfe,
  0x12, 0xfd, 0xd0, 0xfc, 0x92, 0xfd, 0xd0, 0xfc, 0x12, 0xfd, 0x92, 0xfd,
  0x52, 0xfd, 0x12, 0xfd, 0x52, 0xfd, 0x92, 0xfd, 0x14, 0xfe, 0x52, 0xfd,
  0x52, 0xfd, 0x12, 0xfd, 0xd4, 0xfd, 0x50, 0xe5, 0x92, 0xe6, 0x0c, 0x94,
  0x0e, 0x53, 0x54, 0x84, 0x9a, 0xa5, 0x5e, 0xb6, 0x1f, 0xd7, 0x9f, 0xe7,
  0xdf, 0xc6, 0x9e, 0xb6, 0x1c, 0xb6, 0x1c, 0xb6, 0x1f, 0xd7, 0xdf, 0xc6,
  0xdf, 0xc6, 0x1f, 0xc7, 0x1f, 0xd7, 0x9f, 0xc6, 0xdf, 0xc6, 0x9f, 0xc6,
  0xdf, 0xc6, 0x1f, 0xc7, 0x9e, 0xb6, 0xdc, 0xa5, 0xda, 0xa5, 0x9f, 0xc6,
  0xdf, 0xc6, 0x1c, 0xb6, 0x1f, 0xd7, 0x1f, 0xd7, 0x1c, 0xb6, 0x9f, 0xc6,
  0xdf, 0xc6, 0x5e, 0xb6, 0xda, 0xa5, 0xdf, 0xc6, 0x1f, 0xd7, 0x9f, 0xc6,
  0x1c, 0xb6, 0x9a, 0xa5, 0xdc, 0xa5, 0x1c, 0xa6, 0x5e, 0xb6, 0x1f, 0xc7,
  0x9e, 0xc6, 0x5e, 0xb6, 0xdc, 0xa5, 0x5f, 0xd7, 0x1f, 0xd7, 0x5e, 0xb6,
  0x5e, 0xb6, 0xdf, 0xc6, 0x1f, 0xc7, 0xdf, 0xc6, 0xdf, 0xc6, 0x1f, 0xd7,
  0x9a, 0xa5, 0xda, 0xa5, 0x5f, 0xd7, 0x5f, 0xd7, 0xdf, 0xc6, 0x1f, 0xc7,
  0x5e, 0xb6, 0xdc, 0xa5, 0x9f, 0xc6, 0x1c, 0xb6, 0xdc, 0xa5, 0xdf, 0xc6,
  0x1c, 0xb6, 0x9a, 0xa5, 0x9a, 0xa5, 0xdf, 0xc6, 0x98, 0xa5, 0x0e, 0xb5,
  0x12, 0xe6, 0x0e, 0xd4, 0x0e, 0xf4, 0x4e, 0xfc, 0x0e, 0xfc, 0x10, 0xfd,
  0x94, 0xfd, 0x94, 0xfd, 0x52, 0xfd, 0x16, 0xfe, 0x16, 0xfe, 0x56, 0xfe,
  0x16, 0xfe, 0x52, 0xfd, 0xd4, 0xfd, 0xd4, 0xfd, 0x92, 0xfd, 0x52, 0xfd,
  0x16, 0xfe, 0xd4, 0xfd, 0x16, 0xfe, 0xd8, 0xfe, 0x52, 0xfd, 0x56, 0xfe,
  0x92, 0xfd, 0x12, 0xfd, 0x52, 0xfd, 0x52, 0xfd, 0x52, 0xfd, 0x92, 0xfd,
  0x12, 0xfd, 0x4e, 0xfc, 0x10, 0xfd, 0x56, 0xfe, 0x52, 0xfd, 0x56, 0xfe,
  0x14, 0xfe, 0x52, 0xfd, 0x56, 0xfe, 0xd4, 0xfd, 0x12, 0xfd, 0x16, 0xfe,
  0x98, 0xfe, 0x92, 0xfd, 0x94, 0xfd, 0xd8, 0xfe, 0xd8, 0xfe, 0x98, 0xfe,
  0x56, 0xfe, 0x52, 0xfd, 0x14, 0xfe, 0xd8, 0xfe, 0x52, 0xfd, 0x56, 0xfe,
  0xd8, 0xfe, 0xd4, 0xfd, 0x92, 0xfd, 0x52, 0xfd, 0xd4, 0xfd, 0x12, 0xfd,
  0xd4, 0xfd, 0xd4, 0xfd, 0x16, 0xfe, 0x14, 0xfe, 0x52, 0xfd, 0x52, 0xfd,
  0x92, 0xfd, 0x92, 0xfd, 0x52, 0xfd, 0xd4, 0xfd, 0x16, 0xfe, 0xce, 0xd4,
  0x56, 0xf7, 0x8c, 0xc5, 0x8c, 0xff, 0xf0, 0xff, 0xee, 0xff, 0xee, 0xff,
  0xee, 0xff, 0xee, 0xff, 0xf0, 0xff, 0xf0, 0xff, 0xf0, 0xff, 0xf0, 0xff,
  0xf2, 0xff, 0xf2, 0xff, 0xf6, 0xff, 0xee, 0xff, 0xec, 0xff, 0xf2, 0xff,
  0xf6, 0xff, 0xf4, 0xff, 0xf2, 0xff, 0xf2, 0xff, 0xf6, 0xff, 0xf4, 0xff,
  0xee, 0xff, 0xee, 0xff, 0xf0, 0xff, 0xf0, 0xff, 0xf4, 0xff, 0xf6, 0xff,
  0xee, 0xff, 0xf0, 0xff, 0xf2, 0xff, 0xf0, 0xff, 0xf0, 0xff, 0xf0, 0xff,
  0xf0, 0xff, 0xd2, 0xe6, 0xd2, 0xc5, 0x86, 0x72, 0x48, 0x92, 0x8c, 0xf3,
  0x56, 0xfe, 0xdc, 0xff, 0x56, 0xfe, 0x14, 0xfe, 0xd4, 0xfd, 0x52, 0xfd,
  0x14, 0xfe, 0x56, 0xfe, 0x94, 0xfd, 0x56, 0xfe, 0x16, 0xfe, 0x90, 0xfc,
  0xd0, 0xfc, 0x94, 0xfd, 0x14, 0xfe, 0x56, 0xfe, 0xd4, 0xfd, 0x12, 0xfd,
  0x12, 0xfd, 0x12, 0xfd, 0x92, 0xfd, 0x12, 0xfd, 0x90, 0xfc, 0x10, 0xfd,
  0x52, 0xfd, 0x52, 0xfd, 0xd4, 0xfd, 0x92, 0xfd, 0x52, 0xfd, 0x92, 0xfd,
  0x94, 0xfd, 0xd8, 0xfe, 0x56, 0xfe, 0x14, 0xfe, 0x14, 0xfe, 0x12, 0xfd,
  0xce, 0xd3, 0xcc, 0xd3, 0x0a, 0xa3, 0x88, 0xb2, 0xca, 0xe2, 0x0e, 0xfc,
  0x94, 0xfd, 0xd4, 0xfd, 0xd4, 0xfd, 0xd4, 0xfd, 0x56, 0xfe, 0x94, 0xfd,
  0x52, 0xfd, 0xd0, 0xfc, 0x12, 0xfd, 0x94, 0xfd, 0x94, 0xfd, 0x10, 0xfd,
  0x52, 0xfd, 0x52, 0xfd, 0x12, 0xfd, 0x10, 0xfd, 0x52, 0xfd, 0x52, 0xfd,
  0x10, 0xfd, 0x12, 0xfd, 0x14, 0xfe, 0x56, 0xfe, 0xd4, 0xfd, 0x14, 0xfe,
  0xd4, 0xfd, 0x8e, 0xd4, 0x94, 0xe6, 0x4c, 0x94, 0x08, 0x32, 0x50, 0x63,
  0xd6, 0x84, 0x1c, 0xb6, 0x1c, 0xb6, 0xdf, 0xc6, 0x1f, 0xc7, 0x9e, 0xb6,
  0x9a, 0xa5, 0xdf, 0xc6, 0x9f, 0xd7, 0xdf, 0xe7, 0xdf, 0xc6, 0x9e, 0xb6,
  0x5e, 0xb6, 0x9e, 0xc6, 0x5f, 0xd7, 0x9f, 0xc6, 0x1c, 0xb6, 0x1f, 0xd7,
  0x5e, 0xb6, 0x1c, 0xb6, 0xdf, 0xc6, 0xdf, 0xe7, 0x9e, 0xc6, 0x5f, 0xd7,
  0xdf, 0xc6, 0x9e, 0xc6, 0xdc, 0xa5, 0x1c, 0xb6, 0x5e, 0xb6, 0xdc, 0xa5,
  0x5e, 0xb6, 0x5f, 0xd7, 0x5f, 0xd7, 0x5e, 0xb6, 0x9e, 0xc6, 0x5e, 0xb6,
  0x5e, 0xb6, 0x9f, 0xc6, 0x5e, 0xb6, 0x1f, 0xd7, 0xdf, 0xc6, 0x9f, 0xc6,
  0x1c, 0xb6, 0x1f, 0xd7, 0x9e, 0xc6, 0x1e, 0xb6, 0x5e, 0xb6, 0x9e, 0xc6,
  0x5e, 0xb6, 0x9e, 0xb6, 0xdf, 0xe7, 0xff, 0xff, 0x5f, 0xd7, 0x9f, 0xc6,
  0xdf, 0xc6, 0x9f, 0xe7, 0x9f, 0xe7, 0x5f, 0xd7, 0x1c, 0xb6, 0x9a, 0xa5,
  0x5e, 0xb6, 0x9e, 0xb6, 0xdf, 0xc6, 0x1f, 0xc7, 0xdf, 0xc6, 0x9e, 0xc6,
  0x5e, 0xb6, 0x5f, 0xd7, 0xda, 0xb5, 0x90, 0xc5, 0x12, 0xd6, 0x8c, 0xb3,
  0x4c, 0xd3, 0x4a, 0xe3, 0xcc, 0xe3, 0x94, 0xfd, 0x52, 0xfd, 0xd0, 0xfc,
  0x90, 0xfc, 0x14, 0xfe, 0xd8, 0xfe, 0xd8, 0xfe, 0x1a, 0xff, 0xd4, 0xfd,
  0xd4, 0xfd, 0x4e, 0xfc, 0x90, 0xfc, 0xd0, 0xfc, 0x10, 0xfd, 0x94, 0xfd,
  0xd4, 0xfd, 0x98, 0xfe, 0xd4, 0xfd, 0x16, 0xfe, 0xd4, 0xfd, 0x12, 0xfd,
  0x16, 0xfe, 0x16, 0xfe, 0xd4, 0xfd, 0x16, 0xfe, 0xd4, 0xfd, 0x14, 0xfe,
  0x52, 0xfd, 0x52, 0xfd, 0x12, 0xfd, 0x5a, 0xff, 0xd4, 0xfd, 0x52, 0xfd,
  0x96, 0xfe, 0x14, 0xfe, 0x52, 0xfd, 0x56, 0xfe, 0xd8, 0xfe, 0x94, 0xfd,
  0x52, 0xfd, 0xd4, 0xfd, 0x14, 0xfe, 0x12, 0xfd, 0x52, 0xfd, 0x52, 0xfd,
  0x16, 0xfe, 0xd8, 0xfe, 0x52, 0xfd, 0x98, 0xfe, 0xd8, 0xfe, 0x94, 0xfd,
  0x92, 0xfd, 0x14, 0xfe, 0xd4, 0xfd, 0x92, 0xfd, 0x14, 0xfe, 0x14, 0xfe,
  0x16, 0xfe, 0x14, 0xfe, 0x52, 0xfd, 0xd0, 0xfc, 0x52, 0xfd, 0x16, 0xfe,
  0x56, 0xfe, 0x56, 0xfe, 0x18, 0xff, 0x92, 0xe5, 0x0e, 0xb5, 0x8a, 0xa4,
  0x8a, 0xf6, 0xf0, 0xff, 0xf2, 0xff, 0xee, 0xff, 0xf0, 0xff, 0xee, 0xff,
  0xee, 0xff, 0xee, 0xff, 0xee, 0xff, 0xee, 0xff, 0xee, 0xff, 0xec, 0xff,
  0xf0, 0xff, 0xf2, 0xff, 0xee, 0xff, 0xee, 0xff, 0xf2, 0xff, 0xf2, 0xff,
  0xf0, 0xff, 0xf4, 0xff, 0xf8, 0xff, 0xf8, 0xff, 0xf4, 0xff, 0xf0, 0xff,
  0xf0, 0xff, 0xf0, 0xff, 0xf4, 0xff, 0xf8, 0xff, 0xf4, 0xff, 0xf4, 0xff,
  0xf6, 0xff, 0xf0, 0xff, 0xf0, 0xff, 0xf0, 0xff, 0xf0, 0xff, 0x0c, 0xb5,
  0x0c, 0x94, 0xcc, 0xc3, 0x4e, 0xfc, 0x4e, 0xfc, 0x16, 0xfe, 0x98, 0xfe,
  0xd4, 0xfd, 0xd8, 0xfe, 0xd8, 0xfe, 0xd4, 0xfd, 0xd4, 0xfd, 0x94, 0xfd,
  0x4e, 0xfc, 0x52, 0xfd, 0x52, 0xfd, 0x56, 0xfe, 0x96, 0xfe, 0x14, 0xfe,
  0x16, 0xfe, 0xd8, 0xfe, 0xd4, 0xfd, 0xd0, 0xfc, 0xd0, 0xfc, 0x92, 0xfd,
  0x94, 0xfd, 0x94, 0xfd, 0x12, 0xfd, 0x52, 0xfd, 0x52, 0xfd, 0x10, 0xfd,
  0x52, 0xfd, 0x52, 0xfd, 0x94, 0xfd, 0x94, 0xfd, 0xd4, 0xfd, 0xd4, 0xfd,
  0x52, 0xfd, 0x52, 0xfd, 0x14, 0xfe, 0x56, 0xfe, 0x10, 0xfd, 0x92, 0xfd,
  0xd4, 0xfd, 0x54, 0xfd, 0x90, 0xfc, 0x4e, 0xfc, 0x4e, 0xfc, 0x90, 0xfc,
  0x52, 0xfd, 0xd4, 0xfd, 0x98, 0xfe, 0x18, 0xff, 0x96, 0xfe, 0xd0, 0xfc,
  0xd0, 0xfc, 0x16, 0xfe, 0xd8, 0xfe, 0x16, 0xfe, 0x14, 0xfe, 0xd4, 0xfd,
  0x14, 0xfe, 0x94, 0xfd, 0xd4, 0xfd, 0x92, 0xfd, 0xd0, 0xfc, 0x52, 0xfd,
  0x14, 0xfe, 0xd4, 0xfd, 0xd4, 0xfd, 0x96, 0xfe, 0x16, 0xfe, 0xce, 0xf4,
  0x90, 0xc5, 0xcc, 0x83, 0x4a, 0x42, 0x90, 0x63, 0xd6, 0x94, 0x1f, 0xd7,
  0xdf, 0xc6, 0x5e, 0xb6, 0x9f, 0xc6, 0x5f, 0xd7, 0x9f, 0xc6, 0x9f, 0xc6,
  0xdf, 0xc6, 0xff, 0xe7, 0x9f, 0xe7, 0x5f, 0xd7, 0xdf, 0xc6, 0x9f, 0xc6,
  0x1f, 0xd7, 0xdf, 0xc6, 0x1e, 0xb6, 0x5e, 0xb6, 0x9f, 0xc6, 0x9e, 0xb6,
  0x9f, 0xe7, 0xdf, 0xe7, 0x9f, 0xe7, 0xff, 0xff, 0x9f, 0xd7, 0xdf, 0xc6,
  0x9f, 0xc6, 0x9e, 0xb6, 0x1c, 0xb6, 0x1c, 0xb6, 0x5e, 0xb6, 0x9f, 0xc6,
  0x5f, 0xd7, 0x1f, 0xd7, 0x9f, 0xc6, 0xdf, 0xc6, 0xdf, 0xc6, 0x5f, 0xd7,
  0x1f, 0xd7, 0xdf, 0xc6, 0x1f, 0xc7, 0x9f, 0xc6, 0xdf, 0xc6, 0x9e, 0xc6,
  0x5e, 0xb6, 0x9e, 0xc6, 0x5e, 0xb6, 0x1c, 0xb6, 0x1c, 0xb6, 0x1c, 0xb6,
  0xdf, 0xc6, 0x5c, 0xb6, 0x1c, 0xb6, 0x9e, 0xc6, 0x9e, 0xb6, 0x1f, 0xd7,
  0x5f, 0xd7, 0xdf, 0xc6, 0x5e, 0xb6, 0x9f, 0xc6, 0x9f, 0xc6, 0xdf, 0xc6,
  0xdf, 0xc6, 0xdf, 0xc6, 0x9f, 0xe7, 0x5e, 0xb6, 0xdc, 0xa5, 0x1f, 0xd7,
  0x9c, 0xc6, 0xd0, 0xc5, 0x8e, 0xa4, 0x0a, 0xa3, 0xcc, 0xe3, 0x4e, 0xfc,
  0x94, 0xfd, 0x56, 0xfe, 0xd4, 0xfd, 0x56, 0xfe, 0xd0, 0xfc, 0x12, 0xfd,
  0xd4, 0xfd, 0xd4, 0xfd, 0x16, 0xfe, 0x14, 0xfe, 0x14, 0xfe, 0x52, 0xfd,
  0x94, 0xfd, 0x94, 0xfd, 0x52, 0xfd, 0xd4, 0xfd, 0x56, 0xfe, 0x98, 0xfe,
  0xd4, 0xfd, 0x92, 0xfd, 0x14, 0xfe, 0x56, 0xfe, 0x9c, 0xff, 0xd8, 0xfe,
  0x14, 0xfe, 0x56, 0xfe, 0x56, 0xfe, 0xd8, 0xfe, 0x52, 0xfd, 0x12, 0xfd,
  0x94, 0xfd, 0x56, 0xfe, 0x52, 0xfd, 0xd4, 0xfd, 0xd4, 0xfd, 0x92, 0xfd,
  0x94, 0xfd, 0xd4, 0xfd, 0xd4, 0xfd, 0x94, 0xfd, 0x98, 0xfe, 0x1a, 0xff,
  0x52, 0xfd, 0xd0, 0xfc, 0x52, 0xfd, 0xd4, 0xfd, 0x14, 0xfe, 0x12, 0xfd,
  0x4e, 0xfc, 0xd4, 0xfd, 0x56, 0xfe, 0x94, 0xfd, 0x56, 0xfe, 0x98, 0xfe,
  0x56, 0xfe, 0x16, 0xfe, 0x98, 0xfe, 0x96, 0xfe, 0xd4, 0xfd, 0x16, 0xfe,
  0xd4, 0xfd, 0x52, 0xfd, 0xd4, 0xfd, 0x14, 0xfe, 0x10, 0xfd, 0xd4, 0xfd,
  0xd4, 0xfd, 0x50, 0xe5, 0x52, 0xe6, 0x8a, 0xa4, 0x08, 0xc5, 0xf0, 0xff,
  0xf0, 0xff, 0xee, 0xff, 0xee, 0xff, 0xf0, 0xff, 0xee, 0xff, 0xee, 0xff,
  0xee, 0xff, 0xec, 0xff, 0xf0, 0xff, 0xee, 0xff, 0xf0, 0xff, 0xf0, 0xff,
  0xec, 0xff, 0xec, 0xff, 0xf2, 0xff, 0xf0, 0xff, 0xee, 0xff, 0xf0, 0xff,
  0xf4, 0xff, 0xf6, 0xff, 0xf2, 0xff, 0xf4, 0xff, 0xf4, 0xff, 0xf0, 0xff,
  0xee, 0xff, 0xf2, 0xff, 0xf6, 0xff, 0xf4, 0xff, 0xf0, 0xff, 0xee, 0xff,
  0xee, 0xff, 0xee, 0xff, 0x4c, 0xff, 0x10, 0xd6, 0x4c, 0xa4, 0x4e, 0xe4,
  0x52, 0xfd, 0x52, 0xfd, 0xd4, 0xfd, 0xd8, 0xfe, 0x16, 0xfe, 0x56, 0xfe,
  0x5a, 0xff, 0xd8, 0xfe, 0x92, 0xfd, 0x94, 0xfd, 0x52, 0xfd, 0xd8, 0xfe,
  0x1a, 0xff, 0x96, 0xfe, 0xd4, 0xfd, 0x92, 0xfd, 0x94, 0xfd, 0xd8, 0xfe,
  0x56, 0xfe, 0xd4, 0xfd, 0x92, 0xfd, 0xd4, 0xfd, 0x92, 0xfd, 0x94, 0xfd,
  0x12, 0xfd, 0x52, 0xfd, 0x10, 0xfd, 0x52, 0xfd, 0x14, 0xfe, 0x52, 0xfd,
  0x94, 0xfd, 0x96, 0xfe, 0x98, 0xfe, 0x16, 0xfe, 0x52, 0xfd, 0x8e, 0xfc,
  0x8e, 0xfc, 0x14, 0xfe, 0x96, 0xfe, 0x96, 0xfe, 0x14, 0xfe, 0x96, 0xfe,
  0xdc, 0xff, 0x98, 0xfe, 0x52, 0xfd, 0x12, 0xfd, 0x12, 0xfd, 0x12, 0xfd,
  0x52, 0xfd, 0x16, 0xfe, 0x56, 0xfe, 0x10, 0xfd, 0x12, 0xfd, 0x92, 0xfd,
  0x16, 0xfe, 0x96, 0xfe, 0xd4, 0xfd, 0x12, 0xfd, 0x52, 0xfd, 0x16, 0xfe,
  0x14, 0xfe, 0x52, 0xfd, 0x90, 0xfc, 0x12, 0xfd, 0x10, 0xfd, 0x52, 0xfd,
  0x92, 0xfd, 0x56, 0xfe, 0xd4, 0xfd, 0x10, 0xf5, 0xd4, 0xf6, 0xce, 0xa4,
  0x0e, 0x53, 0xd2, 0x73, 0x9e, 0xc6, 0xff, 0xff, 0xff, 0xf7, 0x9f, 0xe7,
  0x9f, 0xe7, 0x5f, 0xd7, 0x1f, 0xc7, 0x5f, 0xd7, 0xdf, 0xc6, 0xdf, 0xc6,
  0xdf, 0xc6, 0x5f, 0xd7, 0x5f, 0xd7, 0xdf, 0xc6, 0xdf, 0xc6, 0xdf, 0xc6,
  0x5e, 0xb6, 0xdf, 0xc6, 0xdf, 0xc6, 0x1f, 0xd7, 0x9f, 0xe7, 0xdf, 0xc6,
  0xdf, 0xe7, 0xff, 0xf7, 0x1f, 0xd7, 0x5f, 0xd7, 0x9e, 0xc6, 0x5e, 0xb6,
  0x5e, 0xb6, 0x9e, 0xc6, 0x1f, 0xd7, 0xdf, 0xc6, 0xdf, 0xc6, 0x5e, 0xb6,
  0x1c, 0xb6, 0x9f, 0xc6, 0x5f, 0xd7, 0xdf, 0xc6, 0x1f, 0xd7, 0x5e, 0xb6,
  0x5f, 0xd7, 0xdf, 0xc6, 0x5f, 0xd7, 0x1f, 0xc7, 0x1f, 0xd7, 0x1f, 0xd7,
  0xdf, 0xc6, 0x1f, 0xc7, 0x5f, 0xd7, 0xdf, 0xc6, 0x1c, 0xb6, 0xd6, 0x94,
  0x5e, 0xb6, 0x9f, 0xc6, 0x5e, 0xb6, 0xdf, 0xc6, 0xdf, 0xc6, 0xdf, 0xc6,
  0x9f, 0xc6, 0xdf, 0xc6, 0xdf, 0xc6, 0x9e, 0xc6, 0x1f, 0xd7, 0x1f, 0xc7,
  0xdf, 0xc6, 0x1c, 0xb6, 0x9e, 0xc6, 0x5f, 0xd7, 0x1a, 0xb6, 0x4a, 0x73,
  0x54, 0xe6, 0x0e, 0xe4, 0x0e, 0xfc, 0x92, 0xfd, 0x92, 0xfd, 0x14, 0xfe,
  0x14, 0xfe, 0x56, 0xfe, 0x94, 0xfd, 0xd4, 0xfd, 0x56, 0xfe, 0x94, 0xfd,
  0x56, 0xfe, 0x56, 0xfe, 0x94, 0xfd, 0x92, 0xfd, 0xd8, 0xfe, 0x1a, 0xff,
  0x14, 0xfe, 0xd4, 0xfd, 0x94, 0xfd, 0x52, 0xfd, 0x12, 0xfd, 0xd0, 0xfc,
  0x94, 0xfd, 0xd4, 0xfd, 0x56, 0xfe, 0x12, 0xfd, 0x10, 0xfd, 0xd4, 0xfd,
  0x56, 0xfe, 0x56, 0xfe, 0x92, 0xfd, 0x52, 0xfd, 0xd4, 0xfd, 0xd4, 0xfd,
  0xd4, 0xfd, 0xd4, 0xfd, 0x1a, 0xff, 0xdc, 0xff, 0x9c, 0xff, 0x1a, 0xff,
  0xd0, 0xfc, 0x4e, 0xfc, 0xd4, 0xfd, 0x96, 0xfe, 0x92, 0xfd, 0x92, 0xfd,
  0x52, 0xfd, 0x94, 0xfd, 0xd4, 0xfd, 0x92, 0xfd, 0x94, 0xfd, 0x56, 0xfe,
  0x98, 0xfe, 0x94, 0xfd, 0x14, 0xfe, 0x14, 0xfe, 0x92, 0xfd, 0x56, 0xfe,
  0x16, 0xfe, 0x12, 0xfd, 0x94, 0xfd, 0x56, 0xfe, 0xd4, 0xfd, 0xd4, 0xfd,
  0x94, 0xfd, 0x16, 0xfe, 0x94, 0xfd, 0x16, 0xfe, 0x14, 0xfe, 0xce, 0xd4,
  0x90, 0xc5, 0x4a, 0x94, 0x46, 0xa4, 0xc8, 0xd5, 0xcc, 0xff, 0xec, 0xff,
  0xec, 0xff, 0xee, 0xff, 0xf0, 0xff, 0xee, 0xff, 0xec, 0xff, 0x4a, 0xff,
  0xee, 0xff, 0xee, 0xff, 0xee, 0xff, 0xec, 0xff, 0xee, 0xff, 0xee, 0xff,
  0xf0, 0xff, 0xf0, 0xff, 0xee, 0xff, 0xee, 0xff, 0xf4, 0xff, 0xf2, 0xff,
  0xee, 0xff, 0xec, 0xff, 0xee, 0xff, 0xec, 0xff, 0xec, 0xff, 0xf0, 0xff,
  0xf4, 0xff, 0xf6, 0xff, 0xf0, 0xff, 0xf0, 0xff, 0xf0, 0xff, 0xf2, 0xff,
  0x0e, 0xf7, 0xd0, 0xc5, 0x50, 0xb5, 0xcc, 0xb3, 0x0e, 0xf4, 0x52, 0xfd,
  0xd4, 0xfd, 0x18, 0xff, 0x98, 0xfe, 0xd4, 0xfd, 0x56, 0xfe, 0x16, 0xfe,
  0x14, 0xfe, 0xd4, 0xfd, 0x14, 0xfe, 0xd4, 0xfd, 0x94, 0xfd, 0x14, 0xfe,
  0x16, 0xfe, 0xd4, 0xfd, 0xd4, 0xfd, 0x96, 0xfe, 0x98, 0xfe, 0xd4, 0xfd,
  0x90, 0xfc, 0x52, 0xfd, 0x14, 0xfe, 0x92, 0xfd, 0x52, 0xfd, 0xd4, 0xfd,
  0x52, 0xfd, 0xd4, 0xfd, 0x56, 0xfe, 0x92, 0xfd, 0x92, 0xfd, 0x14, 0xfe,
  0x56, 0xfe, 0x94, 0xfd, 0x56, 0xfe, 0x14, 0xfe, 0x56, 0xfe, 0x56, 0xfe,
  0x14, 0xfe, 0x16, 0xfe, 0xd8, 0xfe, 0xfc, 0xff, 0x1a, 0xff, 0x94, 0xfd,
  0x12, 0xfd, 0x94, 0xfd, 0x14, 0xfe, 0xd4, 0xfd, 0x12, 0xfd, 0x90, 0xfc,
  0x92, 0xfd, 0xd4, 0xfd, 0x52, 0xfd, 0x16, 0xfe, 0x5a, 0xff, 0xdc, 0xff,
  0x98, 0xfe, 0xd0, 0xfc, 0xd0, 0xfc, 0x14, 0xfe, 0x92, 0xfd, 0x52, 0xfd,
  0x52, 0xfd, 0x16, 0xfe, 0xd0, 0xfc, 0x52, 0xfd, 0xd4, 0xfd, 0xd4, 0xfd,
  0x12, 0xfd, 0x0c, 0xd4, 0x0e, 0xb5, 0x0e, 0x84, 0x50, 0x63, 0xd2, 0x73,
  0x1c, 0xb6, 0xff, 0xf7, 0x9f, 0xe7, 0x9f, 0xd7, 0x5f, 0xd7, 0xdf, 0xc6,
  0x5f, 0xd7, 0x1f, 0xd7, 0xdf, 0xc6, 0xdf, 0xc6, 0xdf, 0xc6, 0x1f, 0xd7,
  0x5f, 0xd7, 0x9e, 0xc6, 0x5e, 0xb6, 0x1f, 0xc7, 0xdf, 0xc6, 0xdf, 0xc6,
  0x1f, 0xd7, 0x5f, 0xd7, 0xdf, 0xc6, 0x9e, 0xc6, 0x9f, 0xe7, 0x9f, 0xd7,
  0x5f, 0xd7, 0x5f, 0xd7, 0x5f, 0xd7, 0x5e, 0xb6, 0x1c, 0xb6, 0x9f, 0xe7,
  0xff, 0xff, 0x5f, 0xd7, 0x1c, 0xb6, 0x5a, 0xa5, 0xdc, 0xa5, 0xdf, 0xc6,
  0x5e, 0xb6, 0x9e, 0xc6, 0x1f, 0xd7, 0x1f, 0xd7, 0x1f, 0xc7, 0x1f, 0xc7,
  0x1f, 0xd7, 0x1f, 0xd7, 0x1f, 0xd7, 0x5e, 0xb6, 0xdf, 0xc6, 0x1f, 0xd7,
  0x9e, 0xb6, 0x9f, 0xc6, 0x5e, 0xb6, 0x96, 0x84, 0xdc, 0xa5, 0x5e, 0xb6,
  0xdf, 0xc6, 0xff, 0xf7, 0x5f, 0xd7, 0x9f, 0xd7, 0x5f, 0xd7, 0x1f, 0xc7,
  0xdf, 0xc6, 0x5e, 0xb6, 0x1c, 0xb6, 0x9e, 0xc6, 0x9e, 0xb6, 0x1f, 0xc7,
  0xdf, 0xc6, 0x9f, 0xe7, 0xda, 0xb5, 0x0c, 0x94, 0x8a, 0x93, 0x4a, 0xc3,
  0xcc, 0xe3, 0x52, 0xfd, 0x52, 0xfd, 0x12, 0xfd, 0x4e, 0xfc, 0x12, 0xfd,
  0x94, 0xfd, 0xd4, 0xfd, 0xd4, 0xfd, 0x16, 0xfe, 0x98, 0xfe, 0x14, 0xfe,
  0x12, 0xfd, 0x12, 0xfd, 0x92, 0xfd, 0x14, 0xfe, 0x92, 0xfd, 0xd4, 0xfd,
  0x92, 0xfd, 0x12, 0xfd, 0x12, 0xfd, 0xd0, 0xfc, 0x92, 0xfd, 0x94, 0xfd,
  0x94, 0xfd, 0x52, 0xfd, 0x92, 0xfd, 0x92, 0xfd, 0x16, 0xfe, 0x96, 0xfe,
  0x16, 0xfe, 0x94, 0xfd, 0xd4, 0xfd, 0x14, 0xfe, 0x16, 0xfe, 0x16, 0xfe,
  0x5a, 0xff, 0xdc, 0xff, 0x5a, 0xff, 0x9c, 0xff, 0x94, 0xfd, 0x12, 0xfd,
  0x1a, 0xff, 0xd4, 0xfd, 0xd4, 0xfd, 0x12, 0xfd, 0x12, 0xfd, 0x16, 0xfe,
  0x14, 0xfe, 0x52, 0xfd, 0xd4, 0xfd, 0x16, 0xfe, 0x94, 0xfd, 0x10, 0xfd,
  0xd4, 0xfd, 0x92, 0xfd, 0x10, 0xfd, 0x52, 0xfd, 0x52, 0xfd, 0x52, 0xfd,
  0x56, 0xfe, 0x1a, 0xff, 0x94, 0xfd, 0x92, 0xfd, 0x10, 0xfd, 0xd4, 0xfd,
  0x98, 0xfe, 0x14, 0xfe, 0x12, 0xfd, 0x4c, 0xb4, 0xce, 0xa4, 0x08, 0x94,
  0x06, 0x94, 0x06, 0x94, 0x88, 0xd5, 0xf0, 0xff, 0xee, 0xff, 0xee, 0xff,
  0xee, 0xff, 0xee, 0xff, 0xf0, 0xff, 0xf0, 0xff, 0xf0, 0xff, 0xf2, 0xff,
  0xee, 0xff, 0xec, 0xff, 0xee, 0xff, 0xf0, 0xff, 0xf0, 0xff, 0xf0, 0xff,
  0xf0, 0xff, 0xee, 0xff, 0xf0, 0xff, 0xee, 0xff, 0xee, 0xff, 0xee, 0xff,
  0xec, 0xff, 0xee, 0xff, 0xf0, 0xff, 0xf4, 0xff, 0xf6, 0xff, 0xf6, 0xff,
  0xf2, 0xff, 0xf4, 0xff, 0xf0, 0xff, 0xf2, 0xff, 0xd0, 0xff, 0xd0, 0xc5,
  0x50, 0xb5, 0x4a, 0x93, 0xca, 0xb2, 0x4e, 0xfc, 0x52, 0xfd, 0xd4, 0xfd,
  0x56, 0xfe, 0x14, 0xfe, 0x16, 0xfe, 0xd4, 0xfd, 0x14, 0xfe, 0x92, 0xfd,
  0xd4, 0xfd, 0x52, 0xfd, 0x52, 0xfd, 0x52, 0xfd, 0x12, 0xfd, 0xd4, 0xfd,
  0x14, 0xfe, 0x52, 0xfd, 0x94, 0xfd, 0x92, 0xfd, 0x8e, 0xfc, 0x52, 0xfd,
  0x56, 0xfe, 0x14, 0xfe, 0x56, 0xfe, 0x56, 0xfe, 0x56, 0xfe, 0x92, 0xfd,
  0xd4, 0xfd, 0x56, 0xfe, 0x52, 0xfd, 0x52, 0xfd, 0x52, 0xfd, 0x52, 0xfd,
  0x16, 0xfe, 0x16, 0xfe, 0x5a, 0xff, 0xfc, 0xff, 0x96, 0xfe, 0xd8, 0xfe,
  0xfe, 0xff, 0xfe, 0xff, 0x5a, 0xff, 0x14, 0xfe, 0x52, 0xfd, 0x52, 0xfd,
  0xd4, 0xfd, 0x18, 0xff, 0x14, 0xfe, 0x90, 0xfc, 0x94, 0xfd, 0x94, 0xfd,
  0xd0, 0xfc, 0x52, 0xfd, 0x56, 0xfe, 0xd4, 0xfd, 0xd4, 0xfd, 0x10, 0xfd,
  0x12, 0xfd, 0x56, 0xfe, 0x16, 0xfe, 0x96, 0xfe, 0x94, 0xfd, 0xd4, 0xfd,
  0x14, 0xfe, 0xd4, 0xfd, 0x94, 0xfd, 0x96, 0xfe, 0x98, 0xfe, 0x10, 0xf5,
  0x4c, 0xa4, 0x0e, 0x84, 0x90, 0x63, 0x90, 0x63, 0x18, 0x95, 0x5e, 0xb6,
  0x9e, 0xb6, 0xdf, 0xe7, 0x9f, 0xe7, 0xdf, 0xc6, 0xdf, 0xc6, 0x1c, 0xb6,
  0x9f, 0xc6, 0xdf, 0xc6, 0x9e, 0xb6, 0x1f, 0xc7, 0x5f, 0xd7, 0x9e, 0xc6,
  0xdf, 0xc6, 0xdf, 0xc6, 0x1c, 0xb6, 0xdf, 0xc6, 0xdf, 0xc6, 0xdf, 0xc6,
  0x9e, 0xc6, 0x5e, 0xb6, 0x5e, 0xb6, 0xdf, 0xc6, 0x9f, 0xe7, 0xff, 0xf7,
  0xff, 0xf7, 0x9f, 0xe7, 0x9e, 0xb6, 0x1f, 0xd7, 0xdf, 0xe7, 0x1f, 0xd7,
  0xdf, 0xc6, 0x5e, 0xb6, 0x9e, 0xc6, 0xdf, 0xc6, 0xdf, 0xc6, 0xdf, 0xc6,
  0x1f, 0xc7, 0x5f, 0xd7, 0x1f, 0xc7, 0x1f, 0xd7, 0xdf, 0xc6, 0x9e, 0xc6,
  0x9e, 0xc6, 0xdf, 0xc6, 0xff, 0xf7, 0xff, 0xf7, 0x9e, 0xc6, 0x9e, 0xc6,
  0x5e, 0xb6, 0x9a, 0xa5, 0xda, 0xa5, 0x5e, 0xb6, 0x9e, 0xc6, 0x9f, 0xe7,
  0x1f, 0xd7, 0x1f, 0xc7, 0x1f, 0xd7, 0x9f, 0xc6, 0x5e, 0xb6, 0x1f, 0xc7,
  0x5e, 0xb6, 0xdc, 0xa5, 0xdf, 0xc6, 0x1f, 0xd7, 0x5e, 0xb6, 0x5f, 0xd7,
  0xda, 0xb5, 0x4a, 0x73, 0x48, 0x73, 0x48, 0x82, 0x8c, 0xe3, 0x52, 0xfd,
  0x52, 0xfd, 0xd4, 0xfd, 0x94, 0xfd, 0x52, 0xfd, 0x52, 0xfd, 0xd0, 0xfc,
  0x92, 0xfd, 0xd4, 0xfd, 0xd4, 0xfd, 0x52, 0xfd, 0x52, 0xfd, 0x52, 0xfd,
  0x94, 0xfd, 0x94, 0xfd, 0x52, 0xfd, 0x92, 0xfd, 0xd4, 0xfd, 0xd4, 0xfd,
  0x14, 0xfe, 0x14, 0xfe, 0x10, 0xfd, 0xd0, 0xfc, 0x94, 0xfd, 0xd4, 0xfd,
  0xd4, 0xfd, 0x16, 0xfe, 0xd4, 0xfd, 0x56, 0xfe, 0x56, 0xfe, 0xd4, 0xfd,
  0xd4, 0xfd, 0x94, 0xfd, 0x92, 0xfd, 0x14, 0xfe, 0xd8, 0xfe, 0x16, 0xfe,
  0x94, 0xfd, 0x16, 0xfe, 0x92, 0xfd, 0x56, 0xfe, 0xdc, 0xff, 0xd4, 0xfd,
  0x52, 0xfd, 0x12, 0xfd, 0xd0, 0xfc, 0xd4, 0xfd, 0x56, 0xfe, 0x96, 0xfe,
  0x94, 0xfd, 0x92, 0xfd, 0x92, 0xfd, 0x10, 0xfd, 0x52, 0xfd, 0x90, 0xfc,
  0x12, 0xfd, 0x0e, 0xf4, 0x10, 0xfd, 0x14, 0xfe, 0x14, 0xfe, 0xd4, 0xfd,
  0xd4, 0xfd, 0x52, 0xfd, 0x12, 0xfd, 0x52, 0xfd, 0x52, 0xfd, 0x56, 0xfe,
  0x14, 0xfe, 0x0c, 0xb4, 0x0e, 0xb5, 0xcc, 0xd5, 0x4c, 0xff, 0x0a, 0xf7,
  0x8a, 0xff, 0xee, 0xff, 0xf0, 0xff, 0xf2, 0xff, 0xf0, 0xff, 0xf2, 0xff,
  0xf4, 0xff, 0xf0, 0xff, 0xee, 0xff, 0xee, 0xff, 0xee, 0xff, 0xf2, 0xff,
  0xf0, 0xff, 0xec, 0xff, 0xf0, 0xff, 0xf0, 0xff, 0xee, 0xff, 0xf0, 0xff,
  0xf0, 0xff, 0xf0, 0xff, 0xf2, 0xff, 0xf0, 0xff, 0xee, 0xff, 0xf4, 0xff,
  0xf2, 0xff, 0xf4, 0xff, 0xf2, 0xff, 0xf0, 0xff, 0xf0, 0xff, 0xf2, 0xff,
  0xee, 0xff, 0xf0, 0xff, 0x8c, 0xe6, 0x0e, 0xb5, 0x0a, 0x94, 0xc8, 0x82,
  0x0a, 0xc3, 0xd0, 0xfc, 0x92, 0xfd, 0x56, 0xfe, 0x94, 0xfd, 0xd4, 0xfd,
  0x94, 0xfd, 0x90, 0xfc, 0xd0, 0xfc, 0x52, 0xfd, 0x52, 0xfd, 0x52, 0xfd,
  0x16, 0xfe, 0x94, 0xfd, 0x52, 0xfd, 0x92, 0xfd, 0xd4, 0xfd, 0x94, 0xfd,
  0x94, 0xfd, 0x16, 0xfe, 0x52, 0xfd, 0x14, 0xfe, 0xd4, 0xfd, 0x94, 0xfd,
  0x14, 0xfe, 0x98, 0xfe, 0xd8, 0xfe, 0x12, 0xfd, 0x12, 0xfd, 0xd8, 0xfe,
  0xd4, 0xfd, 0x92, 0xfd, 0x52, 0xfd, 0x12, 0xfd, 0x92, 0xfd, 0x14, 0xfe,
  0x14, 0xfe, 0x18, 0xff, 0x18, 0xff, 0x56, 0xfe, 0x18, 0xff, 0xd4, 0xfd,
  0x14, 0xfe, 0xd4, 0xfd, 0xd4, 0xfd, 0xd4, 0xfd, 0xd4, 0xfd, 0x98, 0xfe,
  0x98, 0xfe, 0x90, 0xfc, 0x12, 0xfd, 0xd0, 0xfc, 0xd0, 0xfc, 0x10, 0xfd,
  0x92, 0xfd, 0x52, 0xfd, 0x12, 0xfd, 0x12, 0xfd, 0x92, 0xfd, 0x56, 0xfe,
  0xd4, 0xfd, 0xd4, 0xfd, 0xd0, 0xfc, 0x0e, 0xfc, 0x94, 0xfd, 0x96, 0xfe,
  0x56, 0xfe, 0x96, 0xfe, 0x1a, 0xff, 0x50, 0xfd, 0x8c, 0xa4, 0x8c, 0x73,
  0x4a, 0x42, 0x50, 0x63, 0xda, 0xa5, 0x1f, 0xd7, 0xdf, 0xc6, 0xdf, 0xe7,
  0xdf, 0xe7, 0x9f, 0xd7, 0x9e, 0xc6, 0x1c, 0xb6, 0x5e, 0xb6, 0x5e, 0xb6,
  0x1c, 0xa6, 0x9e, 0xc6, 0x5e, 0xb6, 0x9e, 0xc6, 0x5f, 0xd7, 0x5e, 0xb6,
  0x9a, 0xa5, 0x9f, 0xc6, 0x5e, 0xb6, 0x9e, 0xc6, 0x5e, 0xb6, 0x5e, 0xb6,
  0x1c, 0xb6, 0x9e, 0xb6, 0xdf, 0xc6, 0xff, 0xff, 0xff, 0xff, 0x9f, 0xe7,
  0x5e, 0xb6, 0x1f, 0xd7, 0x5f, 0xd7, 0x1f, 0xc7, 0x1f, 0xd7, 0x1f, 0xd7,
  0x5f, 0xd7, 0x9e, 0xc6, 0x1f, 0xd7, 0x1f, 0xc7, 0xdf, 0xc6, 0x1c, 0xb6,
  0x5e, 0xb6, 0x5f, 0xd7, 0x1f, 0xd7, 0x1f, 0xd7, 0xdf, 0xc6, 0xdf, 0xc6,
  0x5f, 0xd7, 0x5f, 0xd7, 0x5f, 0xd7, 0x5f, 0xd7, 0xdf, 0xc6, 0x5e, 0xb6,
  0x5e, 0xb6, 0x9f, 0xc6, 0xdf, 0xc6, 0x9e, 0xb6, 0x1e, 0xb6, 0x1c, 0xb6,
  0x1c, 0xb6, 0x5e, 0xb6, 0x9e, 0xc6, 0xdf, 0xc6, 0x1c, 0xb6, 0xda, 0xa5,
  0x1c, 0xb6, 0xdf, 0xc6, 0x1c, 0xb6, 0xda, 0xb5, 0x52, 0x84, 0x4c, 0x94,
  0x8a, 0x83, 0x88, 0x82, 0xca, 0xc2, 0x90, 0xfc, 0x52, 0xfd, 0x14, 0xfe,
  0xd4, 0xfd, 0x52, 0xfd, 0x52, 0xfd, 0x52, 0xfd, 0x56, 0xfe, 0x92, 0xfd,
  0x52, 0xfd, 0x12, 0xfd, 0x52, 0xfd, 0x52, 0xfd, 0x52, 0xfd, 0x56, 0xfe,
  0x16, 0xfe, 0xd4, 0xfd, 0xd4, 0xfd, 0x52, 0xfd, 0x16, 0xfe, 0x98, 0xfe,
  0xd4, 0xfd, 0x92, 0xfd, 0x92, 0xfd, 0x52, 0xfd, 0x52, 0xfd, 0x10, 0xfd,
  0x56, 0xfe, 0x1a, 0xff, 0x14, 0xfe, 0xd4, 0xfd, 0x52, 0xfd, 0x52, 0xfd,
  0x52, 0xfd, 0x92, 0xfd, 0x16, 0xfe, 0xd4, 0xfd, 0x94, 0xfd, 0xd4, 0xfd,
  0x94, 0xfd, 0xd4, 0xfd, 0x96, 0xfe, 0x52, 0xfd, 0xd0, 0xfc, 0x92, 0xfd,
  0x92, 0xfd, 0xd4, 0xfd, 0x96, 0xfe, 0x5a, 0xff, 0x96, 0xfe, 0x94, 0xfd,
  0xd4, 0xfd, 0x14, 0xfe, 0x14, 0xfe, 0x52, 0xfd, 0x12, 0xfd, 0x10, 0xfd,
  0x52, 0xfd, 0x52, 0xfd, 0x94, 0xfd, 0x98, 0xfe, 0x56, 0xfe, 0x52, 0xfd,
  0xd4, 0xfd, 0x94, 0xfd, 0xd0, 0xfc, 0xd8, 0xfe, 0x56, 0xfe, 0x4c, 0xc4,
  0x50, 0xc5, 0xca, 0xb4, 0xca, 0xd5, 0x48, 0xc5, 0xec, 0xff, 0xee, 0xff,
  0xf2, 0xff, 0xf0, 0xff, 0xf0, 0xff, 0xf2, 0xff, 0xf2, 0xff, 0xf2, 0xff,
  0xf0, 0xff, 0xf0, 0xff, 0xee, 0xff, 0xf2, 0xff, 0xf2, 0xff, 0xee, 0xff,
  0xf2, 0xff, 0xf0, 0xff, 0xf0, 0xff, 0xf0, 0xff, 0xf2, 0xff, 0xee, 0xff,
  0xee, 0xff, 0xf0, 0xff, 0xee, 0xff, 0xf4, 0xff, 0xf4, 0xff, 0xf4, 0xff,
  0xf0, 0xff, 0xf0, 0xff, 0xf0, 0xff, 0xf0, 0xff, 0xf2, 0xff, 0xf6, 0xff,
  0xce, 0xe6, 0x0e, 0xb5, 0x8c, 0xa4, 0x48, 0x72, 0x0a, 0xc3, 0x90, 0xfc,
  0x10, 0xfd, 0xd4, 0xfd, 0xd4, 0xfd, 0xd4, 0xfd, 0x92, 0xfd, 0x52, 0xfd,
  0x52, 0xfd, 0x94, 0xfd, 0xd0, 0xfc, 0x12, 0xfd, 0x56, 0xfe, 0xd4, 0xfd,
  0x92, 0xfd, 0xd4, 0xfd, 0x14, 0xfe, 0x94, 0xfd, 0x90, 0xfc, 0x12, 0xfd,
  0x94, 0xfd, 0x16, 0xfe, 0x94, 0xfd, 0x52, 0xfd, 0x52, 0xfd, 0xd4, 0xfd,
  0x16, 0xfe, 0x90, 0xfc, 0xcc, 0xe3, 0x94, 0xfd, 0xd4, 0xfd, 0x94, 0xfd,
  0x52, 0xfd, 0x14, 0xfe, 0x94, 0xfd, 0x92, 0xfd, 0x12, 0xfd, 0x52, 0xfd,
  0x14, 0xfe, 0xd4, 0xfd, 0x16, 0xfe, 0x14, 0xfe, 0x94, 0xfd, 0x52, 0xfd,
  0x52, 0xfd, 0xd0, 0xfc, 0x52, 0xfd, 0x92, 0xfd, 0x56, 0xfe, 0x12, 0xfd,
  0x90, 0xfc, 0xd0, 0xfc, 0xd0, 0xfc, 0xd0, 0xfc, 0x56, 0xfe, 0x14, 0xfe,
  0x92, 0xfd, 0xd4, 0xfd, 0xd8, 0xfe, 0x98, 0xfe, 0x94, 0xfd, 0x12, 0xfd,
  0x92, 0xfd, 0x52, 0xfd, 0x94, 0xfd, 0x16, 0xfe, 0x56, 0xfe, 0x56, 0xfe,
  0xd4, 0xfd, 0x10, 0xf5, 0xcc, 0xa4, 0x4a, 0x73, 0x8a, 0x42, 0x92, 0x63,
  0xdc, 0xa5, 0x5f, 0xd7, 0x9e, 0xb6, 0x5f, 0xd7, 0xdf, 0xe7, 0x5f, 0xd7,
  0x5f, 0xd7, 0x9e, 0xc6, 0xda, 0xa5, 0xdf, 0xc6, 0x9f, 0xc6, 0x9f, 0xc6,
  0x9e, 0xb6, 0x5e, 0xb6, 0x1f, 0xc7, 0x5f, 0xd7, 0x9e, 0xc6, 0x9f, 0xc6,
  0x5e, 0xb6, 0xdf, 0xc6, 0x9e, 0xc6, 0x1c, 0xb6, 0xdf, 0xc6, 0x1f, 0xc7,
  0xdf, 0xc6, 0xdf, 0xc6, 0x9f, 0xe7, 0x5e, 0xb6, 0xdf, 0xc6, 0x9f, 0xd7,
  0xdf, 0xc6, 0x1f, 0xd7, 0x1c, 0xb6, 0x9e, 0xc6, 0x5f, 0xd7, 0xdf, 0xc6,
  0xdf, 0xc6, 0x5e, 0xb6, 0x5e, 0xb6, 0x9a, 0xa5, 0x5e, 0xb6, 0x1f, 0xd7,
  0x9e, 0xc6, 0xdf, 0xc6, 0x1f, 0xc7, 0xdf, 0xc6, 0xdf, 0xc6, 0x9e, 0xc6,
  0xdc, 0xa5, 0x1c, 0xb6, 0x9e, 0xc6, 0x5e, 0xb6, 0x9e, 0xb6, 0xdf, 0xc6,
  0x9f, 0xd7, 0x9f, 0xe7, 0xdf, 0xc6, 0x1f, 0xd7, 0x9f, 0xc6, 0x5e, 0xb6,
  0xdf, 0xc6, 0x9f, 0xe7, 0xdf, 0xc6, 0x1c, 0xb6, 0xdc, 0xa5, 0x9f, 0xc6,
  0x1f, 0xc7, 0x9a, 0xa5, 0x10, 0x84, 0x90, 0xc5, 0x4a, 0x83, 0x8c, 0xc3,
  0x8c, 0xe3, 0xd0, 0xfc, 0x52, 0xfd, 0x92, 0xfd, 0xd4, 0xfd, 0x14, 0xfe,
  0x94, 0xfd, 0x92, 0xfd, 0x52, 0xfd, 0x94, 0xfd, 0x94, 0xfd, 0xd4, 0xfd,
  0xd4, 0xfd, 0x52, 0xfd, 0x94, 0xfd, 0x56, 0xfe, 0x56, 0xfe, 0x52, 0xfd,
  0x92, 0xfd, 0x56, 0xfe, 0xd4, 0xfd, 0x12, 0xfd, 0xd4, 0xfd, 0xd4, 0xfd,
  0x98, 0xfe, 0xd8, 0xfe, 0xd4, 0xfd, 0x94, 0xfd, 0x98, 0xfe, 0x98, 0xfe,
  0x52, 0xfd, 0x52, 0xfd, 0x56, 0xfe, 0xd0, 0xfc, 0x52, 0xfd, 0xd4, 0xfd,
  0x94, 0xfd, 0x52, 0xfd, 0xd4, 0xfd, 0x14, 0xfe, 0x52, 0xfd, 0x52, 0xfd,
  0xd0, 0xfc, 0x10, 0xfd, 0xd4, 0xfd, 0x12, 0xfd, 0xd0, 0xfc, 0x90, 0xfc,
  0xd0, 0xfc, 0x16, 0xfe, 0xd8, 0xfe, 0xd4, 0xfd, 0x12, 0xfd, 0x12, 0xfd,
  0x94, 0xfd, 0xd4, 0xfd, 0x94, 0xfd, 0x12, 0xfd, 0xd4, 0xfd, 0xd4, 0xfd,
  0x52, 0xfd, 0x98, 0xfe, 0x96, 0xfe, 0x5a, 0xff, 0x56, 0xfe, 0x94, 0xfd,
  0xd4, 0xfd, 0x16, 0xfe, 0xd4, 0xfd, 0x0e, 0xd5, 0x0c, 0x94, 0x06, 0x63,
  0x06, 0x94, 0x08, 0xb5, 0x48, 0xf6, 0xca, 0xf6, 0xee, 0xff, 0xf0, 0xff,
  0xf0, 0xff, 0xf2, 0xff, 0xf0, 0xff, 0xee, 0xff, 0xee, 0xff, 0xec, 0xff,
  0xee, 0xff, 0xee, 0xff, 0xf2, 0xff, 0xf2, 0xff, 0xf0, 0xff, 0xf0, 0xff,
  0xf0, 0xff, 0xf2, 0xff, 0xf2, 0xff, 0xf0, 0xff, 0xee, 0xff, 0xee, 0xff,
  0xf0, 0xff, 0xf4, 0xff, 0xf2, 0xff, 0xf2, 0xff, 0xf2, 0xff, 0xf0, 0xff,
  0xf2, 0xff, 0xf0, 0xff, 0xf4, 0xff, 0xf8, 0xff, 0xca, 0xc5, 0x4e, 0xb5,
  0xd4, 0xe6, 0x8c, 0x93, 0xce, 0xd3, 0x4e, 0xfc, 0x52, 0xfd, 0x14, 0xfe,
  0x96, 0xfe, 0x14, 0xfe, 0xd0, 0xfc, 0x52, 0xfd, 0x94, 0xfd, 0x92, 0xfd,
  0xd4, 0xfd, 0x14, 0xfe, 0xd8, 0xfe, 0xd4, 0xfd, 0xd4, 0xfd, 0xd4, 0xfd,
  0x56, 0xfe, 0x14, 0xfe, 0x4e, 0xfc, 0xd4, 0xfd, 0x56, 0xfe, 0x56, 0xfe,
  0x56, 0xfe, 0x92, 0xfd, 0x92, 0xfd, 0xd4, 0xfd, 0xd4, 0xfd, 0x10, 0xfd,
  0x90, 0xfc, 0xd4, 0xfd, 0x98, 0xfe, 0x5a, 0xff, 0x56, 0xfe, 0x14, 0xfe,
  0x94, 0xfd, 0xd4, 0xfd, 0x52, 0xfd, 0x52, 0xfd, 0x52, 0xfd, 0x92, 0xfd,
  0x52, 0xfd, 0xd4, 0xfd, 0xd4, 0xfd, 0x52, 0xfd, 0x52, 0xfd, 0x56, 0xfe,
  0xd4, 0xfd, 0x56, 0xfe, 0x56, 0xfe, 0xd0, 0xfc, 0x8e, 0xfc, 0x90, 0xfc,
  0x52, 0xfd, 0xd4, 0xfd, 0x16, 0xfe, 0xd4, 0xfd, 0x94, 0xfd, 0x92, 0xfd,
  0x52, 0xfd, 0xd4, 0xfd, 0x56, 0xfe, 0x12, 0xfd, 0x94, 0xfd, 0x16, 0xfe,
  0xd4, 0xfd, 0x52, 0xfd, 0x52, 0xfd, 0xd4, 0xfd, 0x52, 0xfd, 0x8e, 0xe4,
  0xd0, 0xc5, 0x4a, 0x73, 0x0a, 0x42, 0x90, 0x63, 0xdc, 0xa5, 0x1f, 0xd7,
  0x9e, 0xc6, 0x5e, 0xb6, 0x5e, 0xb6, 0x9f, 0xc6, 0x9f, 0xd7, 0x9f, 0xc6,
  0x1c, 0xb6, 0x5f, 0xd7, 0xdf, 0xe7, 0xdf, 0xc6, 0x1f, 0xd7, 0x9f, 0xe7,
  0x1f, 0xd7, 0x1f, 0xd7, 0x9e, 0xc6, 0x5e, 0xb6, 0x1c, 0xb6, 0x5f, 0xd7,
  0x9e, 0xb6, 0xda, 0xa5, 0x1e, 0xb6, 0x9e, 0xc6, 0xdf, 0xc6, 0x5e, 0xb6,
  0xdf, 0xc6, 0x9f, 0xc6, 0x1f, 0xc7, 0x9e, 0xc6, 0x9e, 0xb6, 0x5e, 0xb6,
  0xdc, 0xa5, 0xda, 0xa5, 0x5e, 0xb6, 0xdf, 0xc6, 0x1f, 0xc7, 0xdf, 0xc6,
  0x9e, 0xc6, 0x1c, 0xb6, 0x5e, 0xb6, 0x1f, 0xd7, 0xdf, 0xc6, 0xdf, 0xc6,
  0x9f, 0xc6, 0x9f, 0xc6, 0x1f, 0xd7, 0x9e, 0xc6, 0x9f, 0xe7, 0x1f, 0xd7,
  0x9e, 0xb6, 0x9e, 0xb6, 0x9e, 0xc6, 0xdf, 0xc6, 0x1f, 0xd7, 0x1f, 0xd7,
  0x1f, 0xd7, 0x9f, 0xc6, 0xdf, 0xc6, 0x5e, 0xb6, 0xdf, 0xc6, 0xdf, 0xc6,
  0xdf, 0xc6, 0x9e, 0xb6, 0x5c, 0xb6, 0x1c, 0xb6, 0x9a, 0xa5, 0x9e, 0xc6,
  0x14, 0x95, 0xd0, 0xc5, 0xce, 0xb4, 0x0a, 0xa3, 0xcc, 0xf3, 0xd0, 0xfc,
  0x16, 0xfe, 0x98, 0xfe, 0x94, 0xfd, 0x14, 0xfe, 0xd4, 0xfd, 0x94, 0xfd,
  0x92, 0xfd, 0x94, 0xfd, 0x16, 0xfe, 0xd4, 0xfd, 0xd4, 0xfd, 0xd4, 0xfd,
  0xd4, 0xfd, 0x98, 0xfe, 0xd4, 0xfd, 0x90, 0xfc, 0x52, 0xfd, 0xd4, 0xfd,
  0x94, 0xfd, 0x10, 0xfd, 0xd4, 0xfd, 0x56, 0xfe, 0x5a, 0xff, 0xd8, 0xfe,
  0x16, 0xfe, 0x96, 0xfe, 0xd4, 0xfd, 0x52, 0xfd, 0xd0, 0xfc, 0xd0, 0xfc,
  0x92, 0xfd, 0x92, 0xfd, 0x56, 0xfe, 0x56, 0xfe, 0xd0, 0xfc, 0xd0, 0xfc,
  0x52, 0xfd, 0x92, 0xfd, 0xd0, 0xfc, 0x12, 0xfd, 0x10, 0xfd, 0x52, 0xfd,
  0x52, 0xfd, 0x0e, 0xfc, 0xcc, 0xfb, 0xcc, 0xfb, 0x8c, 0xf3, 0x0e, 0xfc,
  0x12, 0xfd, 0x12, 0xfd, 0x4e, 0xfc, 0xcc, 0xfb, 0x12, 0xfd, 0x52, 0xfd,
  0x12, 0xfd, 0x52, 0xfd, 0x14, 0xfe, 0x52, 0xfd, 0x52, 0xfd, 0x14, 0xfe,
  0xd4, 0xfd, 0x9c, 0xff, 0x56, 0xfe, 0x12, 0xfd, 0x52, 0xfd, 0xd4, 0xfd,
  0x14, 0xfe, 0x10, 0xd5, 0xce, 0xa4, 0xc6, 0x62, 0xc6, 0x83, 0x8a, 0xf6,
  0x4a, 0xff, 0xee, 0xff, 0xee, 0xff, 0xee, 0xff, 0xee, 0xff, 0xee, 0xff,
  0xee, 0xff, 0xee, 0xff, 0xee, 0xff, 0xec, 0xff, 0xec, 0xff, 0xee, 0xff,
  0xf0, 0xff, 0xf0, 0xff, 0xf2, 0xff, 0xf2, 0xff, 0xee, 0xff, 0xf2, 0xff,
  0xf4, 0xff, 0xee, 0xff, 0xf0, 0xff, 0xf0, 0xff, 0xf0, 0xff, 0xf4, 0xff,
  0xf0, 0xff, 0xf0, 0xff, 0xf0, 0xff, 0xf0, 0xff, 0xf4, 0xff, 0xf0, 0xff,
  0xf0, 0xff, 0xf2, 0xff, 0x4a, 0xb5, 0x8c, 0xa4, 0x12, 0xd6, 0x8a, 0x93,
  0xce, 0xe3, 0x94, 0xfd, 0x52, 0xfd, 0x94, 0xfd, 0xd4, 0xfd, 0x10, 0xfd,
  0x94, 0xfd, 0x56, 0xfe, 0x16, 0xfe, 0x96, 0xfe, 0x5a, 0xff, 0xd4, 0xfd,
  0x96, 0xfe, 0x14, 0xfe, 0x14, 0xfe, 0x14, 0xfe, 0x16, 0xfe, 0x56, 0xfe,
  0x94, 0xfd, 0xd4, 0xfd, 0x16, 0xfe, 0x16, 0xfe, 0xd8, 0xfe, 0x56, 0xfe,
  0x16, 0xfe, 0xd8, 0xfe, 0xd8, 0xfe, 0x52, 0xfd, 0x52, 0xfd, 0x94, 0xfd,
  0x1a, 0xff, 0x18, 0xff, 0xd4, 0xfd, 0x16, 0xfe, 0x94, 0xfd, 0xd4, 0xfd,
  0xd0, 0xfc, 0xd4, 0xfd, 0xd4, 0xfd, 0x12, 0xfd, 0x92, 0xfd, 0x98, 0xfe,
  0x14, 0xfe, 0x92, 0xfd, 0x52, 0xfd, 0x92, 0xfd, 0x94, 0xfd, 0x96, 0xfe,
  0x94, 0xfd, 0x52, 0xfd, 0x52, 0xfd, 0x52, 0xfd, 0x94, 0xfd, 0x92, 0xfd,
  0x16, 0xfe, 0x92, 0xfd, 0x52, 0xfd, 0x94, 0xfd, 0x52, 0xfd, 0x14, 0xfe,
  0x94, 0xfd, 0x56, 0xfe, 0x98, 0xfe, 0x94, 0xfd, 0x52, 0xfd, 0xd0, 0xfc,
  0x12, 0xfd, 0x94, 0xfd, 0x52, 0xfd, 0x0c, 0xd4, 0x52, 0xe6, 0x0c, 0x94,
  0x4a, 0x42, 0x50, 0x63, 0x5a, 0x95, 0x1f, 0xd7, 0x5f, 0xd7, 0x5e, 0xb6,
  0x5e, 0xb6, 0x1f, 0xc7, 0x1f, 0xd7, 0x5e, 0xb6, 0x5e, 0xb6, 0x9e, 0xc6,
  0xdf, 0xc6, 0xdc, 0xa5, 0x1f, 0xd7, 0x5f, 0xd7, 0xdc, 0xa5, 0xda, 0xa5,
  0x1c, 0xb6, 0x5f, 0xd7, 0x9e, 0xc6, 0xdf, 0xc6, 0x5e, 0xb6, 0x1c, 0xb6,
  0xdc, 0xa5, 0x9a, 0xa5, 0xdc, 0xa5, 0x1c, 0xa6, 0x1c, 0xb6, 0x9a, 0xa5,
  0x5e, 0xb6, 0x5e, 0xb6, 0x1f, 0xc7, 0x5f, 0xd7, 0x9f, 0xc6, 0x9e, 0xc6,
  0x9e, 0xc6, 0xdf, 0xc6, 0x1f, 0xd7, 0x5f, 0xd7, 0x1f, 0xd7, 0x9e, 0xc6,
  0xdf, 0xc6, 0x5f, 0xd7, 0xdf, 0xc6, 0x5e, 0xb6, 0x5e, 0xb6, 0x5e, 0xb6,
  0x5e, 0xb6, 0x1c, 0xb6, 0x5f, 0xd7, 0x5f, 0xd7, 0x1f, 0xd7, 0x9f, 0xc6,
  0x9e, 0xc6, 0x5e, 0xb6, 0xdf, 0xc6, 0x9f, 0xd7, 0x5f, 0xd7, 0x5e, 0xb6,
  0x5e, 0xb6, 0xdc, 0xa5, 0x1c, 0xb6, 0x9e, 0xb6, 0xdf, 0xc6, 0x1f, 0xd7,
  0x5f, 0xd7, 0x5e, 0xb6, 0x12, 0x74, 0x96, 0x84, 0x92, 0x94, 0x8c, 0xa4,
  0x48, 0x73, 0xc6, 0x61, 0xc8, 0xb2, 0xce, 0xfb, 0x12, 0xfd, 0xd4, 0xfd,
  0xd4, 0xfd, 0x56, 0xfe, 0x52, 0xfd, 0x92, 0xfd, 0x12, 0xfd, 0x4e, 0xfc,
  0xd0, 0xfc, 0x52, 0xfd, 0x12, 0xfd, 0x56, 0xfe, 0x52, 0xfd, 0x94, 0xfd,
  0x52, 0xfd, 0x10, 0xfd, 0x12, 0xfd, 0x94, 0xfd, 0x94, 0xfd, 0x10, 0xfd,
  0x94, 0xfd, 0x16, 0xfe, 0x16, 0xfe, 0x52, 0xfd, 0x94, 0xfd, 0xd4, 0xfd,
  0xd4, 0xfd, 0x94, 0xfd, 0x14, 0xfe, 0x92, 0xfd, 0xd4, 0xfd, 0x92, 0xfd,
  0x56, 0xfe, 0x56, 0xfe, 0x52, 0xfd, 0x52, 0xfd, 0x94, 0xfd, 0x52, 0xfd,
  0x90, 0xfc, 0xd0, 0xfc, 0x0e, 0xfc, 0x0e, 0xfc, 0x0e, 0xfc, 0xcc, 0xe3,
  0x8c, 0xd3, 0xca, 0xa2, 0xca, 0xa2, 0x0a, 0xd3, 0x0e, 0xfc, 0x12, 0xfd,
  0x50, 0xfc, 0x0a, 0xe3, 0x0e, 0xfc, 0x8e, 0xfc, 0x90, 0xfc, 0x52, 0xfd,
  0x12, 0xfd, 0x90, 0xfc, 0x94, 0xfd, 0xd4, 0xfd, 0xd0, 0xfc, 0xd4, 0xfd,
  0x52, 0xfd, 0x52, 0xfd, 0xd4, 0xfd, 0xd8, 0xfe, 0x56, 0xfe, 0x50, 0xd5,
  0x4c, 0x94, 0x44, 0x52, 0x42, 0x52, 0xc6, 0xb4, 0x4a, 0xff, 0xf0, 0xff,
  0xee, 0xff, 0xee, 0xff, 0xee, 0xff, 0xee, 0xff, 0xf0, 0xff, 0xf0, 0xff,
  0xf0, 0xff, 0xee, 0xff, 0xf0, 0xff, 0xf4, 0xff, 0xf4, 0xff, 0xf2, 0xff,
  0xf4, 0xff, 0xf6, 0xff, 0xf2, 0xff, 0xf2, 0xff, 0xf0, 0xff, 0xf0, 0xff,
  0xee, 0xff, 0xee, 0xff, 0xee, 0xff, 0xf2, 0xff, 0xf0, 0xff, 0xf0, 0xff,
  0xee, 0xff, 0xee, 0xff, 0xf0, 0xff, 0xf0, 0xff, 0xee, 0xff, 0x0a, 0xf7,
  0xca, 0xd5, 0xd0, 0xd5, 0x52, 0xe6, 0xcc, 0xb3, 0xcc, 0xd3, 0x52, 0xfd,
  0xd0, 0xfc, 0x12, 0xfd, 0x10, 0xfd, 0xd0, 0xfc, 0x56, 0xfe, 0xdc, 0xff,
  0x5a, 0xff, 0x94, 0xfd, 0x56, 0xfe, 0x52, 0xfd, 0x52, 0xfd, 0x92, 0xfd,
  0x92, 0xfd, 0x94, 0xfd, 0x12, 0xfd, 0x56, 0xfe, 0x98, 0xfe, 0x14, 0xfe,
  0xd4, 0xfd, 0x92, 0xfd, 0x14, 0xfe, 0x98, 0xfe, 0xd8, 0xfe, 0x1a, 0xff,
  0x96, 0xfe, 0x94, 0xfd, 0x52, 0xfd, 0x92, 0xfd, 0x18, 0xff, 0x98, 0xfe,
  0x92, 0xfd, 0x94, 0xfd, 0xd4, 0xfd, 0x16, 0xfe, 0x52, 0xfd, 0x14, 0xfe,
  0x16, 0xfe, 0x52, 0xfd, 0x56, 0xfe, 0xd8, 0xfe, 0x56, 0xfe, 0x16, 0xfe,
  0x92, 0xfd, 0x92, 0xfd, 0x14, 0xfe, 0xd4, 0xfd, 0x92, 0xfd, 0x52, 0xfd,
  0x52, 0xfd, 0x94, 0xfd, 0x52, 0xfd, 0x52, 0xfd, 0x98, 0xfe, 0x56, 0xfe,
  0xd4, 0xfd, 0xd4, 0xfd, 0x52, 0xfd, 0x52, 0xfd, 0xd4, 0xfd, 0x98, 0xfe,
  0xd4, 0xfd, 0x90, 0xfc, 0xd0, 0xfc, 0x52, 0xfd, 0x56, 0xfe, 0x56, 0xfe,
  0x12, 0xfd, 0x8e, 0xd4, 0xd4, 0xe6, 0x10, 0xa5, 0xd2, 0x73, 0x94, 0x84,
  0x9a, 0xa5, 0x1f, 0xd7, 0x9f, 0xd7, 0x9f, 0xc6, 0xdc, 0xa5, 0x9e, 0xb6,
  0x5f, 0xd7, 0x9e, 0xc6, 0x1c, 0xb6, 0xdf, 0xc6, 0x5f, 0xd7, 0x9e, 0xb6,
  0x1c, 0xb6, 0x1c, 0xa6, 0x5e, 0xb6, 0x1f, 0xd7, 0x5f, 0xd7, 0xff, 0xf7,
  0xff, 0xff, 0x5f, 0xd7, 0xdf, 0xc6, 0x1f, 0xc7, 0x9f, 0xc6, 0x1c, 0xb6,
  0x9a, 0xa5, 0x18, 0x95, 0x9a, 0xa5, 0x9a, 0xa5, 0x1c, 0xb6, 0xdf, 0xc6,
  0x1f, 0xc7, 0x1f, 0xc7, 0xdf, 0xc6, 0x9e, 0xc6, 0x9c, 0xa5, 0xdc, 0xa5,
  0x5e, 0xb6, 0x5f, 0xd7, 0x9f, 0xe7, 0x5f, 0xd7, 0x9f, 0xe7, 0x9f, 0xe7,
  0xdf, 0xc6, 0xdf, 0xc6, 0xdf, 0xc6, 0x9f, 0xc6, 0x9f, 0xe7, 0xff, 0xff,
  0x5f, 0xd7, 0x9f, 0xc6, 0x5f, 0xd7, 0x5e, 0xb6, 0x9e, 0xb6, 0x5e, 0xb6,
  0xdf, 0xc6, 0x9f, 0xe7, 0xdf, 0xc6, 0x9a, 0xa5, 0x9a, 0xa5, 0x58, 0x95,
  0x58, 0x95, 0x9e, 0xc6, 0x5f, 0xd7, 0x5f, 0xd7, 0x5f, 0xd7, 0x9e, 0xc6,
  0xda, 0xa5, 0x14, 0x74, 0x52, 0x84, 0xce, 0xa4, 0x0e, 0xb5, 0x84, 0x51,
  0xc6, 0x71, 0x48, 0xa2, 0xcc, 0xf3, 0x90, 0xfc, 0xd4, 0xfd, 0x56, 0xfe,
  0xd0, 0xfc, 0x4e, 0xfc, 0x4c, 0xe3, 0x0a, 0xd3, 0xca, 0xb2, 0x4e, 0xfc,
  0x8c, 0xf3, 0x90, 0xfc, 0x0e, 0xfc, 0x4e, 0xfc, 0x12, 0xfd, 0x52, 0xfd,
  0x12, 0xfd, 0x90, 0xfc, 0xd0, 0xfc, 0xd0, 0xfc, 0x12, 0xfd, 0x16, 0xfe,
  0x94, 0xfd, 0x90, 0xfc, 0x0e, 0xfc, 0x90, 0xfc, 0x12, 0xfd, 0xd4, 0xfd,
  0x9c, 0xff, 0x56, 0xfe, 0xd4, 0xfd, 0x12, 0xfd, 0x98, 0xfe, 0x56, 0xfe,
  0x52, 0xfd, 0xd0, 0xfc, 0x52, 0xfd, 0x52, 0xfd, 0x4e, 0xfc, 0x0e, 0xfc,
  0x8c, 0xf3, 0x0a, 0xc3, 0x48, 0x92, 0x48, 0x82, 0xca, 0xa2, 0xca, 0xa2,
  0x88, 0x82, 0x88, 0x92, 0x4c, 0xb3, 0x4c, 0xb3, 0x48, 0x82, 0x08, 0x72,
  0xca, 0xc2, 0xca, 0xd2, 0x8c, 0xf3, 0x4e, 0xfc, 0x8c, 0xf3, 0x8c, 0xf3,
  0x4e, 0xfc, 0x12, 0xfd, 0x12, 0xfd, 0x12, 0xfd, 0xd0, 0xfc, 0x12, 0xfd,
  0x10, 0xfd, 0x92, 0xfd, 0x4e, 0xfc, 0xce, 0xb4, 0x12, 0xd6, 0xc8, 0x62,
  0x84, 0x52, 0x46, 0xa4, 0x4a, 0xff, 0xec, 0xff, 0xec, 0xff, 0xee, 0xff,
  0xee, 0xff, 0xee, 0xff, 0xee, 0xff, 0xf0, 0xff, 0xf2, 0xff, 0xee, 0xff,
  0xf2, 0xff, 0xf4, 0xff, 0xf2, 0xff, 0xf4, 0xff, 0xf2, 0xff, 0xf4, 0xff,
  0xf0, 0xff, 0xf2, 0xff, 0xee, 0xff, 0xf0, 0xff, 0xee, 0xff, 0xf0, 0xff,
  0xf2, 0xff, 0xee, 0xff, 0xee, 0xff, 0xee, 0xff, 0xee, 0xff, 0xf0, 0xff,
  0xf2, 0xff, 0xf4, 0xff, 0xf2, 0xff, 0xee, 0xff, 0x8c, 0xff, 0x4e, 0xc5,
  0xce, 0xb4, 0x8a, 0xc3, 0x90, 0xfc, 0x98, 0xfe, 0xd0, 0xfc, 0x90, 0xfc,
  0x90, 0xfc, 0x12, 0xfd, 0xd4, 0xfd, 0xd4, 0xfd, 0xd0, 0xfc, 0x0e, 0xfc,
  0x94, 0xfd, 0xd4, 0xfd, 0xd4, 0xfd, 0x52, 0xfd, 0x92, 0xfd, 0xd4, 0xfd,
  0x10, 0xfd, 0x52, 0xfd, 0x98, 0xfe, 0xd4, 0xfd, 0x94, 0xfd, 0x52, 0xfd,
  0x56, 0xfe, 0x14, 0xfe, 0x14, 0xfe, 0x98, 0xfe, 0x56, 0xfe, 0x56, 0xfe,
  0xd4, 0xfd, 0x52, 0xfd, 0x14, 0xfe, 0x98, 0xfe, 0x56, 0xfe, 0x14, 0xfe,
  0x98, 0xfe, 0x56, 0xfe, 0xd4, 0xfd, 0x94, 0xfd, 0x16, 0xfe, 0x94, 0xfd,
  0x92, 0xfd, 0x98, 0xfe, 0xd8, 0xfe, 0x16, 0xfe, 0x52, 0xfd, 0x96, 0xfe,
  0x94, 0xfd, 0x92, 0xfd, 0xd4, 0xfd, 0x14, 0xfe, 0xd4, 0xfd, 0xd4, 0xfd,
  0x12, 0xfd, 0xd0, 0xfc, 0x16, 0xfe, 0x1a, 0xff, 0x56, 0xfe, 0x52, 0xfd,
  0x94, 0xfd, 0x56, 0xfe, 0x56, 0xfe, 0x56, 0xfe, 0xd4, 0xfd, 0x52, 0xfd,
  0x92, 0xfd, 0x94, 0xfd, 0x9c, 0xff, 0x98, 0xfe, 0x90, 0xfc, 0xce, 0xe4,
  0x56, 0xff, 0x52, 0xb5, 0x9a, 0xa5, 0xda, 0xa5, 0x5e, 0xb6, 0x1f, 0xc7,
  0x1f, 0xd7, 0x5e, 0xb6, 0x5e, 0xb6, 0x5f, 0xd7, 0x9f, 0xd7, 0x1f, 0xc7,
  0x5e, 0xb6, 0x5f, 0xd7, 0x1f, 0xc7, 0x9f, 0xc6, 0xdf, 0xc6, 0x9f, 0xc6,
  0x9e, 0xb6, 0x5e, 0xb6, 0x5f, 0xd7, 0xff, 0xff, 0xff, 0xf7, 0x1f, 0xc7,
  0xdf, 0xe7, 0xff, 0xff, 0x9f, 0xe7, 0xdf, 0xc6, 0x5f, 0xd7, 0xdf, 0xc6,
  0x1c, 0xb6, 0x9a, 0xa5, 0x5e, 0xb6, 0x5e, 0xb6, 0x9e, 0xc6, 0x9f, 0xc6,
  0x5e, 0xb6, 0x9e, 0xb6, 0x96, 0x84, 0xd8, 0x84, 0x9a, 0xa5, 0x1f, 0xd7,
  0x1f, 0xd7, 0xdf, 0xf7, 0xff, 0xff, 0xdf, 0xe7, 0x5c, 0xb6, 0x1c, 0xb6,
  0x1c, 0xb6, 0x1f, 0xd7, 0xff, 0xf7, 0xff, 0xff, 0x9f, 0xe7, 0xdc, 0xa5,
  0x1c, 0xb6, 0xdc, 0xa5, 0x1c, 0xb6, 0x9a, 0xa5, 0x5a, 0x95, 0x5e, 0xb6,
  0x5e, 0xb6, 0xdc, 0xa5, 0x9a, 0xa5, 0x58, 0x95, 0xdc, 0xa5, 0x1f, 0xc7,
  0x1f, 0xd7, 0xdf, 0xc6, 0x5f, 0xd7, 0xdf, 0xc6, 0x9e, 0xc6, 0x9a, 0xa5,
  0xd0, 0x73, 0x8c, 0xa4, 0xd2, 0xc5, 0x4c, 0x93, 0x4c, 0xb3, 0x4a, 0xb3,
  0x8c, 0xe3, 0x4a, 0xf3, 0xce, 0xfb, 0xd0, 0xfc, 0xd0, 0xfc, 0x4e, 0xfc,
  0x8c, 0xf3, 0x4c, 0xe3, 0x4a, 0xc3, 0xca, 0xc2, 0x88, 0xb2, 0x0a, 0xd3,
  0x0e, 0xfc, 0x8c, 0xe3, 0x0e, 0xfc, 0x0e, 0xfc, 0x8c, 0xfb, 0x8c, 0xfb,
  0x8c, 0xf3, 0x0e, 0xfc, 0x4e, 0xfc, 0x4e, 0xfc, 0x90, 0xfc, 0x90, 0xfc,
  0x4c, 0xe3, 0x8c, 0xf3, 0x90, 0xfc, 0x52, 0xfd, 0x1a, 0xff, 0x56, 0xfe,
  0xd0, 0xfc, 0x8e, 0xfc, 0x54, 0xfd, 0x94, 0xfd, 0x10, 0xfd, 0x4e, 0xfc,
  0x4e, 0xfc, 0x4e, 0xfc, 0xd2, 0xfc, 0x0e, 0xe4, 0xca, 0x92, 0x0a, 0xa3,
  0x88, 0x92, 0x48, 0x72, 0x48, 0x82, 0x48, 0x82, 0x88, 0x82, 0x48, 0x82,
  0x48, 0x82, 0x4c, 0xb3, 0x0e, 0xd4, 0x0e, 0xd4, 0x4a, 0xc3, 0x88, 0xa2,
  0x4c, 0xd3, 0x56, 0xfe, 0x16, 0xfe, 0x92, 0xfd, 0x4e, 0xfc, 0x8c, 0xf3,
  0x0e, 0xfc, 0x0e, 0xfc, 0xcc, 0xfb, 0x8c, 0xfb, 0xcc, 0xfb, 0xcc, 0xfb,
  0xcc, 0xf3, 0x0c, 0xa4, 0x90, 0xc5, 0x08, 0x73, 0x44, 0x52, 0x06, 0x94,
  0x06, 0xc5, 0x08, 0xe6, 0xec, 0xff, 0xee, 0xff, 0xee, 0xff, 0xee, 0xff,
  0x0a, 0xf7, 0x8c, 0xff, 0xf0, 0xff, 0xf0, 0xff, 0xf2, 0xff, 0xf2, 0xff,
  0xee, 0xff, 0xee, 0xff, 0xf0, 0xff, 0xf2, 0xff, 0xec, 0xff, 0xf0, 0xff,
  0xf0, 0xff, 0xf8, 0xff, 0xf6, 0xff, 0xf0, 0xff, 0xee, 0xff, 0xf0, 0xff,
  0xee, 0xff, 0xec, 0xff, 0xf0, 0xff, 0xf0, 0xff, 0xf0, 0xff, 0xf2, 0xff,
  0xf2, 0xff, 0xf2, 0xff, 0x88, 0xc5, 0xc8, 0x83, 0xca, 0x83, 0xc8, 0x82,
  0x0e, 0xe4, 0x56, 0xfe, 0x92, 0xfd, 0xd0, 0xfc, 0xd0, 0xfc, 0x52, 0xfd,
  0xd4, 0xfd, 0xd4, 0xfd, 0x56, 0xfe, 0x52, 0xfd, 0xd4, 0xfd, 0x1a, 0xff,
  0x98, 0xfe, 0xd4, 0xfd, 0x92, 0xfd, 0x94, 0xfd, 0x92, 0xfd, 0x92, 0xfd,
  0xd4, 0xfd, 0x92, 0xfd, 0x94, 0xfd, 0x94, 0xfd, 0x94, 0xfd, 0x52, 0xfd,
  0x92, 0xfd, 0x92, 0xfd, 0x94, 0xfd, 0x94, 0xfd, 0xd0, 0xfc, 0x92, 0xfd,
  0xd4, 0xfd, 0x96, 0xfe, 0x96, 0xfe, 0x14, 0xfe, 0x56, 0xfe, 0xd4, 0xfd,
  0x92, 0xfd, 0x4e, 0xfc, 0xd0, 0xfc, 0x10, 0xfd, 0x8e, 0xfc, 0xd4, 0xfd,
  0xd4, 0xfd, 0x94, 0xfd, 0x14, 0xfe, 0xd8, 0xfe, 0x94, 0xfd, 0x94, 0xfd,
  0x14, 0xfe, 0xd4, 0xfd, 0x56, 0xfe, 0x92, 0xfd, 0xd0, 0xfc, 0x52, 0xfd,
  0x92, 0xfd, 0x14, 0xfe, 0x52, 0xfd, 0x94, 0xfd, 0xd8, 0xfe, 0x98, 0xfe,
  0xd4, 0xfd, 0x98, 0xfe, 0x56, 0xfe, 0xd4, 0xfd, 0xd4, 0xfd, 0xd4, 0xfd,
  0x56, 0xfe, 0x94, 0xfd, 0x12, 0xfd, 0x8e, 0xe4, 0x90, 0xc5, 0x0c, 0x84,
  0x90, 0x63, 0x54, 0x74, 0x1c, 0xb6, 0x1f, 0xd7, 0x9e, 0xb6, 0x5e, 0xb6,
  0xdf, 0xc6, 0x9e, 0xc6, 0xdf, 0xc6, 0x9f, 0xe7, 0x9e, 0xc6, 0x9f, 0xe7,
  0x5f, 0xd7, 0x1c, 0xb6, 0x1c, 0xa6, 0xdc, 0xa5, 0x1c, 0xb6, 0x5e, 0xb6,
  0x1f, 0xc7, 0x9f, 0xd7, 0x5f, 0xd7, 0x1f, 0xd7, 0xdf, 0xc6, 0x1f, 0xd7,
  0x1c, 0xb6, 0x9a, 0xa5, 0x5f, 0xd7, 0x9f, 0xe7, 0x1c, 0xb6, 0x9a, 0xa5,
  0x1c, 0xb6, 0x5e, 0xb6, 0x1c, 0xb6, 0x9a, 0xa5, 0x5a, 0xa5, 0xd2, 0x73,
  0x8a, 0x42, 0x4a, 0x42, 0xd2, 0x73, 0x9a, 0xa5, 0x5a, 0x95, 0x5e, 0xb6,
  0x5c, 0xb6, 0x5e, 0xb6, 0x5c, 0xb6, 0x9e, 0xc6, 0x9f, 0xe7, 0xff, 0xff,
  0xff, 0xf7, 0xdf, 0xe7, 0xdf, 0xc6, 0x5e, 0xb6, 0x1c, 0xb6, 0x5e, 0xb6,
  0xda, 0xa5, 0x9a, 0xa5, 0x18, 0x95, 0x96, 0x84, 0x96, 0x84, 0x56, 0x84,
  0x14, 0x74, 0x90, 0x63, 0x96, 0x84, 0x1c, 0xb6, 0x9f, 0xc6, 0x9f, 0xc6,
  0x9e, 0xb6, 0xff, 0xe7, 0x5f, 0xd7, 0x12, 0x74, 0x0a, 0x63, 0xce, 0xa4,
  0x56, 0xff, 0x4e, 0xe4, 0x94, 0xfd, 0x56, 0xfe, 0xd4, 0xfd, 0x0e, 0xfc,
  0x4c, 0xd3, 0xcc, 0xe3, 0x4e, 0xf4, 0xcc, 0xe3, 0x4c, 0xd3, 0xd0, 0xfc,
  0x16, 0xfe, 0xce, 0xd3, 0xca, 0xa2, 0xc8, 0xb2, 0x0a, 0xd3, 0x0a, 0xc3,
  0xcc, 0xe3, 0x8c, 0xe3, 0x90, 0xfc, 0x12, 0xfd, 0x4c, 0xd3, 0x0a, 0xd3,
  0x0a, 0xd3, 0xce, 0xfb, 0x90, 0xfc, 0xd4, 0xfd, 0x56, 0xfe, 0x16, 0xfe,
  0xd2, 0xfc, 0x4e, 0xfc, 0xd8, 0xfe, 0x56, 0xfe, 0x90, 0xfc, 0x8c, 0xfb,
  0x8c, 0xfb, 0x4e, 0xfc, 0x90, 0xfc, 0xcc, 0xfb, 0x8c, 0xf3, 0x4c, 0xd3,
  0x0a, 0xb3, 0x88, 0x82, 0x0a, 0xa3, 0x52, 0xfd, 0x12, 0xf5, 0xcc, 0xd3,
  0x88, 0x92, 0x06, 0x72, 0xc6, 0x61, 0xc6, 0x61, 0x0a, 0xa3, 0x4e, 0xf4,
  0xd0, 0xfc, 0x94, 0xfd, 0xd0, 0xfc, 0xca, 0xa2, 0x0a, 0xc3, 0x94, 0xfd,
  0x96, 0xfe, 0x5a, 0xff, 0x58, 0xff, 0xd0, 0xfc, 0x90, 0xfc, 0x4e, 0xfc,
  0x8c, 0xe3, 0x8c, 0xd3, 0x16, 0xfe, 0x90, 0xf4, 0x0a, 0xa3, 0x0e, 0xb5,
  0x4c, 0x94, 0x88, 0x83, 0xc8, 0x83, 0x08, 0x84, 0x46, 0xa4, 0xc6, 0xb4,
  0x0c, 0xff, 0xca, 0xfe, 0xec, 0xff, 0xee, 0xff, 0x0a, 0xff, 0x8c, 0xff,
  0xee, 0xff, 0xf0, 0xff, 0xf2, 0xff, 0xf4, 0xff, 0xee, 0xff, 0x4a, 0xff,
  0xec, 0xff, 0xee, 0xff, 0xec, 0xff, 0xee, 0xff, 0xee, 0xff, 0xf4, 0xff,
  0xf0, 0xff, 0xec, 0xff, 0x8c, 0xff, 0xf0, 0xff, 0xee, 0xff, 0xf0, 0xff,
  0xf2, 0xff, 0xee, 0xff, 0x4a, 0xff, 0x4c, 0xff, 0x8c, 0xff, 0x4c, 0xff,
  0x0a, 0xd6, 0x8c, 0xa4, 0x4c, 0x94, 0x46, 0x72, 0xca, 0xb2, 0x94, 0xfd,
  0x16, 0xfe, 0x52, 0xfd, 0x92, 0xfd, 0x16, 0xfe, 0xd4, 0xfd, 0x14, 0xfe,
  0x9c, 0xff, 0x9c, 0xff, 0xd4, 0xfd, 0xd4, 0xfd, 0xd4, 0xfd, 0x14, 0xfe,
  0x92, 0xfd, 0x92, 0xfd, 0xd4, 0xfd, 0xd4, 0xfd, 0x52, 0xfd, 0x94, 0xfd,
  0x12, 0xfd, 0xd4, 0xfd, 0x12, 0xfd, 0x12, 0xfd, 0x92, 0xfd, 0x94, 0xfd,
  0x14, 0xfe, 0xd4, 0xfd, 0x52, 0xfd, 0x14, 0xfe, 0xd4, 0xfd, 0x14, 0xfe,
  0x56, 0xfe, 0xd4, 0xfd, 0xd4, 0xfd, 0x52, 0xfd, 0x52, 0xfd, 0xd0, 0xfc,
  0x8e, 0xfc, 0xd0, 0xfc, 0xd0, 0xfc, 0x52, 0xfd, 0x14, 0xfe, 0xd4, 0xfd,
  0x14, 0xfe, 0xd4, 0xfd, 0x52, 0xfd, 0x52, 0xfd, 0x52, 0xfd, 0x10, 0xfd,
  0xd0, 0xfc, 0x52, 0xfd, 0x52, 0xfd, 0x94, 0xfd, 0xd4, 0xfd, 0x14, 0xfe,
  0x52, 0xfd, 0xd4, 0xfd, 0x16, 0xfe, 0xd0, 0xfc, 0x90, 0xfc, 0xd4, 0xfd,
  0x16, 0xfe, 0x56, 0xfe, 0xd4, 0xfd, 0x52, 0xfd, 0x90, 0xfc, 0x16, 0xfe,
  0x5a, 0xff, 0x10, 0xf5, 0x4c, 0x94, 0xc8, 0x62, 0x8c, 0x42, 0x50, 0x63,
  0xd8, 0x84, 0x18, 0x95, 0x9a, 0xa5, 0x1c, 0xb6, 0x5e, 0xb6, 0xdc, 0xa5,
  0xdc, 0xa5, 0x9a, 0xa5, 0x9a, 0xa5, 0x5a, 0xa5, 0x9a, 0xa5, 0xd8, 0x84,
  0xd8, 0x94, 0xd6, 0x84, 0xd6, 0x84, 0x9a, 0xa5, 0x9e, 0xc6, 0xdf, 0xc6,
  0xdf, 0xc6, 0x5f, 0xd7, 0xdf, 0xc6, 0x1c, 0xb6, 0xdc, 0xa5, 0xdc, 0xa5,
  0xdf, 0xc6, 0x5e, 0xb6, 0x18, 0x95, 0x54, 0x84, 0x18, 0x95, 0x5a, 0x95,
  0x58, 0x95, 0x54, 0x84, 0x90, 0x63, 0xd2, 0x73, 0xd0, 0x73, 0x0c, 0x53,
  0x8a, 0x42, 0x4a, 0x42, 0xd2, 0x63, 0x14, 0x74, 0x50, 0x63, 0xd2, 0x73,
  0x54, 0x84, 0x9a, 0xa5, 0x1f, 0xd7, 0x9f, 0xe7, 0x5f, 0xd7, 0x9f, 0xd7,
  0x5f, 0xd7, 0x9e, 0xc6, 0x1f, 0xc7, 0x5f, 0xd7, 0x1c, 0xb6, 0x18, 0x95,
  0x96, 0x84, 0x50, 0x63, 0x4e, 0x53, 0x50, 0x63, 0x90, 0x63, 0x14, 0x74,
  0x90, 0x63, 0x14, 0x74, 0xd6, 0x94, 0x18, 0x95, 0x1c, 0xb6, 0x5f, 0xd7,
  0x9a, 0xa5, 0x90, 0x63, 0x8c, 0x73, 0x94, 0xe6, 0x0e, 0xb5, 0x0a, 0xa3,
  0x0e, 0xe4, 0x90, 0xfc, 0x90, 0xfc, 0x12, 0xfd, 0x90, 0xfc, 0x8c, 0xe3,
  0x4e, 0xf4, 0xd0, 0xfc, 0x8c, 0xd3, 0x12, 0xfd, 0x16, 0xfe, 0xd4, 0xfd,
  0x12, 0xfd, 0x0e, 0xf4, 0x8c, 0xc3, 0x4c, 0xc3, 0xc8, 0xa2, 0x0a, 0xc3,
  0xcc, 0xe3, 0x90, 0xfc, 0xcc, 0xe3, 0x8c, 0xd3, 0xca, 0xa2, 0x48, 0x92,
  0x4e, 0xf4, 0x94, 0xfd, 0x56, 0xfe, 0x1a, 0xff, 0x12, 0xfd, 0x8c, 0xe3,
  0xd0, 0xfc, 0x12, 0xfd, 0x4e, 0xfc, 0x4c, 0xd3, 0x88, 0xa2, 0xc8, 0xc2,
  0x8c, 0xf3, 0x4a, 0xd3, 0x88, 0x92, 0x48, 0x82, 0x88, 0x82, 0x0e, 0xd4,
  0x12, 0xfd, 0x9c, 0xff, 0xdc, 0xff, 0xd8, 0xfe, 0x56, 0xfe, 0x52, 0xfd,
  0xcc, 0xd3, 0xca, 0xa2, 0x8c, 0xc3, 0x88, 0xa2, 0x4a, 0xc3, 0x0e, 0xe4,
  0x0e, 0xe4, 0x88, 0xa2, 0x06, 0x92, 0x0a, 0xe3, 0x4e, 0xfc, 0x52, 0xfd,
  0x56, 0xfe, 0xd4, 0xfd, 0x4e, 0xfc, 0x94, 0xfd, 0x90, 0xf4, 0xcc, 0xd3,
  0xd0, 0xf4, 0xd0, 0xfc, 0x0e, 0xe4, 0x90, 0xd5, 0xd0, 0xd5, 0x8a, 0xa4,
  0xc8, 0xb4, 0x4c, 0xff, 0x8a, 0xe6, 0x06, 0x94, 0xc6, 0x83, 0x44, 0x83,
  0xc8, 0xb4, 0x48, 0xc5, 0x88, 0xd5, 0x08, 0xe6, 0x08, 0xe6, 0x88, 0xd5,
  0x8a, 0xf6, 0xf0, 0xff, 0xce, 0xff, 0xca, 0xf6, 0x8c, 0xff, 0xca, 0xf6,
  0x8a, 0xff, 0x0a, 0xff, 0x4a, 0xff, 0x8a, 0xf6, 0x88, 0xd5, 0x06, 0xc5,
  0x08, 0xc5, 0x4c, 0xff, 0xec, 0xff, 0xee, 0xff, 0xee, 0xff, 0xec, 0xff,
  0xee, 0xff, 0xcc, 0xf6, 0x48, 0xc5, 0x86, 0xa4, 0x48, 0xc5, 0x8e, 0xc5,
  0x8c, 0xa4, 0x06, 0x52, 0x48, 0x92, 0xce, 0xfb, 0x10, 0xfd, 0x92, 0xfd,
  0x52, 0xfd, 0xd4, 0xfd, 0x94, 0xfd, 0x94, 0xfd, 0x5a, 0xff, 0xfc, 0xff,
  0xd4, 0xfd, 0x92, 0xfd, 0x52, 0xfd, 0x52, 0xfd, 0xd4, 0xfd, 0x92, 0xfd,
  0x52, 0xfd, 0x52, 0xfd, 0x10, 0xfd, 0x52, 0xfd, 0x92, 0xfd, 0x98, 0xfe,
  0x92, 0xfd, 0xd4, 0xfd, 0x92, 0xfd, 0x92, 0xfd, 0x56, 0xfe, 0x96, 0xfe,
  0xd4, 0xfd, 0x52, 0xfd, 0x10, 0xfd, 0x52, 0xfd, 0x14, 0xfe, 0x56, 0xfe,
  0x16, 0xfe, 0x52, 0xfd, 0x52, 0xfd, 0x12, 0xfd, 0xd0, 0xfc, 0x52, 0xfd,
  0x94, 0xfd, 0x10, 0xfd, 0x10, 0xfd, 0x52, 0xfd, 0x92, 0xfd, 0x98, 0xfe,
  0x94, 0xfd, 0xd4, 0xfd, 0x92, 0xfd, 0x12, 0xfd, 0x52, 0xfd, 0x94, 0xfd,
  0x94, 0xfd, 0x52, 0xfd, 0x12, 0xfd, 0x12, 0xfd, 0x12, 0xfd, 0xd0, 0xfc,
  0x10, 0xfd, 0x90, 0xfc, 0xcc, 0xe3, 0x4e, 0xfc, 0x52, 0xfd, 0x52, 0xfd,
  0xd4, 0xfd, 0x94, 0xfd, 0xd0, 0xfc, 0x98, 0xfe, 0xfc, 0xff, 0x92, 0xf5,
  0x52, 0xe6, 0x0c, 0x84, 0x8a, 0x42, 0x0e, 0x53, 0x12, 0x74, 0x92, 0x63,
  0x50, 0x63, 0x0e, 0x53, 0xd2, 0x73, 0x14, 0x74, 0x14, 0x74, 0x14, 0x74,
  0xd2, 0x63, 0x4e, 0x53, 0x90, 0x63, 0x50, 0x63, 0x90, 0x63, 0x90, 0x63,
  0xce, 0x52, 0x90, 0x63, 0x18, 0x95, 0xdc, 0xa5, 0xd6, 0x94, 0x16, 0x95,
  0x58, 0x95, 0x18, 0x95, 0x96, 0x84, 0x54, 0x84, 0x96, 0x84, 0xd2, 0x73,
  0x12, 0x74, 0x90, 0x63, 0x50, 0x63, 0xd2, 0x63, 0x4e, 0x63, 0x4e, 0x63,
  0x90, 0x63, 0x12, 0x74, 0x94, 0x84, 0x94, 0x84, 0x12, 0x74, 0x90, 0x63,
  0xd2, 0x73, 0x90, 0x63, 0x4a, 0x42, 0x8c, 0x42, 0x50, 0x63, 0x90, 0x63,
  0xd6, 0x84, 0x58, 0x95, 0x58, 0x95, 0xda, 0xa5, 0x1c, 0xb6, 0x58, 0x95,
  0xda, 0xa5, 0x9e, 0xc6, 0xdc, 0xa5, 0x1c, 0xb6, 0x1c, 0xb6, 0xd2, 0x73,
  0xcc, 0x52, 0xcc, 0x52, 0x4a, 0x42, 0x0e, 0x53, 0x0e, 0x53, 0xcc, 0x52,
  0x0e, 0x53, 0x50, 0x63, 0x54, 0x84, 0xda, 0xa5, 0xda, 0xa5, 0x94, 0x84,
  0x92, 0x94, 0x0e, 0xb5, 0x0c, 0x94, 0x46, 0x72, 0x48, 0x82, 0xca, 0xa2,
  0x0a, 0x93, 0x0a, 0xb3, 0x8c, 0xc3, 0x0a, 0xb3, 0xc8, 0x92, 0x0a, 0xa3,
  0x48, 0x82, 0x88, 0x82, 0xca, 0xa2, 0x8c, 0xc3, 0xcc, 0xd3, 0x8c, 0xc3,
  0x4a, 0xa3, 0x0a, 0xa3, 0x88, 0x82, 0xc8, 0x82, 0x88, 0x82, 0xc8, 0x92,
  0x88, 0x92, 0x48, 0x82, 0xc6, 0x51, 0xc6, 0x51, 0x48, 0x82, 0xc8, 0x92,
  0xc8, 0x92, 0x0a, 0xb3, 0x88, 0x92, 0x48, 0x82, 0xc8, 0xa2, 0x0a, 0xa3,
  0xca, 0xa2, 0xca, 0xa2, 0x88, 0x92, 0xc8, 0x82, 0x46, 0x72, 0x48, 0x72,
  0x88, 0x82, 0x48, 0x82, 0x0a, 0xa3, 0x50, 0xe4, 0x0e, 0xd4, 0x4e, 0xd4,
  0x50, 0xe4, 0x0e, 0xe4, 0x90, 0xf4, 0x4e, 0xe4, 0x8c, 0xd3, 0xca, 0x92,
  0xc8, 0x92, 0x48, 0x72, 0x48, 0x72, 0x06, 0x62, 0x06, 0x72, 0xc6, 0x61,
  0x84, 0x51, 0x06, 0x82, 0x48, 0x92, 0x0a, 0xc3, 0x0e, 0xf4, 0x0e, 0xd4,
  0x48, 0x82, 0x0a, 0x93, 0x4c, 0xb3, 0x0a, 0xb3, 0x06, 0x72, 0x88, 0x92,
  0x4a, 0xb3, 0x0e, 0xc5, 0xd0, 0xc5, 0x46, 0x73, 0xc6, 0x83, 0xc6, 0xa4,
  0x86, 0xa4, 0xc6, 0xa4, 0x88, 0xc5, 0x0a, 0xb5, 0x86, 0x73, 0x44, 0x73,
  0x04, 0x63, 0xc4, 0x62, 0x04, 0x73, 0x84, 0x62, 0x44, 0x73, 0x86, 0xb4,
  0x86, 0xa4, 0x46, 0xa4, 0xc6, 0xb4, 0x46, 0xa4, 0xc6, 0xb4, 0xc8, 0xd5,
  0x08, 0xc5, 0x86, 0xa4, 0xc6, 0x83, 0x84, 0x62, 0xc4, 0x62, 0x86, 0x83,
  0xc6, 0xb4, 0x08, 0xc5, 0x08, 0xc5, 0x88, 0xd5, 0x8a, 0xe6, 0xc8, 0xa4,
  0xc6, 0x83, 0xc4, 0x62, 0xc4, 0x62, 0x8c, 0xa4, 0x0e, 0xb5, 0x88, 0x62,
  0x86, 0x61, 0xca, 0xc2, 0xcc, 0xfb, 0xd0, 0xfc, 0x90, 0xfc, 0x52, 0xfd,
  0x14, 0xfe, 0x56, 0xfe, 0x9c, 0xff, 0xdc, 0xff, 0x92, 0xfd, 0x16, 0xfe,
  0x14, 0xfe, 0x94, 0xfd, 0xd4, 0xfd, 0xd4, 0xfd, 0x52, 0xfd, 0x94, 0xfd,
  0x52, 0xfd, 0x52, 0xfd, 0x52, 0xfd, 0x52, 0xfd, 0x52, 0xfd, 0xd4, 0xfd,
  0x96, 0xfe, 0x94, 0xfd, 0x98, 0xfe, 0x9a, 0xff, 0xd8, 0xfe, 0x94, 0xfd,
  0x0e, 0xfc, 0x90, 0xfc, 0x56, 0xfe, 0x56, 0xfe, 0x94, 0xfd, 0xd0, 0xfc,
  0x12, 0xfd, 0x12, 0xfd, 0x52, 0xfd, 0x92, 0xfd, 0x94, 0xfd, 0x52, 0xfd,
  0x12, 0xfd, 0x52, 0xfd, 0x92, 0xfd, 0xd4, 0xfd, 0x94, 0xfd, 0x56, 0xfe,
  0x14, 0xfe, 0x12, 0xfd, 0x52, 0xfd, 0x94, 0xfd, 0x52, 0xfd, 0xd4, 0xfd,
  0x92, 0xfd, 0x10, 0xfd, 0x94, 0xfd, 0x94, 0xfd, 0x52, 0xfd, 0x12, 0xfd,
  0xd0, 0xfc, 0xd4, 0xfd, 0x94, 0xfd, 0x12, 0xfd, 0x94, 0xfd, 0x16, 0xfe,
  0x52, 0xfd, 0x94, 0xfd, 0xd4, 0xfd, 0x4c, 0xc4, 0x90, 0xc5, 0x8a, 0x83,
  0x8a, 0x52, 0xcc, 0x52, 0x8e, 0x73, 0x8e, 0x63, 0x4e, 0x63, 0x0c, 0x53,
  0x8a, 0x42, 0x0c, 0x63, 0x0c, 0x63, 0xcc, 0x52, 0xcc, 0x52, 0x0c, 0x53,
  0xcc, 0x52, 0x8a, 0x52, 0xca, 0x52, 0x0c, 0x53, 0xcc, 0x52, 0x0c, 0x53,
  0x4e, 0x63, 0x10, 0x74, 0x4e, 0x63, 0x0c, 0x63, 0x90, 0x63, 0xd2, 0x73,
  0x50, 0x63, 0xcc, 0x52, 0x0a, 0x42, 0x86, 0x31, 0x08, 0x32, 0x86, 0x31,
  0x86, 0x31, 0x46, 0x21, 0x4a, 0x42, 0x50, 0x63, 0x90, 0x63, 0xcc, 0x52,
  0x0c, 0x53, 0x52, 0x84, 0xd6, 0x94, 0x94, 0x84, 0x0c, 0x63, 0x48, 0x42,
  0x48, 0x52, 0x4a, 0x42, 0x8a, 0x52, 0xcc, 0x52, 0x0c, 0x53, 0x4e, 0x63,
  0x8e, 0x63, 0x90, 0x63, 0x90, 0x63, 0x4c, 0x63, 0x0c, 0x53, 0x8e, 0x63,
  0x4e, 0x63, 0x90, 0x73, 0xd0, 0x73, 0x4e, 0x63, 0x8a, 0x52, 0x4a, 0x42,
  0x86, 0x31, 0x86, 0x31, 0xc6, 0x31, 0xc6, 0x41, 0x86, 0x31, 0x86, 0x31,
  0x8a, 0x52, 0x8e, 0x63, 0x90, 0x73, 0x90, 0x63, 0x50, 0x84, 0x4c, 0x94,
  0x48, 0x73, 0x08, 0x73, 0x4a, 0x83, 0xd0, 0xd5, 0x94, 0xe6, 0xce, 0xb4,
  0x90, 0xc5, 0x86, 0x62, 0x48, 0x83, 0x50, 0xb5, 0xce, 0xa4, 0x0c, 0x94,
  0x48, 0x83, 0x8c, 0xa4, 0x8c, 0xa4, 0xca, 0x83, 0xce, 0xb4, 0x90, 0xc5,
  0x50, 0xc5, 0x8e, 0xa4, 0x0e, 0xb5, 0xce, 0xb4, 0xca, 0x93, 0x4c, 0xa4,
  0xce, 0xa4, 0x08, 0x73, 0xca, 0x83, 0xca, 0x93, 0x4a, 0x83, 0x4c, 0xa4,
  0x50, 0xc5, 0x90, 0xc5, 0x50, 0xc5, 0x56, 0xf7, 0x10, 0xb5, 0x48, 0x73,
  0x8a, 0x83, 0x94, 0xe6, 0x90, 0xc5, 0xce, 0xb4, 0x94, 0xe6, 0x92, 0xc5,
  0x0a, 0x94, 0x08, 0x73, 0xc6, 0x62, 0xce, 0xb4, 0x0c, 0x94, 0x08, 0x73,
  0x0e, 0xb5, 0x90, 0xc5, 0xce, 0xa4, 0x90, 0xc5, 0x50, 0xc5, 0xce, 0xa4,
  0xce, 0xb4, 0x4c, 0x94, 0x8c, 0xa4, 0x0c, 0x94, 0x0a, 0x94, 0xce, 0xa4,
  0xc8, 0x72, 0xca, 0x93, 0x8a, 0x93, 0x8c, 0xa4, 0x4c, 0xa4, 0xce, 0xa4,
  0x8c, 0xa4, 0x8e, 0xb4, 0xce, 0xb4, 0x8c, 0xa4, 0x10, 0xc5, 0x92, 0xe6,
  0x52, 0xe6, 0x4c, 0x94, 0x8c, 0xa4, 0x88, 0x83, 0x4c, 0x94, 0xce, 0xb4,
  0xcc, 0xa4, 0x8e, 0xc5, 0xcc, 0xa4, 0xcc, 0xa4, 0x0a, 0x94, 0x4a, 0x94,
  0x48, 0x73, 0x48, 0x73, 0x4c, 0x94, 0x88, 0x73, 0xca, 0x83, 0x4e, 0xb5,
  0x0a, 0x94, 0xcc, 0xa4, 0x4a, 0x94, 0x90, 0xc5, 0x8c, 0xa4, 0x06, 0x73,
  0x06, 0x63, 0x0a, 0x84, 0x08, 0x73, 0x06, 0x73, 0xcc, 0xa4, 0x0e, 0xb5,
  0xc8, 0x83, 0xcc, 0xa4, 0xcc, 0xb4, 0x48, 0x73, 0xc6, 0x62, 0x06, 0x63,
  0x48, 0x73, 0x48, 0x73, 0x0a, 0x94, 0x06, 0x52, 0x86, 0x61, 0x0a, 0xe3,
  0x4e, 0xfc, 0x52, 0xfd, 0xd0, 0xfc, 0xd4, 0xfd, 0x16, 0xfe, 0x98, 0xfe,
  0x1a, 0xff, 0xd8, 0xfe, 0x14, 0xfe, 0x98, 0xfe, 0x96, 0xfe, 0x4e, 0xf4,
  0x10, 0xfd, 0x92, 0xfd, 0xd4, 0xfd, 0xd4, 0xfd, 0x52, 0xfd, 0x52, 0xfd,
  0x52, 0xfd, 0x52, 0xfd, 0x52, 0xfd, 0x92, 0xfd, 0x92, 0xfd, 0x92, 0xfd,
  0xd4, 0xfd, 0x16, 0xfe, 0xd4, 0xfd, 0x52, 0xfd, 0xd0, 0xfc, 0x10, 0xfd,
  0x94, 0xfd, 0x52, 0xfd, 0x12, 0xfd, 0x90, 0xfc, 0xd0, 0xfc, 0x52, 0xfd,
  0x14, 0xfe, 0x56, 0xfe, 0x96, 0xfe, 0xd4, 0xfd, 0x52, 0xfd, 0x92, 0xfd,
  0xd4, 0xfd, 0x56, 0xfe, 0x92, 0xfd, 0x14, 0xfe, 0x14, 0xfe, 0x10, 0xfd,
  0x52, 0xfd, 0xd4, 0xfd, 0x52, 0xfd, 0xd4, 0xfd, 0x94, 0xfd, 0x12, 0xfd,
  0xd4, 0xfd, 0x12, 0xfd, 0xd0, 0xfc, 0x16, 0xfe, 0x96, 0xfe, 0x98, 0xfe,
  0x56, 0xfe, 0x94, 0xfd, 0x12, 0xfd, 0xd0, 0xfc, 0x10, 0xfd, 0x92, 0xfd,
  0x94, 0xfd, 0x8e, 0xd4, 0xce, 0xb4, 0x0e, 0xb5, 0xce, 0xa4, 0x0c, 0x84,
  0xd2, 0xc5, 0x4c, 0x94, 0xcc, 0x83, 0xce, 0xa4, 0x4c, 0x94, 0x8e, 0xa4,
  0x0e, 0xa5, 0xc8, 0x62, 0xcc, 0x83, 0x4c, 0x94, 0x0c, 0x84, 0x90, 0xc5,
  0x12, 0xd6, 0xce, 0xa4, 0x0e, 0xb5, 0x12, 0xc6, 0x4c, 0x94, 0xce, 0xa4,
  0x0c, 0x84, 0x90, 0xc5, 0x8e, 0xa4, 0x4c, 0x94, 0xcc, 0x83, 0xca, 0x83,
  0x8a, 0x83, 0x4a, 0x73, 0x08, 0x63, 0x4a, 0x73, 0x4a, 0x73, 0x08, 0x73,
  0x0e, 0xb5, 0x10, 0xa5, 0x92, 0xc5, 0x50, 0xb5, 0x4c, 0x94, 0x4c, 0x94,
  0x4c, 0x94, 0x8e, 0xa4, 0x90, 0xc5, 0x8e, 0xa4, 0x90, 0xb5, 0x0e, 0xb5,
  0x50, 0xb5, 0x10, 0xb5, 0x8a, 0x83, 0xce, 0xa4, 0xd2, 0xc5, 0x8e, 0x94,
  0x8e, 0xa4, 0x54, 0xe6, 0x50, 0xb5, 0xd2, 0xc5, 0x4c, 0x94, 0x90, 0xc5,
  0x90, 0xc5, 0x50, 0xb5, 0x8e, 0xa4, 0xc8, 0x62, 0x08, 0x73, 0xc6, 0x62,
  0x46, 0x52, 0xca, 0x83, 0x4c, 0x94, 0x08, 0x63, 0x4c, 0x94, 0xce, 0xa4,
  0x0c, 0x84, 0x8c, 0x94, 0x8e, 0xa4, 0x0c, 0x94
};
unsigned int __example_texture_pavement_256x2562_rgb565_len = 131072;
